-0.110840 -0.164062 0.152344 -0.188477
-0.075684 0.115723 0.018066 -0.057861
-0.106445 -0.091309 -0.053711 0.075684
-0.105469 0.189453 -0.092285 0.156250
-0.100586 -0.025635 0.065430 -0.025269
-0.028198 0.015442 -0.019165 0.121094
-0.212891 -0.269531 0.004303 -0.157227
-0.100098 -0.093750 -0.003738 -0.188477
0.060791 -0.147461 -0.021484 -0.025635
0.035645 -0.161133 0.011658 -0.126953
-0.165039 -0.016602 0.033203 0.153320
-0.083496 0.103027 -0.018188 0.002884
-0.053711 -0.049316 0.052002 -0.051758
-0.020264 0.128906 -0.054199 0.131836
-0.078613 -0.181641 -0.064941 0.022827
-0.125000 -0.084961 -0.085449 -0.040283
-0.004761 -0.080566 -0.150391 0.012878
0.026001 0.021240 0.074707 0.000908
0.067383 -0.031494 0.042480 0.219727
0.028442 0.111816 0.000546 0.029663
0.050781 0.001045 0.050537 0.016846
0.071289 0.033936 0.117188 -0.072266
-0.075195 -0.130859 -0.214844 0.098145
0.008606 -0.097168 -0.153320 0.125977
-0.065918 0.049072 -0.031738 -0.163086
-0.075684 -0.025635 0.002853 -0.104492
-0.102539 0.203125 0.076172 -0.109375
-0.034424 0.177734 0.168945 -0.122070
-0.101562 -0.013000 0.035156 0.048828
-0.069824 0.237305 0.059814 0.210938
-0.126953 -0.087891 0.179688 -0.173828
-0.011536 -0.127930 0.225586 -0.111328
0.139648 -0.166016 0.032715 -0.212891
0.059570 -0.089844 -0.182617 -0.131836
0.002045 0.239258 0.050537 -0.076172
-0.026611 -0.068359 0.075195 -0.042969
0.015076 0.050781 0.008301 -0.040039
-0.077637 0.046143 -0.089844 -0.016113
0.090820 -0.018921 0.076660 -0.018677
-0.136719 0.065918 0.123047 0.060791
-0.063477 -0.075684 0.041748 0.110840
0.085449 0.012695 0.006531 -0.253906
0.068848 0.131836 -0.073730 -0.034668
-0.058594 0.125000 -0.057129 0.035645
-0.006866 0.036621 -0.008728 0.030029
-0.025024 0.026611 0.019165 -0.166016
0.039795 -0.117676 -0.022583 0.226562
0.014526 0.209961 -0.051514 0.174805
-0.016235 0.039062 0.019531 -0.027588
-0.053711 0.126953 0.022705 -0.019287
0.026489 -0.122559 0.085938 -0.134766
0.015747 -0.083984 -0.028198 -0.038086
0.002884 0.030640 0.045898 -0.015381
-0.018799 0.310547 -0.055664 0.125977
0.037354 -0.045166 0.118164 0.083008
-0.061279 -0.232422 0.294922 -0.040039
-0.028442 0.062500 -0.054932 -0.065430
-0.039307 -0.140625 0.157227 -0.020142
-0.052734 -0.028320 0.050537 -0.095215
-0.051514 -0.087402 -0.029541 -0.032959
-0.025391 -0.018311 -0.018311 -0.000187
-0.088867 0.033691 0.086426 -0.097656
-0.027466 0.159180 0.095215 0.014893
-0.105469 0.131836 0.214844 0.016602
-0.002716 -0.050537 -0.057861 0.023071
0.032471 0.087402 0.255859 0.145508
-0.005280 0.093262 -0.072266 -0.233398
-0.143555 -0.074219 -0.004700 -0.132812
0.099121 0.058105 -0.010132 -0.037598
-0.121094 -0.044678 0.121582 0.015015
-0.094238 0.165039 -0.051025 -0.157227
-0.032959 0.031494 -0.085938 0.001480
-0.057373 0.001236 -0.128906 -0.077148
-0.102539 0.148438 -0.145508 0.052979
-0.159180 -0.265625 0.053711 -0.175781
-0.004852 0.118652 -0.108398 0.142578
-0.016479 0.095703 -0.182617 0.204102
0.002090 0.076172 0.051270 0.127930
-0.080566 0.008240 -0.016357 -0.175781
-0.087402 -0.061279 -0.037598 -0.074219
-0.070312 0.096191 -0.038330 0.131836
-0.113770 0.221680 0.018311 0.073242
-0.046875 -0.172852 0.018066 0.015259
-0.078125 0.149414 0.047363 -0.082031
-0.137695 0.097168 -0.012024 -0.047119
0.074707 -0.033691 -0.050781 -0.202148
0.016602 -0.040283 -0.055176 -0.182617
0.154297 -0.154297 -0.081543 0.132812
0.118652 0.069824 -0.086426 0.170898
0.006165 0.077148 -0.022461 0.224609
-0.033447 -0.110352 -0.204102 -0.010437
0.072754 0.259766 0.052246 0.122559
0.006348 0.055664 0.092285 -0.052002
0.041992 -0.044434 0.095703 -0.023682
0.111328 -0.145508 -0.097168 -0.063965
0.024292 0.092285 0.024048 -0.092773
0.027832 0.112793 0.019043 -0.203125
-0.140625 0.127930 0.005402 -0.086426
-0.069824 0.050781 0.090332 -0.110840
-0.097656 0.228516 0.004883 0.049805
0.038818 0.053955 -0.162109 0.111816
0.013000 0.064941 -0.064453 -0.137695
-0.054688 0.056885 0.176758 0.015991
-0.017944 -0.143555 -0.143555 0.136719
-0.038574 0.064453 0.031250 0.026001
-0.068359 -0.082520 0.069824 -0.062012
0.069824 0.022827 0.102539 -0.026733
-0.000832 -0.211914 -0.054688 0.019897
-0.023438 -0.158203 -0.038330 -0.002823
-0.041748 0.003220 -0.186523 -0.153320
-0.117676 0.145508 0.153320 -0.056885
0.089355 -0.234375 -0.056885 0.018799
-0.029175 0.141602 -0.219727 0.024658
-0.047607 0.121094 -0.194336 -0.019531
0.125000 -0.162109 0.067383 0.283203
-0.159180 -0.010376 -0.115723 -0.102539
-0.149414 0.037598 0.034912 -0.028809
0.162109 -0.154297 0.095215 -0.235352
-0.106934 -0.073242 -0.062012 0.111816
0.044678 -0.026123 0.094727 -0.206055
-0.078613 -0.025757 0.158203 -0.086426
-0.048096 -0.040771 0.158203 -0.097656
-0.026001 -0.003372 0.035889 -0.028198
-0.051514 0.083008 0.060303 -0.125000
0.015869 0.162109 -0.057129 0.052002
-0.007874 0.052979 0.072754 -0.077148
-0.062988 0.154297 -0.086914 0.147461
-0.166992 -0.052002 -0.025879 -0.052490
-0.032715 0.030273 0.121094 -0.182617
-0.102539 0.021851 -0.048828 -0.093750
-0.042236 0.125977 -0.006104 -0.063965
-0.124023 -0.137695 -0.107910 -0.060059
-0.058594 -0.005463 -0.051270 -0.052979
-0.169922 -0.077148 0.017944 0.043701
-0.092285 -0.021973 0.145508 -0.014038
0.037354 -0.157227 -0.034180 -0.008911
-0.122559 -0.018799 0.058105 -0.326172
-0.048584 0.043945 -0.121094 -0.085938
-0.021118 0.075195 -0.022827 -0.131836
-0.019531 -0.168945 0.045898 -0.024902
-0.185547 -0.082031 -0.079102 0.042725
0.174805 0.061035 0.061523 0.115234
-0.108887 -0.058350 0.051758 0.017334
0.168945 0.012695 0.098633 0.043701
-0.076172 0.423828 -0.207031 -0.109375
0.018311 -0.002533 -0.061768 0.140625
-0.051025 -0.010925 0.068359 -0.189453
-0.003738 -0.100586 -0.035156 -0.093262
0.021851 0.114258 -0.022827 0.081543
-0.041016 0.009705 0.084961 -0.059814
-0.114746 -0.046387 -0.120605 -0.184570
-0.085938 -0.135742 0.015503 -0.165039
-0.122070 0.308594 0.000805 -0.133789
-0.077637 -0.007812 0.103516 -0.098145
0.010010 -0.083496 -0.150391 -0.022095
-0.023315 0.082031 0.050781 0.035889
-0.072754 0.039551 -0.135742 -0.024170
-0.154297 -0.080566 -0.117676 0.034180
-0.027588 -0.108398 -0.141602 0.044922
-0.074219 -0.124512 -0.166992 -0.024292
0.105469 0.205078 -0.125977 -0.151367
0.177734 0.085449 0.137695 -0.221680
0.077637 -0.130859 -0.123535 0.017090
0.216797 0.036865 0.072266 0.001457
0.010925 0.086914 0.080078 0.096191
0.029419 -0.173828 -0.117188 0.011597
-0.026733 -0.125000 -0.088379 0.094238
0.021240 -0.103027 -0.095215 -0.076172
-0.063477 0.092285 0.112305 0.045410
-0.021606 -0.098145 0.110840 -0.016235
-0.090820 0.026855 0.257812 -0.051025
-0.011230 0.241211 -0.028320 -0.048584
-0.073730 0.040527 -0.094238 0.047363
0.019043 -0.008057 -0.026245 0.044678
-0.004639 0.038574 0.160156 -0.088379
-0.096191 0.084473 0.133789 0.062988
-0.096191 0.070312 0.188477 0.038086
0.008972 -0.089355 -0.010254 -0.021240
-0.081543 -0.008423 0.075684 0.095703
-0.062988 0.179688 -0.111816 0.053955
0.046631 -0.096191 -0.000965 -0.190430
-0.050781 0.230469 0.007477 -0.076172
-0.120605 0.014404 -0.033936 0.049316
0.026245 -0.048096 0.132812 0.063965
-0.097168 -0.002014 -0.119141 0.070312
0.225586 -0.082031 0.219727 -0.137695
0.019775 -0.056885 -0.077148 0.015869
0.170898 -0.186523 0.159180 -0.127930
0.004822 -0.061279 -0.058838 -0.013916
-0.042236 0.016479 -0.095703 -0.045410
0.028809 -0.083496 -0.072754 0.053223
-0.013245 -0.054199 0.116211 0.251953
-0.081543 -0.004852 -0.141602 0.081543
-0.065430 0.016235 0.050781 -0.065430
-0.113770 -0.054199 -0.092285 -0.045898
-0.034668 0.180664 0.064941 -0.089355
0.015137 -0.065430 0.003479 -0.138672
-0.028687 0.204102 -0.017212 0.010803
0.004608 0.033936 0.062500 0.041748
-0.102051 0.007355 -0.162109 -0.010315
-0.066406 -0.125000 -0.008850 0.051270
-0.038086 0.005859 0.047852 0.251953
-0.068848 -0.121094 0.104492 0.132812
-0.077148 0.066406 0.130859 0.033936
0.064941 -0.012573 -0.003479 -0.028198
-0.076172 -0.031494 0.074219 -0.123535
-0.022095 0.153320 0.292969 -0.009094
-0.002121 0.006714 0.167969 0.088867
-0.125000 -0.090820 -0.068359 -0.112793
0.220703 -0.043945 0.245117 0.190430
-0.022705 -0.125000 0.038330 -0.000040
0.097168 0.001472 0.159180 0.138672
-0.083984 -0.042236 -0.048340 0.088867
-0.122559 0.023438 0.120117 -0.080566
-0.056885 0.078613 0.099609 -0.024658
-0.013000 0.001190 0.073242 0.150391
-0.020508 0.021851 0.050537 0.048340
-0.085938 0.038330 -0.051514 0.125000
-0.003281 0.152344 0.004333 -0.063965
-0.126953 0.085449 -0.127930 -0.020508
-0.011292 0.128906 -0.057617 0.040283
0.000992 0.004395 0.032959 -0.083008
-0.013306 -0.009460 -0.263672 0.144531
-0.163086 0.057373 -0.065918 0.119141
-0.079102 0.068848 0.022827 -0.062500
-0.107910 0.154297 0.008667 0.010742
0.064453 -0.038818 -0.109863 0.041748
-0.069824 0.009155 -0.103027 0.131836
-0.035156 0.193359 -0.056152 -0.227539
-0.024902 0.034912 -0.117188 -0.014832
-0.139648 -0.027954 -0.083496 0.089355
-0.012451 0.052002 -0.023193 0.210938
0.070312 -0.031006 0.010986 -0.037598
-0.012756 0.038330 -0.125977 -0.002701
0.033936 -0.070312 0.180664 0.042236
0.073730 0.051270 -0.044189 0.214844
0.169922 0.110352 0.023682 -0.123535
0.050537 0.040527 -0.047607 0.016846
-0.080078 0.080566 0.136719 -0.069824
-0.062256 0.253906 0.029907 0.032959
-0.075684 0.081543 0.053223 -0.002991
-0.111328 0.106445 0.091797 0.013733
-0.034668 0.014038 0.004364 0.011292
0.045410 -0.167969 0.095703 -0.083496
-0.070801 0.034668 0.040283 0.226562
0.004181 -0.029419 0.029053 0.054932
-0.074707 0.131836 -0.092773 0.043457
-0.042480 -0.131836 -0.109863 0.001274
-0.049561 0.043945 0.035645 0.015381
0.033936 0.086914 -0.025024 -0.059326
-0.040283 -0.005341 -0.099121 0.072754
-0.131836 -0.066895 0.023071 0.187500
-0.020264 -0.049072 0.006409 -0.166992
-0.107910 0.038330 -0.045410 0.030518
-0.135742 -0.072754 -0.090820 0.083496
-0.092773 -0.166992 0.018066 0.072266
0.050049 -0.044434 -0.062012 -0.030884
0.055176 0.089355 0.008667 0.018311
0.077637 -0.032959 0.150391 -0.166992
-0.052979 0.208008 -0.031494 0.100098
-0.039062 -0.034424 0.097656 -0.196289
-0.050781 0.037354 -0.030640 0.030396
-0.106445 0.039062 -0.024170 -0.173828
-0.074707 0.057861 0.120117 -0.152344
-0.056641 0.035156 -0.013062 0.003235
-0.038574 -0.181641 0.062988 -0.009705
-0.052002 0.203125 0.015991 0.098633
-0.015015 -0.157227 0.248047 -0.166016
-0.026367 0.243164 -0.000005 0.112793
-0.083496 -0.057861 0.087891 0.009155
-0.004913 0.084961 0.006958 0.060547
-0.088867 -0.062988 -0.056396 -0.077637
-0.015137 0.050537 -0.040771 0.046143
-0.065430 0.140625 -0.000042 -0.130859
-0.083008 0.002029 -0.074219 -0.095703
-0.044922 -0.062500 0.141602 -0.052734
-0.021729 0.035156 0.026611 -0.018188
0.006500 0.061279 0.110840 0.043945
-0.035645 -0.038330 0.018921 0.125977
-0.080078 -0.294922 -0.111328 0.076660
-0.027100 -0.018921 0.047852 -0.008789
-0.071777 -0.015991 -0.077637 -0.122559
0.091309 0.008423 0.083496 -0.040527
0.010315 -0.038818 -0.224609 0.123047
0.044189 -0.052734 -0.024170 -0.175781
-0.062988 -0.006073 0.044189 -0.066406
-0.054443 -0.096191 0.046387 0.042725
-0.033936 -0.179688 -0.190430 -0.044922
-0.157227 0.101562 0.046875 -0.128906
-0.141602 -0.010864 0.057129 -0.146484
-0.019897 -0.121582 0.045410 0.105469
-0.150391 0.042725 0.174805 -0.124512
-0.041992 -0.024902 -0.160156 -0.152344
-0.123047 0.189453 0.035645 -0.103516
0.003586 -0.020752 0.077637 -0.121094
-0.211914 -0.001282 0.049072 -0.142578
0.076660 0.072266 0.019287 0.161133
0.219727 -0.162109 -0.076660 0.136719
0.071777 0.152344 -0.024048 0.119141
-0.116699 -0.055664 -0.041748 -0.005707
-0.078125 -0.108398 -0.128906 0.057373
0.160156 0.015991 -0.106934 0.029785
-0.038086 0.041260 -0.023560 0.019165
0.036621 -0.235352 0.000908 0.007324
-0.101562 0.162109 0.176758 -0.019653
0.016357 -0.022949 -0.051514 -0.022705
-0.012817 0.049316 0.166992 -0.133789
-0.137695 0.038818 -0.265625 0.036377
-0.031738 -0.014160 -0.059814 0.090332
0.078125 -0.225586 -0.074707 0.001709
0.007446 -0.103516 0.042480 -0.015442
0.100586 -0.246094 -0.248047 0.059082
-0.085938 -0.061768 -0.081055 0.042969
-0.134766 -0.154297 0.028320 -0.016113
-0.066895 -0.016357 -0.102539 0.161133
-0.027588 -0.083984 -0.010376 -0.135742
-0.023560 -0.005157 0.160156 0.008850
0.002136 0.107422 -0.066895 -0.063965
-0.010681 0.079102 0.128906 -0.023804
-0.166016 0.044922 0.049316 -0.050781
-0.002472 -0.273438 -0.184570 0.054443
0.125977 -0.127930 0.097656 0.134766
-0.068359 -0.046387 0.019897 0.046875
0.072754 -0.007996 0.089844 -0.018799
-0.104492 0.075195 0.179688 0.114258
0.048096 0.074707 -0.048584 0.016724
-0.010986 -0.083496 0.001717 -0.017090
0.109863 0.061035 0.027832 -0.031494
-0.106934 0.091309 0.190430 -0.209961
0.037842 -0.047607 0.022827 -0.164062
-0.192383 0.036865 -0.037598 -0.205078
0.005219 0.021240 0.063965 0.140625
-0.072266 0.047363 -0.110352 0.085449
0.109375 -0.000530 -0.040771 -0.001831
-0.008728 -0.213867 -0.072266 -0.077637
0.050781 -0.365234 -0.001686 0.045410
-0.033447 0.035645 -0.070801 -0.046143
0.002853 0.015015 -0.130859 0.056641
0.033203 0.027466 0.130859 0.107422
-0.040283 -0.043945 0.136719 0.033936
-0.057617 0.134766 0.206055 0.174805
-0.108887 0.046631 0.032715 -0.112305
-0.090332 -0.033936 -0.019043 0.054199
-0.050781 0.020630 -0.034912 -0.126953
-0.101074 -0.302734 -0.102051 0.015625
0.056396 0.015991 -0.031494 -0.080566
-0.103516 0.051025 -0.041260 0.043945
-0.059082 0.068848 0.031738 0.026367
0.030151 0.249023 0.233398 -0.095215
-0.112793 -0.093750 0.066406 -0.030884
-0.025269 -0.099121 0.189453 0.148438
0.033691 0.013794 -0.019043 0.017822
0.005981 -0.069336 0.003906 0.083008
0.186523 -0.047363 0.006897 0.055908
-0.153320 -0.073730 0.042725 0.000542
-0.044922 0.039062 0.006226 -0.018188
-0.001945 0.005249 -0.082520 -0.253906
0.080566 0.006531 0.131836 -0.020142
0.059082 -0.208008 0.180664 0.204102
0.074707 0.083984 -0.010254 -0.200195
-0.029541 -0.161133 0.040771 -0.025146
-0.061523 0.008789 0.056396 0.136719
-0.066406 0.225586 -0.080566 -0.026611
0.017334 0.032959 0.002838 0.009766
-0.140625 0.065430 -0.064941 -0.075684
-0.055664 -0.151367 -0.061279 -0.072266
-0.035156 0.022461 0.124023 -0.119629
-0.041992 -0.122070 -0.070801 -0.158203
-0.259766 -0.048096 0.001884 0.019409
0.014404 0.141602 0.040771 0.052490
-0.014160 0.044189 -0.009644 -0.008606
-0.070801 -0.015747 -0.044678 0.094238
-0.017456 -0.137695 0.082520 0.096680
0.055420 -0.144531 -0.001999 0.054688
-0.056152 -0.016235 -0.194336 -0.108887
-0.109863 0.078613 0.114258 0.247070
-0.197266 -0.088379 -0.199219 0.111816
0.169922 0.015137 0.153320 0.028442
0.047607 -0.110352 0.070312 0.010498
0.056152 -0.013428 0.103027 0.034668
-0.008972 -0.034424 -0.018799 0.130859
0.002884 -0.104004 -0.105469 0.109863
0.037354 -0.120117 -0.144531 -0.024292
-0.065918 -0.057129 0.041992 0.345703
-0.076660 -0.032715 0.025269 -0.032715
0.058105 -0.071777 0.064941 0.044678
0.029175 -0.081055 0.040527 0.107422
-0.009644 -0.020630 -0.017090 0.045410
-0.065430 -0.112305 0.173828 -0.081543
-0.016724 0.232422 0.026245 -0.155273
-0.015442 0.062012 -0.005981 0.016846
0.010071 0.050293 0.068848 -0.017090
-0.159180 0.160156 0.194336 0.026245
-0.062988 -0.027466 -0.063477 0.086426
-0.115234 -0.029175 -0.081055 -0.046387
0.002823 -0.047607 -0.092773 -0.034180
-0.200195 -0.047119 0.104004 0.073730
-0.052246 0.168945 -0.073242 0.003281
0.080566 -0.026978 0.051025 0.078125
0.030151 0.201172 0.070801 -0.075684
-0.069824 0.089355 0.151367 0.257812
0.142578 -0.078125 0.177734 -0.222656
-0.042969 -0.017456 0.072266 -0.143555
-0.021484 -0.040771 0.003937 -0.019653
-0.060059 0.285156 -0.022217 0.120117
-0.022461 -0.126953 -0.058838 -0.108398
-0.021484 -0.142578 0.084473 0.185547
-0.066406 0.083008 -0.055664 0.118652
-0.024902 -0.068359 0.041260 -0.030273
0.005646 0.141602 0.123535 0.105469
-0.024414 0.094238 0.126953 0.025513
-0.072754 -0.037354 -0.049072 -0.002502
-0.055664 -0.219727 0.250000 -0.139648
-0.080566 -0.026733 0.048096 0.021118
-0.014648 0.110840 -0.159180 0.091309
-0.012390 0.041992 -0.006287 -0.022095
-0.052002 0.166992 0.036865 -0.032227
-0.038086 0.010864 0.098633 0.001732
-0.192383 -0.060791 -0.102051 -0.067871
-0.109375 -0.073242 0.038330 0.048584
-0.046631 -0.175781 0.002823 0.179688
-0.106445 0.079102 0.149414 0.031250
0.009521 -0.019531 0.152344 0.098633
0.046387 -0.023315 -0.017334 -0.090820
-0.159180 -0.010620 -0.111328 -0.103516
0.131836 -0.010437 0.177734 0.053223
0.075684 -0.083496 0.011414 -0.072754
-0.024414 -0.060303 -0.026245 -0.112793
-0.035889 -0.086914 -0.036621 0.115723
0.083008 0.077637 -0.003967 0.088379
0.016724 -0.031494 0.041260 0.131836
-0.118652 0.027954 -0.263672 -0.163086
-0.030273 0.002396 0.058594 -0.125000
-0.029297 -0.114746 -0.160156 -0.112305
-0.207031 -0.070801 -0.039795 -0.083008
-0.105469 -0.059082 0.079102 -0.124512
0.009094 0.212891 -0.144531 0.075195
-0.010864 -0.023560 0.027466 0.246094
-0.039551 -0.042236 0.215820 0.054199
-0.022705 -0.027466 0.039551 -0.007416
0.016235 0.002319 -0.203125 0.015991
-0.101074 0.001877 -0.222656 0.116699
-0.062988 0.136719 -0.006958 0.214844
-0.069824 -0.181641 -0.068359 -0.065918
-0.087891 0.085938 -0.033447 0.062988
-0.197266 0.162109 -0.024902 0.100586
0.062256 -0.242188 -0.088867 0.089355
0.020630 -0.067871 0.061768 0.023926
0.053711 -0.144531 -0.073730 -0.027710
0.114258 -0.008057 -0.049316 0.093750
0.008667 -0.103027 -0.047363 0.261719
0.006378 -0.193359 -0.241211 -0.091309
0.025391 0.149414 0.052979 0.126953
0.015076 0.006989 -0.001518 0.129883
0.074219 0.041992 -0.050049 0.014282
0.012512 0.083984 -0.021973 -0.099609
-0.011902 0.142578 0.010986 0.010681
-0.036865 0.173828 0.085938 -0.013611
-0.085449 -0.044922 0.007538 -0.074707
-0.111328 -0.043701 0.152344 -0.019043
-0.049561 0.086914 -0.110840 0.009033
-0.012146 0.127930 -0.026123 0.024902
-0.025391 0.176758 0.030518 -0.085938
-0.011841 -0.048340 -0.026978 -0.030396
-0.039551 0.005920 -0.007233 0.049072
-0.087891 0.080078 -0.080078 0.023682
-0.011414 0.106445 -0.003784 -0.041992
0.033447 -0.101074 0.123047 0.176758
-0.024536 -0.009399 0.011536 0.083496
-0.098145 0.113770 0.168945 -0.017212
0.064453 -0.032227 -0.005524 0.029053
-0.013733 -0.090820 0.047363 -0.055420
0.055664 -0.040039 -0.018799 0.117188
0.051025 -0.086426 -0.142578 -0.004761
-0.091797 0.138672 -0.208008 -0.054688
0.003998 -0.133789 0.113770 0.265625
-0.152344 0.043457 -0.064941 -0.055664
0.075195 0.151367 0.038086 0.227539
0.091309 -0.117676 0.124023 -0.029053
-0.007935 -0.056396 -0.020508 -0.021118
-0.052734 0.166016 -0.013489 0.175781
-0.092285 0.029663 0.049316 -0.079590
-0.064941 -0.102539 -0.010681 -0.144531
-0.011536 -0.043701 -0.077148 0.013794
-0.042480 -0.059082 -0.049805 -0.000656
-0.055664 -0.172852 0.008911 0.000637
0.004700 0.074219 -0.007874 -0.045410
0.009583 0.018799 0.022339 -0.067871
0.030029 0.021362 0.221680 0.045654
-0.040283 0.059082 0.214844 -0.071777
0.036377 0.031738 0.070312 -0.061523
0.060791 0.121094 -0.029419 0.026978
-0.018188 -0.033936 -0.135742 0.048828
-0.036377 -0.154297 -0.055664 -0.166992
-0.081055 -0.071289 0.049561 0.082031
-0.037598 -0.016968 0.083496 0.021606
-0.136719 0.038086 0.109863 0.052246
-0.042480 -0.007446 0.008606 -0.068359
-0.036865 0.050049 -0.104980 -0.186523
-0.075195 0.004517 -0.008789 0.093750
-0.062012 -0.104004 -0.049561 0.019653
-0.114258 0.055908 -0.131836 -0.052734
0.154297 0.094727 0.144531 -0.091309
0.072266 0.020996 0.037354 -0.043213
0.017456 0.176758 0.049805 0.046631
-0.140625 -0.003799 -0.068359 -0.103027
-0.083984 -0.090820 -0.052490 -0.077148
-0.171875 0.039551 -0.102051 -0.079102
-0.120605 0.048096 -0.098145 -0.062988
-0.001747 0.164062 -0.047119 -0.028931
-0.101562 -0.082031 -0.012207 0.001564
-0.022827 0.181641 -0.043945 -0.083984
0.001968 -0.089355 -0.155273 -0.018799
-0.080566 0.100586 0.096680 0.226562
-0.179688 -0.031494 -0.151367 0.126953
-0.059570 0.004211 0.033447 0.015625
-0.104004 0.061523 -0.144531 0.187500
0.047119 0.089844 -0.094238 0.100098
0.065918 -0.062500 -0.078125 -0.030640
-0.063477 0.109863 -0.118164 -0.114746
0.107910 -0.053223 0.032471 0.016968
0.055176 0.003464 -0.053467 0.240234
-0.136719 0.095215 -0.167969 0.084961
-0.036133 0.126953 -0.046387 0.169922
0.027588 0.007263 -0.130859 0.036865
-0.094238 0.250000 0.148438 0.001724
-0.003723 -0.006042 -0.078613 0.176758
0.073730 0.034912 -0.084961 -0.084473
0.015503 0.088867 -0.070801 0.053955
-0.066406 -0.192383 0.089355 -0.048828
-0.054932 -0.087402 -0.042969 -0.127930
-0.092773 -0.103516 0.086914 -0.071289
-0.048828 -0.021240 -0.001854 -0.033203
0.006500 -0.049072 -0.056152 0.022339
-0.033203 0.171875 0.020508 0.030396
-0.091797 -0.149414 -0.099121 0.031006
-0.028442 0.031982 -0.049316 -0.038330
-0.004059 0.047852 -0.032715 0.053467
-0.212891 -0.057617 0.082031 0.111816
-0.057861 -0.079590 0.005219 0.124512
-0.021484 0.023315 0.125000 -0.074219
-0.109863 -0.259766 -0.185547 -0.047363
-0.051270 -0.120117 -0.003006 -0.093262
-0.104980 -0.004974 -0.026611 -0.231445
0.116211 -0.111816 0.082031 -0.079590
-0.176758 0.094238 -0.169922 -0.089844
-0.063477 -0.020874 0.012512 0.111816
-0.146484 0.200195 -0.148438 0.017090
-0.119141 0.090820 -0.155273 -0.073730
-0.074219 0.042236 0.105469 -0.195312
-0.070801 -0.017578 -0.159180 -0.072266
-0.207031 0.138672 -0.019775 -0.147461
-0.002411 0.186523 0.109375 -0.059814
-0.010437 -0.032471 -0.013367 -0.135742
-0.036621 -0.304688 0.106934 -0.170898
-0.068848 -0.014465 0.084473 -0.108398
0.023315 0.079102 0.162109 -0.023560
-0.052734 0.097656 -0.011536 -0.150391
0.003525 -0.038574 0.000523 0.001350
-0.045898 0.173828 0.030151 0.178711
-0.057373 -0.026367 0.096191 -0.018921
-0.066406 -0.010132 0.120605 -0.172852
-0.006531 -0.164062 0.007812 0.012634
-0.165039 0.100586 0.078125 -0.050781
-0.067383 0.056885 0.097168 -0.202148
-0.141602 -0.271484 -0.093750 -0.003525
0.005035 0.094727 0.132812 0.052734
-0.000196 -0.043701 0.041504 0.018188
0.040039 0.002655 0.192383 0.029541
-0.086914 0.008667 0.011536 -0.236328
-0.189453 -0.048340 -0.119629 0.061279
-0.069824 0.030273 -0.016479 0.098145
-0.084961 0.021606 -0.162109 -0.283203
0.038086 0.005676 0.071777 0.048828
-0.048340 0.080566 0.019043 -0.024170
-0.190430 -0.107422 -0.017944 -0.039795
-0.026733 0.004364 0.195312 0.022827
-0.012878 0.016602 0.018433 0.134766
-0.137695 0.073730 -0.039795 -0.026733
-0.093750 0.181641 -0.035156 0.025757
0.012695 -0.061523 -0.036865 0.035889
0.036621 0.030762 -0.030884 -0.168945
-0.047363 0.017944 -0.067871 0.113281
-0.013916 -0.117676 0.094727 0.094727
-0.059082 0.015442 0.021606 -0.090332
0.044678 0.124023 0.007202 0.011169
-0.249023 -0.036865 -0.039062 0.059814
-0.228516 0.057129 0.083496 0.150391
-0.022583 0.016602 0.029419 0.027588
0.054688 0.054443 0.166992 -0.089355
-0.057373 -0.063965 -0.059570 -0.075195
-0.052734 -0.179688 -0.086426 0.080078
-0.111816 -0.005066 -0.042236 -0.049805
-0.048584 -0.049805 -0.117676 -0.116211
-0.241211 0.090332 0.065918 0.020020
-0.022461 0.145508 0.033203 -0.027100
-0.002808 0.003387 -0.050537 0.066895
0.107422 0.097168 -0.036133 -0.005981
-0.025024 0.101074 -0.031128 -0.145508
0.058350 -0.088379 -0.080078 0.051514
0.030396 0.000614 0.011353 0.019897
-0.145508 -0.044434 0.073242 -0.141602
-0.020996 0.019653 -0.002853 0.027588
-0.001740 -0.142578 0.071289 0.132812
-0.025513 -0.023926 0.023071 0.046875
0.098145 0.219727 0.110352 -0.302734
-0.018677 0.030029 -0.013123 0.118652
0.119629 -0.007172 -0.060791 0.136719
0.117188 0.011780 -0.100098 -0.114746
0.207031 0.068359 -0.119629 -0.004883
0.050293 0.134766 0.017700 0.003174
-0.024292 0.076172 0.096680 -0.007477
0.029541 -0.010986 0.023682 0.037354
-0.046143 0.010315 0.137695 0.016113
0.187500 0.105469 -0.045898 -0.024902
0.095703 -0.139648 -0.197266 0.098633
-0.105957 0.026001 0.043945 0.120605
0.144531 -0.028564 -0.137695 0.086426
0.171875 0.157227 -0.174805 -0.105469
0.130859 0.161133 -0.080078 -0.180664
-0.010071 0.018188 0.011536 -0.027588
-0.076660 -0.063965 0.182617 0.051514
-0.107422 0.156250 -0.093262 -0.084473
0.047363 -0.185547 -0.109863 -0.054199
-0.074707 0.129883 -0.007111 0.036133
-0.158203 -0.177734 0.029297 -0.102539
0.176758 0.099609 -0.178711 -0.084961
0.152344 -0.051025 0.007294 0.150391
-0.082520 -0.019897 -0.068848 -0.080078
0.151367 0.136719 0.062256 -0.114258
0.154297 -0.006012 -0.005951 0.045654
0.009949 0.071289 -0.095703 0.087402
-0.037354 0.077637 -0.141602 0.071777
0.176758 -0.239258 -0.091309 0.040771
0.002380 0.004425 -0.123535 0.086914
-0.135742 -0.094238 -0.069824 0.020996
0.025146 0.041260 -0.028564 -0.007172
-0.101562 0.005829 0.011902 -0.080078
-0.001671 0.045898 -0.107422 -0.001572
-0.082031 0.128906 0.034668 -0.093750
0.004761 0.034912 0.027710 -0.042236
0.114258 -0.179688 0.024170 0.182617
-0.102539 -0.193359 -0.137695 0.097168
-0.051270 -0.145508 -0.021240 -0.108887
0.020386 0.029785 -0.056885 -0.021973
0.003052 -0.121094 0.113281 0.123047
-0.016846 -0.081543 -0.108398 -0.149414
-0.133789 -0.039062 -0.029175 -0.160156
-0.218750 -0.098145 -0.061279 0.118652
0.011536 0.152344 -0.010742 -0.089355
-0.044434 -0.006653 -0.050781 0.132812
-0.119141 0.129883 -0.047363 0.118164
0.017090 0.168945 -0.065430 -0.112305
0.027344 0.054932 0.026855 0.026611
0.003159 -0.151367 -0.096680 -0.024780
0.034180 -0.042969 0.026123 0.029785
-0.225586 -0.137695 -0.035645 0.180664
-0.148438 0.024536 0.001984 0.007629
-0.048584 0.045410 -0.054688 -0.046631
-0.198242 -0.000116 0.095703 0.132812
0.128906 -0.039062 0.111328 0.123047
0.164062 0.250000 -0.065918 -0.025269
0.000186 -0.175781 -0.062500 0.210938
0.041504 0.133789 -0.112793 -0.320312
-0.147461 -0.049316 -0.090332 0.052246
-0.073242 0.073242 0.103027 -0.119141
0.024414 0.091309 -0.052246 -0.083008
-0.130859 0.074707 0.077148 -0.221680
0.073242 0.107422 0.127930 0.086426
0.024292 -0.052246 -0.171875 -0.064453
0.020508 -0.130859 0.012085 0.138672
0.205078 -0.037354 -0.068359 -0.047852
0.197266 -0.048584 -0.083496 0.064453
-0.081543 0.004150 0.123047 0.242188
0.091309 0.055176 0.019897 -0.041748
0.118164 -0.044678 0.183594 0.157227
0.002899 0.061768 0.005920 0.143555
-0.021362 0.049561 0.144531 -0.172852
0.127930 0.122070 -0.070312 -0.183594
-0.058838 -0.005249 -0.000580 0.015869
0.060547 -0.072266 -0.126953 0.020874
-0.028076 0.096191 -0.002380 0.104004
0.148438 0.141602 -0.075195 -0.000931
-0.043457 0.113281 -0.039795 0.122559
-0.248047 -0.208008 0.106934 0.102051
0.011353 -0.125000 0.047119 0.045166
0.054443 -0.125977 0.059326 0.200195
-0.048340 0.090332 0.001312 -0.139648
0.166992 0.022583 -0.104980 -0.130859
0.062012 0.197266 -0.146484 -0.292969
-0.017212 0.141602 -0.081055 -0.065918
-0.025391 0.166016 -0.204102 -0.142578
0.008179 0.068359 0.032959 0.054932
0.173828 0.010986 0.050293 0.109375
-0.177734 -0.142578 0.049072 0.273438
-0.065918 -0.128906 -0.076660 0.077637
-0.001213 0.097168 0.001190 -0.007416
0.101074 0.015991 -0.127930 0.020874
0.171875 0.044189 0.057617 0.029297
0.069336 -0.244141 -0.083008 0.039795
0.236328 -0.092285 -0.116211 0.059082
-0.215820 0.029541 -0.083008 -0.030640
0.057129 0.221680 -0.138672 -0.211914
-0.083984 -0.080566 -0.162109 -0.125000
0.013916 -0.040039 0.021118 -0.059570
-0.056152 0.052979 -0.011353 0.160156
0.081055 -0.036377 -0.142578 -0.020996
0.000927 -0.089844 0.222656 0.189453
-0.073730 0.031738 0.063477 -0.025024
0.002136 -0.195312 -0.006897 0.104004
-0.024658 0.143555 -0.110352 -0.076172
0.204102 -0.115723 -0.031738 -0.041992
-0.150391 -0.034424 -0.012024 -0.163086
-0.126953 -0.028076 -0.048584 -0.040039
0.046387 -0.065430 -0.074707 -0.100586
-0.077148 -0.055420 0.064453 0.002487
0.114746 -0.101562 0.202148 0.271484
0.064941 0.110840 -0.066895 0.167969
-0.225586 -0.024170 -0.037842 0.025757
0.118164 -0.087402 0.164062 0.229492
0.054932 0.120117 -0.038818 0.005798
0.111328 0.032471 -0.107910 -0.042480
0.080566 -0.040771 -0.068359 -0.010559
-0.132812 -0.084473 -0.070801 0.025757
-0.067871 0.115723 -0.028809 -0.089844
-0.073242 0.002594 0.059570 -0.065918
-0.063477 -0.120605 0.051270 -0.037598
0.094727 -0.079102 -0.103027 -0.093750
-0.150391 -0.070801 0.064453 0.141602
-0.000269 0.039307 -0.057129 0.028076
0.021851 -0.035400 -0.173828 -0.040771
-0.057861 0.023071 -0.110840 0.070312
0.041748 -0.128906 0.046631 0.208984
-0.142578 -0.141602 -0.035156 0.012146
-0.082520 -0.078125 -0.119629 -0.004364
-0.045898 0.019165 0.016113 0.026489
-0.136719 0.022095 0.124023 0.001839
0.149414 -0.020142 -0.045410 -0.143555
0.059814 -0.146484 -0.064941 0.031738
0.076660 -0.040527 -0.022949 0.062988
0.142578 0.091309 0.215820 0.131836
0.074707 -0.031982 -0.189453 -0.040039
-0.074219 -0.164062 -0.208008 0.011963
-0.003967 -0.172852 -0.127930 -0.001968
-0.008606 -0.050049 0.245117 0.198242
0.099121 0.028931 0.021606 -0.142578
0.249023 0.087891 -0.050781 -0.074707
0.085449 0.094238 -0.034424 -0.173828
-0.077637 -0.089355 -0.129883 -0.089844
0.054688 0.168945 -0.081543 -0.060547
0.179688 0.047363 -0.006317 -0.008972
0.010437 0.215820 -0.030396 -0.248047
-0.117188 -0.138672 0.052979 0.161133
-0.020752 -0.044678 0.105469 0.178711
0.036377 0.028687 -0.119629 0.136719
-0.126953 -0.073730 0.194336 0.163086
-0.119629 -0.065918 -0.072266 -0.117676
0.028442 -0.010315 0.104492 0.263672
0.043701 -0.187500 0.074707 0.217773
-0.048096 -0.022827 0.010315 0.139648
-0.189453 0.128906 0.073730 -0.184570
0.131836 0.086914 0.118164 0.048584
-0.036865 -0.093750 -0.046875 0.159180
0.004608 0.023193 0.061035 0.156250
-0.006409 0.123535 0.078613 -0.061768
-0.033936 -0.064453 0.037109 0.070801
-0.091797 -0.151367 0.014160 0.114746
-0.141602 -0.201172 0.093750 0.106934
0.049072 -0.244141 -0.059570 -0.156250
-0.014221 -0.172852 -0.013489 -0.032471
-0.067383 0.096680 -0.035400 -0.012390
0.034424 0.225586 0.052490 -0.049072
0.074707 -0.141602 -0.093262 -0.162109
0.017822 0.049805 0.048828 -0.087891
0.037842 0.204102 -0.061768 -0.035156
-0.054688 0.174805 -0.140625 -0.027344
0.023926 -0.022949 0.000820 0.145508
-0.010376 0.108887 0.060791 0.075195
-0.146484 0.125000 0.018433 -0.042969
-0.026367 -0.019287 0.036865 0.086914
-0.077637 -0.021973 -0.023071 0.089355
-0.006775 -0.026611 -0.115723 0.030640
0.131836 -0.025024 -0.076172 -0.074707
-0.031494 0.244141 -0.072266 0.006012
0.026611 -0.220703 0.049805 0.059814
-0.036377 0.119629 0.104004 -0.031738
-0.140625 0.010315 0.019409 -0.036133
-0.143555 -0.014282 0.020142 -0.088867
0.150391 -0.001945 0.105957 0.214844
0.004181 -0.079590 -0.184570 -0.208984
-0.229492 -0.083984 -0.145508 -0.028564
-0.166016 0.102051 -0.261719 -0.168945
0.078125 -0.021362 0.021973 -0.004730
-0.011780 0.235352 -0.112793 -0.058594
0.181641 -0.020996 -0.049072 -0.161133
-0.018799 -0.147461 0.098633 0.095215
-0.009827 -0.028442 -0.085449 0.057861
0.007141 -0.016357 0.034912 0.047363
0.078613 0.075684 0.047363 0.020874
0.081543 -0.107422 -0.042236 0.117188
-0.072266 -0.002304 0.001839 0.029663
-0.310547 -0.011658 0.019775 0.054199
0.202148 0.111328 -0.162109 -0.212891
-0.049072 -0.217773 -0.007721 -0.004425
0.078613 0.035156 -0.013062 0.040039
-0.059326 -0.037842 -0.025024 0.004730
0.038574 -0.165039 0.111816 0.082031
-0.037354 0.119629 0.040039 -0.168945
-0.048340 0.031494 0.021362 -0.041748
-0.176758 0.099121 0.085449 0.046387
0.020630 -0.000877 -0.155273 -0.073730
0.243164 0.221680 -0.142578 -0.138672
0.163086 0.099121 -0.025635 -0.055908
0.016602 0.043457 -0.017578 0.065918
0.026611 -0.010620 0.095215 0.035400
0.128906 0.189453 0.104492 0.042969
0.045654 0.053467 -0.012390 -0.006744
0.091309 0.031738 0.023804 -0.069824
0.084961 -0.109375 0.243164 0.188477
0.189453 -0.102051 0.120117 0.197266
0.119141 0.056885 -0.007111 -0.095703
0.052246 -0.013062 0.061279 -0.072266
0.085449 -0.059082 0.023804 0.088379
-0.170898 0.025024 -0.089844 0.056885
-0.071289 -0.064453 0.015564 -0.049072
0.075195 0.086426 0.072754 0.037842
-0.024414 0.040771 -0.161133 -0.088379
0.019897 -0.018311 -0.074707 -0.094727
-0.101074 -0.072754 0.088379 0.023682
-0.030518 0.003754 0.077148 -0.016235
-0.058105 -0.087891 -0.012634 -0.034668
-0.076172 -0.052246 0.088379 -0.147461
-0.012634 -0.016113 -0.020752 -0.008972
-0.098633 0.223633 -0.165039 -0.160156
0.105469 0.095215 -0.129883 -0.020996
0.015442 0.088379 -0.035400 -0.004456
0.019287 0.087891 -0.007294 0.110352
0.043701 -0.060547 -0.013062 0.025269
0.009216 -0.005127 0.012695 0.024658
-0.133789 -0.003479 -0.188477 0.118652
0.023071 -0.016724 0.049805 -0.032715
0.174805 -0.023438 -0.106445 0.096191
-0.189453 -0.078613 -0.101562 -0.125977
-0.052490 0.157227 -0.083984 0.088379
0.009766 -0.182617 0.026489 -0.124512
-0.015198 0.112793 0.031128 0.002762
0.123535 -0.265625 -0.091309 -0.083496
0.042480 -0.041992 -0.013977 -0.083008
0.045654 -0.015869 -0.021606 -0.074707
-0.039062 -0.010315 -0.144531 0.146484
0.137695 -0.184570 0.039307 -0.170898
-0.221680 0.122559 -0.023071 -0.008423
-0.075195 -0.140625 -0.045654 -0.208008
-0.023071 -0.064453 -0.002502 -0.081055
-0.081543 -0.111816 0.167969 -0.098145
0.045410 0.118652 0.106934 0.081055
0.018066 0.030396 0.035156 0.016724
-0.010010 -0.159180 -0.039307 0.051514
0.304688 0.066895 -0.123535 0.179688
-0.158203 -0.136719 -0.025024 0.031250
0.243164 0.074219 0.011902 0.057373
-0.145508 -0.015869 -0.027344 -0.108887
0.156250 -0.095215 0.211914 0.241211
-0.130859 0.097656 0.058594 0.037109
0.089355 -0.105469 0.014038 0.023926
0.023438 0.063965 -0.003159 -0.090332
0.180664 0.063965 -0.137695 -0.202148
-0.003113 -0.083008 0.132812 0.019409
-0.056152 -0.047119 0.056641 -0.000324
-0.025757 0.011658 0.024292 -0.037598
0.046875 -0.069824 -0.120117 0.023193
-0.038330 -0.106445 -0.093262 -0.138672
-0.006958 0.239258 -0.074707 -0.081055
0.061279 0.050293 -0.144531 -0.128906
0.162109 -0.156250 0.044189 0.065430
-0.119141 0.089844 0.204102 -0.152344
-0.003510 -0.059570 -0.049316 0.041748
-0.011719 0.064941 -0.080078 -0.033691
-0.144531 -0.187500 -0.240234 -0.013855
0.050049 -0.061523 -0.197266 -0.063965
0.070312 0.193359 0.143555 -0.044922
-0.054443 -0.041016 -0.004974 -0.149414
0.171875 0.128906 0.083496 0.049561
-0.118652 0.047119 -0.010376 -0.071289
0.001122 -0.083984 -0.130859 0.089844
-0.017944 -0.083496 -0.053955 0.133789
0.114258 -0.151367 -0.229492 0.127930
-0.061035 -0.167969 0.000824 -0.019043
-0.026733 -0.017578 -0.028687 0.153320
0.037354 0.126953 0.052979 0.040039
0.179688 0.095703 -0.031250 -0.012878
-0.036621 -0.031738 0.061035 -0.027954
0.289062 0.029541 -0.195312 -0.010803
0.062500 0.026001 0.068359 -0.033936
0.215820 0.164062 -0.196289 -0.110840
0.065918 0.099121 0.137695 0.234375
-0.121094 0.038330 -0.065918 -0.214844
0.008972 0.146484 -0.162109 -0.202148
-0.175781 -0.127930 0.125977 -0.058838
-0.046143 -0.054688 0.040283 0.063477
0.027222 -0.116211 -0.223633 0.034668
0.027466 0.063477 -0.016724 0.279297
0.001251 0.024658 0.134766 0.199219
0.048096 0.155273 -0.159180 -0.065918
-0.039551 0.116211 -0.083984 0.017822
-0.093750 -0.115723 -0.019165 0.048828
0.030029 0.062500 0.067383 0.054932
-0.349609 -0.021362 0.042725 -0.122070
-0.180664 -0.080078 -0.074707 0.138672
-0.056152 0.085938 -0.014160 0.098633
-0.115234 -0.130859 0.023804 0.208008
-0.094238 0.048584 -0.075684 -0.049072
-0.093750 -0.097656 0.022705 -0.059082
-0.028198 0.032471 -0.052490 -0.012207
0.062500 -0.111328 0.094238 -0.054443
-0.022827 0.060791 -0.030518 0.152344
-0.020386 0.209961 -0.077148 -0.171875
0.038086 0.045898 -0.185547 0.017578
-0.048096 0.247070 0.013123 -0.162109
-0.029297 0.046875 0.006897 -0.027100
0.104980 -0.076660 -0.009827 -0.017578
0.155273 0.010376 -0.069824 -0.007568
-0.213867 -0.066895 0.065430 -0.068848
0.001122 0.094238 -0.236328 0.064941
-0.032471 0.102051 -0.045898 -0.110352
0.044922 -0.109863 -0.233398 -0.086426
-0.196289 0.025024 0.008362 0.108398
0.051514 -0.049072 -0.127930 -0.082520
-0.131836 -0.145508 0.190430 -0.015747
0.283203 -0.044434 -0.054443 0.063477
0.187500 -0.077148 0.271484 0.152344
0.031250 0.047607 -0.292969 -0.189453
-0.123047 -0.054688 -0.074219 -0.079102
0.029419 -0.038574 -0.157227 -0.106934
-0.159180 -0.067871 -0.011536 0.083008
0.165039 0.010254 -0.040771 -0.081543
-0.084961 0.033691 -0.030518 0.024292
0.019409 0.023071 -0.006073 -0.281250
0.077148 -0.010925 -0.057129 0.102051
0.115723 -0.021606 -0.059570 -0.004395
0.077637 -0.104492 0.105469 0.205078
-0.298828 0.052490 -0.000219 -0.046387
-0.013123 0.085938 -0.050781 -0.205078
-0.036621 -0.056152 0.040039 -0.132812
-0.060303 0.009338 0.042236 0.043945
0.144531 0.136719 -0.059814 -0.065918
0.173828 0.188477 -0.186523 0.024658
0.035889 0.013306 -0.081055 -0.021606
-0.134766 -0.129883 0.008850 0.023438
-0.114746 0.007751 -0.027100 0.141602
0.015625 0.174805 0.121094 -0.068848
0.070312 -0.113281 0.059082 -0.144531
0.044678 0.002075 0.026855 0.008240
0.100098 0.010498 -0.127930 0.013428
0.139648 0.152344 -0.103516 -0.071777
0.031738 -0.056396 0.021484 0.011414
0.098145 0.115723 -0.129883 -0.143555
-0.118652 -0.076660 0.093262 0.034912
-0.074219 0.009277 -0.008850 0.057861
-0.105469 0.076172 0.161133 -0.137695
0.022827 -0.068359 -0.101074 -0.010925
0.145508 0.055420 0.128906 -0.134766
0.002884 -0.065430 0.227539 0.106934
0.046387 0.052734 -0.052002 0.080078
0.101562 -0.127930 -0.126953 0.163086
-0.044434 0.073242 0.100098 -0.000265
0.081055 0.095215 0.033203 -0.226562
0.112793 -0.025269 -0.090820 -0.186523
0.208008 0.035400 0.059814 -0.058105
-0.063965 -0.126953 -0.020020 -0.020386
-0.006378 0.005219 -0.113281 -0.171875
-0.060547 0.012268 -0.102051 -0.040283
0.047607 0.061035 -0.151367 -0.055176
0.103516 -0.144531 0.020386 0.121094
-0.184570 -0.100586 0.124512 0.275391
0.148438 0.081543 0.075684 -0.072754
-0.351562 0.092773 -0.036377 -0.125000
0.173828 0.037598 -0.031006 0.032227
0.044678 0.021118 -0.151367 0.016846
0.055420 -0.068359 -0.028931 -0.023560
0.085938 -0.012756 -0.060059 -0.066895
0.022949 -0.092773 -0.070801 -0.092773
-0.091797 -0.220703 0.194336 0.246094
-0.114746 0.097168 -0.066406 -0.101562
0.086426 0.112305 -0.061768 0.005859
-0.039551 -0.087402 -0.058350 0.012085
-0.072754 -0.085449 -0.183594 -0.162109
-0.040771 -0.021973 -0.016357 -0.019287
-0.108398 0.195312 -0.040771 0.095215
0.182617 0.136719 0.021851 -0.035645
0.049805 0.035156 -0.125977 0.095215
0.127930 0.039795 -0.031982 -0.151367
-0.030884 0.230469 -0.173828 0.081055
0.139648 -0.098633 -0.085938 -0.201172
0.154297 -0.180664 -0.041016 -0.025269
0.020996 -0.042969 0.012329 0.047852
-0.251953 0.124512 -0.016113 -0.044678
0.102539 -0.281250 -0.125977 0.083984
-0.000797 0.223633 -0.150391 -0.099609
-0.034424 0.063965 -0.055176 0.052002
-0.099121 0.066895 -0.202148 -0.172852
0.251953 0.064453 -0.143555 0.053467
0.081543 -0.022339 -0.025146 0.043457
0.035645 -0.006409 0.004364 0.015320
-0.337891 0.011597 0.043945 0.023193
0.049561 -0.029297 -0.023926 0.179688
-0.134766 -0.008423 -0.187500 0.003265
-0.172852 -0.008850 0.141602 0.154297
0.025757 -0.002869 0.014404 -0.133789
-0.093750 -0.084473 -0.057861 -0.045410
-0.016479 -0.088379 -0.129883 -0.086914
0.081055 0.012695 -0.059082 -0.015869
0.129883 0.088867 -0.065430 -0.005615
0.098145 0.134766 0.072754 -0.060303
-0.090332 -0.039551 0.114258 -0.110352
-0.002914 0.030884 -0.035156 0.058838
0.028320 0.078613 0.090332 0.018311
-0.149414 0.014099 0.043701 0.095215
-0.155273 -0.136719 -0.103027 0.084961
-0.039062 0.062012 0.047119 -0.040527
0.032471 -0.026733 0.157227 0.229492
0.138672 0.149414 0.024536 0.226562
0.182617 0.040283 -0.071777 -0.082520
0.021851 -0.026978 0.035400 -0.030884
0.003998 -0.008484 -0.025024 0.116211
-0.010193 -0.062500 -0.156250 0.018799
-0.178711 0.013123 -0.065918 -0.098633
0.003967 -0.203125 -0.031494 0.044189
-0.026978 0.162109 0.147461 0.054932
0.019165 -0.061035 0.134766 0.177734
0.023193 -0.083008 -0.069336 -0.018799
-0.026123 -0.100098 0.001434 -0.025269
0.067383 0.115723 -0.023438 -0.227539
0.007233 0.051514 -0.035645 0.002716
0.122559 -0.076172 -0.100098 0.112305
0.005493 0.034424 -0.018799 -0.001213
0.032227 -0.106445 0.053955 0.114258
0.040771 0.007141 -0.030640 -0.071289
0.135742 0.122070 0.225586 0.000029
-0.085938 -0.066406 -0.012512 0.048828
0.000568 -0.227539 0.044678 0.257812
0.065430 -0.144531 0.021484 0.176758
0.203125 0.128906 -0.049561 -0.002045
-0.183594 0.158203 -0.032715 0.050537
-0.134766 -0.028931 -0.051514 -0.012695
-0.167969 -0.111816 0.016113 0.128906
0.023560 -0.018799 0.062012 0.153320
-0.015320 0.020630 -0.039795 -0.046387
-0.039551 -0.149414 0.132812 0.220703
-0.033936 -0.000488 0.059082 -0.014221
0.018921 0.032227 -0.239258 -0.165039
-0.328125 -0.127930 0.046387 -0.039795
-0.075684 0.225586 -0.050293 -0.157227
-0.151367 0.124023 0.070312 -0.212891
-0.094727 0.081543 -0.108398 0.055908
0.048828 -0.029907 -0.086426 0.005310
-0.005432 0.197266 -0.007690 0.088379
0.116211 0.091797 -0.011475 0.001106
0.156250 0.088867 -0.079590 -0.017334
0.140625 0.052979 -0.050293 0.095215
0.118652 -0.106934 -0.051514 -0.174805
0.174805 0.113281 -0.131836 -0.033936
0.032227 0.149414 0.014404 -0.062500
-0.024414 -0.050293 -0.035645 -0.026733
-0.114258 0.133789 -0.089844 0.066406
-0.011597 -0.063477 -0.178711 -0.095703
0.071289 0.052734 -0.031982 -0.000301
-0.084961 0.156250 -0.112793 0.017090
-0.076660 0.110352 0.160156 0.116211
-0.072266 0.166992 -0.132812 0.017456
0.038574 -0.300781 -0.087891 -0.022949
0.008850 -0.082520 0.000212 -0.013550
-0.061279 -0.041504 -0.017456 0.047852
-0.137695 -0.076660 -0.152344 -0.031250
-0.087891 0.016968 -0.136719 -0.077637
-0.095703 0.138672 -0.135742 -0.074219
0.120117 -0.121094 0.167969 0.240234
-0.235352 0.141602 -0.153320 0.125000
0.238281 0.116211 -0.125000 -0.018555
0.028198 0.031250 -0.041260 -0.019897
0.079102 0.111816 0.029785 -0.300781
-0.163086 -0.090332 -0.073730 0.055908
-0.008850 -0.044922 -0.076660 0.157227
-0.108887 -0.106934 0.131836 0.201172
-0.029541 -0.019653 0.007507 0.086426
0.049561 -0.071289 0.159180 0.153320
-0.056152 0.034668 -0.038330 -0.126953
0.005554 -0.079102 -0.071777 0.019653
0.057617 0.134766 -0.070312 -0.002914
-0.184570 -0.065430 -0.037109 0.021973
-0.017578 0.083008 -0.002213 0.015564
-0.243164 -0.115234 0.069824 0.132812
-0.037598 -0.145508 -0.099121 0.030518
0.036377 0.150391 0.095703 0.039062
-0.074219 -0.015198 -0.097656 0.020630
-0.012451 0.043945 0.110840 0.023926
0.091309 -0.046631 -0.044922 -0.001945
-0.132812 0.076660 0.049561 -0.042236
-0.048340 0.075684 0.055908 -0.119141
0.059326 0.155273 0.008240 -0.187500
0.066406 0.112793 -0.112305 -0.116211
0.074707 0.222656 0.030273 -0.198242
-0.054688 -0.101074 -0.099609 0.200195
0.219727 0.187500 -0.047119 -0.020264
0.050537 0.022095 0.070801 0.029541
0.052490 -0.095703 -0.085449 0.047852
-0.165039 -0.134766 -0.028198 0.046143
-0.023804 -0.123535 0.157227 0.298828
0.204102 -0.153320 -0.076660 0.100586
-0.049805 -0.025146 0.083984 0.125977
-0.029419 -0.003571 0.017578 0.022217
0.140625 0.151367 -0.010742 -0.048340
-0.124512 -0.104492 0.026367 0.032715
0.259766 0.156250 -0.123047 -0.042480
-0.048584 -0.029541 0.082031 -0.079102
0.196289 0.083496 -0.010620 -0.092285
0.042969 -0.113281 -0.109863 -0.059570
0.093750 -0.043213 0.037842 0.049316
0.097656 -0.109863 -0.007416 0.065430
0.018188 -0.034180 0.121582 0.161133
-0.042969 0.099121 -0.051025 0.055908
0.016357 0.103027 -0.189453 0.019165
-0.263672 0.118652 0.013550 -0.023071
-0.050049 0.267578 -0.039062 -0.182617
-0.149414 -0.004578 -0.009827 0.044434
0.014648 0.063477 -0.105957 -0.096191
0.087891 -0.054932 -0.106445 -0.061768
-0.164062 -0.163086 0.019775 0.028564
-0.049561 0.101074 0.081055 0.120605
-0.023193 0.035889 0.078125 -0.151367
0.166992 0.108887 -0.063477 -0.022705
0.048584 -0.115723 -0.050537 0.006317
0.207031 0.002029 0.123047 -0.041992
-0.177734 -0.054199 -0.083984 -0.029907
0.002808 0.088379 -0.023926 -0.038574
-0.098145 -0.058105 0.238281 0.062500
-0.064941 -0.157227 -0.245117 -0.224609
-0.036377 0.058105 0.083984 -0.035400
0.055176 0.291016 -0.026123 0.105957
-0.152344 0.113770 0.045898 0.200195
-0.064453 0.054443 -0.032959 0.065430
0.060791 -0.214844 -0.037109 -0.105957
0.067383 -0.134766 -0.118164 0.029541
-0.150391 -0.026489 -0.000458 -0.059082
0.122070 -0.019043 -0.191406 -0.133789
0.016846 -0.037598 0.005157 -0.118164
-0.110352 0.156250 0.013977 -0.014587
-0.221680 -0.031738 0.050781 -0.061523
-0.298828 0.067871 -0.100098 -0.133789
-0.050781 -0.146484 0.010742 0.089844
-0.030518 -0.075684 -0.100098 -0.026733
-0.394531 0.042969 -0.128906 -0.328125
0.096680 0.052979 -0.087891 -0.191406
-0.162109 0.125977 -0.075684 0.045410
-0.047852 -0.010681 0.147461 0.042969
0.076660 -0.115234 -0.207031 -0.005066
-0.079590 0.070801 0.071777 -0.014587
-0.046631 -0.156250 0.322266 0.144531
0.253906 0.057129 0.009155 -0.103027
-0.081543 -0.141602 0.053467 -0.089844
-0.107910 -0.007874 -0.155273 -0.105957
-0.095703 0.172852 -0.011047 -0.020142
-0.086914 -0.031494 0.074707 0.000580
-0.152344 0.004639 -0.248047 -0.075195
-0.007660 -0.042725 -0.016968 -0.045166
-0.002838 -0.215820 0.094727 0.105469
-0.049316 0.113770 0.072266 -0.025024
-0.055176 -0.021240 0.002151 0.015015
-0.059570 0.058350 0.085938 0.041260
0.004852 0.043213 0.037109 0.032715
-0.043945 -0.016479 -0.023315 -0.004700
0.174805 0.038574 0.011353 0.123535
-0.024292 -0.015503 0.031982 -0.054688
-0.246094 0.143555 -0.127930 -0.093262
-0.019897 -0.008728 -0.015015 0.012085
0.101074 0.030518 0.118164 0.165039
0.007996 0.046387 0.019531 -0.081543
-0.095703 0.053223 -0.017090 0.010498
-0.163086 0.115234 0.111816 -0.074707
0.050293 -0.095215 -0.014282 -0.041748
-0.035889 -0.038574 -0.039551 -0.054443
-0.022461 -0.251953 0.223633 0.289062
0.036621 0.294922 0.165039 -0.117188
0.014832 -0.023071 -0.013123 -0.094238
-0.054199 0.031738 0.131836 -0.069336
-0.115723 0.085938 -0.008850 -0.042969
-0.019653 -0.012939 0.001396 -0.052979
0.006317 -0.129883 -0.060303 -0.032471
-0.025513 0.033691 -0.009705 0.016968
-0.235352 -0.164062 -0.123047 0.004089
0.033447 0.139648 0.183594 -0.053955
0.056152 -0.035156 -0.028076 -0.162109
-0.126953 -0.095703 -0.163086 -0.041504
-0.034668 -0.013855 0.073730 -0.045410
0.044678 0.015625 0.063965 0.123535
0.045898 -0.008057 0.067871 0.030273
0.035400 -0.067383 -0.024170 -0.003876
-0.106445 -0.160156 -0.060303 -0.059082
0.127930 0.060059 -0.144531 0.116699
0.045654 0.058350 0.042236 0.063477
-0.140625 -0.203125 -0.208008 -0.086914
-0.000774 -0.127930 -0.027344 0.088379
0.080078 0.013550 0.039307 -0.042480
0.111816 0.187500 -0.031494 -0.078613
0.024170 -0.021606 -0.033203 -0.004089
-0.125000 -0.052002 0.136719 0.021240
-0.052734 -0.125000 -0.184570 -0.002563
0.073242 0.209961 -0.029053 -0.091309
-0.079102 -0.025879 -0.088379 -0.121094
-0.126953 -0.098633 0.057373 -0.214844
-0.027832 0.070801 -0.141602 -0.027588
-0.004486 0.014282 -0.053955 -0.104492
-0.002670 0.037354 -0.027344 0.005829
-0.071289 -0.120605 -0.150391 0.002579
0.153320 -0.065918 -0.261719 -0.082031
0.070312 0.128906 -0.203125 0.016479
-0.003372 -0.134766 -0.222656 0.038818
0.007996 -0.012329 -0.003464 0.091309
0.073730 -0.040527 -0.225586 -0.285156
-0.050049 0.096680 -0.013489 -0.241211
0.026611 -0.082031 0.008850 0.029541
-0.255859 -0.012695 -0.140625 -0.071777
0.229492 0.004883 -0.150391 -0.095703
0.051270 0.191406 -0.216797 -0.052734
-0.134766 0.025024 -0.162109 -0.022461
0.087891 -0.008118 -0.001122 -0.020752
0.224609 0.177734 -0.056885 -0.037842
0.193359 0.056396 -0.070312 0.040039
0.090820 -0.128906 0.121094 -0.029053
-0.110352 -0.005157 0.177734 0.113281
-0.035889 -0.116211 0.035156 -0.116211
-0.074707 0.029297 -0.177734 -0.033936
-0.227539 -0.095703 -0.137695 0.049561
0.031006 0.083984 -0.015198 0.005615
-0.061523 -0.019775 -0.126953 0.000744
-0.009583 0.146484 0.041504 -0.013611
0.047852 0.257812 -0.091797 0.007202
-0.142578 -0.100098 0.007355 -0.145508
-0.002930 -0.155273 -0.081543 0.100098
0.066895 0.093750 0.102051 0.168945
0.076172 0.052979 -0.006805 -0.015869
0.122559 -0.057861 0.089844 0.166016
-0.035156 0.166992 -0.054932 -0.017334
0.269531 0.049561 0.223633 0.152344
0.028931 0.353516 0.218750 -0.056396
-0.086914 0.126953 -0.028564 -0.154297
-0.060791 -0.170898 -0.031006 -0.104980
0.147461 0.052002 0.037354 0.148438
-0.070312 -0.101074 0.085449 -0.132812
-0.122070 0.089355 0.022827 -0.200195
-0.006500 0.181641 0.114258 -0.163086
0.015503 -0.093262 0.024780 -0.035156
0.138672 -0.203125 0.039795 0.098145
-0.179688 -0.151367 0.086914 0.139648
-0.008118 -0.018799 -0.068359 0.098633
-0.005951 -0.041016 -0.004211 -0.077637
-0.003860 -0.069336 0.064941 0.031006
-0.041992 0.089355 0.190430 -0.067383
0.066406 0.059082 0.065430 0.016479
0.000721 -0.129883 0.075684 0.001068
0.008240 0.026733 -0.019409 -0.052246
-0.227539 -0.139648 0.041992 -0.219727
-0.041992 -0.140625 -0.195312 -0.084961
0.135742 0.135742 -0.037598 0.020264
0.173828 -0.019775 0.063477 0.048340
-0.017334 0.024780 0.093262 0.139648
0.135742 0.068848 -0.237305 0.191406
0.081543 0.081543 0.080078 -0.027100
0.094238 0.090332 0.105957 0.055908
-0.063965 -0.208008 -0.060059 0.006531
-0.052002 0.037598 -0.036133 0.006256
-0.084961 -0.099609 -0.036621 0.110352
0.054932 0.167969 -0.086426 -0.086914
-0.006500 -0.025879 0.058838 -0.073242
-0.105469 -0.159180 -0.116699 -0.038818
0.153320 0.100586 -0.023926 -0.084473
0.089844 0.066406 0.144531 -0.072754
-0.084961 -0.085449 -0.013367 0.047607
0.044189 -0.010559 -0.139648 0.065430
0.054688 -0.002472 -0.007935 -0.027100
-0.017578 0.166992 -0.014221 -0.016724
0.022339 -0.053711 -0.057617 -0.185547
0.114258 -0.010254 -0.190430 -0.177734
0.155273 -0.101562 -0.071289 -0.211914
0.148438 -0.149414 0.038330 -0.003220
-0.165039 -0.152344 0.111816 0.022339
0.246094 0.029541 -0.166992 0.081543
-0.041748 -0.018311 0.167969 -0.115723
-0.034668 0.139648 0.038330 0.009705
0.036621 -0.154297 -0.110840 -0.138672
0.243164 -0.006256 -0.188477 0.074219
-0.045898 -0.039062 0.036377 -0.124512
-0.030396 -0.183594 0.123047 0.131836
-0.018799 -0.052979 0.032227 0.134766
0.062256 0.049561 0.005493 -0.065918
-0.169922 -0.096191 0.057129 0.247070
-0.159180 -0.064941 -0.070312 -0.089844
0.144531 -0.147461 0.225586 0.082031
0.125000 -0.052734 0.112305 -0.059814
-0.108887 0.078125 0.089355 0.073730
0.024170 -0.073730 0.128906 0.015747
-0.126953 0.097168 0.047119 0.041260
-0.074219 0.052734 -0.009644 0.003891
0.091309 -0.029541 0.185547 -0.048828
-0.046631 -0.015137 -0.135742 -0.029053
-0.146484 0.015015 0.183594 0.057617
-0.013184 -0.087402 0.011292 -0.008240
-0.154297 -0.324219 0.192383 -0.011292
-0.037354 0.092773 0.084961 0.013916
-0.074707 -0.203125 -0.054932 0.089844
-0.048828 -0.203125 -0.049072 0.161133
0.017944 -0.090820 0.016724 -0.077637
0.249023 -0.120605 0.073730 0.061035
-0.090820 0.107422 0.055908 -0.079590
-0.021240 -0.061523 0.090332 0.016602
-0.328125 -0.019653 -0.115234 -0.225586
0.007202 0.222656 0.308594 0.020752
-0.308594 -0.099121 -0.169922 0.103516
-0.144531 -0.111328 -0.169922 0.020508
-0.017700 -0.263672 0.045654 0.029907
-0.085449 -0.097656 0.100586 -0.041992
-0.090820 -0.166992 0.095215 0.099121
0.049316 -0.025269 -0.102051 0.053955
-0.178711 -0.211914 0.018799 0.132812
0.166992 -0.109863 0.018677 0.066406
-0.150391 -0.243164 0.064941 0.121094
-0.046875 -0.107910 0.007416 0.096191
-0.034180 0.169922 -0.136719 0.011230
0.020996 -0.091309 -0.002899 0.053223
-0.194336 -0.125977 0.009705 -0.023438
0.052246 -0.025269 -0.101562 -0.104492
-0.180664 -0.207031 -0.059326 -0.082031
-0.097168 0.042236 -0.069336 -0.093750
-0.045654 -0.184570 -0.140625 -0.041016
-0.053223 -0.111816 0.110352 -0.120605
0.163086 0.039307 -0.217773 0.101562
0.073730 0.099609 0.033203 0.199219
-0.055908 -0.128906 -0.056396 -0.043945
-0.004669 -0.033936 0.007812 0.084961
-0.187500 -0.421875 -0.178711 -0.068359
0.160156 -0.003555 0.183594 0.056152
0.062988 -0.110840 -0.164062 0.012268
-0.014282 -0.130859 -0.091309 -0.098633
-0.066895 0.196289 -0.126953 0.086426
-0.009827 0.076172 0.003998 -0.038086
-0.132812 -0.150391 -0.006683 -0.026245
0.095703 0.058594 -0.166016 0.068848
-0.091309 -0.129883 -0.144531 0.041992
0.005493 0.134766 0.012146 -0.071777
-0.097656 -0.130859 -0.177734 0.117188
0.095703 0.132812 -0.237305 0.101562
0.015564 -0.054443 -0.125977 -0.020264
0.065430 -0.182617 -0.043945 -0.002975
-0.051270 -0.061523 -0.039551 0.139648
0.043945 0.192383 -0.067383 0.169922
0.026978 -0.148438 -0.228516 0.074219
0.121582 0.033447 0.077637 -0.119141
0.057129 0.064453 -0.304688 0.022583
0.162109 0.096680 -0.230469 -0.055664
0.093262 0.006287 -0.144531 0.079102
-0.015991 -0.030518 0.181641 -0.144531
-0.066895 -0.019653 -0.010864 0.152344
0.033691 0.217773 -0.045410 -0.058838
0.030884 0.126953 -0.201172 0.053711
0.041504 -0.044922 0.015747 0.160156
0.031738 0.134766 -0.113281 -0.121582
-0.044922 0.314453 -0.178711 -0.141602
0.088379 0.099121 -0.078613 0.074219
0.010986 -0.003662 0.078613 0.045410
0.009399 0.143555 -0.029541 0.055176
0.138672 0.064941 -0.015625 0.051514
-0.027222 -0.093262 0.016602 -0.063965
-0.100586 -0.217773 -0.027832 -0.023682
-0.028198 0.023560 0.033691 0.028931
0.078125 -0.181641 0.166992 0.046875
-0.017212 -0.001747 -0.055908 -0.061523
-0.029663 -0.005859 0.034668 -0.001175
-0.242188 0.040527 -0.027222 0.016113
-0.074707 0.035645 -0.083496 -0.158203
0.080078 0.057617 0.153320 -0.052979
-0.019653 -0.025269 -0.039551 0.026489
-0.021484 -0.086914 -0.047363 -0.016968
0.092773 0.166992 0.000059 0.091309
0.152344 0.054932 0.009277 0.125977
0.052002 0.041504 -0.028931 -0.040283
0.015381 -0.033447 -0.012756 0.015869
0.075195 0.105469 0.177734 0.031738
0.164062 -0.021973 0.249023 0.217773
-0.114746 0.165039 -0.130859 -0.191406
-0.039307 -0.044678 -0.014648 -0.040771
-0.031494 0.212891 0.031494 -0.059326
-0.002899 0.149414 0.141602 0.110840
-0.020142 0.025757 -0.046387 0.022339
-0.106934 0.071289 0.234375 -0.034180
-0.161133 -0.104004 -0.035400 0.062988
-0.006256 -0.109863 0.012756 -0.131836
-0.059570 -0.150391 0.231445 0.056152
0.026001 -0.054932 0.066406 0.026733
-0.018677 -0.091309 0.235352 -0.006378
0.091797 -0.153320 0.011719 0.042725
-0.065918 -0.043213 -0.050293 0.015991
0.003586 -0.003647 0.091797 0.018188
-0.139648 -0.025269 0.015381 -0.125977
0.032471 0.024048 0.044434 -0.024292
-0.208984 -0.118652 0.035400 -0.032715
-0.009094 -0.048340 -0.021973 0.004181
-0.137695 -0.126953 -0.045166 -0.093262
0.089844 0.111328 -0.094238 -0.021484
0.080566 0.056885 0.002563 -0.046875
0.104492 -0.052979 -0.061523 0.079102
0.142578 -0.145508 -0.086426 0.162109
0.144531 -0.166992 0.140625 0.083984
-0.088867 0.000370 -0.021362 -0.104980
-0.033936 -0.079102 0.053467 -0.011169
-0.019897 -0.041016 0.176758 -0.075684
-0.013306 0.115234 0.226562 -0.163086
0.055420 -0.042236 -0.008057 0.018799
0.001762 0.033691 0.096680 -0.177734
-0.084961 0.013550 0.004578 0.128906
0.152344 0.204102 -0.048340 -0.039307
-0.106934 -0.042969 -0.002319 0.026489
0.024048 0.064453 -0.031494 0.024170
-0.036621 -0.043213 0.122070 0.022705
0.147461 -0.023560 0.275391 -0.140625
0.044678 0.040771 0.031738 -0.030273
-0.033936 0.021851 -0.083496 -0.245117
-0.066895 -0.090820 0.057373 -0.114258
-0.020020 0.058350 0.003769 -0.141602
0.048828 -0.259766 -0.026489 0.014771
-0.068359 0.037598 -0.161133 -0.010803
0.053955 -0.283203 0.113770 0.060791
-0.004059 0.020020 0.025391 -0.164062
-0.026367 0.042480 -0.013428 -0.062500
0.062500 -0.003204 -0.057617 -0.046631
0.047363 -0.111816 0.149414 -0.013000
-0.074219 0.069824 -0.158203 -0.171875
-0.012390 0.014648 0.171875 -0.024170
-0.078613 0.088867 -0.001968 -0.113281
-0.087402 -0.163086 0.024414 0.034668
-0.023926 0.055664 -0.004272 -0.106445
0.062988 0.105469 -0.236328 -0.008301
0.143555 0.048096 -0.000347 -0.063477
-0.015015 -0.062988 0.084473 0.015015
0.136719 0.066895 0.113770 -0.036133
-0.010681 -0.162109 0.060547 -0.070312
-0.101562 -0.026123 0.026245 0.061523
-0.000702 -0.080566 0.074219 -0.048828
0.287109 0.172852 -0.072754 -0.183594
0.184570 0.007660 0.040283 0.099609
-0.112305 0.048584 -0.035645 -0.005676
0.051758 0.047363 -0.052246 0.016846
-0.063965 0.036865 -0.016357 -0.065430
0.003433 -0.148438 -0.011414 0.115234
0.014160 -0.148438 0.039551 0.094238
-0.016113 -0.156250 -0.062500 0.086426
0.090332 0.001099 -0.066406 -0.010803
0.255859 0.100098 0.155273 0.133789
-0.194336 0.208984 0.030640 0.083984
-0.108887 0.402344 -0.042236 -0.196289
0.046631 -0.045410 -0.010681 0.037842
0.047363 -0.024902 -0.036865 -0.055420
-0.257812 -0.065430 0.066895 -0.036621
-0.101562 -0.099609 -0.042969 -0.189453
-0.024658 0.106934 -0.086426 0.042480
-0.025879 0.054932 0.020630 -0.089844
-0.021240 0.061279 0.038574 -0.020996
-0.037598 -0.071289 0.170898 0.051758
-0.021118 0.087891 0.072266 -0.003967
-0.033936 0.024048 0.084961 0.059570
-0.082520 -0.220703 -0.084961 -0.036377
0.044678 -0.018188 -0.018799 0.146484
-0.084473 0.118652 0.011475 -0.122559
0.123535 0.063965 0.041748 0.013062
0.102539 0.215820 0.011047 0.135742
-0.153320 0.062256 -0.178711 0.068359
-0.113770 0.082520 0.103516 0.007874
-0.049316 0.045654 0.096680 -0.072266
-0.025757 -0.081543 -0.014282 -0.098633
0.071289 -0.160156 -0.132812 -0.077637
-0.055664 0.211914 0.124512 0.025269
-0.030273 -0.045166 0.096680 0.007294
-0.007233 0.029663 -0.147461 0.101074
-0.165039 -0.020996 0.047119 -0.016357
-0.125977 0.082031 -0.131836 0.073242
-0.007721 0.121582 -0.066406 -0.075195
-0.058838 -0.100586 -0.181641 0.098145
-0.044678 -0.198242 -0.025024 -0.084961
0.096191 0.181641 -0.159180 0.075195
0.006409 -0.001595 -0.019043 -0.065430
-0.132812 -0.217773 -0.273438 -0.046387
-0.118164 -0.053955 0.162109 -0.075195
-0.034424 -0.181641 -0.072754 -0.082031
0.101074 0.141602 0.011414 0.030884
0.005157 -0.149414 -0.271484 0.109863
0.150391 0.002625 -0.148438 0.118652
-0.100586 -0.192383 -0.287109 -0.044189
-0.068359 0.070801 0.184570 -0.152344
0.133789 -0.120117 -0.128906 -0.079590
-0.045410 -0.248047 -0.113281 0.051025
0.067383 0.021484 -0.161133 -0.107422
0.112793 0.117676 -0.106445 0.011353
-0.017700 0.108398 -0.187500 -0.081055
0.088379 -0.002136 -0.163086 0.093262
0.180664 -0.140625 -0.291016 -0.019043
-0.291016 -0.007812 -0.105957 0.004272
-0.077637 -0.165039 0.008179 0.233398
-0.157227 -0.206055 0.026367 0.067871
0.062012 0.089355 -0.043945 0.034424
-0.028320 0.096680 0.120117 -0.176758
-0.038330 0.201172 -0.112305 -0.031738
-0.104492 0.120117 -0.171875 0.102051
0.136719 -0.145508 -0.103516 0.045410
0.104492 0.189453 0.048340 0.019653
-0.024414 -0.067383 0.139648 0.173828
-0.028809 0.034424 -0.115234 0.043701
0.086914 0.060791 0.044678 -0.012573
0.041504 -0.106445 -0.090820 -0.032959
-0.103516 -0.150391 0.165039 -0.053223
0.138672 0.022217 0.281250 -0.080566
0.012695 0.131836 0.267578 -0.010925
0.042236 0.154297 0.039551 -0.021484
-0.237305 -0.067871 0.086426 0.032959
-0.009216 0.157227 0.065918 -0.072754
-0.116211 0.042236 0.080078 -0.005798
0.064453 -0.020508 0.042725 -0.104492
-0.232422 -0.291016 0.048096 -0.172852
-0.085449 0.012817 0.065430 -0.054199
-0.012329 -0.055420 0.122559 0.111816
-0.062988 0.021606 0.120117 0.053467
0.010254 0.097656 -0.072754 0.071777
0.110352 0.003082 0.177734 0.137695
0.076172 0.059082 0.003815 0.055176
0.048584 -0.033691 0.144531 0.237305
-0.189453 -0.000359 -0.177734 -0.029053
-0.148438 -0.195312 0.197266 0.042969
-0.092285 -0.121094 -0.016724 0.009521
0.092285 0.085938 0.011841 0.055420
-0.205078 -0.251953 0.073242 0.109375
-0.059570 -0.161133 -0.032959 -0.025513
-0.096680 -0.120117 -0.029907 -0.001923
0.065430 -0.003891 0.053467 -0.015564
-0.201172 -0.052734 0.072754 -0.024536
-0.046387 -0.015991 -0.041504 0.092773
0.010315 0.166016 0.078613 -0.093262
0.030396 0.113281 0.124023 0.049561
-0.182617 -0.156250 0.123047 -0.137695
0.044922 0.046875 -0.054199 0.070801
-0.035889 -0.021729 0.011414 -0.023438
0.041748 -0.010254 0.031738 -0.036133
-0.247070 -0.205078 0.025269 -0.060547
0.033203 -0.134766 -0.273438 0.026489
-0.162109 0.048340 0.003616 -0.028564
0.076172 0.052246 -0.236328 0.062988
0.015381 -0.267578 -0.083496 0.114746
0.099121 0.010620 -0.090820 0.006195
0.016602 0.039551 0.018799 0.026733
0.112793 0.005554 0.152344 0.014587
-0.105469 -0.124512 -0.135742 0.063965
-0.324219 -0.003433 -0.047363 0.065918
0.062500 -0.044678 0.027466 0.076660
-0.070312 -0.061768 0.020386 -0.174805
-0.208984 0.041504 0.039795 -0.023804
0.016357 0.042969 0.055176 0.136719
0.045410 -0.079590 0.009094 -0.019775
0.089844 0.171875 0.002808 -0.110840
-0.077637 -0.062988 -0.129883 0.203125
0.082031 -0.102051 -0.063965 -0.052979
-0.203125 -0.131836 0.077637 0.008057
0.020508 0.176758 0.021729 -0.160156
-0.118164 -0.087891 0.128906 -0.003937
-0.022339 -0.107910 0.255859 -0.109375
0.039795 -0.059326 0.045410 0.033203
-0.053467 0.125000 0.014832 -0.154297
0.000835 0.144531 -0.361328 0.104492
0.115234 0.064453 -0.044922 -0.000233
-0.048096 -0.114746 0.013733 -0.021851
0.244141 0.132812 -0.202148 -0.009033
-0.028076 -0.231445 0.028564 0.094238
-0.039795 -0.032959 0.077148 -0.017822
0.042236 0.025757 0.015625 0.050293
-0.020020 0.186523 -0.117188 -0.059326
0.059814 0.088379 -0.208008 -0.172852
0.123535 0.035889 -0.253906 0.245117
0.194336 -0.082520 -0.015991 -0.053223
-0.092773 -0.070312 0.326172 0.003555
-0.048584 0.068848 -0.037354 0.082520
0.083496 0.052734 -0.133789 -0.118652
0.122559 -0.007812 0.055908 -0.006592
0.083984 -0.075195 0.032227 -0.102051
0.098633 0.075684 0.221680 0.101074
0.054199 0.047363 0.155273 -0.003433
-0.031494 -0.027344 0.003860 -0.013367
-0.109375 -0.175781 0.021118 0.120605
-0.117188 -0.253906 -0.092773 0.055908
-0.020386 -0.026245 -0.102539 0.077637
0.003372 -0.162109 0.079102 -0.143555
0.056885 0.204102 0.146484 0.026489
0.006561 0.117188 0.062500 0.079102
-0.026611 -0.161133 0.012695 -0.132812
-0.020874 0.050537 -0.086914 0.026245
-0.237305 -0.063477 -0.042480 -0.005890
-0.271484 -0.091309 -0.166016 0.146484
-0.085938 -0.049561 -0.069336 0.034180
-0.043945 -0.269531 -0.077637 0.039062
0.153320 0.200195 0.244141 0.072754
0.008850 0.044189 0.363281 -0.008362
-0.121094 0.006256 0.039062 -0.052002
0.066406 0.060059 0.062988 0.075684
-0.208984 -0.148438 0.066406 0.185547
-0.069824 -0.167969 -0.034424 -0.059326
-0.057861 0.029785 0.060547 -0.025757
-0.100586 0.228516 -0.030029 -0.039551
0.013855 -0.010498 0.071289 0.062256
0.082520 -0.171875 -0.079102 0.174805
-0.108398 -0.113281 -0.138672 0.163086
0.033203 -0.033691 -0.073730 -0.022461
-0.130859 -0.118164 -0.178711 -0.053467
0.004089 -0.162109 0.097656 0.000889
0.013367 0.078125 0.130859 0.017700
0.206055 0.120117 0.060547 0.128906
-0.015015 0.003479 0.054932 -0.062500
0.041748 -0.002258 0.024536 -0.099609
-0.242188 0.015381 -0.107422 -0.082520
-0.011536 -0.054443 0.032959 0.032715
-0.184570 -0.034668 -0.119629 0.042236
0.142578 -0.142578 -0.092773 -0.015198
0.034668 0.048340 -0.045410 0.122070
-0.053711 0.062988 -0.267578 0.178711
0.091309 0.125977 0.127930 0.028076
0.094238 0.117188 0.052734 0.267578
0.062256 -0.030518 -0.318359 0.112793
-0.014282 0.014648 0.090820 -0.104980
0.019165 -0.068848 -0.141602 0.098633
0.005219 -0.009094 -0.035889 0.015442
-0.063965 -0.090820 0.020386 -0.090820
-0.043213 -0.225586 -0.183594 -0.040039
-0.038818 0.036621 0.104492 -0.129883
-0.092773 0.133789 0.033691 -0.132812
-0.105957 -0.233398 -0.206055 0.137695
-0.082520 -0.046875 -0.069336 0.000816
0.057129 0.125000 -0.172852 0.163086
0.015747 0.089844 -0.174805 -0.112305
0.056641 0.026123 -0.227539 -0.011047
0.072266 0.035400 -0.202148 0.000174
0.206055 -0.110352 -0.041748 -0.096680
0.079590 0.129883 -0.080566 -0.182617
-0.038574 -0.255859 -0.174805 -0.153320
0.022339 -0.042480 0.005951 -0.035645
0.005249 0.128906 -0.187500 -0.037842
0.030273 0.271484 -0.095703 -0.115723
0.011841 -0.063477 -0.086914 -0.041504
0.242188 0.086914 -0.167969 0.002289
-0.010864 -0.098633 0.052734 -0.128906
0.189453 0.006958 -0.030273 0.040771
0.061279 -0.177734 -0.188477 -0.049561
-0.048584 -0.080566 -0.038330 0.045654
-0.091309 -0.049072 -0.017334 0.049072
0.055176 0.021118 -0.196289 -0.001221
0.099121 -0.011719 -0.100098 -0.165039
0.072754 -0.008911 -0.251953 -0.051270
-0.096680 -0.187500 -0.105957 0.058350
-0.020508 0.100098 -0.152344 -0.088379
-0.046387 0.015076 0.014587 -0.155273
-0.105957 -0.001442 -0.102051 -0.128906
-0.125000 -0.341797 -0.103516 -0.012390
-0.074219 0.062500 0.010559 0.049072
0.152344 0.133789 0.063477 0.046387
-0.018311 -0.028076 0.038574 -0.020630
-0.138672 -0.213867 -0.080566 0.072266
0.047607 0.054932 -0.066895 0.143555
-0.159180 -0.149414 -0.055420 0.003510
0.037109 -0.086426 0.001328 0.166016
-0.261719 0.028564 -0.186523 -0.152344
-0.085938 -0.074219 0.031250 0.197266
0.156250 0.084961 0.195312 0.156250
0.092773 0.010742 0.083008 0.291016
0.073730 0.047852 0.107910 0.068359
0.076660 0.074707 0.027710 0.097656
-0.076660 -0.087402 -0.053223 -0.002533
0.031494 -0.030396 0.024536 0.131836
-0.116699 -0.210938 -0.058838 0.021973
-0.075684 -0.108398 0.141602 -0.161133
0.129883 0.105957 -0.075684 -0.099121
0.057861 -0.125977 0.063965 -0.091309
-0.082031 -0.161133 0.034424 -0.014221
-0.033936 -0.014404 0.075684 -0.055420
-0.077148 0.030762 0.019653 -0.016846
0.043701 -0.073242 0.078125 -0.082520
-0.193359 -0.025635 -0.211914 -0.128906
-0.077148 -0.024170 0.140625 0.010071
0.033203 0.111328 0.207031 -0.192383
0.075195 -0.143555 0.193359 0.010010
-0.022583 -0.031738 0.037842 -0.146484
0.021606 -0.031982 0.126953 -0.037842
0.006500 0.025391 0.038818 0.050293
0.038330 -0.061035 -0.037842 -0.012512
-0.093262 -0.048828 -0.253906 0.082031
0.035400 0.104980 -0.077637 -0.038330
-0.058594 0.102051 0.195312 -0.006683
0.061523 -0.034424 0.125977 0.023193
0.012878 -0.146484 -0.055908 -0.095703
0.017822 -0.062012 0.099121 -0.041992
0.056885 -0.085449 -0.071289 0.047852
-0.063965 0.066895 -0.145508 -0.134766
-0.133789 -0.055176 -0.175781 0.037598
0.012329 -0.016846 0.002869 -0.082520
0.135742 0.000729 0.238281 -0.191406
0.179688 0.074707 -0.015137 -0.111816
0.059814 0.154297 -0.032227 -0.093262
0.122070 -0.025513 0.013794 -0.062256
0.069336 -0.022461 -0.052979 0.014893
0.108887 -0.041748 -0.025024 -0.104980
0.096680 -0.048340 -0.132812 -0.110352
-0.004211 -0.097168 -0.245117 -0.040771
-0.105469 0.018311 0.227539 -0.275391
0.026245 0.050781 0.058350 -0.192383
-0.051025 0.058105 -0.164062 -0.052490
-0.125000 -0.038818 0.116699 -0.154297
-0.049072 -0.002884 -0.026611 -0.011902
-0.071289 -0.084473 -0.113770 0.096191
-0.064941 0.148438 0.048096 0.016357
-0.129883 0.054199 -0.217773 -0.147461
0.110840 -0.048096 -0.007599 -0.071289
-0.318359 0.006378 -0.097168 -0.277344
-0.062988 0.048340 0.083984 -0.246094
-0.148438 0.025146 0.015259 -0.129883
-0.048340 0.034668 -0.165039 -0.092773
-0.152344 0.072266 -0.012878 -0.159180
0.047363 -0.034668 -0.166992 0.138672
-0.007050 -0.021729 0.079102 0.060059
-0.003494 0.050537 -0.125977 0.001740
-0.009766 -0.013550 0.085449 -0.251953
-0.007996 0.040771 -0.047852 -0.051514
0.056152 0.012146 -0.139648 -0.068848
-0.005096 0.038086 -0.153320 0.207031
-0.033691 -0.041016 0.001663 0.261719
-0.025146 -0.082031 -0.056885 -0.096680
-0.034668 -0.025024 -0.030640 -0.008789
-0.013672 0.032959 -0.112793 -0.079590
-0.030151 -0.004211 0.175781 -0.136719
0.025879 -0.053955 0.010315 -0.041016
-0.011475 0.042725 0.010498 0.067871
-0.038818 -0.001984 0.039307 0.102539
-0.024536 0.018921 0.067871 0.086914
0.002151 -0.062500 -0.179688 -0.042725
0.052734 -0.047363 0.067871 -0.014771
0.052246 0.028931 0.164062 -0.188477
0.008057 -0.031738 0.122070 -0.094238
0.044189 -0.024292 0.071289 -0.009094
-0.039551 0.037109 -0.002213 0.040527
0.019043 0.020996 0.247070 -0.023315
0.026367 -0.065918 0.128906 0.148438
-0.014954 -0.019287 -0.069336 0.039551
0.013489 0.029907 -0.061279 -0.030640
-0.023560 0.017578 -0.160156 0.065430
0.013000 -0.025146 0.045654 0.081055
-0.051758 0.005951 -0.072266 0.034912
-0.027100 -0.006409 0.133789 -0.140625
-0.014099 -0.059814 -0.175781 -0.072266
-0.048584 -0.018799 -0.076172 0.041992
-0.041992 -0.038086 -0.051514 -0.022217
0.035400 -0.017090 -0.005127 -0.041748
-0.035400 0.003510 -0.100586 -0.012634
0.021606 -0.027710 0.008850 0.060059
-0.000847 -0.007294 -0.001518 0.029053
0.029663 0.023804 0.096680 0.150391
0.020508 0.036377 -0.031494 -0.017456
-0.016724 -0.033203 -0.066895 -0.135742
0.023315 -0.017700 -0.159180 -0.136719
-0.072266 -0.017700 -0.010315 0.093750
0.037109 -0.059814 -0.013489 -0.106445
-0.078125 -0.044434 -0.027954 0.039795
0.020386 -0.035400 -0.003586 -0.023071
-0.059814 0.026123 0.003555 0.090332
0.033203 -0.013367 -0.042725 -0.176758
-0.032959 -0.042236 0.135742 -0.167969
-0.023315 -0.067871 0.125977 -0.094238
0.024780 0.021729 0.071289 -0.011902
-0.038330 0.073730 0.166992 0.033936
0.051025 -0.072266 -0.097168 0.212891
0.000046 -0.045654 0.057373 0.010742
0.020386 -0.030273 0.045898 0.081543
-0.024048 0.040771 0.115723 -0.063965
-0.014648 -0.033203 -0.174805 -0.010681
-0.055908 -0.026123 0.071289 -0.062988
0.015991 -0.067871 0.095703 -0.143555
-0.049805 0.007507 0.142578 0.024780
-0.046387 -0.066406 0.028809 0.050781
-0.052246 -0.004578 -0.028564 -0.012451
-0.027954 -0.027344 0.028198 0.056396
-0.048828 -0.057617 0.038330 0.050537
-0.043213 0.007202 -0.010315 -0.067383
-0.075195 0.006470 -0.044189 -0.028442
-0.005615 0.020264 -0.062256 -0.123535
-0.031250 -0.048584 0.168945 0.083984
-0.015747 -0.001602 0.022461 0.253906
-0.028442 -0.040527 -0.037354 -0.039551
0.055908 0.019287 -0.047363 -0.030396
-0.044678 -0.072266 -0.096680 -0.083496
0.032227 -0.060303 -0.160156 -0.186523
-0.063965 0.026245 -0.108887 -0.161133
-0.028809 -0.033447 -0.076660 -0.016602
-0.009827 0.020386 -0.110352 0.052246
-0.004852 0.008301 0.164062 0.029541
-0.052734 0.057617 0.017212 -0.231445
0.030518 -0.022583 -0.134766 0.085449
-0.004852 -0.055176 -0.121582 0.173828
0.007019 -0.061279 0.102051 0.001465
-0.008118 -0.002609 -0.004089 -0.187500
-0.055664 -0.054688 -0.049805 -0.020508
0.029175 0.027588 -0.030518 -0.071289
0.027954 -0.041016 -0.047607 0.064941
-0.054443 -0.017578 0.080566 0.037354
0.011169 0.015869 -0.120605 -0.007141
-0.000100 0.034424 -0.045898 0.209961
0.036865 -0.008423 0.177734 0.116699
-0.002319 -0.027710 0.156250 -0.098145
-0.001785 -0.028442 0.267578 -0.082031
0.050781 0.057861 0.182617 -0.014160
-0.054443 0.006622 0.190430 0.069336
0.045898 -0.021362 -0.049316 -0.052734
0.000893 0.037354 0.106934 0.001999
-0.057373 -0.049316 -0.053955 0.088379
-0.074707 0.010315 0.021484 -0.014709
-0.031738 0.014099 0.082520 0.125000
0.002853 -0.026245 -0.119141 0.063477
-0.035645 0.041260 -0.208008 0.025146
-0.025757 -0.004364 -0.002716 -0.095703
-0.039307 -0.005676 0.023193 -0.128906
-0.019287 -0.042480 0.079102 -0.033936
-0.033936 -0.001602 0.089355 -0.077637
-0.043213 -0.001770 0.089355 0.016113
-0.004395 -0.019043 0.009277 -0.077637
-0.033447 -0.040771 -0.095215 -0.003555
-0.059570 0.034668 -0.092773 0.030518
0.042969 -0.030273 -0.069336 -0.014343
-0.038574 0.041504 -0.211914 -0.072754
0.035400 0.010620 -0.070312 0.052002
-0.028442 0.000437 0.050293 0.068848
0.023560 0.028687 -0.089355 0.081055
0.037598 -0.041016 0.009766 -0.073242
-0.006256 0.008667 -0.040527 -0.298828
-0.046143 0.009277 -0.010620 -0.114746
0.002426 -0.045410 0.042725 0.036133
0.001701 -0.018433 0.141602 -0.085449
-0.052246 -0.020020 0.076660 0.271484
-0.042725 0.027710 -0.047363 0.074219
-0.070801 -0.031982 0.016724 0.107910
0.019897 0.042480 0.045654 -0.009705
-0.013062 0.053467 0.021362 -0.022339
0.022339 0.013367 0.227539 -0.125000
-0.062256 -0.007141 -0.091797 0.171875
-0.011047 -0.038574 -0.041260 0.153320
0.039795 -0.056396 0.023804 0.040771
0.018921 -0.052246 -0.126953 -0.090820
-0.038330 0.031250 0.081543 -0.166992
-0.054443 -0.046875 0.108887 0.018188
0.000486 -0.073242 0.005188 0.108887
0.021729 -0.035645 0.186523 -0.063477
-0.059082 -0.038330 -0.121094 0.125977
-0.011780 0.015564 -0.049805 0.066895
-0.035889 -0.041016 -0.000599 -0.108398
-0.004242 -0.060791 -0.086914 -0.135742
-0.033936 -0.001587 -0.031128 -0.097656
-0.033203 -0.046875 0.035156 0.107910
-0.049561 0.021606 0.153320 0.109863
-0.053223 -0.014709 -0.058594 -0.028809
-0.004852 -0.080566 0.034180 0.215820
-0.002777 0.023926 0.077637 0.032715
-0.010132 0.022949 0.029541 -0.108887
0.009155 0.030151 -0.131836 -0.044189
-0.080078 -0.063477 -0.063965 -0.137695
0.010071 0.006073 -0.118652 -0.086914
0.000121 0.029297 0.039551 -0.030518
-0.001320 0.042236 0.029541 0.127930
-0.053955 -0.037354 -0.114746 -0.043945
-0.043213 0.041260 -0.061523 -0.190430
-0.014404 -0.003998 -0.171875 0.076660
-0.020630 0.045410 -0.066895 0.104980
0.011108 -0.070312 -0.027832 0.134766
0.031250 -0.041016 -0.081055 0.143555
-0.005554 -0.008423 -0.043701 0.220703
-0.038086 -0.015991 0.073730 0.132812
-0.022461 -0.009094 -0.171875 0.046387
-0.022461 -0.051514 0.008362 -0.057373
-0.057129 -0.038818 -0.096680 0.091797
-0.064453 -0.045898 0.018921 0.010681
-0.037354 0.024658 -0.002518 0.310547
0.011230 0.008301 0.099121 0.039795
0.003998 -0.027466 0.174805 0.157227
-0.042236 -0.017944 0.009949 0.287109
-0.058105 0.030151 -0.001175 0.045898
0.067383 0.001999 -0.207031 0.071289
-0.052979 -0.010681 0.014526 -0.155273
-0.071289 -0.029053 0.069336 0.073242
-0.041016 -0.059326 -0.001678 0.196289
-0.018433 -0.039795 0.114258 -0.062256
0.045166 -0.001534 -0.034424 -0.208984
-0.042480 -0.068848 0.106445 0.047119
-0.000744 -0.017212 0.067383 0.109375
-0.020630 -0.013550 -0.118164 -0.121582
-0.045166 0.030273 0.057373 -0.147461
-0.050537 0.005615 0.131836 0.059814
-0.070312 0.040039 -0.083984 -0.154297
0.041992 0.015625 -0.079590 0.172852
0.057373 -0.051758 -0.020142 0.171875
-0.043701 0.028687 0.173828 0.115723
-0.019043 -0.033447 0.012695 0.177734
0.010498 -0.017822 -0.154297 -0.226562
-0.009766 0.026489 0.054688 -0.026001
-0.056641 -0.066406 -0.023071 -0.050293
-0.072754 -0.019165 0.019409 0.081055
0.001358 -0.026489 -0.079590 -0.055908
0.027954 0.039062 0.144531 -0.083008
-0.013733 -0.015991 -0.042969 0.157227
0.018433 0.017334 0.063965 0.161133
0.050781 0.002151 0.166992 0.134766
-0.022339 0.002777 -0.168945 -0.059814
-0.076660 -0.055420 -0.183594 -0.037598
-0.023438 -0.011963 0.074707 0.099121
0.042480 0.035645 -0.090820 -0.023682
0.015381 -0.003586 -0.177734 -0.183594
0.004883 -0.006714 -0.164062 -0.023804
0.016357 0.031494 0.089844 -0.042969
0.016968 0.037842 -0.090332 0.056396
-0.004364 -0.058594 -0.042725 0.041504
0.012573 -0.059570 -0.062256 -0.024170
-0.053711 0.026367 0.078125 -0.137695
-0.043457 -0.007782 -0.139648 -0.232422
-0.006897 -0.006439 -0.131836 0.156250
0.000648 -0.018311 -0.181641 -0.023560
-0.015503 -0.009399 0.104004 0.106934
0.002640 0.022339 -0.109863 0.112305
-0.034424 -0.045166 0.205078 -0.090332
0.011169 -0.027954 0.158203 -0.238281
-0.026855 -0.060059 -0.202148 -0.322266
0.007507 -0.043213 -0.110352 0.169922
0.003571 -0.028076 0.039062 0.120117
-0.005829 0.008118 -0.105957 0.017456
-0.032959 0.009033 -0.117676 -0.028809
0.019531 -0.007202 0.129883 0.031738
0.020630 0.031494 0.019165 0.025757
0.037354 -0.041260 0.009033 -0.126953
-0.010498 0.029785 -0.271484 -0.189453
-0.046875 -0.048584 0.015747 0.009094
-0.073730 0.027222 -0.104492 -0.009277
0.049805 -0.049561 -0.027344 0.114258
0.019897 0.031738 0.088379 0.085449
0.062988 0.016357 0.068359 0.056885
0.029053 0.047119 0.040039 0.062500
0.004700 -0.024414 -0.078613 -0.219727
0.022827 0.043213 0.181641 -0.098145
0.038330 -0.064941 -0.051758 -0.053955
0.013489 -0.022461 -0.010254 -0.177734
0.025635 -0.002884 -0.020752 -0.076660
0.011780 0.034912 0.265625 0.130859
-0.031982 -0.030029 -0.070801 0.035889
0.009155 -0.008179 -0.024902 0.014832
-0.045898 0.055664 -0.039307 0.113770
0.015869 0.015198 0.122559 0.056152
-0.028076 0.024048 -0.002686 -0.032959
-0.000633 0.004913 0.016968 -0.132812
0.039307 -0.049805 0.308594 0.111328
-0.059814 -0.064453 0.102051 0.161133
0.020020 0.010315 0.048340 0.024414
-0.065918 -0.056152 0.004303 -0.046631
0.015076 -0.051270 -0.103516 0.239258
-0.066895 -0.059326 0.007629 0.122559
-0.001221 -0.062500 0.064941 0.056885
-0.031494 -0.035400 -0.130859 -0.055664
0.005951 -0.004517 0.096680 0.030884
-0.009521 -0.017822 -0.038818 0.075684
-0.004272 0.010986 0.042725 -0.151367
0.029907 -0.007141 -0.016846 0.059570
0.041748 -0.047363 0.134766 -0.129883
0.036133 -0.029419 -0.086914 -0.019043
-0.014526 -0.037109 -0.037109 0.031494
0.006531 -0.014343 -0.136719 0.056641
0.049316 -0.071777 -0.039307 -0.038574
-0.017700 -0.063477 -0.154297 -0.180664
-0.050293 0.041748 0.002853 0.153320
-0.065918 -0.017578 0.031982 0.038330
-0.043213 -0.021973 0.042480 -0.041992
-0.006866 -0.060547 -0.211914 -0.064453
-0.062988 -0.044434 0.029053 -0.009399
-0.019897 -0.047363 -0.166016 -0.118652
-0.030396 0.008423 0.113281 0.088867
-0.038086 0.035889 -0.066895 -0.059082
0.017944 -0.069824 -0.014160 0.039307
0.043213 0.037354 -0.077637 0.016846
-0.026733 -0.043945 0.088379 0.013428
-0.073242 -0.032471 -0.010803 0.038330
-0.039062 0.023315 -0.014038 0.045898
-0.074219 0.035400 0.125000 -0.135742
-0.009827 -0.050293 -0.018433 0.001869
-0.027344 -0.043457 -0.136719 -0.023193
0.039795 -0.069336 -0.175781 -0.091797
-0.005676 -0.035889 -0.002472 0.018799
0.002808 0.001358 -0.148438 -0.009338
-0.020386 -0.057861 -0.234375 0.022583
-0.055420 -0.037598 -0.041504 -0.012085
-0.009644 0.013794 0.044922 -0.077148
-0.015320 -0.062256 0.119141 -0.176758
-0.052002 0.011230 -0.040283 0.009766
0.003784 -0.001900 0.006989 -0.126953
-0.034912 -0.007996 0.040527 -0.002167
0.027588 -0.047607 0.007172 -0.011902
-0.051025 0.014526 -0.130859 0.257812
-0.021240 -0.025757 0.001320 0.042725
-0.047363 -0.047852 -0.038574 0.084961
-0.048828 -0.059814 0.105957 -0.005432
-0.052246 0.030518 -0.108398 0.071289
-0.020752 -0.044922 0.020996 0.059326
-0.024414 -0.022583 -0.090820 -0.078125
0.018311 -0.061523 -0.035645 0.093262
-0.041748 -0.009216 -0.065430 -0.068359
-0.014587 0.005615 0.100098 -0.106934
0.012939 -0.002502 -0.028198 0.024902
-0.054932 0.001732 0.079102 -0.103516
0.004364 0.056152 -0.136719 -0.011597
0.000242 -0.059326 0.039551 0.196289
-0.057129 -0.011780 -0.251953 -0.000106
-0.056396 0.008301 -0.042480 -0.019409
-0.002014 -0.029785 -0.108398 0.150391
0.042480 0.018188 0.101074 -0.018066
0.010986 -0.007538 0.165039 0.109863
0.001236 -0.035889 0.090820 0.046387
-0.081055 -0.004578 -0.072266 -0.123535
-0.066895 0.018066 0.001953 0.105957
0.012207 -0.055176 0.015625 -0.001549
-0.041504 -0.021606 -0.046387 0.099121
-0.047119 0.003189 0.125000 0.021729
0.041016 -0.005676 0.031128 0.031738
-0.033936 -0.068359 -0.008118 -0.009583
0.030151 0.026245 -0.016602 -0.037109
-0.000001 0.003464 -0.008179 0.152344
-0.079102 -0.028809 -0.068848 0.176758
-0.028442 0.017822 0.035889 0.055664
-0.000877 0.035645 -0.001114 0.064453
-0.020508 -0.060547 0.071289 -0.115234
-0.049561 -0.008728 0.094238 -0.016846
-0.025391 0.011353 0.126953 0.073730
-0.018555 -0.058350 0.085938 -0.227539
-0.080566 0.056396 -0.279297 0.029297
-0.020996 -0.049561 -0.057373 -0.025757
-0.077148 -0.004578 0.086914 0.024292
-0.015869 -0.061279 0.113770 0.112305
-0.062988 -0.053223 -0.062988 0.011475
-0.068848 0.034180 -0.033936 -0.043701
-0.006226 -0.039307 0.031738 0.170898
0.043213 -0.024780 -0.016846 0.017944
0.033936 0.017700 0.023438 -0.142578
-0.047363 0.019653 0.046875 -0.130859
0.014221 -0.059326 0.099609 0.084473
-0.050537 0.017944 0.012207 0.005310
-0.023193 0.008118 0.043945 0.022217
-0.001144 0.031128 0.062988 0.105957
-0.049805 -0.053711 0.083496 0.109375
0.060059 -0.005707 0.033447 0.111328
0.007935 -0.003708 -0.121094 -0.263672
-0.005432 -0.014954 -0.048096 -0.023926
-0.051758 0.030762 -0.052490 0.100586
0.040283 -0.063477 -0.069336 0.130859
0.028931 -0.007996 0.046875 0.161133
-0.047363 0.014160 -0.141602 -0.049072
-0.041504 -0.044434 0.088867 -0.236328
-0.012573 -0.035645 -0.097656 -0.157227
0.003998 -0.055176 0.053467 -0.089844
-0.027100 0.006836 -0.104492 -0.189453
-0.043213 -0.000641 0.037354 0.092773
-0.006470 0.029053 -0.006348 -0.045166
0.020142 0.017456 0.242188 0.052734
-0.052002 -0.013000 -0.166016 0.092773
0.004089 0.025269 -0.131836 -0.120117
0.021240 -0.038818 -0.033691 0.015442
-0.051025 0.006622 0.035156 -0.139648
-0.064941 -0.066895 0.034424 -0.179688
0.027100 -0.063477 0.140625 -0.006439
-0.047852 -0.039307 0.006683 -0.069824
-0.007355 0.016968 0.058838 -0.043213
-0.064453 0.040039 -0.061768 -0.029785
-0.014282 -0.012085 -0.015869 0.023071
-0.046143 -0.042969 0.035400 -0.016113
0.023071 -0.006927 -0.143555 -0.146484
-0.000127 0.045166 -0.101074 0.049316
-0.057129 0.009705 -0.042969 -0.106445
0.044922 0.037109 -0.229492 0.029297
0.002655 -0.018555 0.054932 -0.122559
0.026489 0.034912 -0.144531 -0.072266
-0.002640 -0.033691 -0.034424 0.067871
-0.062256 0.029785 0.006470 0.029541
0.051514 0.000105 -0.038330 -0.016724
-0.056641 -0.058838 0.041016 0.139648
-0.034668 -0.030151 -0.267578 0.002747
0.008423 -0.007721 -0.230469 -0.117676
-0.068359 -0.039795 -0.144531 -0.020264
0.025513 0.020386 -0.092285 -0.102051
0.056641 0.019531 -0.068848 0.037842
-0.056396 0.032227 -0.025146 -0.059814
0.011902 -0.054443 -0.051025 0.014893
0.000679 -0.020020 0.221680 0.128906
0.030518 -0.049561 -0.150391 0.040771
0.027100 -0.056641 0.018555 0.026611
-0.017944 -0.021973 -0.004913 -0.052002
0.041504 0.012878 0.007629 0.117188
-0.008667 -0.044678 0.069824 0.108887
-0.040283 0.052246 0.229492 0.052490
-0.021729 -0.026489 0.033203 -0.018555
-0.019897 0.046875 0.096191 0.150391
-0.023560 -0.012390 0.015991 -0.118652
-0.036377 0.035156 0.001335 0.190430
0.017944 0.035400 0.099609 -0.078613
0.009949 -0.030396 -0.219727 -0.083496
-0.050537 0.048096 -0.036133 -0.088379
-0.018799 0.012390 -0.004639 -0.065918
0.036621 0.054443 0.003647 -0.040527
-0.066895 0.016846 -0.000343 0.091797
0.040527 -0.040527 0.003098 0.043213
0.047119 0.016113 -0.036865 -0.160156
-0.017822 0.023315 -0.129883 -0.150391
-0.029663 0.007050 0.050781 -0.116699
0.018555 -0.023804 -0.032959 -0.062988
0.013245 0.004364 -0.038330 0.006256
0.032471 0.031494 -0.056885 0.014343
-0.047119 -0.038086 -0.191406 -0.065430
-0.043213 0.021484 -0.072266 0.001167
0.023438 -0.052246 0.032227 0.094727
-0.011658 -0.045898 -0.161133 -0.054932
-0.024170 0.016602 -0.133789 -0.326172
-0.050537 0.001526 0.092285 0.094727
-0.048096 0.049316 -0.117676 0.136719
-0.013062 0.002213 0.087891 0.039795
-0.038574 -0.018066 0.015869 -0.213867
0.006866 -0.061279 -0.004181 0.075684
-0.008667 0.003357 0.127930 0.078613
0.043945 0.021729 -0.189453 0.034180
-0.028809 -0.027100 0.166016 -0.069824
-0.022705 -0.013550 -0.138672 -0.104980
0.024658 -0.017212 -0.051758 -0.109375
-0.078125 0.024902 0.002502 0.039795
-0.035889 0.017944 -0.125000 -0.052246
-0.003265 0.000530 0.186523 0.026245
-0.043213 0.018555 -0.004425 0.007812
-0.013855 -0.010681 0.130859 0.034912
-0.031982 0.014771 0.107910 -0.082520
-0.050537 -0.054199 0.014893 -0.076172
-0.044189 0.041504 0.098633 0.054932
0.028442 -0.005920 -0.061035 -0.009277
0.015137 -0.025635 -0.063965 0.066406
-0.060059 -0.035889 0.190430 -0.020874
-0.049561 -0.002304 -0.242188 -0.112793
-0.013489 0.009338 0.099121 0.028198
-0.044189 0.039307 -0.127930 -0.129883
0.016479 -0.041260 0.007751 -0.075195
-0.042236 -0.056152 0.081055 0.058105
-0.027588 0.041748 0.044434 0.026733
-0.054443 -0.037109 0.048096 -0.098145
0.027100 0.031250 -0.046631 0.084473
0.027344 0.042969 -0.249023 -0.204102
-0.038818 0.014526 0.005402 0.144531
0.016479 0.025635 -0.271484 0.111816
-0.059082 -0.048828 -0.130859 -0.001129
-0.074219 0.012817 -0.152344 0.021606
-0.048340 -0.042725 -0.002686 0.024292
0.030762 0.058105 -0.145508 -0.215820
-0.027100 0.048584 -0.061279 -0.098145
0.018677 0.025757 -0.326172 0.023193
-0.049805 0.040527 -0.041016 0.025513
-0.038330 -0.016357 -0.037109 0.233398
0.011169 -0.015076 -0.075684 -0.039551
-0.056396 -0.078613 0.029541 -0.054688
0.044434 0.003067 0.055908 0.001724
-0.028320 -0.044189 -0.011230 -0.001854
0.024170 -0.004852 -0.045410 0.014404
-0.017822 0.011658 -0.038818 -0.012512
0.056152 -0.074219 -0.027344 -0.019897
-0.015137 -0.001694 -0.023438 0.101562
0.027710 -0.027832 0.082520 -0.019531
0.032715 0.048096 0.163086 -0.146484
0.005310 0.000931 0.085449 0.365234
0.032715 -0.017700 0.051270 0.104004
-0.006409 -0.018188 -0.006866 0.075684
-0.058350 0.051514 0.040039 0.065430
0.008362 -0.004486 0.042480 -0.069336
-0.032715 -0.018066 0.036865 0.005402
0.003296 0.052002 0.131836 -0.001701
-0.010864 0.047119 -0.041748 -0.117676
-0.001770 -0.053223 -0.150391 -0.131836
-0.035156 -0.053955 -0.051758 -0.029663
-0.031738 0.054443 -0.125977 -0.239258
-0.055420 -0.063965 0.077637 0.074707
-0.047119 0.013428 -0.023071 0.043945
0.032715 -0.060303 0.096191 0.112305
-0.030273 -0.037598 -0.155273 0.062988
0.013123 -0.012207 -0.158203 -0.116211
-0.029297 -0.058594 0.047852 -0.018555
-0.052734 -0.038330 -0.166992 -0.075195
-0.026001 0.007111 -0.234375 -0.076172
-0.044189 -0.018066 -0.086426 0.026123
-0.027588 -0.052734 -0.101562 0.026245
0.015625 0.030640 -0.021484 0.112305
-0.014954 -0.019409 -0.105469 -0.015198
0.028442 0.032227 -0.017212 -0.232422
0.048828 -0.014648 0.082520 -0.139648
-0.012207 0.014099 0.078125 -0.102051
0.046387 -0.044678 -0.042236 -0.034912
0.035400 -0.029419 -0.055908 0.036133
-0.057129 -0.005493 0.029175 0.009644
0.036377 -0.029663 -0.178711 0.070801
-0.004517 -0.016602 0.058594 -0.084961
0.004303 -0.015991 0.079102 -0.070801
-0.077637 0.009216 0.138672 -0.047363
-0.006592 0.000755 0.031982 0.088379
0.052246 0.028442 0.060547 -0.014587
-0.044189 -0.063965 0.229492 0.103516
0.012878 -0.058594 -0.026245 0.040527
-0.009460 0.029175 -0.090332 -0.126953
-0.055664 0.033203 0.081543 0.010803
0.025024 0.008606 0.110840 0.010010
-0.007233 0.031006 -0.054443 -0.061279
-0.019165 0.012695 0.167969 0.050537
0.040283 -0.026733 -0.130859 0.060791
-0.021118 0.010132 0.088867 -0.006409
-0.012085 0.008667 -0.057617 0.020508
-0.005676 -0.056396 -0.155273 -0.072266
0.020142 -0.051025 0.055664 -0.010864
-0.032227 0.023315 0.006775 0.128906
-0.051514 0.001869 -0.102051 -0.107910
-0.000234 -0.009033 0.045654 0.071289
-0.083496 -0.005493 0.037109 -0.079590
0.055420 -0.021118 0.119141 0.016846
-0.069824 0.026978 -0.014832 -0.009277
-0.018433 -0.051025 -0.084473 -0.004028
0.025879 0.045898 -0.219727 0.088867
0.015442 0.039551 0.094727 -0.013428
0.018677 -0.003204 0.019653 -0.003296
-0.063965 0.008789 -0.026978 0.150391
0.036377 -0.008545 0.031128 -0.006226
0.005310 -0.037354 0.026245 0.030151
0.007233 -0.021973 -0.122070 0.078613
-0.023804 -0.003067 -0.021118 0.050781
-0.054932 -0.011597 0.047607 -0.085449
-0.078125 -0.024170 0.067383 -0.001579
-0.025024 -0.070801 0.086914 -0.037109
-0.076172 -0.042725 0.032227 0.015869
0.030518 -0.046631 0.037842 0.119629
0.010498 0.030884 0.057617 0.022583
0.013000 -0.045166 -0.135742 0.019287
0.015747 0.025757 0.049316 0.028687
0.005737 0.001343 0.109863 -0.189453
0.024780 0.013062 0.035400 0.164062
0.007233 -0.049561 0.158203 0.098633
-0.036377 -0.029053 -0.011475 -0.049072
0.003372 0.015747 0.005157 0.029419
-0.012817 -0.061523 -0.013184 -0.116211
-0.075195 0.014404 -0.136719 0.006561
0.013672 -0.059326 0.054443 0.016113
-0.009949 -0.000222 0.020508 -0.235352
-0.041748 -0.023315 -0.218750 0.091309
-0.049316 -0.008850 -0.010376 0.118652
0.032715 0.032227 -0.143555 0.107422
0.039307 0.038086 -0.049072 -0.030518
0.031982 0.025513 -0.082520 -0.003677
-0.044922 0.017456 0.018433 0.002731
-0.054932 -0.004211 -0.009094 -0.015747
-0.017090 0.022095 -0.031494 -0.063965
0.014038 -0.037354 -0.175781 -0.124512
0.000595 -0.036133 -0.133789 -0.114258
0.005920 0.011353 -0.052490 -0.139648
0.039307 -0.074219 -0.139648 -0.080566
-0.057617 -0.016113 -0.064453 -0.050049
-0.046631 0.000584 0.020386 0.167969
-0.063965 -0.054443 0.026245 0.127930
-0.084961 -0.016479 -0.131836 -0.205078
-0.055908 0.033203 -0.059082 -0.136719
-0.018433 0.017944 -0.083496 -0.074707
-0.021729 0.000530 0.052002 -0.026855
0.011536 -0.026489 -0.088379 -0.001137
0.008057 0.040039 -0.134766 -0.105957
0.023804 -0.047852 -0.055420 0.140625
0.005432 -0.070801 -0.050537 0.108398
0.052002 -0.050537 0.016846 0.125977
-0.034912 0.007141 0.072266 -0.113770
0.033691 0.032471 -0.147461 0.020630
-0.053711 -0.013062 -0.029419 -0.046875
-0.069336 -0.011353 -0.067871 -0.055420
-0.016357 0.002701 0.051270 -0.127930
-0.040283 0.039062 -0.142578 0.169922
0.028198 0.015869 0.036865 0.066895
0.030396 0.005585 0.157227 -0.028320
-0.028687 0.015747 0.088867 0.138672
-0.026245 0.024414 -0.039307 0.051514
0.013611 0.026001 0.067383 -0.175781
-0.056396 0.018799 -0.053711 -0.146484
0.024048 0.002441 0.097168 -0.026245
0.037598 0.017212 -0.018555 0.106445
-0.070801 -0.026367 -0.089355 -0.046387
0.015503 -0.008179 0.132812 0.186523
-0.064453 0.035156 -0.012695 0.093750
-0.078613 -0.017334 0.050537 0.221680
-0.007599 0.020020 -0.067383 0.011780
0.013062 -0.038086 -0.004181 -0.079102
0.021240 -0.036377 -0.173828 -0.026489
0.046387 -0.061523 -0.097656 -0.151367
-0.052246 -0.046387 -0.092285 0.066895
-0.012634 -0.062012 0.008789 0.237305
0.010559 -0.115234 0.049316 0.054932
-0.000607 -0.002487 -0.051514 0.004120
-0.022339 -0.032959 0.052734 0.022827
0.138672 0.095215 0.062500 -0.050049
-0.191406 -0.032715 0.109375 0.020264
-0.014771 -0.207031 -0.061279 -0.261719
0.020752 -0.043457 -0.135742 -0.043213
-0.019165 0.045166 0.007050 0.047852
-0.192383 -0.227539 -0.103027 -0.030396
-0.063477 -0.078125 0.053467 0.002686
0.016113 0.035645 -0.024536 0.019531
0.071289 0.164062 0.165039 0.148438
0.112793 0.002090 -0.129883 -0.102539
0.102539 -0.205078 -0.078125 -0.125000
0.203125 -0.089844 -0.087891 0.093750
0.173828 0.209961 -0.029785 -0.090820
-0.033447 -0.161133 -0.361328 0.031738
-0.051025 0.023804 -0.180664 0.138672
-0.002090 0.043213 -0.049072 -0.035645
-0.000296 -0.024414 0.054443 -0.030884
-0.089355 -0.189453 -0.190430 -0.020508
-0.013062 0.086426 -0.004028 -0.012512
0.029663 -0.213867 -0.005676 0.030151
0.080078 -0.101074 0.105469 0.183594
0.227539 -0.036621 0.199219 -0.139648
0.123047 0.140625 -0.160156 0.054932
0.050537 -0.007874 -0.001419 -0.057617
0.140625 0.072266 0.004150 -0.164062
0.141602 -0.126953 0.204102 -0.084473
0.107910 0.067383 -0.083496 -0.097656
0.054688 -0.120605 0.047363 -0.082031
0.103516 -0.040527 0.042236 -0.126953
0.102539 0.055664 -0.224609 0.122559
-0.065918 -0.074707 -0.198242 0.079590
0.035156 -0.046875 -0.066406 -0.034668
0.081055 0.017090 0.042725 -0.067871
0.113770 -0.047852 -0.117676 0.183594
0.027588 0.002365 0.033447 0.062500
-0.127930 -0.208984 -0.010864 -0.073730
0.181641 0.039551 0.201172 -0.343750
0.019897 0.051758 -0.400391 0.155273
0.078125 0.039551 -0.010315 0.107422
0.024536 0.007233 -0.006592 0.061279
-0.059570 -0.028442 -0.031250 -0.124512
-0.147461 0.006714 -0.261719 0.154297
0.030029 -0.035889 0.205078 0.314453
-0.193359 -0.041016 -0.010803 -0.116211
0.092285 -0.036133 0.062988 -0.011475
0.052246 0.009705 -0.237305 -0.017700
0.189453 0.123535 0.044678 0.079590
-0.080566 -0.021851 -0.049561 -0.031982
-0.008606 0.186523 -0.039062 0.086426
-0.070801 -0.183594 0.046143 -0.042969
-0.131836 0.050781 0.168945 0.060059
-0.022217 0.056396 -0.071289 -0.087891
0.143555 -0.093750 0.104980 -0.104004
-0.039551 0.051514 0.110352 0.022827
-0.073730 0.108887 0.080566 0.075195
-0.003540 -0.033691 -0.008423 0.012817
-0.109375 -0.065430 0.131836 -0.091797
-0.044922 0.053955 0.038330 -0.013489
-0.281250 0.031982 0.044922 0.125000
0.031738 0.012695 -0.062256 0.060059
0.169922 -0.245117 0.128906 -0.198242
0.008728 0.063965 0.098145 0.030029
0.018799 -0.041016 0.095703 0.076172
0.003906 -0.061523 -0.003265 -0.004761
-0.076172 -0.127930 -0.026611 0.079590
-0.201172 0.223633 0.043945 0.111816
-0.251953 0.077148 0.162109 0.215820
-0.112305 -0.189453 0.018188 -0.086914
-0.215820 0.058838 0.010498 0.074219
-0.009644 0.026001 -0.018799 -0.050781
0.005341 0.089355 -0.062988 0.181641
0.021851 0.120605 0.032471 0.041992
0.133789 -0.092773 0.066406 0.152344
0.035889 -0.120117 0.129883 -0.173828
0.029541 -0.127930 -0.023926 0.064453
-0.289062 -0.171875 -0.100098 0.086914
0.039062 -0.063477 -0.079102 -0.042725
0.096191 -0.037598 -0.051514 -0.010437
0.160156 0.073242 0.065918 0.103516
0.158203 0.090820 0.265625 0.263672
0.077637 0.102539 0.068359 0.064941
-0.056152 -0.181641 -0.035156 -0.109863
-0.014954 0.108398 -0.053467 0.025513
-0.060303 -0.108398 -0.106445 0.107910
0.013367 -0.023193 -0.158203 0.096191
0.046875 -0.122559 -0.168945 -0.077637
-0.017334 0.196289 -0.046875 0.027954
0.238281 0.154297 -0.019165 0.136719
0.134766 0.053223 -0.147461 -0.156250
-0.086426 -0.021729 0.008118 -0.023804
0.318359 0.171875 0.190430 -0.111816
0.195312 -0.050293 -0.056152 -0.108398
0.083984 -0.145508 0.236328 -0.007233
0.055176 -0.062012 0.138672 -0.137695
0.143555 -0.097168 -0.018066 0.213867
0.037842 -0.073242 -0.048584 0.041504
0.159180 -0.012634 0.026245 0.077148
0.028809 0.009399 -0.100098 0.039795
-0.099121 -0.107422 -0.007996 0.071289
0.035156 0.126953 -0.275391 0.039551
0.138672 -0.029663 -0.099609 0.066406
0.138672 -0.054199 -0.071777 0.173828
0.059814 -0.120117 0.001099 -0.145508
0.046387 -0.149414 0.174805 0.164062
0.054932 -0.087891 -0.014709 -0.187500
-0.007050 0.131836 -0.107910 -0.067871
-0.019653 0.138672 -0.032227 0.150391
0.047607 0.082520 -0.112305 0.090332
0.129883 0.018311 -0.298828 0.226562
-0.242188 0.119141 -0.106445 0.149414
0.100098 0.045166 0.087891 0.003830
0.095215 0.059082 -0.019653 -0.052490
-0.026367 0.017334 0.018921 -0.279297
-0.161133 0.052979 -0.040283 0.064453
0.093750 -0.045410 0.165039 -0.308594
0.074707 0.005157 -0.166992 0.245117
0.139648 0.052979 0.008240 0.056396
-0.023804 -0.087402 -0.011353 -0.133789
0.178711 0.072266 0.039795 0.066895
-0.117188 0.140625 -0.010315 0.173828
-0.063965 -0.027954 0.128906 0.050049
-0.063477 0.098145 0.078125 0.052979
-0.131836 0.037109 0.118652 -0.035645
-0.045166 0.110840 -0.065918 0.049072
-0.059814 0.066406 0.035645 0.027344
-0.021118 0.073242 -0.020264 -0.084473
-0.024292 0.029907 0.076660 -0.184570
0.011963 0.084961 0.022339 -0.125977
0.213867 -0.179688 0.115723 -0.046631
-0.180664 0.022095 -0.086914 -0.062988
0.178711 -0.043945 0.088867 -0.177734
-0.012085 0.013794 0.202148 -0.041260
-0.079102 0.079102 0.028564 0.065430
-0.092285 0.081543 0.169922 0.115723
0.030151 -0.034424 0.212891 -0.055664
0.139648 0.149414 -0.055664 0.007690
0.105469 -0.194336 -0.020630 -0.187500
-0.095215 0.039795 0.082031 0.063477
0.218750 -0.009644 0.059814 -0.183594
0.097168 -0.009460 0.041016 -0.102051
0.231445 -0.006653 0.169922 0.138672
0.005524 -0.031982 0.153320 -0.072266
0.108887 -0.064453 0.175781 -0.026001
0.069824 -0.033691 0.044434 0.011658
0.038574 -0.067871 0.167969 -0.059326
-0.026489 -0.110840 -0.127930 -0.235352
0.078613 -0.034912 -0.001266 -0.066406
0.167969 0.051270 -0.067871 0.107910
0.176758 0.212891 0.206055 0.031494
0.051758 0.015320 -0.034180 -0.134766
0.091309 -0.154297 0.164062 -0.011414
0.161133 -0.182617 0.099609 0.079102
-0.149414 -0.155273 -0.125977 0.093262
-0.141602 -0.122559 -0.193359 -0.177734
-0.032471 -0.029419 -0.055176 -0.324219
0.090332 0.050293 -0.094238 -0.034180
0.175781 0.052490 0.047852 -0.159180
-0.035156 0.055420 0.065430 -0.134766
0.194336 -0.195312 -0.078125 -0.222656
0.166016 0.199219 -0.059082 0.029541
-0.167969 -0.216797 -0.113770 0.002121
-0.227539 -0.255859 -0.039307 -0.024536
-0.046387 -0.061523 0.018799 -0.134766
0.225586 0.054932 -0.049805 0.155273
0.166992 -0.127930 0.188477 0.006348
-0.095215 0.180664 -0.155273 0.025757
0.069336 -0.013733 0.072266 -0.111816
-0.047363 -0.040527 0.082520 0.076660
0.164062 -0.012146 -0.116699 -0.300781
0.156250 -0.115234 -0.071777 -0.125000
-0.166992 -0.048340 -0.066406 0.010742
0.004883 -0.047363 -0.063965 -0.030884
-0.016968 -0.037598 0.101562 -0.119629
-0.075684 0.225586 -0.100586 -0.087402
-0.096191 0.081055 -0.092773 -0.226562
-0.074707 -0.144531 0.150391 0.131836
0.093262 0.030884 -0.147461 0.052490
0.157227 -0.004333 0.001320 -0.135742
-0.106445 0.121094 -0.048828 -0.059814
0.043457 0.057617 -0.097168 0.012878
-0.019165 0.031494 -0.033936 -0.081055
-0.119141 -0.054932 0.069824 0.048096
-0.148438 0.010071 -0.167969 0.103027
0.125000 0.157227 0.040527 -0.084961
-0.165039 0.129883 -0.166992 0.022705
-0.139648 0.000896 -0.071777 0.105469
-0.233398 0.070801 0.008606 0.210938
0.112305 -0.048828 0.079590 0.146484
0.008118 -0.178711 0.112305 0.015625
-0.244141 0.024536 0.014587 0.066406
-0.122070 0.013428 0.049805 -0.104492
-0.094238 0.026001 0.133789 0.125000
-0.150391 0.021240 -0.101562 0.082520
-0.203125 0.085449 0.077637 0.146484
-0.037598 -0.147461 0.099121 0.007385
0.027954 0.009827 -0.039062 -0.139648
0.091797 -0.059082 0.075195 -0.084961
-0.098633 0.122070 0.028442 0.150391
-0.162109 0.128906 0.022827 0.023804
0.119141 0.160156 0.015503 -0.102051
-0.172852 0.163086 -0.062012 -0.081055
-0.179688 0.132812 -0.044189 0.076172
-0.024048 0.142578 -0.020508 0.145508
0.092773 -0.075195 0.111328 0.076660
0.059326 -0.077637 -0.015320 0.047852
-0.263672 -0.000261 0.161133 0.217773
-0.222656 0.029907 0.084473 0.048828
0.098633 0.200195 -0.170898 0.007141
-0.125977 0.075684 0.037842 -0.120605
-0.285156 0.030029 0.041504 0.184570
-0.296875 0.072266 -0.011169 0.199219
-0.009521 -0.002853 0.045654 0.034668
-0.123047 -0.012085 0.028076 -0.075684
0.095215 -0.004974 -0.040771 0.070312
0.039307 -0.099609 -0.023682 -0.144531
0.023193 0.037842 0.104492 -0.098145
-0.021484 -0.031006 0.025024 -0.000950
0.046875 0.055908 -0.006744 0.108398
0.003815 0.059570 -0.150391 -0.011841
0.004120 -0.091797 0.005768 0.050293
-0.097168 -0.082520 -0.153320 -0.172852
-0.111816 0.174805 0.009033 0.104492
0.044922 -0.225586 0.026978 -0.149414
-0.193359 0.125000 0.046387 0.279297
0.039062 -0.127930 0.030029 -0.061523
0.209961 0.131836 0.142578 0.178711
-0.022827 0.168945 -0.080566 0.204102
0.065430 0.042725 -0.000565 0.059082
0.002213 -0.072754 -0.232422 0.013000
0.021118 0.194336 -0.069336 -0.017822
0.125000 0.098633 0.037598 0.034180
-0.041260 0.139648 -0.056885 -0.025635
-0.031128 -0.088867 -0.122559 -0.002441
0.186523 -0.014343 0.214844 0.023315
0.118164 0.140625 0.072266 0.226562
-0.033447 0.034180 0.017334 -0.036133
0.223633 -0.001099 0.088867 -0.019409
-0.012024 -0.045410 0.119629 0.196289
0.140625 0.081543 -0.072266 -0.116699
0.174805 0.065918 -0.051758 0.103516
0.076172 0.054688 -0.022339 0.012878
0.146484 -0.060059 -0.019287 0.109863
0.048584 -0.036377 -0.096680 0.048340
-0.031982 -0.026978 0.002090 0.013977
0.291016 0.076660 -0.141602 0.109375
-0.019531 -0.068848 0.020630 0.112305
0.100586 -0.039551 0.085449 0.109375
0.118164 -0.001839 0.232422 0.060547
-0.044189 0.011658 0.003220 -0.065918
-0.016968 -0.002289 0.057373 -0.005493
0.011414 0.070312 0.086914 0.163086
0.052246 -0.036621 0.046387 -0.028320
-0.107910 0.025757 -0.159180 0.093750
0.069824 0.239258 0.059082 -0.199219
0.111816 0.011841 0.148438 0.205078
0.033203 0.026245 -0.133789 -0.214844
-0.098633 0.045166 -0.043945 0.007050
0.121582 0.068848 -0.127930 -0.064453
0.096680 0.086426 0.118652 0.113770
0.033936 -0.001793 -0.021606 0.079102
0.101562 -0.093262 -0.092285 -0.074219
-0.028687 0.034180 0.052734 0.140625
-0.083496 -0.014221 0.068848 -0.051758
0.025269 0.057617 0.184570 0.148438
0.010498 0.034424 -0.083496 0.042236
0.088379 -0.119141 -0.036377 -0.049561
0.138672 -0.031494 0.185547 -0.014160
-0.037109 -0.023193 0.014282 0.032715
0.060059 -0.050537 0.053711 0.007660
0.097656 -0.111328 -0.060547 -0.113281
-0.163086 -0.201172 0.163086 -0.106934
0.018799 -0.170898 0.104980 -0.062256
-0.141602 -0.014832 -0.013123 0.072754
0.244141 -0.095215 -0.050049 -0.198242
0.068359 -0.057861 0.104492 -0.026367
0.061768 -0.017090 0.055420 0.012939
0.053467 0.086914 0.051270 -0.020630
0.312500 -0.033203 0.129883 -0.291016
-0.015991 0.006348 0.189453 0.068848
0.232422 -0.073730 0.032959 -0.062012
-0.141602 -0.040283 0.030029 -0.030762
0.104980 0.033936 0.025635 -0.010742
-0.013855 0.077637 0.046631 -0.074707
-0.091309 -0.027954 -0.103516 0.218750
-0.045654 0.003082 0.048096 0.091309
0.088379 0.068359 -0.083984 -0.046387
0.031738 0.052002 0.020996 0.003860
0.026245 -0.086426 -0.054199 -0.148438
0.024536 -0.092773 -0.079102 -0.114746
-0.023560 -0.037354 0.110352 -0.154297
-0.045410 0.035400 0.142578 0.149414
-0.067383 0.180664 0.005829 -0.011597
0.030640 0.029541 0.037354 -0.108398
-0.026978 0.089844 0.142578 0.355469
-0.063965 -0.095215 -0.205078 -0.195312
-0.099609 -0.019043 -0.139648 -0.104980
0.026978 -0.104980 -0.076172 -0.042480
-0.137695 -0.106445 0.109375 0.035156
0.099121 0.086914 0.028809 0.018066
0.145508 0.206055 0.085449 0.064941
0.143555 -0.112305 -0.086914 -0.007324
0.089844 0.072754 0.091309 0.251953
-0.028931 -0.154297 -0.201172 0.004822
-0.194336 0.081055 -0.014648 0.094238
-0.156250 -0.166992 -0.060059 -0.153320
-0.033203 -0.166992 -0.059326 -0.030884
0.066406 -0.120117 -0.056396 0.016357
-0.100098 -0.066895 -0.011597 0.040283
-0.059326 -0.241211 0.169922 0.042969
0.103516 -0.029419 -0.012207 -0.067383
0.030029 -0.103516 0.018677 0.094238
0.038818 0.086914 -0.111328 -0.048584
-0.041260 -0.101562 -0.006134 -0.229492
-0.035889 -0.020508 0.042725 -0.092285
0.086914 -0.273438 0.094727 -0.086914
-0.026367 0.039551 -0.051025 0.111816
-0.032715 0.129883 -0.047119 0.141602
0.059082 -0.056641 0.132812 0.102539
0.037354 -0.195312 0.047119 0.066895
0.110352 0.033691 0.031982 0.122559
-0.005981 -0.012512 -0.076172 0.012268
-0.148438 0.012268 -0.049805 -0.208008
0.065430 0.083008 -0.012329 0.203125
0.165039 -0.013306 0.087402 -0.130859
0.120605 -0.306641 0.027344 -0.151367
0.134766 0.004333 0.015625 -0.157227
-0.160156 -0.068848 -0.038818 0.114258
-0.113770 0.125977 0.194336 0.184570
-0.128906 -0.004913 -0.101562 0.014099
-0.167969 0.018188 -0.030518 0.123535
-0.185547 0.006439 -0.031006 0.090332
0.032227 -0.023438 0.075684 -0.061279
-0.106445 -0.121094 0.201172 -0.110352
0.038574 -0.028076 -0.038818 0.122070
0.117188 -0.026001 -0.022461 -0.243164
-0.078613 0.133789 -0.046875 0.164062
-0.159180 0.166992 -0.075684 0.175781
-0.234375 0.102539 0.135742 0.023071
-0.212891 0.050781 0.091797 -0.068359
0.052490 -0.048828 0.072266 -0.002121
0.096680 -0.010254 0.109375 -0.152344
0.006592 -0.096680 0.078613 -0.100098
-0.056152 0.132812 -0.084473 -0.056396
-0.064453 0.064453 0.030640 0.134766
-0.146484 0.067383 0.098145 -0.061523
-0.202148 0.067871 0.057861 0.129883
-0.197266 0.043213 0.132812 -0.195312
0.040039 -0.092773 0.090332 -0.097168
0.150391 -0.165039 -0.000462 -0.144531
0.037842 -0.031128 -0.086426 -0.093750
-0.135742 0.099609 0.022827 0.103027
-0.140625 0.052979 0.204102 -0.001923
-0.087402 -0.122070 0.093262 0.021240
-0.225586 0.055664 0.007416 0.232422
0.023804 0.002106 0.055176 0.022705
0.073242 0.062256 -0.010376 0.078125
0.143555 -0.091309 0.100586 0.029175
0.057617 -0.071777 -0.094727 0.092285
0.048584 -0.005829 0.032959 0.052246
0.025635 -0.082520 -0.051514 0.003418
-0.041016 -0.058105 0.082031 0.040771
0.068848 0.021851 0.124023 -0.023682
-0.025757 -0.024902 0.060303 -0.002228
-0.060059 -0.124023 -0.164062 -0.068359
0.043701 0.181641 0.036377 0.148438
0.041504 0.197266 -0.080566 0.081543
0.056885 0.056396 -0.039062 0.083496
0.007538 -0.177734 -0.043701 -0.043701
-0.103027 -0.211914 -0.089355 -0.101562
0.208984 0.014343 0.033691 -0.138672
-0.070312 -0.003525 -0.140625 -0.155273
-0.051758 -0.174805 -0.214844 -0.033447
0.064453 0.123047 -0.101074 0.013977
0.154297 0.308594 -0.017090 -0.093750
0.043945 0.031006 -0.075195 -0.019775
0.127930 0.158203 0.075195 0.148438
-0.074219 -0.253906 -0.335938 0.022949
0.053223 -0.095703 -0.107422 -0.205078
-0.111328 -0.084961 -0.090820 -0.037842
0.018311 0.020142 0.135742 0.009888
0.042236 0.068848 0.133789 0.090820
0.154297 0.101074 -0.159180 0.088379
0.086426 0.043457 -0.017090 0.105469
0.151367 0.017212 0.003433 -0.139648
0.131836 -0.045166 0.112305 -0.304688
-0.012817 -0.089355 -0.095215 0.062988
0.056641 -0.067383 0.198242 -0.000538
0.079102 0.022217 -0.039551 0.056641
0.125977 -0.000122 0.018799 -0.136719
-0.066406 0.038086 -0.086426 0.045410
-0.059326 -0.057129 -0.006744 -0.027100
0.091797 0.011230 0.027466 0.164062
0.014038 0.008545 -0.304688 -0.129883
0.004791 0.093262 -0.044678 -0.145508
0.129883 -0.051514 0.039062 0.120605
-0.120605 0.087891 -0.065918 0.183594
0.047119 0.000591 -0.050781 -0.150391
0.047363 0.204102 0.164062 -0.230469
0.074219 0.119141 -0.009766 -0.055664
0.133789 0.062256 0.141602 0.150391
-0.173828 -0.060059 -0.316406 0.140625
-0.117188 -0.041016 -0.047607 0.095703
-0.163086 0.073730 0.000294 0.116211
0.055664 -0.095703 0.019897 -0.247070
0.022583 0.048584 0.090820 0.302734
0.015015 -0.027588 0.038330 0.165039
-0.053223 0.002228 -0.022339 0.044678
-0.119141 -0.001526 0.094727 -0.039062
-0.082031 0.035400 -0.110840 -0.047119
-0.134766 -0.052246 0.057129 -0.111816
-0.022705 -0.078125 -0.153320 -0.003494
-0.051025 0.086426 0.020508 0.087891
0.142578 -0.115723 -0.140625 -0.051270
0.138672 -0.064453 -0.046875 0.032227
0.016479 0.006531 -0.027466 -0.050781
-0.300781 -0.098633 0.152344 -0.017212
-0.110840 0.146484 0.002960 0.007599
-0.031982 0.054443 0.012451 -0.042236
0.041260 0.058105 -0.020020 0.013245
-0.092285 0.128906 -0.024292 0.222656
0.320312 -0.048340 0.046875 -0.373047
0.172852 -0.046387 0.146484 -0.241211
0.088867 0.032715 0.033447 -0.104004
-0.237305 0.105957 0.193359 0.203125
-0.071777 0.000294 -0.008606 0.008423
-0.113281 -0.075684 -0.080566 0.159180
-0.080566 0.298828 -0.174805 -0.041748
0.112305 0.045898 0.043701 0.000740
-0.100098 -0.076172 -0.025024 -0.119141
-0.141602 0.057373 0.040771 0.041260
0.032227 -0.009705 -0.050293 -0.169922
-0.024780 -0.014160 -0.038574 0.064941
0.164062 0.073242 -0.024414 -0.006805
0.023926 -0.019775 -0.012207 0.070801
0.026489 -0.074219 0.025024 0.017700
0.048096 -0.073242 0.067383 0.013489
-0.179688 -0.116211 -0.148438 -0.097168
-0.193359 -0.099121 -0.184570 0.004150
0.011108 0.057861 0.022339 -0.224609
0.263672 0.054199 0.086426 0.163086
-0.009705 -0.100586 -0.044678 0.009216
0.102051 -0.046631 0.039307 0.106934
0.037109 0.036377 -0.018677 0.020142
-0.066895 -0.116699 -0.089844 -0.116699
-0.275391 -0.355469 -0.176758 0.059814
-0.115723 -0.001068 -0.324219 0.127930
-0.080566 -0.084961 -0.166016 -0.163086
0.174805 0.087402 -0.034180 0.066895
0.174805 -0.028076 -0.026367 -0.026611
0.257812 -0.191406 -0.073730 -0.008423
0.040527 -0.024414 0.012756 0.038330
-0.042725 -0.082520 0.000263 -0.185547
0.124512 -0.015991 0.029541 -0.174805
0.265625 -0.178711 0.079102 -0.232422
-0.020508 -0.255859 0.102539 -0.130859
0.129883 -0.061035 0.088379 0.041748
0.007996 -0.012573 0.076172 -0.118652
0.120117 -0.068359 0.119141 -0.149414
0.017334 -0.117188 -0.027344 0.025635
0.106934 0.157227 -0.019775 -0.212891
0.070801 0.077637 -0.035889 0.042969
0.188477 0.077637 -0.115234 0.234375
-0.054688 0.067383 -0.012146 0.074707
0.066895 0.052246 0.071289 0.088379
0.176758 -0.180664 0.153320 0.111328
0.018921 -0.125977 0.097656 -0.109863
-0.019165 0.002762 -0.023193 -0.002380
-0.227539 -0.026855 -0.173828 0.156250
-0.028809 0.026123 -0.145508 0.071777
0.008545 -0.002487 -0.162109 0.106445
-0.283203 -0.070312 0.036621 0.184570
0.069336 0.163086 -0.068848 -0.000443
0.058105 0.034668 -0.072266 0.114746
-0.126953 -0.236328 -0.039795 -0.012085
0.041992 -0.014954 0.032227 -0.107910
-0.108398 0.123535 0.050293 0.056396
-0.012695 0.055420 -0.007751 0.078613
0.101562 -0.050781 -0.145508 0.009705
0.079102 -0.048584 0.125000 -0.117188
0.009094 0.114258 -0.029785 0.171875
0.054932 -0.072754 0.158203 0.041748
-0.171875 0.124023 0.059570 -0.095215
0.016235 -0.070312 -0.041016 0.016479
-0.190430 0.039551 0.007996 -0.091309
-0.187500 0.133789 -0.092773 -0.025024
-0.083496 0.067871 0.024414 -0.032715
-0.152344 0.180664 0.041260 -0.094727
0.049561 0.166016 -0.067383 -0.133789
-0.115723 0.111328 0.030762 0.179688
-0.059326 -0.119141 0.082031 -0.250000
0.043701 -0.061523 -0.003372 -0.034424
-0.172852 -0.094238 0.055664 0.107910
-0.281250 0.046875 0.081055 -0.025757
-0.050293 0.214844 0.032715 -0.035156
-0.269531 -0.049561 -0.109863 0.055664
0.062012 0.204102 0.040771 -0.059326
0.010193 0.145508 -0.236328 0.136719
0.048096 -0.091797 -0.121582 0.060303
0.027466 -0.089355 0.095215 -0.073242
0.077637 0.024780 0.065430 -0.132812
-0.021118 -0.094727 0.165039 0.051758
-0.027954 0.070801 -0.072266 0.075684
-0.038818 0.017456 -0.001297 0.001396
0.028198 -0.062988 -0.128906 -0.074219
-0.056885 -0.016235 -0.177734 0.097168
-0.127930 -0.118164 -0.020020 0.027100
0.099609 0.006927 0.094238 -0.047119
-0.036377 -0.082031 -0.032471 0.082520
-0.162109 -0.066895 -0.180664 0.056152
0.015747 0.037842 -0.115723 0.030396
0.129883 -0.131836 -0.035645 -0.217773
-0.102539 -0.193359 -0.109863 -0.243164
-0.064941 0.063477 -0.002289 -0.039307
-0.065430 -0.022949 -0.064941 -0.105957
-0.030029 0.134766 -0.215820 0.003815
-0.005890 -0.045654 -0.066406 -0.132812
-0.157227 0.021729 -0.261719 0.124023
0.171875 0.026978 0.010803 0.253906
0.108398 0.016846 -0.119141 0.114258
-0.043701 -0.106445 -0.203125 0.024414
0.017334 0.169922 -0.022949 0.055908
0.040771 -0.083984 -0.132812 -0.047852
0.081055 -0.003815 -0.108887 0.141602
0.038086 0.034424 -0.096191 -0.125000
0.275391 -0.088379 0.128906 -0.253906
0.005432 0.090332 0.042969 -0.014404
0.088867 -0.028076 0.047852 0.068359
0.253906 -0.003403 -0.017700 -0.097656
0.025757 0.066406 -0.079102 0.020264
0.019653 -0.041992 -0.016724 -0.012878
0.088379 0.108887 -0.090332 -0.036377
0.019897 0.085938 0.020752 -0.082520
0.233398 0.046631 -0.224609 0.113770
-0.004791 -0.102539 0.184570 0.148438
0.147461 -0.146484 -0.152344 -0.024536
0.154297 -0.064941 -0.042725 0.140625
0.069824 -0.045654 -0.042969 0.062500
0.061523 -0.152344 0.011597 -0.014893
0.085449 0.091309 -0.085938 -0.046387
-0.107422 0.004059 -0.048584 0.019409
0.082031 0.049561 -0.184570 0.174805
-0.003296 0.000652 0.067383 0.078125
0.166016 0.057617 0.029541 0.233398
-0.142578 -0.020874 -0.054932 0.143555
0.097656 0.050781 0.051270 0.013550
0.034668 -0.081543 0.021973 -0.016968
-0.039062 -0.091797 0.116211 0.018066
-0.054932 0.047119 -0.031128 0.006104
0.023193 -0.037598 -0.180664 -0.005432
0.072754 0.070312 0.168945 -0.277344
0.036133 0.002670 0.060303 -0.062256
0.179688 -0.093262 -0.051514 0.059814
-0.055176 0.003433 0.009094 -0.067871
-0.148438 0.050781 -0.058838 0.031494
0.056641 0.024780 -0.139648 0.138672
-0.062988 -0.025269 -0.003937 -0.155273
-0.107422 0.063477 0.111328 0.044434
0.069824 0.051270 -0.046631 -0.024536
-0.080566 0.036621 0.207031 -0.041504
-0.204102 -0.054199 0.172852 -0.107422
0.116211 -0.033691 0.187500 0.009766
0.041016 -0.034180 -0.060303 0.055664
-0.137695 -0.042236 0.053223 0.047363
0.075684 -0.073242 -0.031494 -0.051514
-0.154297 0.137695 0.016235 -0.330078
-0.139648 0.041992 0.000637 0.160156
-0.271484 -0.141602 0.181641 -0.042969
-0.073730 0.000782 0.171875 -0.011902
0.249023 -0.062012 0.061523 -0.118652
-0.033936 -0.008423 -0.004669 -0.035889
-0.161133 -0.064453 -0.010071 0.008179
-0.031982 -0.051758 0.144531 -0.067383
-0.124512 0.024414 0.012207 -0.086914
0.111328 -0.178711 0.113281 -0.087891
-0.199219 -0.026611 -0.162109 -0.016235
0.000629 0.027344 0.051025 -0.000322
-0.115234 -0.095215 -0.023438 0.010010
0.100586 -0.130859 0.210938 -0.015137
0.146484 -0.011475 -0.104980 0.097168
-0.044922 -0.007294 -0.108398 -0.005249
0.163086 -0.120117 0.002502 -0.019897
0.146484 -0.131836 -0.071777 -0.279297
-0.018433 -0.097656 0.041748 0.089844
0.052002 -0.043213 -0.031006 -0.028442
-0.108398 0.139648 0.261719 0.045410
0.068848 0.006165 0.060791 -0.121582
0.081055 -0.095703 -0.087402 -0.036377
0.006592 -0.096191 0.065430 -0.060059
-0.063965 -0.031250 -0.071289 0.164062
0.010559 -0.075195 0.003128 -0.392578
0.161133 -0.134766 0.067383 -0.302734
-0.045898 -0.015015 0.026245 0.037109
-0.020142 -0.014099 -0.059570 0.109863
-0.154297 0.100586 -0.107910 -0.218750
0.120117 -0.129883 0.224609 -0.187500
-0.089844 0.023071 0.099121 0.009277
0.065918 -0.013916 -0.128906 0.040771
0.158203 -0.028076 -0.022339 0.078613
-0.065918 -0.175781 -0.099609 -0.156250
0.065918 -0.055908 0.049561 -0.026733
-0.179688 0.053467 0.181641 -0.091309
0.196289 -0.096680 0.131836 0.079102
0.039307 0.055176 0.066406 0.125977
-0.163086 -0.166992 0.084473 -0.105469
0.132812 -0.052490 0.097656 0.066406
0.124023 -0.117188 -0.125000 -0.107910
0.059082 0.015137 -0.150391 -0.040771
-0.010437 -0.029053 0.077148 -0.016846
-0.298828 0.094238 0.211914 -0.045410
-0.020020 -0.035156 -0.012573 -0.060547
0.054443 0.057129 -0.081055 -0.005798
0.032471 0.039062 0.074707 -0.139648
-0.116211 0.056152 0.137695 0.045898
-0.067871 -0.099609 -0.145508 0.108398
0.080078 -0.081543 0.100586 0.105957
-0.015991 -0.047607 -0.019409 0.049316
-0.123535 -0.123047 0.006653 -0.067383
0.038574 -0.004822 -0.044189 -0.033691
0.082031 0.039062 -0.203125 0.120117
-0.106934 -0.010010 -0.007874 0.065918
0.213867 -0.034668 -0.061035 -0.086426
-0.209961 0.077148 -0.023438 0.017822
-0.151367 0.056641 -0.170898 0.098145
-0.008057 0.049316 0.017822 0.009277
-0.196289 -0.144531 0.081543 0.153320
-0.242188 0.067383 -0.082031 -0.092285
-0.211914 0.023926 0.073242 0.041748
-0.048828 0.065430 0.056396 -0.061279
0.208984 -0.134766 0.082031 -0.093262
-0.318359 0.024414 -0.134766 0.049805
0.017456 -0.125977 -0.250000 0.043213
-0.042236 0.006195 0.052246 0.002182
-0.122070 0.161133 0.011780 0.025879
-0.134766 0.062500 -0.080078 0.073730
-0.159180 0.021362 -0.107422 -0.054443
0.059814 0.024414 0.010498 0.027466
0.002136 0.141602 -0.007568 0.053223
-0.183594 0.043457 -0.055664 0.109863
-0.040283 0.068359 0.109863 0.087891
0.008240 -0.050293 -0.048096 -0.000801
-0.154297 -0.033447 0.083008 -0.103516
0.059570 0.092285 -0.019775 0.164062
-0.068359 0.021973 -0.298828 0.134766
0.057617 -0.109863 -0.062988 0.090332
-0.034668 -0.153320 0.075195 0.021851
0.029785 0.002625 0.132812 -0.061523
0.087891 0.001297 -0.031494 -0.076172
-0.023193 0.043945 -0.065918 0.019409
-0.122070 0.051514 0.118652 -0.166016
0.092285 0.072266 -0.020996 0.031494
-0.074707 0.009949 0.066895 -0.074219
0.181641 -0.136719 -0.165039 -0.137695
0.114746 -0.132812 -0.074707 -0.186523
-0.001389 0.024170 0.025269 -0.165039
0.128906 -0.164062 0.031494 -0.054688
-0.009888 0.065918 0.187500 -0.006287
-0.030029 0.028076 0.174805 -0.056641
0.006958 -0.006165 -0.050049 -0.002045
0.097656 -0.172852 0.042725 0.140625
0.181641 -0.002457 -0.022217 -0.355469
0.019531 -0.122070 -0.123535 -0.373047
-0.016968 0.094727 -0.055664 -0.083496
0.198242 -0.030396 -0.086426 0.021729
0.050293 -0.096680 -0.013428 -0.064941
-0.030518 0.031738 -0.026367 0.243164
0.077148 -0.143555 0.061768 -0.004669
-0.012817 -0.005280 0.129883 0.053467
0.090820 0.008179 0.008606 -0.158203
0.093750 -0.125000 0.066406 -0.056641
0.161133 -0.185547 0.142578 0.037598
-0.023560 -0.056885 0.073242 -0.123047
0.013123 -0.081055 0.193359 -0.083984
-0.018677 0.079102 -0.030396 0.032959
-0.091797 0.131836 0.046143 -0.151367
-0.011047 -0.044922 0.118164 0.072266
-0.032471 -0.114746 -0.105469 -0.126953
0.014282 -0.194336 -0.066895 -0.154297
0.052490 -0.096680 0.078613 -0.142578
-0.022339 -0.079590 -0.226562 0.040283
-0.001450 -0.006622 -0.019531 0.036133
-0.108398 0.007935 0.057861 -0.043701
-0.279297 -0.001259 -0.052979 -0.126953
0.055176 -0.074219 0.084961 0.041748
0.048828 -0.033691 -0.136719 0.124512
0.076172 -0.125977 -0.135742 -0.065430
0.022583 0.053955 -0.058350 -0.031250
-0.003494 -0.221680 -0.052734 0.194336
0.134766 0.038818 -0.111328 0.005188
-0.129883 -0.001465 0.199219 -0.045898
-0.125000 0.047852 -0.030762 0.085449
0.024658 0.100098 -0.028076 0.013489
-0.126953 0.095703 0.067871 0.014343
-0.201172 0.111328 -0.079102 0.032471
-0.164062 0.011169 0.018921 -0.109863
-0.070801 0.110840 -0.240234 0.051514
0.144531 0.038086 0.005035 0.130859
0.135742 0.070801 -0.100586 0.037354
-0.227539 -0.073242 -0.015137 -0.036133
0.285156 0.047119 -0.033691 0.023071
-0.112305 0.013916 -0.180664 0.079102
-0.134766 -0.036377 -0.322266 0.031982
-0.094727 0.061279 0.070801 0.063477
0.023315 -0.180664 -0.211914 0.027100
0.081543 0.109863 -0.118652 -0.060303
0.097168 0.003387 0.183594 -0.148438
0.010559 0.028442 -0.179688 0.113281
0.107422 -0.125977 0.112793 -0.106445
0.028320 0.071777 -0.071289 0.103516
-0.160156 0.038818 -0.142578 0.074707
0.172852 0.016357 0.113281 0.174805
-0.206055 0.062988 -0.103027 0.145508
0.100586 -0.161133 -0.105469 0.049805
-0.125000 0.048340 0.090332 -0.015442
-0.076172 0.013489 0.083496 0.117188
0.009277 -0.004303 -0.146484 0.029175
-0.032227 0.101074 -0.038330 -0.165039
-0.079590 0.125977 0.051025 0.251953
0.097168 0.095215 0.083984 0.160156
0.099609 -0.015991 0.132812 0.085449
0.161133 -0.054443 -0.045410 0.041748
0.109863 -0.107910 -0.115723 -0.054199
0.088379 -0.096680 -0.135742 0.091797
0.178711 0.124512 0.098633 0.052490
0.028931 -0.106934 0.083008 -0.009949
-0.006165 0.102539 0.164062 0.104492
0.099609 -0.024048 -0.041504 0.123047
-0.142578 -0.062256 0.129883 0.028687
0.069824 0.070801 0.169922 -0.023315
-0.170898 -0.055664 0.025635 -0.010925
-0.204102 -0.183594 0.010620 -0.091309
0.027710 0.080078 -0.036377 0.175781
0.127930 -0.038330 -0.142578 -0.115234
0.052490 -0.044434 -0.012573 0.153320
0.029419 -0.169922 0.028687 -0.040527
-0.073242 -0.028076 0.064941 -0.171875
-0.012573 -0.083496 -0.057373 -0.061523
0.029663 -0.024292 0.104004 -0.156250
-0.111328 -0.059814 0.127930 -0.171875
-0.009583 -0.141602 0.018799 0.073242
0.025391 -0.033691 -0.065430 0.128906
-0.099121 0.135742 0.220703 0.157227
-0.120605 0.055420 0.092773 -0.060059
-0.079102 0.126953 0.033936 -0.110352
-0.010437 -0.043945 0.112305 0.036621
0.046143 0.052246 0.004913 -0.291016
0.040283 0.048340 0.100586 -0.171875
0.092773 0.001526 0.161133 -0.092773
-0.077637 -0.121582 -0.120117 -0.054443
0.009216 0.081543 0.202148 0.016602
-0.087402 0.082520 0.048828 0.186523
-0.161133 0.036621 0.047852 0.010376
0.079590 0.014221 -0.047363 -0.007507
-0.182617 -0.021729 0.009766 -0.096680
-0.074707 -0.121094 0.140625 -0.039551
-0.118164 0.159180 0.014771 0.007233
0.049316 -0.137695 0.040039 0.075684
-0.126953 0.008423 -0.043701 -0.057617
0.003174 -0.069824 -0.068848 0.205078
-0.106445 -0.065918 -0.032959 -0.008789
0.102539 -0.022217 -0.182617 -0.185547
0.005219 -0.132812 0.051025 0.071777
0.080566 -0.089355 -0.070312 0.149414
-0.261719 0.034424 -0.110352 0.103516
0.144531 -0.009949 0.056152 -0.142578
0.140625 0.041992 0.096191 -0.010803
-0.027954 0.001770 -0.010315 0.064453
-0.144531 0.051758 0.107422 0.044922
0.159180 0.083008 0.067383 0.053223
-0.367188 -0.059570 0.179688 0.000736
-0.223633 0.008301 0.133789 0.151367
-0.152344 -0.009705 0.030029 -0.138672
0.107910 -0.097656 -0.115723 0.048340
0.022339 0.026733 0.019531 -0.069824
-0.024536 0.063477 -0.104492 -0.005371
-0.306641 0.203125 -0.007629 -0.041992
0.067871 0.065918 -0.129883 -0.084473
-0.153320 0.110352 -0.265625 0.132812
-0.199219 0.142578 -0.095703 0.110840
0.015869 0.069336 0.002243 0.007812
-0.037598 -0.022949 -0.053955 0.230469
-0.022217 -0.085938 -0.115723 0.073730
-0.077637 -0.056152 -0.037354 0.015015
-0.112305 -0.001404 0.101074 0.048828
0.163086 -0.146484 -0.076660 -0.056641
-0.267578 0.097656 0.085938 0.139648
-0.158203 0.053467 -0.069336 0.107910
-0.005707 -0.006165 0.002106 0.106445
-0.029541 0.001488 -0.041992 -0.033936
0.038330 -0.062012 -0.065430 -0.198242
-0.213867 0.058838 0.076660 0.023071
0.022583 -0.010681 -0.137695 0.115723
-0.115723 0.006195 -0.054932 0.022583
-0.031738 0.043213 -0.075195 -0.041748
-0.040283 0.049805 0.022705 -0.019287
0.046387 -0.154297 -0.008911 0.036865
0.053711 -0.057373 -0.016724 0.041504
0.109375 -0.000931 -0.057617 -0.287109
-0.052979 -0.012817 0.123535 -0.019165
0.124023 -0.041992 -0.063965 -0.086426
-0.067383 -0.064941 0.087891 0.033936
-0.055420 -0.054688 0.031250 -0.028564
-0.128906 0.038574 0.129883 0.093750
0.014832 -0.107422 0.042969 -0.079102
0.048096 0.050537 0.025879 -0.050293
-0.054688 -0.015381 -0.123535 -0.188477
0.112793 0.005005 -0.027222 0.214844
0.080078 -0.106445 0.283203 -0.105469
0.085938 -0.089844 -0.002029 0.060303
-0.034180 0.022095 0.056885 -0.139648
0.113770 -0.104004 -0.155273 0.120117
0.079590 -0.116211 -0.158203 0.039551
-0.036621 0.028687 -0.006592 0.050293
0.118164 -0.125977 -0.014832 0.089355
-0.211914 0.028320 -0.027222 0.161133
0.026367 -0.001915 -0.002655 0.021484
-0.105469 0.017090 0.091309 0.110840
0.059326 -0.039795 0.032471 -0.087402
-0.096191 0.008240 0.181641 -0.078613
-0.046143 0.040283 0.004974 0.152344
-0.010681 -0.035645 0.033447 0.068359
0.007935 -0.145508 -0.033691 -0.066406
0.021606 -0.018555 0.067871 -0.099121
0.121094 -0.127930 -0.066406 0.142578
-0.077148 0.108398 0.072266 0.166016
-0.006317 -0.045166 -0.048584 0.036133
-0.051270 0.071289 -0.004944 0.005066
-0.004456 -0.019531 0.002197 0.103516
-0.008362 0.017090 0.013550 -0.049561
0.014282 -0.120117 0.016846 0.002518
0.129883 0.074707 0.175781 0.112793
0.189453 0.106934 -0.084473 0.132812
-0.000452 -0.130859 0.100586 -0.030640
0.016846 0.037354 -0.030029 0.015869
0.146484 -0.117188 -0.173828 -0.126953
0.099121 -0.011047 -0.205078 0.146484
0.025513 0.001305 0.039062 -0.048096
-0.115723 0.067871 0.031006 -0.140625
0.101562 0.006653 -0.096680 0.142578
0.032715 -0.072266 -0.019653 0.081543
0.000809 -0.046387 0.017090 0.027588
-0.063965 -0.067383 0.044189 0.046387
0.144531 -0.041016 -0.000336 -0.084473
0.107422 -0.087891 -0.098145 0.052002
-0.004486 0.003113 -0.016357 -0.062500
-0.053223 -0.033936 -0.097168 -0.065918
0.095703 -0.101562 0.097168 -0.091797
-0.049805 0.080566 -0.164062 0.097656
0.057373 0.032959 0.057617 -0.137695
-0.016846 0.037109 -0.062500 0.063477
0.088867 0.086426 0.008423 -0.160156
-0.130859 -0.019775 0.062500 -0.004059
0.034424 -0.028564 -0.048584 -0.064453
0.116699 0.030518 -0.207031 0.006775
0.025391 -0.015869 0.097168 -0.082031
0.041992 0.070801 -0.205078 0.097656
0.020386 -0.092773 0.205078 -0.040283
-0.052979 -0.025391 0.057129 0.049805
-0.087891 -0.132812 -0.104980 0.036133
0.090332 -0.104492 -0.281250 -0.071777
-0.041504 -0.099609 0.112305 -0.038330
0.011780 -0.001823 0.077148 -0.018799
-0.154297 -0.043457 -0.123535 0.004761
0.094238 -0.001106 0.044678 -0.040771
0.110840 0.023438 -0.122070 0.189453
0.013428 -0.032471 -0.056396 -0.133789
0.020264 0.121582 -0.008240 0.088379
0.166016 -0.048096 0.096680 0.037842
0.052490 -0.050293 0.057373 -0.039062
-0.208008 0.045410 0.041504 0.113281
-0.135742 0.026855 0.075195 0.113770
0.040283 0.054932 -0.112793 -0.227539
0.031250 -0.016724 -0.142578 -0.022827
-0.191406 -0.010803 0.079102 -0.018555
-0.086914 -0.009949 0.062256 0.055176
-0.005371 0.042969 0.027710 0.009216
-0.020508 -0.090820 -0.020874 0.036377
0.008789 0.050537 0.011963 -0.003998
0.056641 -0.153320 -0.020630 0.108887
0.017090 -0.015015 0.043701 -0.194336
0.043945 -0.127930 0.045410 -0.083496
-0.051514 0.035889 0.244141 -0.199219
0.040771 -0.070312 -0.078613 -0.016602
-0.142578 0.094238 0.082031 -0.116211
-0.023071 -0.021606 0.004120 -0.055908
-0.124023 0.065430 0.240234 -0.074219
-0.038818 -0.052734 0.056396 -0.063477
0.109375 -0.007294 0.136719 -0.059326
0.032715 0.047119 0.067383 0.095703
-0.087891 0.020142 0.016724 -0.080566
-0.088867 0.186523 0.115234 -0.063965
-0.069336 -0.107422 0.171875 -0.137695
-0.012329 -0.001274 0.118652 0.085449
0.068848 -0.062500 0.104980 -0.008606
-0.010620 0.007111 0.045166 0.154297
0.011719 -0.111816 -0.055664 -0.140625
0.013123 0.068848 -0.012817 0.009705
-0.207031 -0.083496 0.060059 -0.004791
-0.136719 0.072754 0.035156 -0.124023
0.072754 -0.077148 0.120117 -0.013550
-0.035889 -0.003143 0.030029 -0.030640
0.083984 0.061768 0.040771 0.008484
-0.009155 -0.093262 -0.048340 0.032959
-0.002121 0.058105 -0.008728 -0.203125
0.037842 0.046875 -0.214844 0.223633
-0.006714 -0.018921 0.088379 0.010132
0.065918 -0.028687 -0.069824 0.082031
0.215820 0.037354 0.050781 0.032715
0.159180 -0.060791 -0.173828 0.082031
-0.039795 0.105469 0.044189 0.033691
0.070801 -0.060303 0.046875 -0.083008
-0.292969 -0.023438 0.115234 -0.217773
-0.000154 0.003510 0.006317 -0.041992
-0.269531 -0.028442 0.081543 0.035400
-0.067383 0.046387 0.020142 -0.040771
-0.248047 0.122559 0.032959 0.052246
0.090332 0.057373 0.013550 -0.132812
0.150391 -0.028198 0.238281 -0.029907
0.071289 0.105469 -0.151367 -0.158203
-0.129883 0.069824 0.018799 0.067871
-0.041748 -0.039307 -0.107910 0.152344
-0.207031 0.055420 -0.049561 0.108398
-0.034424 0.220703 -0.024902 0.103516
-0.031006 0.021729 -0.019287 -0.014160
-0.112793 -0.033203 -0.153320 -0.003525
0.093750 -0.052979 0.061768 -0.002609
-0.048828 -0.025269 0.011047 0.026611
0.005463 -0.006836 -0.227539 0.141602
-0.093262 -0.038086 -0.072266 0.240234
-0.122070 -0.024658 0.064453 0.067383
-0.136719 0.047119 0.106445 0.003128
0.223633 0.091797 0.213867 0.068848
0.115234 -0.049072 0.073242 -0.042236
-0.073242 0.082031 0.187500 0.071289
-0.134766 -0.088379 0.045410 -0.094238
-0.002335 0.050049 0.001297 0.018188
0.099121 0.046143 -0.031494 0.098145
-0.057861 -0.124512 0.057617 -0.038330
0.070312 0.052734 0.162109 -0.023560
0.105957 -0.044434 0.084961 -0.075684
0.122559 -0.051514 -0.200195 -0.316406
-0.131836 -0.058105 0.031494 -0.067383
0.079590 -0.036865 0.080078 0.033936
0.095215 0.013123 0.043213 -0.021606
0.185547 -0.062500 0.014099 -0.132812
-0.102051 -0.086426 -0.033691 -0.096191
-0.079102 0.110352 0.076660 0.097168
0.114746 -0.044189 -0.035889 -0.136719
0.082520 -0.062256 -0.046631 -0.183594
0.002457 -0.035645 -0.047119 0.259766
0.094727 -0.111816 -0.077148 0.246094
0.116699 -0.025146 -0.051025 -0.005707
0.104980 -0.120605 0.251953 -0.089844
0.095703 0.007355 0.067871 -0.249023
-0.173828 -0.076172 0.084473 -0.029663
-0.092285 -0.092285 -0.192383 0.024658
0.177734 -0.087891 0.043213 0.123535
-0.058105 0.088379 0.076660 0.008301
-0.041260 -0.055664 -0.093750 0.092285
-0.042969 0.004028 -0.002884 -0.085449
-0.001724 -0.048340 0.017578 0.140625
0.054688 -0.016479 0.041016 -0.016357
-0.008972 -0.043213 0.097168 -0.216797
-0.017700 -0.027100 0.124023 0.074219
-0.008179 0.030273 -0.141602 -0.082031
-0.010437 0.001129 -0.017456 -0.083008
0.059570 0.031494 -0.028198 0.049072
0.042969 0.033447 0.017700 0.017212
0.109375 -0.087891 -0.121582 0.071289
-0.052246 -0.024048 0.000965 -0.020264
-0.277344 0.065918 0.091797 -0.153320
-0.059326 -0.071777 0.039062 -0.039795
-0.027954 0.001747 -0.107910 -0.104492
-0.068359 -0.013550 0.035645 -0.013916
-0.002518 -0.043701 0.167969 0.111328
-0.027100 -0.041992 0.002243 0.079590
0.062500 0.120605 -0.154297 0.034424
-0.003555 -0.011230 -0.027100 0.080078
-0.378906 0.088379 0.098633 -0.025513
0.060303 -0.047852 -0.196289 -0.056152
-0.157227 0.057617 0.102539 -0.069824
0.112793 0.084473 -0.036377 0.051025
0.151367 0.012146 -0.039307 0.118164
-0.025269 -0.008484 -0.063477 0.052246
-0.017456 0.014587 -0.103516 -0.024658
-0.337891 0.021362 0.089355 -0.084961
-0.185547 -0.071289 0.154297 -0.090332
-0.223633 0.035645 -0.049561 -0.062988
-0.076172 0.053955 0.101074 0.184570
0.149414 0.020752 -0.000999 -0.229492
0.160156 -0.047607 0.083984 -0.046143
0.097168 0.001236 -0.053955 -0.035156
-0.136719 -0.118164 -0.018921 -0.121094
-0.375000 0.053711 0.061035 0.108887
-0.107422 -0.076172 0.036865 -0.104004
-0.088379 -0.028198 -0.128906 -0.100586
0.151367 -0.041748 -0.220703 0.125977
-0.111328 -0.045410 -0.038818 -0.147461
-0.030029 0.003082 0.044678 0.119629
-0.078125 0.022705 -0.078125 0.002289
-0.064941 -0.074707 -0.215820 0.216797
-0.013855 0.025635 0.161133 0.085938
-0.108887 -0.094238 0.053223 0.122559
0.045898 0.117188 -0.318359 -0.015442
0.114746 0.040527 0.050537 0.096191
0.118652 -0.072754 -0.120117 0.032227
0.142578 -0.208008 -0.059082 -0.042725
0.044678 0.015625 0.126953 -0.112305
0.128906 0.026855 0.053467 -0.215820
0.120117 0.020508 0.022339 -0.054199
0.087402 0.009827 0.126953 0.042725
0.006836 0.012268 0.040039 -0.044922
-0.174805 0.036133 0.103027 0.074219
0.001083 -0.109863 0.077148 -0.108887
0.108887 -0.071289 -0.096680 -0.139648
0.005035 0.102051 0.092285 -0.059570
0.204102 -0.020020 0.126953 -0.021362
0.085449 -0.052490 -0.003296 -0.213867
-0.166016 -0.001366 0.223633 0.096680
0.072754 -0.072754 0.027466 0.015076
0.041260 -0.050049 0.071777 0.002548
-0.062988 -0.068359 0.106934 -0.351562
0.068848 0.049072 0.001022 -0.365234
0.031250 0.031250 0.100098 0.090820
0.203125 -0.135742 -0.247070 0.002609
0.257812 -0.190430 0.012817 -0.163086
0.041016 0.063965 0.181641 -0.046143
0.013428 -0.013733 -0.005951 0.022217
-0.019531 0.045410 0.110840 -0.138672
0.044922 0.059082 0.003723 -0.149414
0.162109 -0.160156 0.114258 -0.221680
-0.000797 -0.086426 0.078125 0.000475
0.052979 -0.062988 0.132812 -0.015991
0.078125 -0.102051 -0.008911 0.044434
-0.134766 -0.076172 0.190430 -0.095703
0.033203 -0.017212 0.041260 0.053223
-0.247070 0.037842 0.132812 -0.066406
-0.064941 -0.127930 0.070312 -0.232422
0.001312 -0.136719 0.028320 -0.144531
-0.091797 0.085938 0.020630 -0.081055
-0.020142 -0.001892 -0.136719 -0.111816
0.059814 -0.034912 -0.105469 -0.052734
-0.320312 0.005127 0.147461 0.015076
-0.027710 -0.074707 0.032959 -0.085449
-0.166992 0.041748 0.052002 -0.009949
0.049805 -0.119141 -0.023926 -0.016113
0.042725 -0.044434 -0.039307 0.019653
-0.011719 -0.030273 0.064453 -0.079102
0.197266 -0.085938 -0.249023 -0.084961
-0.128906 -0.124023 -0.233398 -0.150391
0.040527 -0.043945 0.095215 -0.166992
0.056641 -0.006317 -0.031128 -0.085938
-0.404297 -0.106934 0.173828 0.091309
-0.214844 0.042969 0.231445 -0.011047
-0.351562 0.039551 -0.013489 -0.083008
-0.267578 0.048828 -0.007538 -0.118652
0.044434 0.062256 -0.022095 0.061279
-0.002808 0.052490 0.208008 -0.003784
-0.215820 0.116699 -0.021729 -0.001968
0.022217 0.026489 -0.031738 -0.016235
-0.189453 0.103027 -0.000372 -0.051025
-0.244141 0.124512 -0.028442 0.008728
-0.139648 0.044678 -0.175781 0.018433
-0.148438 0.030273 -0.042236 0.112305
0.049805 0.011597 -0.271484 0.017090
-0.064453 -0.016846 -0.026733 -0.035889
-0.208984 0.079102 0.057373 -0.005432
0.013672 0.039795 -0.039795 -0.037842
-0.163086 0.048828 0.078125 0.144531
-0.104004 0.110352 -0.093750 0.155273
-0.057129 0.146484 0.005859 0.071777
0.070312 -0.019287 -0.010986 0.045654
0.023804 -0.019043 -0.300781 0.113281
0.089844 -0.147461 -0.275391 -0.097168
0.042969 0.021729 0.157227 0.049072
-0.045898 0.028442 -0.047607 0.121582
-0.021362 -0.032959 -0.007874 -0.071777
0.177734 -0.183594 -0.132812 0.089844
0.094238 -0.129883 0.094727 -0.077637
-0.031250 -0.096191 -0.188477 0.063965
0.061523 -0.036377 -0.150391 0.067383
-0.087891 -0.145508 -0.060547 -0.142578
-0.105469 -0.109375 0.011780 0.088379
0.099121 -0.060547 0.008850 -0.019897
-0.183594 0.016357 0.048828 0.018799
0.102051 -0.215820 -0.192383 -0.200195
0.156250 -0.147461 0.064941 -0.053223
0.078125 -0.167969 0.083008 -0.109375
-0.011536 -0.078613 -0.109375 -0.162109
-0.059326 -0.135742 0.005402 -0.143555
0.007416 -0.066895 -0.045654 -0.066406
0.013550 -0.064453 0.013428 -0.193359
0.115234 0.034424 0.091309 -0.068848
0.106445 -0.054443 -0.109375 -0.378906
0.219727 -0.122559 0.017944 -0.007172
0.013916 0.007050 0.210938 -0.239258
-0.056152 -0.107422 0.138672 -0.170898
0.062988 -0.042236 -0.027466 0.125977
-0.045898 0.054443 0.056152 -0.103027
0.035400 -0.128906 -0.056396 -0.055420
-0.427734 -0.027832 0.100586 -0.049561
0.089844 -0.076172 0.063965 -0.236328
0.079102 -0.088379 -0.108398 0.073242
0.058105 -0.087891 -0.028809 -0.193359
-0.005920 -0.025146 0.043457 -0.161133
0.095215 -0.063965 -0.100586 0.061523
0.088379 -0.027588 -0.042236 0.046143
-0.017700 0.023560 -0.173828 -0.067383
-0.225586 -0.014343 0.051758 0.024658
-0.102539 -0.104980 -0.086426 -0.027588
0.049316 -0.145508 -0.097168 0.039307
0.076172 -0.109863 -0.024536 -0.054688
-0.017212 -0.145508 0.074707 -0.019653
0.043213 -0.135742 0.000416 0.157227
0.061035 -0.054688 0.107422 -0.110352
-0.063477 0.003571 -0.076172 0.073242
0.044678 -0.135742 0.089844 -0.129883
0.096191 -0.069824 0.028442 0.149414
0.055176 0.012268 -0.097656 -0.033691
-0.004852 -0.134766 0.063477 -0.084961
-0.036865 -0.066895 -0.184570 0.104004
0.028687 -0.003372 0.054199 0.095215
-0.076172 -0.008667 -0.029785 0.013000
-0.032715 0.011230 0.008362 0.088867
-0.294922 -0.071289 0.117676 -0.006622
-0.371094 0.059082 0.028076 0.021606
-0.048584 -0.056885 -0.009949 -0.053467
-0.055664 -0.083008 -0.265625 0.077637
-0.201172 -0.082520 0.113770 -0.059082
0.079102 -0.002731 -0.139648 0.087891
-0.184570 0.018311 0.022461 -0.074707
-0.093262 -0.046143 -0.050781 0.001625
-0.139648 0.079102 -0.031006 0.022583
-0.246094 -0.011597 -0.209961 -0.004456
-0.096680 -0.000056 0.001045 0.065918
-0.143555 0.028687 -0.197266 0.102539
-0.087402 -0.021606 -0.114746 0.001007
0.069336 -0.061279 0.045166 -0.024658
-0.187500 -0.061279 -0.026978 0.031006
-0.164062 -0.082520 -0.109375 0.103516
-0.043457 -0.031250 0.168945 -0.081543
-0.105957 0.212891 0.045166 0.046631
0.011597 -0.077637 -0.209961 0.046875
-0.034912 0.110352 -0.057861 0.096191
0.097168 0.062500 -0.066895 0.171875
-0.016235 0.002625 -0.008484 -0.054199
-0.033691 0.037109 -0.043701 0.038818
-0.084961 0.027222 0.016846 0.091797
0.098145 0.029541 0.090820 0.020142
-0.034912 0.057129 -0.102539 0.038086
0.051758 -0.084473 -0.084473 0.095703
-0.065430 -0.166992 -0.084473 0.171875
0.043213 -0.027710 -0.019531 0.054932
-0.107910 0.135742 0.065918 0.131836
0.000790 0.134766 0.127930 0.134766
-0.035645 -0.048096 0.116211 -0.016968
0.007507 -0.031128 0.123047 -0.004242
0.114746 0.056152 -0.009583 -0.139648
0.016113 -0.125977 0.058838 -0.029419
0.016479 -0.026489 -0.139648 0.095215
-0.060303 0.024170 0.011108 0.038574
-0.015991 0.162109 -0.070312 -0.014526
0.020142 0.053955 0.215820 -0.040527
0.034424 -0.150391 0.148438 0.035156
-0.112793 -0.054932 -0.016846 0.165039
-0.285156 -0.097168 -0.108887 -0.008179
-0.067871 -0.180664 0.225586 0.142578
-0.052979 -0.009827 -0.017822 0.071289
-0.031738 0.011230 -0.003372 0.009644
0.081055 0.077637 -0.165039 -0.049316
0.133789 0.058105 0.203125 0.147461
0.173828 -0.098633 0.029297 -0.050293
-0.119141 -0.002121 -0.103516 -0.030762
-0.168945 -0.045654 -0.066895 -0.095703
-0.025757 0.022949 0.016724 0.057129
0.164062 -0.119141 -0.005829 -0.085938
0.037598 0.002548 -0.058105 -0.013611
-0.052246 0.082520 -0.167969 0.073730
-0.180664 0.102051 0.034180 0.062256
0.132812 0.123535 0.104980 -0.034668
-0.060303 0.051270 -0.070801 -0.121582
-0.005157 0.069336 0.191406 -0.044678
-0.040039 -0.056641 0.087891 0.095703
0.057861 -0.046143 -0.022583 0.006348
-0.009949 0.032715 0.029541 0.003937
-0.011841 -0.014893 -0.184570 -0.010864
-0.105469 -0.198242 0.045654 0.191406
0.145508 -0.083008 0.167969 0.098633
-0.219727 -0.042969 0.110352 0.125000
-0.384766 0.062500 0.104492 0.052490
-0.009644 -0.193359 0.053711 0.084961
0.195312 0.015869 -0.076172 -0.112305
0.022705 -0.006012 0.059814 0.014038
0.045654 0.044678 -0.000387 -0.047119
0.052002 -0.225586 -0.199219 0.203125
0.298828 -0.060303 0.054688 0.074707
-0.169922 0.000881 0.124512 -0.043457
-0.228516 0.067383 -0.004730 -0.059814
0.139648 0.147461 -0.052002 -0.110840
0.153320 -0.066895 -0.027954 0.045654
0.037354 0.013611 -0.055176 -0.052246
-0.015259 -0.050781 -0.143555 -0.097168
0.021484 0.206055 0.055420 0.029785
-0.044922 0.322266 -0.053223 0.123535
-0.056641 -0.072754 -0.082031 0.018066
-0.167969 0.226562 0.021606 -0.090332
0.102539 0.004517 -0.000353 -0.094727
0.045410 0.180664 0.200195 0.092773
0.034424 -0.051758 -0.059814 0.010193
-0.149414 -0.124512 0.086914 -0.011047
0.042480 -0.144531 0.043213 0.052246
-0.100098 0.183594 0.018433 0.122559
0.005280 0.001144 -0.028198 -0.009949
-0.218750 0.087891 -0.022949 0.062500
0.072754 0.082520 -0.166992 0.040283
-0.198242 0.149414 -0.019531 0.161133
0.073242 -0.048340 -0.015747 0.029785
0.038086 0.070801 0.082031 -0.033203
0.187500 -0.177734 0.024902 0.029541
0.069336 0.014343 0.227539 0.088867
0.047607 -0.072266 0.174805 -0.085938
0.039062 -0.104980 -0.135742 0.080078
-0.010864 0.101562 0.182617 0.116699
-0.047852 -0.103516 -0.125977 0.092285
0.146484 -0.100098 -0.174805 0.289062
-0.029907 0.035645 -0.026978 0.021484
-0.197266 -0.002838 0.115234 -0.116699
0.030273 0.010986 -0.196289 0.087891
-0.178711 -0.141602 0.123047 -0.051270
0.044922 -0.038818 -0.000736 0.139648
0.041260 0.156250 0.257812 0.004791
0.000648 0.007538 -0.064941 0.115234
-0.074219 -0.053955 -0.414062 0.077637
0.075684 0.145508 0.084473 0.043457
-0.084961 -0.002899 0.157227 -0.079102
0.048096 -0.010193 -0.175781 0.062988
-0.208008 -0.038818 0.067383 0.160156
0.049805 -0.209961 -0.027344 0.251953
-0.035400 0.069824 0.251953 0.060303
0.013977 -0.207031 -0.079102 0.232422
0.148438 0.205078 -0.090332 0.044434
-0.171875 0.003326 -0.010681 0.052246
0.038330 0.064941 0.167969 -0.001007
-0.369141 -0.018311 -0.285156 -0.077148
0.026245 0.085938 0.152344 0.029663
-0.037109 -0.035156 0.071289 0.096191
-0.201172 -0.000748 -0.015747 0.035889
-0.017212 -0.023071 0.006104 -0.101074
-0.020630 -0.002640 -0.001518 0.070312
-0.140625 -0.071777 0.002548 -0.163086
0.107910 0.082520 -0.017456 -0.058594
0.031982 -0.056641 -0.009338 0.093262
0.082520 0.076660 0.120605 0.178711
-0.054443 -0.112793 0.111816 0.110352
-0.132812 -0.116699 -0.139648 0.006866
-0.067871 0.063477 0.081055 -0.042969
-0.093750 0.037842 0.196289 0.030518
-0.016846 0.123535 0.010132 -0.024292
0.112793 -0.016602 -0.172852 -0.136719
-0.163086 -0.148438 -0.184570 -0.054199
0.142578 0.074707 -0.141602 0.024414
-0.047363 -0.141602 -0.174805 0.070312
0.013733 -0.082520 -0.089844 0.051270
-0.101074 -0.070312 0.034424 -0.113281
-0.006531 -0.073242 0.129883 -0.125977
-0.178711 0.279297 0.158203 -0.038818
0.212891 -0.015015 0.053467 0.130859
-0.316406 0.076172 -0.051025 -0.028687
0.006744 0.024536 -0.036133 -0.058838
0.154297 0.083496 -0.115723 -0.018921
0.000679 0.109375 0.027100 -0.031250
0.105957 -0.100586 0.005524 -0.062500
0.335938 -0.134766 0.005096 -0.001648
-0.205078 -0.013123 -0.091309 -0.052734
0.053711 -0.009460 -0.221680 -0.035156
-0.122559 0.126953 0.124023 -0.065430
0.023560 0.021362 0.072266 -0.091797
0.080566 0.046143 0.119629 0.049072
0.033203 -0.237305 -0.131836 -0.122559
0.022827 0.093750 0.089355 -0.005249
-0.006104 0.049072 -0.028442 0.009094
0.052734 0.107910 0.091797 -0.129883
-0.085449 -0.091797 -0.119629 -0.120605
-0.153320 0.020874 -0.102051 0.089844
0.087891 -0.020996 -0.013000 -0.117676
0.018188 0.049805 -0.098633 0.079590
0.273438 -0.141602 -0.057129 -0.069824
-0.178711 0.004028 0.096680 0.164062
-0.101074 0.155273 0.078125 -0.127930
0.006531 -0.003357 -0.034424 0.081543
-0.012207 -0.074707 0.075684 -0.162109
-0.176758 0.178711 -0.083008 -0.015442
0.039795 -0.116699 -0.049072 -0.001526
-0.061523 0.060547 -0.287109 0.056396
-0.028687 0.067871 0.029663 -0.024536
-0.042480 -0.038818 0.011536 -0.181641
0.006653 0.016724 -0.103027 0.133789
-0.118652 -0.125977 0.213867 -0.015869
-0.072266 -0.194336 0.132812 -0.099121
-0.096191 0.024170 0.007294 -0.079102
-0.053467 -0.052246 -0.009583 -0.071777
0.080078 0.208984 -0.086426 -0.057861
-0.107910 -0.059082 0.163086 0.051270
-0.068359 0.125000 0.126953 -0.094238
-0.050049 -0.009216 -0.156250 0.059814
-0.083496 -0.085449 0.128906 -0.053711
-0.065918 -0.153320 0.007782 -0.000595
-0.011902 -0.091309 0.251953 -0.073730
0.005615 0.016724 0.053955 0.160156
-0.135742 -0.068848 -0.070312 -0.191406
-0.027100 -0.015747 0.110840 -0.048096
-0.145508 0.083496 0.015747 -0.016968
0.151367 0.016113 -0.006042 0.087402
-0.181641 0.018433 0.005951 0.108887
-0.116699 -0.073242 -0.015625 -0.029785
0.072754 -0.096680 0.130859 -0.107422
0.098145 0.085449 -0.010010 -0.078125
-0.091309 -0.009155 -0.281250 0.090820
0.234375 0.170898 0.005829 0.021606
-0.136719 -0.009094 -0.017456 -0.057129
0.070312 -0.073242 0.119629 0.017090
-0.026245 0.077148 0.090820 0.037354
0.004608 0.046143 0.057373 0.021729
-0.002899 -0.083008 -0.003860 -0.088867
-0.057861 -0.050537 0.098633 0.016235
-0.152344 0.108887 0.025146 -0.028442
0.111816 -0.015747 -0.054932 -0.004761
0.047363 -0.006775 -0.030640 -0.000025
-0.018677 -0.062256 0.217773 0.015503
0.028564 -0.121094 -0.059570 0.024414
0.141602 0.073730 -0.036621 -0.072266
-0.070801 0.112793 -0.188477 -0.147461
0.068848 -0.233398 -0.054443 0.172852
-0.148438 0.118164 0.141602 -0.249023
0.154297 -0.007141 0.106934 0.125977
0.170898 0.099121 0.053711 0.030884
-0.029297 -0.116211 0.034912 -0.237305
0.103027 0.098145 -0.075684 0.090332
0.129883 -0.017822 0.123535 0.016846
0.160156 -0.035400 0.041992 0.214844
-0.012390 -0.153320 -0.080078 -0.106445
-0.092773 -0.075195 -0.105957 -0.092773
-0.066406 -0.007507 0.076172 -0.062988
-0.101074 -0.065918 -0.171875 -0.149414
0.237305 -0.200195 -0.031128 -0.090820
0.035889 -0.038086 -0.134766 -0.104492
0.010315 0.073242 -0.115723 -0.049072
0.023315 0.128906 0.045166 -0.005737
0.007996 0.092285 0.122070 -0.054932
-0.161133 0.193359 0.181641 0.153320
-0.058350 0.003967 -0.034180 0.118164
0.088867 -0.108887 -0.085938 -0.200195
0.002472 0.130859 -0.011658 0.071289
0.011902 -0.132812 -0.012085 -0.250000
-0.074707 -0.006805 -0.100586 -0.201172
-0.151367 -0.117676 -0.201172 -0.022827
-0.208008 0.042236 0.173828 -0.153320
-0.030762 0.081543 -0.059326 0.014160
0.091797 -0.169922 0.175781 -0.060059
0.206055 -0.035645 -0.069336 -0.007935
-0.073730 0.132812 0.140625 -0.090332
0.161133 -0.146484 0.100586 -0.180664
0.095215 -0.043457 0.119629 -0.069824
-0.060303 -0.236328 0.151367 -0.104492
-0.047363 0.040039 0.010864 -0.011841
0.209961 -0.059326 -0.029419 0.219727
-0.047607 0.085938 0.057617 0.046387
-0.058350 -0.044434 0.013794 0.064941
-0.087402 0.060791 0.030273 -0.045410
0.003479 -0.079590 -0.029785 -0.049316
-0.070312 0.047852 -0.259766 0.219727
-0.060059 0.057129 0.106934 0.208008
-0.016846 -0.002457 0.048340 0.037109
0.006287 -0.053223 0.125000 -0.056152
0.179688 0.312500 -0.060059 0.052002
-0.069824 -0.132812 0.027954 0.026489
0.088379 0.185547 0.068359 0.086914
-0.044922 -0.064453 0.066895 -0.058350
-0.082520 0.024048 -0.166992 0.169922
-0.101074 -0.066895 -0.190430 0.124023
-0.027832 0.077148 -0.026245 0.031494
0.086914 -0.077637 0.177734 0.072266
0.004974 0.083496 -0.102539 0.134766
0.098145 -0.034424 -0.147461 -0.090820
0.093262 0.104492 0.040771 0.080566
0.017456 0.030273 0.031738 -0.054688
-0.027466 -0.062500 -0.042236 -0.186523
0.033936 -0.065430 -0.232422 -0.095703
0.074219 -0.062500 0.016357 0.000376
0.046143 -0.029419 -0.050781 -0.030029
-0.085938 -0.068359 0.031494 -0.048828
0.165039 0.027222 -0.003830 0.133789
-0.015991 0.106934 -0.216797 -0.060791
0.027344 0.044434 -0.007751 0.011719
-0.078125 0.002121 -0.099609 -0.013306
0.053955 0.016235 -0.121094 0.129883
0.027832 -0.046387 -0.039551 -0.045654
-0.061279 -0.147461 0.032959 -0.064453
-0.017090 -0.010132 0.067383 -0.044189
0.006317 -0.151367 0.142578 0.016357
-0.023560 0.032471 -0.041016 0.045410
-0.020996 0.034180 0.001480 0.042969
-0.138672 0.004944 0.031738 0.014893
0.040771 -0.135742 -0.087891 0.089355
-0.024414 0.074219 -0.036133 -0.028320
0.011414 -0.192383 -0.142578 0.009521
-0.144531 0.062256 -0.101074 -0.065430
0.156250 -0.104492 -0.122559 0.062012
0.000889 0.159180 0.148438 -0.145508
0.116699 0.050049 -0.000500 -0.003494
-0.178711 -0.026001 0.124023 -0.199219
-0.137695 -0.141602 0.004730 -0.019287
0.010864 -0.078613 -0.019165 -0.059570
0.069824 0.039795 -0.035889 0.128906
-0.049805 -0.143555 -0.049561 -0.110352
0.031494 0.265625 0.116699 -0.067871
-0.053711 -0.131836 -0.245117 -0.143555
0.023071 -0.021484 -0.060059 0.094727
0.013062 -0.098145 -0.152344 -0.086914
0.112305 -0.052490 -0.047363 -0.056885
0.065430 0.065918 0.062500 -0.015442
0.087402 -0.039795 0.016968 0.015503
-0.070312 0.083496 0.208008 -0.103027
-0.145508 0.132812 0.267578 0.267578
-0.217773 0.084473 -0.067383 -0.150391
0.004730 -0.008972 -0.002014 -0.044678
-0.139648 0.218750 -0.000885 0.013184
-0.026611 0.070312 0.131836 0.120605
-0.014954 -0.035645 -0.046387 -0.027466
0.000706 0.060059 -0.176758 -0.025879
-0.084473 0.019775 -0.141602 0.086914
-0.065918 -0.025635 -0.062012 0.200195
-0.056396 0.265625 0.041748 -0.186523
0.099609 -0.022095 -0.077637 0.000751
-0.178711 0.135742 -0.025391 -0.098633
-0.016235 0.063477 0.207031 0.074219
-0.078613 0.133789 -0.067871 0.104492
0.027588 0.090332 0.042480 0.093262
0.042236 0.053467 0.027344 0.175781
0.162109 -0.058838 0.062988 0.077148
0.007355 -0.125977 0.214844 -0.020020
-0.184570 -0.066895 0.054443 -0.094238
-0.131836 0.044434 0.072754 -0.047363
-0.035889 0.048340 0.148438 0.067871
0.040039 -0.056152 -0.134766 0.090332
0.104004 -0.019043 0.149414 -0.006378
-0.032471 -0.021240 -0.205078 0.094238
-0.023682 0.064941 0.108887 0.040039
0.042480 -0.103027 0.223633 -0.072266
-0.130859 -0.019043 -0.101562 -0.046143
-0.058838 0.120117 0.087891 0.032959
0.005493 0.128906 0.155273 0.064453
-0.196289 0.020020 -0.306641 0.058350
-0.166992 -0.087891 0.142578 0.008057
0.137695 0.229492 -0.092773 -0.011963
0.088867 -0.152344 0.094727 0.046631
0.161133 -0.176758 0.084473 -0.109375
-0.241211 0.148438 0.048584 0.120605
0.075195 0.015869 0.118164 -0.044189
0.034424 -0.008911 0.170898 0.033447
-0.023193 -0.042236 -0.028564 0.137695
-0.143555 0.077637 0.019653 0.195312
-0.023315 0.003784 -0.161133 0.075684
0.029907 -0.058350 0.042480 -0.007507
0.105469 0.109863 -0.021851 0.055420
-0.212891 0.062988 0.098633 -0.215820
0.022827 0.053711 -0.002045 0.099609
-0.245117 0.206055 -0.020996 0.110352
0.004517 -0.147461 -0.156250 0.018433
-0.207031 0.026489 -0.292969 0.124023
-0.120605 0.060059 -0.130859 0.146484
-0.133789 0.050537 0.024170 0.020386
0.161133 -0.022705 0.120605 -0.156250
0.037354 0.019165 -0.144531 0.023560
-0.041260 0.170898 -0.072754 -0.013611
-0.263672 -0.115234 -0.163086 0.103516
-0.209961 -0.069336 -0.159180 -0.078613
-0.250000 0.125000 0.141602 -0.160156
-0.022217 0.130859 0.026611 -0.099609
0.037598 -0.147461 -0.281250 0.136719
0.249023 0.040527 0.034180 0.026855
0.083496 0.016602 0.106445 0.133789
0.056396 -0.059570 0.195312 0.044434
-0.028564 -0.043457 -0.077637 0.244141
-0.012756 -0.066406 0.123535 -0.086426
-0.077637 -0.119141 0.133789 0.000033
-0.038818 -0.102539 -0.112793 -0.196289
0.019775 0.179688 0.014465 0.007690
-0.096680 0.173828 -0.215820 0.027100
-0.101074 0.127930 -0.032715 -0.149414
0.083984 0.015320 -0.157227 0.010254
-0.058838 0.129883 0.090332 -0.124512
0.046387 -0.006683 0.045166 0.200195
-0.023071 -0.093750 -0.099609 0.040039
-0.222656 0.030640 -0.076660 0.068359
0.053711 0.022583 0.049072 0.107422
-0.100586 0.002792 -0.049561 -0.048828
-0.054199 -0.001984 0.126953 -0.201172
-0.006622 -0.177734 -0.106934 0.036377
0.077637 -0.103516 0.006317 -0.112793
-0.205078 0.062012 -0.070312 0.050049
-0.079590 -0.090332 0.007233 -0.179688
-0.161133 0.146484 0.059082 -0.265625
-0.017456 -0.052246 0.006927 0.099609
-0.004150 -0.077637 0.156250 -0.204102
0.189453 0.004852 0.148438 -0.074219
0.152344 -0.126953 -0.063477 -0.028564
0.202148 -0.339844 -0.052246 -0.061523
0.161133 0.035156 0.097168 0.092773
-0.024292 0.056396 -0.125977 -0.026733
-0.040283 0.214844 0.037842 0.080566
0.036377 0.056396 -0.007629 0.067871
0.059570 0.035156 0.064453 0.035645
-0.027466 -0.104980 -0.060547 -0.157227
-0.102539 0.122070 0.118164 0.114746
0.031982 0.014526 -0.167969 -0.200195
-0.032227 0.057129 0.175781 0.033447
0.089355 0.204102 0.078613 0.050049
0.027588 0.059082 0.024536 0.011108
0.051025 0.064453 -0.048096 0.091797
0.060547 -0.203125 -0.037598 0.075684
0.013062 -0.032959 0.037109 -0.022827
-0.011230 -0.132812 0.077148 0.096680
0.001984 -0.085449 0.096191 0.058594
0.100586 0.009766 0.211914 0.000690
0.021606 0.041748 -0.151367 -0.026489
-0.129883 -0.103027 -0.113281 0.043945
-0.090332 0.041260 -0.049561 0.006622
0.195312 -0.000507 -0.020020 -0.142578
-0.215820 -0.125000 0.138672 0.104004
-0.148438 0.030273 0.078125 -0.019897
0.044678 -0.223633 0.063965 0.115234
-0.006317 -0.060303 -0.048096 0.070801
-0.042480 -0.152344 -0.196289 -0.172852
0.046875 0.007263 0.051025 -0.162109
0.085938 -0.050049 0.010803 -0.082520
0.161133 0.135742 -0.016113 0.099609
-0.085938 -0.034424 0.039062 -0.063477
0.041260 -0.004089 -0.038086 0.127930
0.007324 -0.054443 -0.041504 0.102051
-0.030273 -0.049072 -0.055176 -0.015320
-0.060547 0.088379 -0.101562 -0.156250
0.062256 0.059082 0.156250 -0.114746
-0.035889 0.044678 0.068848 -0.022217
0.085449 -0.123047 0.100098 0.042236
0.003113 -0.076660 0.050781 -0.047607
-0.120117 0.106934 -0.177734 -0.066406
-0.117188 -0.042969 0.052979 -0.045166
0.050293 -0.314453 -0.261719 0.029297
-0.261719 0.054443 0.003830 -0.101562
-0.044678 0.031738 -0.030029 -0.025879
-0.060791 0.003128 0.041504 0.018677
0.146484 -0.116699 -0.003387 0.107422
0.089844 -0.022583 0.059082 -0.011780
0.115723 -0.156250 0.009888 0.194336
-0.058594 -0.019165 -0.068359 0.057617
0.098633 0.178711 0.035156 0.112305
-0.058350 -0.096680 -0.005280 -0.174805
-0.046143 -0.063965 -0.210938 0.019165
0.039062 -0.086426 0.037109 -0.110352
-0.009521 0.320312 0.067871 0.130859
0.034912 0.181641 -0.050537 -0.194336
-0.041260 0.081055 0.054688 -0.004333
0.197266 0.028320 0.010864 -0.072754
0.019287 -0.112305 0.041260 -0.014099
0.006775 0.125977 0.119141 -0.114258
0.052979 0.027832 0.197266 -0.131836
0.035400 0.036133 0.000191 -0.022095
-0.144531 0.251953 0.250000 0.361328
0.127930 -0.036865 -0.111328 -0.174805
-0.108887 -0.134766 -0.306641 0.027832
0.045166 0.025391 -0.027222 -0.142578
0.146484 -0.009094 -0.036621 0.001320
-0.138672 0.125977 -0.200195 -0.005188
-0.014221 0.080078 0.016846 0.133789
-0.016113 -0.007935 0.068359 0.054443
-0.180664 -0.058838 0.015747 0.271484
0.184570 0.082520 0.132812 0.121094
-0.029419 -0.118164 0.078125 -0.100586
0.135742 -0.014526 0.077637 -0.083984
0.032227 -0.048340 0.190430 -0.078125
-0.126953 -0.223633 0.208008 -0.187500
0.020264 -0.130859 0.033691 0.031128
-0.032471 -0.059570 -0.067871 0.120117
0.025879 -0.099121 -0.204102 0.243164
0.082520 -0.069336 0.033447 -0.009460
-0.130859 0.017578 0.115723 0.067383
0.045898 0.027954 -0.057861 -0.006500
-0.073242 -0.019287 0.043945 -0.074707
-0.050781 -0.008728 0.096680 -0.109375
-0.055176 -0.048828 0.082520 0.065918
-0.046631 0.157227 0.092285 -0.026001
-0.109863 0.153320 -0.220703 0.159180
0.005219 0.022461 -0.105469 0.112305
-0.010071 -0.042236 0.158203 -0.087402
0.004517 0.030029 0.101562 0.037842
-0.082031 0.095215 0.112305 -0.124512
-0.229492 -0.172852 0.012756 -0.018921
-0.013611 -0.234375 0.156250 0.157227
0.099121 0.035400 0.205078 -0.068848
0.084473 -0.011108 -0.084961 0.097656
-0.058838 0.118652 -0.066895 0.021362
-0.281250 0.024414 0.163086 0.166992
-0.087402 0.069336 -0.015259 0.073730
-0.049805 0.201172 0.097168 -0.093262
-0.026367 0.009583 0.167969 -0.029663
-0.081543 0.174805 0.062988 0.171875
-0.095215 0.005188 0.007233 0.060547
0.029907 0.056396 -0.009277 0.003540
-0.018066 -0.094727 -0.074707 -0.048340
-0.203125 0.073730 0.041016 -0.060791
-0.004639 0.006012 0.025391 -0.029175
-0.043213 0.126953 -0.125977 0.037354
0.025757 0.029785 -0.055420 -0.060547
-0.031128 -0.005066 -0.037842 0.138672
-0.201172 -0.013977 -0.279297 0.208984
-0.045654 0.010132 0.212891 0.037354
-0.025024 0.038818 -0.010071 0.012390
-0.067383 0.044922 -0.092285 -0.030151
-0.068848 -0.007172 0.086426 -0.065918
0.110840 -0.019897 -0.050293 0.194336
0.107422 -0.064453 -0.092773 0.117676
-0.015747 -0.067871 -0.150391 0.129883
0.027100 -0.024780 -0.149414 0.257812
-0.121094 -0.127930 0.037354 -0.013000
-0.103027 -0.277344 0.004364 -0.023804
-0.115234 0.137695 0.061523 0.053955
-0.048096 0.001144 -0.021240 0.047607
0.145508 0.134766 0.006348 0.101074
-0.046875 0.117676 -0.139648 -0.106934
0.146484 0.162109 -0.098633 -0.169922
-0.031738 0.102539 -0.047363 0.034424
0.170898 -0.043457 -0.041992 0.033447
0.294922 0.065918 -0.000164 -0.047852
-0.034180 0.028442 -0.023438 -0.271484
-0.063965 0.033691 0.021606 -0.014343
-0.197266 -0.137695 -0.155273 0.006653
-0.093750 0.064453 -0.004578 -0.169922
0.141602 -0.031738 -0.014099 -0.073242
-0.069336 -0.208984 0.017212 0.039062
-0.002457 0.174805 0.112793 0.050293
0.023682 -0.077637 0.048828 0.045654
0.011353 0.037109 0.076660 -0.145508
0.016724 0.010559 -0.000713 0.006958
-0.067383 -0.111816 0.071777 -0.029907
0.204102 -0.123535 0.155273 -0.102051
0.152344 -0.181641 0.006989 -0.085449
-0.022949 -0.154297 -0.031738 0.105469
-0.062500 0.031128 0.018188 -0.074707
-0.064941 -0.025757 0.131836 0.063965
0.086426 -0.189453 0.048340 -0.032227
0.009644 0.028320 -0.037109 0.053467
-0.111816 -0.031738 0.171875 -0.049805
0.034424 -0.066895 0.088867 -0.000523
0.041016 -0.140625 -0.056641 0.031982
-0.048584 -0.166016 0.060059 0.013550
-0.006531 -0.213867 0.147461 -0.095703
-0.155273 0.086914 0.067383 -0.015991
0.012817 -0.008972 -0.170898 -0.060547
0.011841 -0.108887 0.084961 0.035156
-0.125977 0.039307 -0.050293 0.112305
-0.071777 -0.110352 0.156250 0.032227
0.046875 -0.104980 -0.247070 0.169922
-0.071777 -0.114258 -0.053223 0.040283
-0.153320 -0.182617 0.091797 -0.039795
-0.021606 -0.063965 0.031494 0.037354
-0.035156 -0.077148 0.049561 -0.052246
-0.066406 -0.022949 0.061035 -0.030884
-0.047607 0.108887 0.053467 0.095703
-0.041260 -0.378906 0.020264 0.121094
0.118652 -0.139648 -0.275391 -0.043945
-0.102539 0.045654 -0.130859 0.071289
-0.034912 -0.236328 -0.053711 -0.107910
-0.099609 -0.092285 -0.296875 -0.025269
-0.186523 -0.098633 0.080078 0.060059
0.067871 0.024658 -0.075195 -0.188477
-0.093750 -0.031982 0.041748 -0.189453
0.025146 0.156250 0.050537 0.222656
0.110840 0.044434 -0.075684 0.054932
0.125977 -0.104980 -0.008850 0.047852
0.013550 0.024780 0.094238 0.000282
0.058594 -0.061279 -0.006226 0.005737
-0.138672 -0.035156 0.022339 0.001175
0.174805 0.075195 -0.087891 -0.034424
0.127930 0.016113 -0.163086 -0.022949
-0.137695 0.060547 0.071289 0.055664
0.059082 -0.111328 0.087402 0.091309
-0.026611 -0.193359 0.004211 0.032227
0.099609 0.022339 -0.035400 -0.078613
-0.054199 -0.142578 -0.090332 -0.045898
-0.005737 -0.076172 0.020020 -0.053955
0.029907 0.046143 0.136719 -0.163086
0.134766 0.209961 0.026855 -0.042969
0.028076 0.032959 -0.137695 0.108398
-0.168945 -0.246094 -0.021240 0.100586
0.180664 -0.091309 -0.016357 -0.110352
0.200195 -0.196289 -0.181641 0.060791
-0.130859 -0.177734 -0.069824 -0.021240
-0.028320 -0.063477 -0.053467 -0.041260
0.108398 -0.150391 -0.158203 0.095703
-0.083008 -0.021240 -0.062988 -0.289062
0.090820 0.102051 -0.049561 -0.084473
0.002304 0.267578 0.103516 0.052734
-0.019897 0.046631 -0.042725 -0.013489
0.012024 0.023438 -0.125977 -0.109375
-0.115723 0.030762 0.096191 -0.054199
-0.107910 0.011658 -0.027344 -0.021484
0.207031 -0.000595 -0.000954 -0.045410
-0.109863 -0.125000 0.065918 -0.173828
0.086914 -0.013000 -0.022217 -0.187500
0.062256 0.089844 0.062012 0.140625
-0.048828 0.188477 0.298828 -0.000317
0.021362 0.014526 0.068848 -0.089844
0.040771 0.127930 0.162109 0.081055
-0.074707 -0.004730 -0.010437 -0.078125
0.029175 -0.142578 0.029663 -0.050049
0.077637 0.049316 -0.061768 0.041016
-0.015442 -0.143555 -0.087891 -0.031494
-0.006714 0.006409 0.120605 0.249023
-0.030518 -0.094727 -0.086914 0.279297
0.059082 -0.163086 0.020142 -0.074219
-0.177734 -0.034912 0.053223 0.172852
0.127930 0.001015 0.086914 -0.059326
0.006134 -0.123047 0.102051 -0.054199
-0.014954 0.099609 0.204102 0.019287
0.100098 0.029053 0.040283 0.005402
-0.064453 0.001053 -0.106934 0.030640
0.063965 -0.227539 -0.077637 -0.019897
0.060547 -0.019043 0.084473 -0.031738
-0.170898 0.188477 0.080078 -0.061279
0.006592 -0.123047 0.213867 -0.024536
0.109863 -0.086426 -0.069824 0.005524
-0.052002 -0.064453 0.186523 0.004913
0.006134 0.083008 -0.085449 0.012329
-0.259766 -0.051514 -0.141602 -0.019409
-0.046143 -0.184570 -0.170898 0.008667
-0.037109 0.004059 0.083008 0.024414
-0.106934 0.126953 0.064941 0.037354
-0.008545 0.010803 0.065430 0.026733
0.062988 -0.082520 -0.128906 0.020142
0.128906 -0.093750 -0.124512 -0.038818
-0.054443 0.130859 0.078125 0.017212
-0.192383 -0.056641 -0.139648 0.033936
0.057373 0.036133 -0.057617 -0.035400
-0.062988 -0.008301 -0.049805 -0.038330
-0.196289 0.066895 0.146484 -0.029175
-0.179688 0.012695 -0.174805 0.033203
-0.013550 -0.135742 -0.125000 -0.005676
-0.209961 0.082031 0.099609 0.043701
-0.093750 -0.227539 0.094727 -0.058838
0.085449 0.018799 -0.035889 -0.045654
0.133789 -0.056885 -0.070312 -0.041992
-0.045654 -0.050781 0.060547 -0.045654
-0.306641 0.176758 0.063477 -0.030151
-0.065430 0.163086 0.088379 0.036621
0.012085 -0.083984 0.116211 -0.036865
-0.170898 -0.023926 0.103027 -0.009094
-0.155273 -0.107910 0.143555 0.021606
0.093750 0.015869 0.080078 -0.049072
0.077637 -0.038574 -0.031494 -0.064941
-0.058838 -0.032471 0.082031 -0.042725
-0.063965 0.083496 -0.091309 -0.047607
-0.120117 0.085938 0.108887 -0.017822
-0.090820 -0.051514 -0.099121 -0.013367
-0.054443 -0.021606 0.016846 0.009033
0.005676 0.180664 0.084961 -0.042236
-0.051758 -0.125000 0.127930 0.004272
-0.014771 0.035889 0.148438 -0.060547
0.009460 -0.010071 -0.019653 -0.058105
0.039551 -0.101562 -0.019531 0.009216
0.010620 -0.126953 -0.098633 -0.039551
-0.098145 -0.176758 -0.142578 0.024414
0.019653 -0.131836 -0.079102 -0.025391
-0.048584 -0.157227 -0.037598 -0.014771
-0.042969 0.039307 -0.022095 0.006317
-0.029297 -0.008484 0.107910 -0.055420
-0.022827 -0.039307 -0.044922 -0.022949
-0.110840 0.022949 0.090820 -0.058594
-0.197266 0.081055 -0.222656 -0.065430
-0.041748 0.200195 -0.103027 -0.063965
0.103027 -0.049072 0.031128 0.034424
0.002090 -0.023926 0.073242 -0.022827
0.074219 0.012146 -0.228516 -0.011780
-0.029053 0.037842 0.066406 0.043457
-0.041992 0.040527 0.002914 0.016479
0.111328 -0.251953 0.062500 0.041504
-0.115234 0.070312 -0.191406 -0.053467
-0.121582 0.188477 -0.255859 0.046143
-0.000530 0.045654 0.019897 -0.062988
-0.111328 0.043701 0.097168 0.041504
0.026733 -0.069824 -0.263672 -0.010803
0.083984 0.092773 -0.074707 -0.047607
0.046875 -0.041992 -0.060303 0.047119
0.146484 -0.086426 -0.000702 0.040771
0.079590 -0.198242 -0.200195 -0.004456
0.084473 0.104004 -0.163086 -0.017578
-0.115234 0.013977 0.028320 -0.035645
0.035889 -0.167969 -0.052490 0.011719
0.023193 0.004211 0.326172 0.008423
0.022583 -0.060791 -0.120117 -0.043701
-0.160156 0.015869 -0.091797 -0.031738
0.134766 0.140625 0.050049 0.040527
0.056396 0.041260 0.077637 -0.018677
0.000843 0.062988 -0.155273 -0.058350
-0.005157 -0.103027 -0.047363 0.023926
-0.067871 0.051758 -0.388672 0.028564
-0.080078 -0.193359 0.207031 0.042969
-0.004272 0.180664 -0.207031 -0.039551
0.212891 -0.023560 -0.094238 -0.001427
-0.141602 -0.024170 0.066895 -0.012146
0.039795 -0.145508 0.104004 0.043457
0.028320 0.042969 -0.047363 0.044922
-0.051758 0.051514 -0.074707 0.031982
0.020752 -0.081055 -0.080078 0.023926
-0.058350 -0.045166 -0.195312 -0.052490
0.083496 0.129883 0.010681 0.045654
0.144531 0.154297 -0.009033 0.044434
-0.094238 0.053223 -0.046631 0.051758
0.026245 -0.007446 -0.143555 -0.003937
0.047607 0.047852 -0.178711 -0.052490
0.161133 -0.147461 0.032959 0.027222
0.187500 -0.000881 -0.032471 -0.058350
-0.166992 0.159180 0.198242 0.009460
0.210938 -0.083984 0.070801 -0.000900
0.078125 -0.075195 -0.071777 0.031250
-0.121582 -0.240234 0.022705 -0.052002
-0.149414 -0.007782 0.003250 0.044922
-0.060791 -0.157227 0.028198 -0.012024
0.049072 -0.269531 -0.004669 -0.030151
0.186523 0.159180 0.041748 0.010071
-0.204102 0.084961 0.120117 -0.023071
-0.005646 0.108887 0.124023 -0.050781
0.041748 0.140625 -0.149414 -0.010254
-0.095215 -0.075684 0.093750 0.022217
-0.094727 -0.112305 -0.116211 -0.053955
0.141602 0.125000 -0.050049 0.024658
0.053223 -0.247070 -0.044434 -0.038818
0.034424 0.073242 0.109375 0.032959
-0.108398 -0.098633 -0.022949 -0.037354
0.062256 0.120117 0.030762 -0.048096
-0.057861 0.161133 0.190430 -0.033203
-0.130859 0.123535 -0.120117 0.038818
-0.114258 -0.101562 -0.131836 0.018799
-0.007874 0.077637 -0.007568 -0.024658
0.095703 0.112793 -0.043701 0.031250
0.002411 -0.023071 0.031738 0.005432
0.037598 0.065430 -0.283203 -0.013184
-0.039307 -0.043213 0.115723 -0.029663
0.130859 -0.157227 0.130859 -0.036621
0.025879 -0.214844 0.006714 -0.025757
0.182617 0.079590 -0.011658 -0.001968
-0.058350 -0.248047 0.159180 -0.062988
-0.024292 -0.019165 -0.143555 -0.049316
0.041992 0.119629 0.007599 0.048096
0.004669 -0.045654 -0.177734 0.047852
-0.145508 0.076172 0.092773 -0.060547
0.023682 0.048340 0.053955 -0.040771
0.072266 -0.105957 0.060059 -0.060791
0.120117 -0.028931 0.048828 -0.053711
0.079102 0.064453 0.193359 -0.025391
0.072266 -0.052979 -0.125000 0.039307
0.157227 -0.000683 -0.119629 -0.019165
0.063965 -0.136719 -0.120605 0.030396
0.111816 -0.026489 -0.041016 0.010925
-0.141602 0.077637 0.042236 0.002228
-0.105957 0.099121 0.023315 -0.058350
0.073242 -0.159180 -0.023804 -0.058594
-0.049805 -0.009338 0.202148 0.037109
-0.063477 0.079590 0.174805 0.054688
0.062988 0.212891 -0.135742 -0.049316
0.122559 0.169922 0.011108 -0.002991
-0.054443 0.135742 0.073730 0.029175
0.014038 0.140625 -0.049805 -0.051270
-0.091309 0.243164 0.166016 0.017700
-0.006470 0.007172 0.131836 0.002243
0.116699 -0.050293 0.023438 -0.027710
0.187500 -0.095703 0.006317 0.027344
0.035889 0.096191 0.089355 -0.042236
0.052246 -0.121582 -0.041992 0.013428
-0.089844 -0.145508 0.163086 0.027100
0.079102 0.076660 -0.104492 0.045410
-0.146484 0.026001 0.175781 -0.067871
0.019775 -0.136719 -0.015869 0.000311
0.058594 -0.096191 -0.033691 0.035156
0.155273 0.112305 -0.148438 -0.011475
-0.031738 0.131836 0.092773 -0.045410
-0.043701 0.021118 -0.125977 0.027832
-0.271484 -0.042725 0.019043 -0.005890
0.121094 0.131836 0.009521 -0.031128
-0.085938 -0.178711 0.085449 -0.016357
0.013672 -0.091797 -0.190430 -0.011658
0.075195 -0.030762 -0.216797 0.020386
0.158203 -0.038818 -0.009644 0.020996
-0.085938 0.152344 -0.130859 -0.020386
-0.216797 0.048340 -0.018311 0.054443
-0.061279 0.032471 0.123047 0.004120
-0.028564 -0.121094 -0.059814 -0.040283
-0.110840 0.128906 0.052979 0.008545
-0.133789 -0.088867 0.018677 0.012939
-0.083008 0.012268 -0.020752 0.020142
0.025146 -0.036621 0.049805 -0.007935
0.011292 0.000820 -0.021362 -0.003708
-0.158203 -0.199219 -0.074219 -0.052734
-0.020020 -0.011719 -0.011536 0.035645
-0.016846 -0.030151 -0.062500 -0.002579
-0.127930 -0.151367 -0.019043 -0.032471
-0.014160 -0.075195 -0.093750 -0.019531
-0.123047 -0.114258 -0.166992 -0.049805
-0.031250 0.089355 0.057617 0.014343
0.031250 0.086426 -0.049072 -0.003571
0.080078 -0.246094 -0.157227 0.020264
-0.084961 -0.210938 -0.062500 0.032227
0.048096 0.091309 0.139648 0.017456
-0.084961 -0.316406 0.072266 -0.038574
0.061035 -0.369141 0.053223 0.041260
-0.036133 0.110840 -0.217773 -0.007477
0.086914 -0.051514 0.190430 -0.014587
-0.113770 -0.156250 0.056152 0.045654
-0.062256 0.133789 0.031128 0.037109
-0.002289 0.006165 -0.010559 -0.035645
0.027466 -0.154297 -0.016846 0.015442
0.109375 -0.031128 0.026001 -0.022949
0.098145 0.049561 0.000828 0.023682
0.034912 0.020508 -0.071289 0.049072
-0.066895 0.010986 0.341797 -0.057617
-0.167969 0.031982 0.067871 -0.003876
-0.048340 -0.079102 -0.060059 -0.054199
-0.032715 -0.067871 -0.157227 -0.061279
-0.029053 0.143555 -0.012085 -0.027344
0.178711 -0.099609 0.015991 -0.038086
0.027588 -0.067383 0.038574 -0.030273
-0.028198 0.086426 -0.043945 0.033447
-0.013977 0.152344 0.007629 -0.039551
-0.139648 0.026123 -0.209961 -0.042725
0.045410 -0.032471 -0.113281 0.038086
-0.124023 -0.162109 -0.149414 0.007416
0.053467 0.199219 -0.054199 -0.002258
0.080078 -0.052002 0.056396 -0.032715
0.045410 -0.178711 -0.084961 0.006378
0.008606 -0.015747 -0.057861 -0.044922
0.036133 0.024902 0.046631 -0.007721
0.049316 -0.121582 -0.013489 0.022339
-0.005768 0.032959 0.145508 -0.030273
0.087891 -0.099121 -0.164062 0.008545
0.095215 -0.060303 0.066895 0.044434
0.050781 -0.082520 0.101562 -0.058350
0.006958 0.113770 0.125977 -0.038330
-0.031250 -0.010254 -0.289062 -0.008789
0.070801 -0.011169 -0.018311 -0.069824
0.014282 -0.009216 -0.190430 0.022217
-0.047852 0.106445 -0.096191 0.016113
0.096680 -0.003448 -0.174805 -0.060303
0.086914 -0.063477 0.177734 -0.056152
0.003693 -0.073242 0.041748 -0.008850
0.143555 0.129883 -0.109375 0.033447
0.047607 0.027954 -0.277344 -0.012207
-0.068359 0.023682 -0.032715 -0.040527
-0.044678 -0.039062 -0.148438 -0.068359
0.081055 0.109375 -0.072754 0.010132
0.100098 0.006897 -0.040771 -0.059570
-0.001068 -0.007538 0.173828 -0.013672
0.031738 -0.095703 0.017456 0.016968
0.096680 0.173828 0.020386 -0.052246
0.098145 0.168945 -0.265625 -0.008789
-0.016724 0.028931 -0.041992 -0.034912
-0.126953 0.062988 0.223633 0.000231
-0.115723 -0.017944 -0.166016 0.037354
0.015198 -0.055664 0.075684 -0.035400
-0.064941 0.091797 -0.027710 -0.018433
-0.021851 0.010742 0.043213 -0.006744
0.055176 -0.029053 -0.034180 -0.012939
0.033936 -0.066895 -0.081055 -0.054443
0.059814 0.015320 0.051758 -0.026611
0.093750 0.062988 0.131836 0.003616
0.041260 0.039307 -0.012573 0.019775
0.096680 0.096191 -0.112793 -0.041016
0.122559 -0.069336 -0.051270 0.040527
-0.014221 -0.088379 0.028809 -0.062012
0.125977 0.113281 -0.011536 0.017212
0.050537 0.083984 -0.363281 0.008728
0.035889 0.034424 -0.018188 0.007446
-0.076172 -0.176758 0.094727 -0.050049
0.036621 0.077148 -0.037842 -0.028931
0.126953 -0.104004 -0.015503 0.013306
-0.047363 0.010071 0.052490 0.021973
-0.050049 -0.158203 0.013977 -0.031738
0.045898 -0.068359 0.017090 0.028442
0.112793 0.062500 0.036621 -0.035645
-0.071777 0.014404 -0.010010 -0.006866
-0.139648 0.054932 -0.161133 0.039551
0.074707 -0.349609 0.073730 -0.033447
-0.105469 0.120117 -0.016602 -0.046875
0.111816 -0.088867 -0.024292 0.028687
-0.031738 0.111816 -0.127930 0.049561
0.004791 -0.257812 0.146484 -0.016235
0.006714 0.105469 -0.101074 0.035645
-0.005676 -0.004578 0.057373 -0.001503
0.067383 0.054688 -0.048584 -0.029175
0.077637 -0.244141 0.240234 0.035400
0.057129 0.205078 -0.131836 -0.048096
0.167969 -0.257812 0.096191 0.003876
0.004669 0.062256 -0.002090 -0.012024
-0.111816 0.112305 0.139648 0.026123
-0.033691 0.231445 -0.174805 -0.056885
-0.016602 -0.033936 0.030640 -0.052979
0.068848 -0.124512 -0.227539 -0.046143
-0.045166 0.164062 0.212891 -0.015076
0.308594 0.133789 -0.027344 -0.043701
0.127930 0.062012 0.131836 0.044922
0.084961 -0.018677 0.006073 0.014526
-0.088379 -0.066895 0.092285 -0.034424
0.287109 0.165039 0.049072 0.001343
0.032471 -0.124512 0.023071 0.038574
-0.107910 -0.001335 0.202148 -0.002228
-0.134766 0.031982 -0.008179 -0.007721
0.094238 -0.102539 -0.086914 -0.010498
0.059326 -0.018555 -0.023804 -0.010437
-0.292969 0.109375 0.292969 0.032227
0.096191 0.076660 0.068848 -0.020508
-0.096191 -0.041016 0.249023 -0.058594
0.079590 0.090820 -0.184570 -0.055176
0.014648 -0.072266 0.197266 0.045166
0.121094 0.104980 0.003036 -0.022949
-0.057373 -0.106445 -0.059814 -0.027344
0.152344 -0.137695 -0.142578 -0.057617
-0.203125 0.019165 0.111328 -0.043945
0.090820 -0.086914 0.021484 -0.059814
-0.147461 0.153320 0.185547 -0.053955
-0.039307 0.147461 -0.021606 -0.036377
0.054932 0.002838 0.082031 -0.047607
0.058594 0.129883 0.134766 0.028687
0.068848 -0.145508 -0.251953 0.022705
0.070801 -0.184570 -0.104980 0.049316
-0.141602 0.083496 -0.197266 -0.007507
-0.029419 -0.111328 -0.139648 -0.032715
-0.101074 0.035156 0.003372 0.035400
0.035156 -0.079590 -0.052002 0.033447
-0.173828 0.200195 -0.080566 0.041016
-0.083984 0.165039 0.014343 0.020874
-0.095215 -0.072266 0.083496 0.022217
-0.057617 -0.050537 -0.010803 -0.027344
-0.095215 -0.095703 0.028076 -0.028442
-0.196289 0.015869 0.053467 -0.032227
-0.238281 0.128906 -0.044189 0.031128
0.071289 0.074219 -0.188477 -0.054443
-0.026123 0.100586 -0.038086 -0.035889
-0.043701 0.016113 -0.119629 0.032959
-0.165039 0.151367 0.014648 -0.058838
0.011169 -0.076172 -0.130859 0.038574
-0.131836 -0.110840 -0.104980 0.033203
-0.071289 0.002884 -0.121582 0.007477
-0.206055 0.182617 -0.165039 0.036377
0.082520 0.150391 -0.159180 -0.053223
-0.042969 0.212891 -0.144531 0.017822
-0.038330 0.095703 0.046875 -0.009705
0.007202 0.091309 -0.071777 0.006439
0.055908 -0.257812 -0.081543 -0.018799
-0.002808 -0.123047 0.007111 0.013000
-0.056152 -0.123047 -0.073242 0.006348
-0.045410 0.086426 -0.132812 -0.057617
-0.045898 -0.130859 0.146484 0.052002
0.125977 -0.144531 -0.005493 -0.019897
-0.020264 -0.166992 -0.048096 0.042480
-0.084473 0.244141 -0.160156 -0.003738
-0.012390 0.210938 -0.079102 -0.004700
0.158203 -0.155273 0.149414 0.049072
-0.109863 0.111816 -0.161133 0.017212
0.125977 -0.081543 -0.119629 -0.049805
-0.006866 0.171875 -0.093750 -0.010010
0.127930 -0.024170 0.137695 -0.013184
-0.041504 -0.093750 0.066406 -0.044678
0.013794 0.081055 -0.025635 -0.040039
0.017334 0.033936 -0.013855 0.016357
0.040283 -0.158203 0.088379 -0.054443
-0.018555 -0.128906 -0.163086 0.050049
0.056152 -0.139648 0.007294 -0.057617
-0.086914 0.150391 0.017822 -0.051025
-0.114258 0.054199 0.061279 -0.021484
-0.040039 -0.125977 0.103516 0.029907
0.137695 -0.086914 0.028931 -0.041016
0.269531 -0.068848 0.093262 0.046143
-0.082031 -0.037354 -0.010925 0.036865
-0.011841 -0.067383 -0.059326 -0.016602
-0.062988 -0.002167 0.040527 -0.059326
0.046875 -0.138672 -0.017822 0.022949
0.066406 0.169922 0.005035 0.012024
0.025879 -0.038818 0.096191 -0.063965
-0.052246 0.009277 -0.036621 -0.067871
0.148438 -0.095215 -0.192383 -0.009033
-0.125000 0.117188 0.116699 0.037842
-0.063477 -0.025146 0.159180 0.042725
-0.067383 0.187500 -0.012573 -0.051025
-0.042969 -0.056396 -0.087402 -0.047852
-0.105469 0.126953 0.059570 0.023193
-0.016235 0.062988 -0.136719 0.014099
-0.084961 0.136719 0.070312 0.008301
0.137695 -0.118164 -0.128906 -0.039062
-0.186523 -0.190430 0.068359 -0.047852
0.081055 -0.169922 0.201172 0.030151
-0.164062 0.120605 0.011902 -0.022217
-0.017456 -0.139648 -0.279297 -0.029663
-0.066406 0.020386 -0.027344 -0.021484
-0.042236 0.089355 -0.213867 0.007111
-0.059570 0.125000 0.015259 -0.001030
0.149414 -0.008240 -0.095703 0.015625
-0.073242 -0.068848 -0.060059 -0.059326
-0.037598 0.045410 0.055420 -0.071289
-0.122559 0.018677 -0.074219 0.004486
-0.187500 -0.063477 0.144531 -0.022339
-0.125000 -0.005829 -0.161133 -0.056641
-0.040039 -0.214844 0.041748 0.051514
-0.089844 -0.100586 -0.011353 -0.058350
-0.058838 -0.104980 0.060303 -0.032471
-0.090332 0.048584 0.177734 -0.035156
-0.165039 0.144531 0.012207 -0.034912
-0.033936 -0.008850 0.120117 -0.024292
-0.182617 0.197266 0.174805 -0.031128
-0.067871 -0.077637 0.177734 0.010498
0.042725 -0.086914 0.000254 -0.012756
0.029541 0.005707 0.043213 -0.054199
-0.130859 -0.003006 -0.086426 -0.023682
-0.079102 -0.255859 0.219727 0.018433
-0.253906 0.078613 -0.152344 0.018311
0.031494 -0.017578 0.265625 -0.041748
-0.122559 0.037842 0.028809 -0.051025
0.019531 0.026489 -0.113281 0.032227
-0.084961 0.141602 -0.191406 0.005096
-0.006409 0.079102 -0.058350 -0.006256
-0.072266 0.076660 0.022583 -0.005798
0.031738 -0.326172 0.170898 0.044922
-0.139648 0.048340 -0.072754 -0.002502
-0.026611 -0.030518 -0.102539 0.004333
-0.026978 0.215820 -0.210938 -0.041260
-0.064941 -0.167969 0.134766 0.056641
0.012512 -0.215820 0.149414 -0.036133
0.064453 -0.046875 0.060303 -0.052490
-0.176758 0.176758 -0.016357 -0.052246
0.044434 0.007385 -0.208008 -0.046143
-0.004517 0.150391 -0.136719 0.051270
-0.021973 0.051758 -0.066406 0.052002
-0.087891 0.204102 -0.048096 0.036621
-0.023804 -0.156250 0.229492 -0.017212
0.048096 0.023071 0.186523 -0.047363
0.045654 -0.014160 0.016357 0.012329
-0.061523 0.234375 -0.222656 -0.059570
-0.026367 -0.193359 -0.244141 -0.033447
0.065918 0.091309 -0.024780 0.054688
0.076172 0.078125 -0.214844 0.037842
0.195312 -0.025391 -0.098633 0.026367
0.044189 0.083984 0.047852 -0.048340
-0.006012 0.084961 0.224609 0.004761
-0.005859 0.103027 -0.020630 -0.032959
0.230469 0.257812 -0.188477 -0.055908
-0.098633 -0.127930 -0.071289 -0.022949
-0.171875 -0.022705 0.067383 -0.058105
-0.003967 0.049316 -0.057617 -0.059082
-0.015259 0.079102 0.133789 -0.026123
-0.155273 0.010498 0.232422 -0.056152
-0.002792 -0.182617 0.084473 0.045654
-0.093750 0.006653 0.051025 0.033691
-0.077148 -0.013245 -0.021729 -0.025269
0.019531 -0.022217 -0.011780 -0.054199
-0.223633 0.153320 0.308594 -0.003586
-0.059814 0.032471 0.037842 0.045166
-0.085938 -0.088379 0.187500 -0.052979
-0.164062 -0.155273 0.078613 0.015503
-0.048340 -0.065430 0.102539 0.020630
-0.049805 -0.056641 0.047607 -0.047119
0.152344 0.211914 -0.162109 -0.052734
0.116211 0.015869 -0.197266 0.025635
-0.431641 -0.009888 0.279297 -0.020386
-0.008667 0.000082 -0.014343 -0.026367
-0.119141 -0.134766 -0.026855 0.011536
-0.052246 -0.081543 -0.171875 -0.058105
-0.127930 -0.048340 -0.032471 0.013367
0.036621 -0.277344 -0.190430 -0.068359
0.018066 0.191406 0.025879 -0.041504
0.100098 0.269531 -0.339844 0.035156
0.052979 -0.073730 -0.045898 -0.039307
-0.019165 0.012878 -0.032471 -0.027466
-0.263672 0.059326 0.002655 0.047607
-0.038330 -0.039795 -0.034180 -0.027710
0.176758 0.044678 -0.024170 -0.057129
-0.246094 0.081543 0.115234 -0.045410
0.088379 -0.125000 -0.140625 0.019653
0.077637 -0.121094 0.072266 0.034424
-0.218750 0.140625 0.152344 0.020996
0.024170 -0.081543 0.077148 -0.002853
-0.176758 0.023438 -0.218750 -0.029541
0.016602 -0.247070 0.052002 -0.003830
0.012085 0.142578 -0.002640 0.033691
-0.205078 0.013977 0.061768 -0.032959
0.119141 -0.026245 -0.030518 0.031982
-0.003906 0.143555 -0.109375 0.019043
-0.094727 0.126953 -0.084473 -0.043213
-0.010681 -0.029541 0.073242 -0.019409
-0.115234 -0.068359 0.012695 -0.040039
0.004333 -0.259766 0.022827 -0.045898
0.130859 -0.155273 -0.001778 -0.022339
-0.025879 -0.036865 -0.223633 0.024170
-0.023193 0.166016 0.121094 0.005615
-0.181641 0.123535 0.181641 -0.007935
-0.043213 0.012939 0.125977 0.026367
0.013123 0.006287 -0.090332 -0.047363
0.107422 0.201172 0.051270 -0.041016
0.277344 0.049805 0.001785 -0.005096
0.021484 0.063965 -0.031250 0.000340
0.065918 0.091309 -0.226562 -0.035400
0.081543 -0.081055 0.104492 -0.050293
0.039551 -0.104004 -0.070801 0.014587
0.155273 -0.143555 -0.076172 -0.010925
-0.013123 -0.044189 0.028687 -0.056396
0.023071 -0.098145 -0.194336 -0.030396
0.128906 -0.045410 0.026978 -0.004120
0.139648 -0.030884 -0.088379 -0.028564
-0.107910 0.058838 0.013733 -0.046143
-0.078125 0.108887 0.025513 0.029419
0.003937 0.027832 -0.007324 0.013306
0.078613 -0.095215 -0.000341 0.047363
-0.013184 -0.005768 0.042480 0.013306
0.134766 -0.057617 0.059814 -0.000637
-0.020874 -0.101562 -0.043213 0.035889
0.089355 -0.151367 -0.048096 0.006805
0.024292 -0.167969 -0.156250 0.006500
0.032471 0.120605 0.028931 0.042236
0.049072 0.048584 0.009827 0.028931
-0.064941 -0.036377 0.174805 -0.027832
-0.065430 -0.044189 0.094727 0.031982
-0.187500 0.175781 0.322266 -0.033691
-0.041504 0.061768 -0.023560 -0.030151
0.111816 -0.136719 -0.343750 0.026733
0.208984 -0.145508 -0.076172 -0.012268
0.085938 0.024658 0.044434 -0.003616
0.098633 -0.057861 -0.116211 0.019897
-0.041748 -0.008850 0.038086 -0.016113
0.084473 -0.027710 -0.153320 -0.053467
-0.071777 -0.064941 0.151367 0.003296
-0.005737 0.161133 0.026123 0.037354
0.131836 -0.140625 -0.230469 -0.045166
0.136719 0.028076 -0.316406 0.037842
0.024170 -0.055908 -0.104004 0.024658
0.048828 -0.007080 -0.091797 0.005249
-0.115234 -0.022339 -0.009888 0.034912
0.108398 0.016724 0.194336 -0.041504
0.020386 -0.129883 0.030151 -0.033203
-0.092773 -0.013000 -0.027222 -0.018799
0.123047 0.109375 -0.147461 -0.027344
0.041992 0.060059 -0.093750 0.026978
0.049805 0.012451 -0.090820 0.021851
0.033691 0.139648 -0.283203 -0.029907
-0.129883 -0.029175 -0.200195 0.003128
0.035400 0.021851 0.110352 0.021729
-0.170898 0.045654 0.147461 -0.041504
0.133789 0.071777 0.048584 0.035645
0.023438 -0.050537 0.120117 0.014709
0.147461 0.035156 0.026978 -0.000217
0.148438 -0.189453 0.011902 0.013794
0.078613 -0.173828 0.048584 -0.000839
-0.019653 -0.046143 -0.079590 0.004883
0.021484 0.043701 0.013062 0.019531
-0.097168 -0.081055 -0.130859 0.032227
-0.003906 0.144531 0.054443 0.051758
-0.059082 0.236328 -0.021484 0.005920
0.148438 0.055908 0.032959 -0.035645
0.043945 -0.203125 -0.024292 -0.015442
0.084961 0.110352 0.031006 -0.051270
-0.073242 -0.088379 0.043213 -0.009216
0.032471 -0.119141 -0.133789 0.027954
-0.007812 -0.066895 -0.014404 0.022949
-0.007324 -0.220703 0.096191 -0.056152
-0.043457 0.116211 0.097656 0.052246
-0.076172 -0.052002 0.039062 -0.018433
-0.025024 -0.347656 -0.034912 -0.045166
0.199219 0.081055 -0.104492 -0.007812
-0.000237 -0.127930 -0.075684 0.041748
0.111816 -0.074707 -0.105469 -0.029297
0.099609 0.032959 -0.023926 0.012695
0.074219 0.079590 -0.053467 0.005310
-0.125000 0.195312 -0.104980 0.007019
-0.076660 0.058594 0.084961 0.023926
0.040771 0.088867 -0.024414 0.015991
-0.022339 -0.108887 0.130859 0.032715
-0.046875 -0.027222 0.000935 -0.014282
0.019165 0.224609 -0.026367 -0.024902
0.068359 -0.168945 0.035156 -0.055176
0.125000 0.046875 -0.034424 -0.023438
-0.207031 0.220703 -0.047363 -0.044434
-0.072754 0.166016 0.042480 -0.059814
0.118164 0.067871 -0.052246 0.042236
-0.014954 0.081055 0.057617 0.036133
-0.056641 -0.120605 -0.100098 0.003525
0.155273 0.088867 -0.097168 -0.025757
0.056396 -0.122559 0.040527 -0.053223
0.138672 -0.123535 0.044189 -0.034912
0.076172 0.065430 0.060547 -0.051758
0.128906 0.034424 -0.050293 0.027100
0.168945 -0.063965 -0.042480 0.035156
0.069336 0.005005 0.021362 0.045410
0.006836 0.024780 0.000088 -0.005432
0.345703 -0.110840 0.047363 0.037598
0.078125 -0.095703 -0.020874 -0.084473
-0.117188 -0.050049 0.088379 -0.019043
-0.126953 -0.016846 -0.045898 -0.012756
-0.014526 -0.016113 0.002426 -0.042725
-0.011597 -0.085938 0.025513 -0.059082
-0.029785 0.030396 0.017822 -0.083496
-0.052734 -0.080078 -0.060303 -0.023560
0.072266 0.001282 -0.110352 -0.021851
