-0.050781 -0.151367 -0.106445 0.137695
-0.040283 -0.156250 0.066895 -0.121582
-0.022339 0.020752 0.024780 0.002686
0.190430 0.218750 0.024414 -0.271484
0.025391 0.004089 0.046143 -0.019653
0.035400 0.121582 -0.119629 0.029785
-0.141602 0.188477 0.055664 0.059326
0.005646 0.027710 0.084473 -0.103027
0.126953 -0.086914 -0.275391 -0.023804
-0.292969 -0.025879 -0.055908 -0.058838
0.075195 0.173828 0.012573 -0.180664
-0.011658 0.099121 0.050049 -0.089844
0.059814 -0.035889 -0.024170 -0.022217
-0.046875 -0.077148 -0.012695 -0.040283
0.053711 -0.036621 -0.174805 -0.056152
0.119629 -0.095215 -0.042480 -0.023926
0.099121 0.084961 -0.098145 -0.122070
-0.261719 -0.015320 -0.190430 -0.107422
0.083008 0.113281 0.012146 -0.015198
0.037842 0.014832 0.101562 0.020142
0.049805 -0.002533 -0.004120 -0.015381
-0.091309 0.125000 -0.065918 0.028320
0.250000 -0.132812 -0.126953 -0.093750
0.289062 -0.114746 0.097168 0.070312
-0.220703 -0.043457 0.085938 0.017090
-0.242188 -0.147461 -0.032471 0.010376
0.169922 0.029419 0.028076 -0.197266
-0.008728 0.061523 -0.030396 -0.233398
-0.018188 -0.074707 0.005585 -0.049561
-0.210938 0.074707 -0.049072 -0.004547
0.180664 0.084473 0.064453 -0.055664
0.009888 0.210938 -0.082520 0.210938
0.012817 -0.115234 -0.014465 0.125000
0.042236 -0.094238 -0.069824 0.070801
0.054688 -0.026367 0.009949 0.132812
-0.000212 -0.097168 -0.029907 -0.215820
-0.002716 -0.028198 0.042725 0.047119
-0.212891 0.025757 0.107910 0.102539
0.081543 0.028198 0.077148 0.125000
0.082031 0.000740 -0.012451 0.002060
0.078613 0.118164 0.073242 0.079102
0.037354 0.112793 -0.005646 -0.000418
0.007202 0.035400 -0.050049 0.191406
0.040771 -0.163086 0.007935 0.042236
0.046631 0.064941 -0.005981 0.073730
0.041260 -0.037109 0.201172 0.033203
-0.023560 0.227539 -0.092773 0.137695
0.078125 0.074219 -0.025024 -0.053223
-0.012817 -0.188477 -0.065918 -0.034668
-0.079102 -0.173828 -0.074707 0.053467
0.045166 0.131836 -0.040527 -0.015625
-0.106934 0.041260 0.125000 0.010071
-0.067383 -0.045166 -0.000492 -0.014282
-0.168945 -0.104004 0.079590 -0.041260
0.076172 0.022217 0.050293 0.089844
0.184570 0.097168 0.077637 0.257812
0.037109 -0.146484 0.073730 0.077148
0.104980 -0.283203 -0.109863 0.003632
-0.113281 -0.050781 -0.039062 0.035889
-0.006592 -0.250000 -0.078613 0.070801
0.034668 0.049316 -0.036621 0.040039
-0.081055 0.021484 -0.021606 0.202148
0.082520 0.086914 0.119629 0.141602
0.051270 0.259766 0.069824 0.187500
-0.121094 0.037109 0.096191 0.009521
0.009399 -0.005981 0.055664 0.040039
-0.111816 0.170898 -0.026855 -0.038818
0.106445 0.189453 -0.103516 0.117676
0.003235 -0.031494 0.011292 -0.006897
0.078613 -0.230469 -0.000912 -0.124023
-0.140625 0.215820 -0.028809 -0.022949
-0.046387 0.121094 -0.025635 -0.042480
0.183594 0.018433 -0.096680 -0.140625
-0.035645 0.230469 0.006256 -0.068359
-0.062500 0.180664 -0.088379 0.032227
0.059082 0.024048 -0.034180 -0.234375
-0.176758 -0.036865 -0.332031 0.047852
0.081543 -0.097168 -0.106934 0.080078
-0.043945 0.057617 -0.077637 0.012695
-0.034668 -0.079102 0.047852 -0.044434
0.190430 -0.006775 -0.071777 -0.184570
-0.076172 0.102051 0.032959 -0.250000
0.124512 -0.051514 -0.228516 0.060791
-0.151367 0.049805 0.128906 -0.159180
-0.263672 -0.101074 -0.023926 -0.302734
-0.087891 -0.045166 -0.164062 -0.012085
0.232422 -0.083984 0.110352 -0.003754
-0.193359 0.002411 -0.060059 0.098145
0.161133 0.017700 -0.124512 -0.035889
-0.037109 -0.067383 -0.013611 -0.052246
0.300781 0.000313 -0.078613 -0.012085
-0.211914 0.092773 0.062988 0.023071
-0.189453 0.149414 0.055420 -0.292969
-0.084473 0.036377 -0.171875 0.164062
0.083984 0.026001 -0.023315 -0.034912
-0.248047 0.115723 0.155273 -0.164062
0.089844 0.061279 -0.186523 -0.000702
0.247070 -0.032471 0.013916 -0.328125
0.195312 0.034912 0.152344 -0.029663
-0.014160 -0.064941 0.023560 -0.292969
-0.086914 -0.048584 -0.011658 -0.242188
-0.251953 0.042480 -0.057373 0.040771
-0.024902 -0.054688 -0.118652 0.198242
-0.027710 -0.057617 0.021362 0.037842
0.014038 0.039062 -0.004120 0.062500
0.020020 -0.075684 -0.227539 -0.089355
-0.009460 -0.012024 0.070312 0.149414
-0.157227 -0.066895 -0.019409 -0.208984
-0.119629 0.034912 -0.107910 -0.273438
0.054443 -0.108398 0.147461 0.259766
-0.106934 0.119629 0.214844 0.031250
-0.053223 -0.024170 -0.096680 0.111816
0.009521 0.101074 0.063965 0.042236
-0.059570 -0.056396 -0.245117 0.085938
-0.089844 0.171875 0.009644 0.122070
0.112793 -0.263672 -0.117188 0.119629
-0.108398 -0.107910 -0.009033 -0.191406
0.174805 0.093750 0.152344 0.099609
0.003403 -0.113281 0.089355 -0.021973
-0.049561 0.159180 0.113770 -0.250000
-0.036377 0.062988 -0.015381 0.042725
-0.084473 0.161133 0.140625 -0.038818
0.043945 -0.009644 -0.000422 0.034668
-0.140625 -0.027710 0.219727 0.003632
0.034180 0.141602 -0.065918 0.067871
-0.114746 -0.198242 -0.022339 0.001907
0.069336 0.068848 -0.031738 0.189453
-0.041260 -0.065430 -0.113770 0.196289
-0.130859 0.016602 -0.021729 0.008972
-0.004944 -0.050781 0.152344 -0.014587
-0.114746 -0.036865 0.038330 -0.005951
0.103027 -0.212891 0.231445 0.044434
-0.212891 0.045898 0.023438 0.000572
-0.068848 -0.275391 -0.083008 -0.094727
-0.208984 0.105469 -0.112793 -0.009216
0.208008 -0.155273 0.057373 -0.066406
-0.168945 0.022217 -0.020020 0.057129
0.094238 0.057617 0.093262 0.140625
-0.168945 0.097656 -0.148438 -0.024414
0.161133 0.007111 0.062500 -0.008179
0.044922 -0.080078 0.175781 -0.146484
-0.128906 -0.063477 0.026733 0.058105
-0.087891 -0.141602 -0.195312 -0.078613
0.054932 0.090820 0.023438 0.048828
-0.115723 0.045166 0.071777 0.034668
-0.167969 0.071289 -0.084961 0.001167
-0.056885 0.178711 -0.083496 -0.044434
-0.052246 -0.050781 -0.007935 0.082520
-0.110352 -0.115234 -0.241211 0.060303
-0.036377 0.056885 0.079102 -0.098145
-0.024170 0.072754 -0.037842 -0.172852
-0.084473 0.123535 -0.107422 0.180664
0.010254 0.056152 0.337891 -0.038086
-0.197266 0.040771 0.066895 -0.055664
0.142578 0.130859 0.018066 0.090820
-0.018921 -0.226562 -0.017944 0.034424
-0.101074 0.031494 0.040771 -0.228516
0.026978 -0.183594 -0.017090 -0.012451
0.109863 -0.103516 -0.050781 -0.049072
0.021729 -0.002518 0.031738 0.019165
-0.154297 0.296875 0.064453 -0.067383
-0.061523 0.097656 -0.068848 0.109375
0.198242 0.005157 0.038574 -0.079590
-0.019653 -0.046143 -0.018311 -0.040527
-0.181641 0.108887 0.041016 -0.199219
0.023315 -0.056885 -0.096680 -0.089844
0.067383 -0.083496 0.012268 -0.229492
0.186523 -0.200195 0.112793 -0.091797
-0.058350 -0.070801 -0.061279 -0.221680
-0.194336 0.101074 -0.165039 0.161133
0.168945 0.222656 0.054443 0.219727
-0.138672 0.138672 0.057617 0.156250
-0.093750 0.006165 -0.114258 -0.160156
0.072754 0.168945 -0.074707 -0.034424
-0.134766 0.107910 -0.061279 0.057129
0.164062 0.104492 -0.000412 0.210938
-0.111816 0.021606 -0.031494 -0.208984
-0.033691 0.074707 0.271484 0.153320
-0.085938 0.038818 0.138672 0.174805
0.007324 0.059570 0.241211 0.103516
-0.171875 0.107910 -0.384766 -0.231445
-0.015015 0.021240 -0.022827 -0.003143
-0.102051 -0.188477 0.117188 -0.092773
-0.103027 0.014404 0.148438 0.257812
0.072266 -0.161133 0.041016 -0.033203
0.102051 -0.143555 0.097168 0.094727
0.029297 -0.116699 0.108887 -0.025391
0.130859 -0.040039 0.078125 0.028442
-0.007355 0.023560 0.111816 -0.235352
-0.081055 -0.053955 0.030151 -0.032227
-0.090820 -0.110352 0.001053 0.060547
0.014160 -0.061279 0.126953 -0.054199
-0.104004 -0.108887 -0.017944 -0.002869
-0.054688 -0.061768 -0.156250 0.118164
0.210938 0.024658 -0.020264 0.240234
-0.116699 -0.069824 0.026489 -0.006104
0.054688 -0.068848 -0.089355 -0.005859
-0.062988 0.044434 0.122559 0.005798
0.062256 0.005981 0.012939 0.275391
0.011902 -0.066895 -0.013367 0.082031
-0.099609 -0.065918 -0.118164 -0.164062
0.015198 0.030151 0.062500 0.145508
-0.087402 0.034180 -0.060547 0.143555
-0.273438 0.021362 -0.031982 0.045654
-0.188477 0.150391 0.154297 -0.066895
-0.075195 0.036865 -0.152344 0.107422
-0.212891 0.160156 -0.171875 0.093262
-0.046875 -0.052979 -0.154297 0.100586
0.241211 -0.357422 -0.041992 0.023926
0.007721 -0.199219 -0.013794 0.106445
-0.003937 -0.046387 -0.125977 -0.180664
-0.088867 -0.228516 -0.079102 -0.046875
0.028809 -0.030396 0.181641 -0.152344
0.077637 -0.033691 0.027832 0.096191
-0.020386 -0.068848 -0.101074 0.030396
-0.148438 0.067383 -0.339844 -0.082520
0.013489 -0.016968 -0.016235 0.029663
-0.060547 0.345703 -0.022583 0.002518
-0.035889 -0.145508 -0.105469 -0.114258
-0.034668 -0.039062 0.080566 -0.117676
0.206055 0.003342 -0.231445 -0.062500
0.007355 0.024170 -0.001678 -0.015381
-0.203125 -0.124512 -0.134766 0.008118
0.106934 0.108887 -0.059814 -0.093750
0.064453 0.054443 0.035400 0.016479
-0.064453 0.140625 -0.148438 -0.122559
-0.105469 -0.044189 -0.118652 0.017090
0.123535 -0.040527 0.104980 0.127930
0.001190 -0.130859 0.043213 -0.027222
0.075684 -0.022827 0.023804 -0.075684
-0.116211 0.062500 -0.028809 -0.228516
-0.005890 -0.091309 0.071289 0.013672
0.017334 0.047363 -0.051758 -0.038818
0.054932 0.065918 -0.101074 -0.114258
-0.242188 0.019653 -0.012512 0.036865
0.163086 -0.005524 0.174805 0.050781
-0.172852 0.206055 -0.009521 -0.110352
0.101074 -0.067871 -0.023560 -0.068359
-0.185547 0.112793 0.046631 -0.191406
-0.253906 -0.034668 0.003387 -0.055420
-0.020508 -0.040771 0.053223 -0.062500
-0.064453 -0.062256 -0.105957 -0.185547
-0.021362 0.016479 0.149414 -0.089844
-0.048828 0.058105 0.023560 0.026489
-0.222656 0.014893 -0.025879 -0.040283
0.055908 -0.036133 -0.018188 0.034668
-0.102051 -0.140625 0.007812 -0.052734
-0.017212 -0.048096 0.131836 -0.095215
-0.000668 0.011108 0.031982 -0.021851
-0.043213 -0.038574 -0.230469 -0.117676
0.000679 -0.102539 -0.003464 0.166992
0.064453 -0.040039 -0.004852 -0.121094
-0.072266 0.018066 -0.056396 0.041992
-0.007874 0.019897 0.011780 -0.044189
-0.124512 0.112305 -0.132812 -0.064453
-0.199219 -0.144531 -0.402344 -0.257812
0.017944 0.043945 -0.027222 0.020874
0.024536 0.127930 -0.041504 0.125000
-0.062988 0.110352 -0.015259 0.104004
-0.003632 0.009094 -0.237305 0.059570
0.018799 0.165039 -0.037598 0.088379
-0.022339 0.007446 -0.021362 0.038330
-0.062500 -0.218750 0.024902 -0.081055
-0.211914 0.031250 -0.029663 -0.208008
-0.067383 -0.055176 0.019043 -0.038818
0.087891 -0.011597 -0.066895 0.009155
-0.149414 -0.194336 -0.080566 0.179688
0.168945 0.008667 0.124023 0.361328
-0.087402 -0.076660 -0.086426 0.030273
0.004669 0.089844 0.148438 0.059082
0.042969 -0.078125 0.111328 0.092285
0.061523 0.062988 -0.047852 0.046143
0.045654 0.033447 0.021729 0.035645
-0.048096 -0.151367 0.068848 0.045166
0.078613 -0.119629 -0.197266 0.032227
0.231445 0.151367 0.123535 0.052734
-0.204102 -0.086914 -0.159180 0.015259
-0.077637 -0.033691 -0.020630 0.064453
-0.139648 0.055176 0.134766 -0.023438
0.190430 0.144531 0.066406 0.021484
0.016602 -0.001968 0.036377 0.012695
0.075195 0.166016 0.120605 -0.004364
0.010437 -0.032227 -0.010803 0.023438
0.129883 0.148438 0.134766 -0.101562
-0.034180 -0.220703 0.057129 0.026489
-0.124512 0.024780 -0.005951 0.062256
0.079590 -0.251953 0.055908 -0.227539
0.201172 -0.209961 0.133789 0.062988
-0.040771 -0.077148 -0.073242 -0.102539
-0.145508 0.045166 0.013428 0.049805
0.008972 -0.001862 -0.169922 0.114746
-0.135742 0.133789 0.033447 -0.061279
-0.097168 -0.044678 -0.039795 0.024780
-0.067383 0.171875 0.052002 0.087891
-0.066406 0.039795 0.003677 0.092773
0.092285 0.191406 0.047607 0.137695
0.011658 0.031250 -0.012695 0.073730
-0.075195 -0.044189 -0.113281 0.033203
-0.089355 -0.043945 -0.019409 -0.113281
0.110840 0.082520 -0.061768 0.038818
0.121582 0.004822 0.055664 0.004364
-0.049316 -0.102051 0.026367 0.066406
0.261719 -0.009399 0.012634 0.002518
0.090820 -0.062988 0.131836 -0.066895
-0.400391 0.109863 0.041260 0.011658
-0.138672 0.030640 0.051758 -0.125977
-0.316406 0.028320 -0.020020 -0.104004
0.225586 -0.089355 -0.070801 -0.094727
0.217773 -0.025757 0.029297 -0.038086
0.068848 0.072754 -0.007294 -0.025513
0.112305 0.090332 -0.023193 -0.096191
-0.005554 0.041504 -0.091797 -0.054932
0.001701 -0.101562 0.107422 -0.073730
-0.025391 -0.160156 0.123535 0.191406
-0.150391 -0.073242 -0.056641 0.005341
0.027344 0.080078 0.108887 -0.059814
-0.007111 -0.006683 -0.105469 0.077148
-0.117188 -0.027832 0.006531 0.029053
-0.021606 0.165039 -0.046143 0.223633
0.111328 -0.051758 -0.018311 0.040039
-0.143555 -0.002609 -0.247070 0.106445
0.003220 0.141602 0.219727 0.353516
-0.193359 0.178711 -0.091309 -0.051758
-0.090820 0.032959 -0.120605 -0.046631
0.036865 0.039795 -0.201172 -0.049316
0.059082 -0.115723 0.000410 0.015625
0.030518 0.167969 0.189453 0.169922
0.023682 0.052002 0.135742 0.190430
-0.277344 0.014038 0.046875 -0.243164
0.135742 0.127930 0.328125 -0.027710
0.073242 0.115234 0.112793 -0.079102
-0.088379 0.186523 -0.068359 0.130859
0.099121 0.005127 -0.137695 0.072266
0.016846 0.022217 0.239258 0.084473
0.083984 -0.255859 -0.080078 -0.079102
-0.172852 0.283203 0.086914 0.218750
0.117188 -0.142578 0.037598 0.023071
-0.044434 -0.135742 -0.053711 0.040771
-0.179688 -0.029907 0.008606 -0.135742
0.071777 0.111328 -0.033691 0.025635
0.042725 0.090332 0.075684 0.294922
0.020264 0.010437 0.085938 0.127930
0.040771 0.051025 -0.005768 0.206055
-0.020386 -0.002747 0.104492 -0.065430
0.163086 -0.106934 -0.001335 -0.046143
0.166016 -0.054932 0.017456 -0.095215
-0.067383 -0.017944 -0.070312 -0.006714
0.007935 0.027832 0.043457 0.207031
-0.224609 0.113281 -0.165039 -0.005066
0.044434 0.041016 -0.117188 0.034668
-0.157227 0.137695 -0.090332 0.214844
-0.060303 -0.006958 0.045898 -0.046875
0.058594 -0.046875 0.047852 -0.055420
-0.086426 0.111328 -0.075195 -0.177734
0.096680 -0.209961 0.076172 0.012817
-0.066406 0.066406 -0.044434 0.186523
0.017456 -0.074707 -0.181641 -0.013000
-0.026367 -0.102051 -0.012573 -0.021729
-0.141602 -0.138672 -0.115234 -0.116699
-0.209961 0.106445 -0.094238 -0.259766
-0.223633 0.124023 -0.064941 -0.077637
-0.010498 -0.050049 -0.135742 0.007324
0.033936 -0.040283 -0.048096 -0.205078
0.029907 -0.028809 -0.068359 -0.014404
-0.021851 0.025879 -0.012268 -0.178711
-0.122559 -0.008179 -0.085449 0.020264
-0.172852 0.066406 0.032715 0.094727
0.050537 0.101074 -0.008301 0.014404
0.097168 0.134766 0.021118 0.007782
0.001465 -0.137695 -0.031250 0.141602
-0.066895 -0.075195 0.000614 -0.127930
-0.056152 -0.041016 -0.023071 -0.079102
0.185547 0.010559 0.089355 0.079102
-0.025757 -0.065430 -0.099609 -0.018433
-0.116211 0.016968 -0.125000 0.035889
-0.029175 0.010803 -0.122070 -0.052490
0.357422 -0.002670 0.036377 -0.012085
-0.246094 0.040771 -0.155273 0.051270
-0.195312 -0.087891 -0.090820 0.048584
-0.035889 -0.012329 -0.021851 -0.003937
0.106934 -0.023315 0.169922 0.089355
0.009216 0.060547 -0.115723 -0.129883
0.225586 -0.094727 0.000874 -0.059082
-0.004730 0.103027 0.078613 -0.145508
0.013306 0.178711 0.042236 -0.130859
-0.196289 -0.173828 0.015137 -0.008911
0.025757 0.018921 0.013977 -0.100098
-0.035156 -0.102539 0.052002 -0.036377
0.027344 0.145508 0.095703 -0.019409
0.067383 0.092773 -0.035645 0.123535
-0.026733 -0.049316 0.028320 0.114258
0.053223 0.031738 -0.036377 -0.005951
-0.101074 0.031738 -0.206055 0.054443
-0.004395 -0.072266 0.190430 0.200195
-0.071777 -0.143555 -0.135742 0.073730
0.047119 -0.062012 -0.010925 0.005219
-0.010254 -0.073242 0.031982 -0.087402
0.159180 -0.072266 0.175781 -0.078613
-0.240234 -0.013855 0.123047 0.177734
0.067383 0.037842 -0.155273 -0.029785
-0.180664 0.012756 -0.174805 -0.008301
-0.003235 0.062012 -0.111816 0.255859
-0.121582 0.017578 -0.139648 0.067383
-0.004242 0.000580 -0.003708 0.006775
-0.018799 -0.056641 -0.064941 -0.003403
0.007355 0.046631 -0.047852 -0.133789
0.053711 0.132812 0.312500 -0.070801
-0.225586 0.201172 -0.255859 -0.077637
0.068848 0.087402 -0.148438 -0.164062
-0.117676 -0.101562 -0.088867 0.155273
-0.114746 -0.068359 -0.096680 0.020752
-0.055420 -0.066895 -0.017090 -0.065430
0.228516 0.085449 0.096191 0.394531
-0.036621 -0.017944 -0.029663 0.151367
0.064453 -0.065918 -0.105469 -0.019531
0.141602 0.131836 0.059082 0.062256
-0.065430 0.075684 -0.050781 0.070801
0.114746 -0.089355 0.007355 0.176758
0.078613 -0.187500 0.013489 0.107422
-0.015442 -0.046631 0.043213 -0.041260
0.237305 0.143555 0.020874 0.216797
-0.045654 -0.033691 -0.054443 -0.110352
-0.051758 -0.130859 -0.136719 0.173828
-0.001297 -0.074219 0.122559 0.139648
-0.226562 0.082520 -0.138672 -0.031494
0.037842 -0.108887 0.075195 0.141602
0.077637 0.086426 -0.084473 -0.009705
0.065918 0.020142 0.007782 0.048096
0.155273 0.100586 -0.028198 0.097656
-0.000549 -0.043457 0.010132 -0.024536
-0.154297 -0.029175 -0.291016 -0.016846
-0.013489 0.119629 0.062256 0.041504
-0.201172 0.141602 0.000549 -0.034180
-0.070312 0.192383 -0.002762 -0.092285
0.090332 0.083496 0.039062 -0.017700
-0.113281 0.210938 -0.005859 -0.015869
-0.273438 -0.010315 -0.218750 0.028931
-0.093262 0.121094 -0.245117 0.084473
-0.008057 -0.009277 -0.046631 0.146484
0.007660 -0.038574 -0.008362 -0.014954
0.059082 -0.121094 -0.002853 0.080566
0.168945 -0.095215 -0.023071 -0.096680
0.122559 0.093750 -0.129883 -0.018921
-0.016113 -0.177734 0.055908 0.099609
-0.043945 -0.015869 0.234375 -0.429688
0.086914 -0.005188 0.073730 -0.125000
-0.085938 -0.076660 -0.122070 0.045898
-0.062988 -0.005066 0.026611 0.045654
0.139648 0.005280 -0.066406 -0.083496
0.089355 0.013367 -0.088867 -0.212891
0.205078 -0.009399 -0.024536 -0.018677
0.197266 -0.322266 0.037354 -0.115723
-0.351562 0.121582 0.048828 -0.122070
0.025513 0.076172 0.172852 -0.166016
0.058838 0.076172 -0.150391 -0.024048
-0.039062 0.067871 -0.016235 -0.110840
-0.037354 -0.010986 0.015320 0.105957
0.052246 0.148438 -0.134766 -0.024536
0.229492 0.027954 -0.110352 -0.176758
0.207031 0.090820 -0.028320 0.078125
0.039307 -0.001907 -0.051514 -0.250000
-0.092285 -0.006531 -0.094238 -0.215820
0.021973 -0.042725 -0.083984 0.113770
-0.040039 0.014282 -0.040771 0.014038
-0.104004 0.068359 0.219727 0.062012
-0.068359 -0.093262 0.041504 -0.150391
0.105469 -0.078125 -0.176758 0.083008
-0.155273 0.098633 0.131836 0.396484
-0.147461 0.123047 -0.176758 -0.310547
-0.236328 0.124512 0.019775 -0.273438
0.020142 -0.085938 0.224609 0.068848
0.000128 -0.053467 -0.060059 -0.004913
-0.047119 -0.106934 0.065430 -0.070801
-0.093262 -0.035156 -0.088867 0.017212
0.010071 0.156250 -0.061768 0.084473
-0.120605 0.065430 0.096680 0.052246
-0.130859 -0.142578 -0.063965 -0.026245
-0.162109 0.064941 -0.134766 0.044189
0.062012 0.135742 0.220703 0.161133
0.044189 -0.010681 0.016113 -0.008362
0.170898 -0.017090 0.018433 0.148438
0.033203 -0.018921 -0.044922 0.080566
-0.049561 0.062256 0.029907 -0.014099
0.058105 -0.011414 0.012085 0.052734
0.089355 0.132812 -0.050781 -0.036621
0.002457 0.061035 -0.072266 -0.072754
0.102051 -0.034912 0.120117 0.095215
-0.037598 0.009338 -0.074219 -0.030151
0.039551 0.071777 -0.193359 0.111816
-0.162109 0.065918 -0.092285 -0.053711
0.019775 -0.036133 -0.056396 0.029541
0.018066 0.072754 0.031982 0.117188
-0.239258 0.087402 0.032471 -0.216797
-0.285156 0.165039 -0.129883 0.095215
0.038574 -0.063477 0.016724 -0.147461
0.048340 -0.067383 0.015137 0.002563
-0.020996 -0.073730 -0.079590 -0.015747
0.174805 -0.020752 -0.073242 0.052734
-0.040283 0.113281 0.032227 0.097168
-0.073242 0.178711 -0.068848 0.037354
0.080078 -0.251953 0.195312 -0.195312
-0.121094 -0.048828 -0.059570 -0.158203
-0.115234 -0.124512 0.114258 0.006195
-0.027100 -0.034424 0.058350 0.009644
0.094727 -0.023804 -0.123535 0.169922
0.037842 0.089355 0.004883 -0.255859
0.019409 0.151367 -0.102539 0.046875
-0.006622 0.106445 0.117676 -0.365234
-0.002762 0.032227 -0.010803 -0.175781
0.110352 -0.040039 0.011047 -0.335938
-0.113281 0.012878 -0.043701 0.009399
-0.058838 0.141602 -0.078613 -0.180664
0.118652 -0.180664 0.019165 0.128906
0.022949 0.102051 -0.128906 -0.141602
-0.121094 0.024170 0.026855 -0.008972
0.157227 0.079590 0.056152 -0.072754
0.165039 -0.054443 -0.011108 -0.170898
0.061768 0.079590 0.061279 -0.054688
0.084473 0.088379 -0.093262 -0.052002
0.013794 -0.015991 0.081055 -0.226562
0.062012 -0.003525 -0.018311 -0.018677
0.076172 -0.002975 -0.005493 0.060547
-0.060547 -0.052490 0.031738 -0.041992
-0.078125 0.060059 0.046875 0.183594
0.085938 -0.066406 0.058105 0.057129
-0.402344 -0.034180 0.125977 0.038086
0.112793 0.020508 0.036133 -0.136719
0.019653 0.011841 -0.086426 -0.005554
0.016235 0.015869 -0.068848 -0.018188
0.176758 0.019775 -0.237305 -0.107910
-0.056396 0.119141 0.160156 -0.032227
0.054688 -0.028442 -0.008118 -0.326172
-0.005554 -0.044189 -0.090820 -0.178711
-0.031494 -0.030762 0.157227 -0.263672
0.040771 -0.153320 -0.170898 0.045898
-0.132812 0.018799 -0.159180 -0.125977
0.058594 -0.073730 -0.085449 -0.006317
0.037109 -0.033203 -0.298828 0.109863
0.035889 -0.140625 -0.188477 -0.318359
-0.006897 -0.170898 -0.072266 -0.177734
-0.136719 -0.098145 -0.120605 -0.077637
-0.074219 -0.269531 -0.113281 -0.174805
0.078613 -0.141602 0.022827 0.002243
0.017822 -0.175781 0.099609 -0.166992
0.005890 0.093750 0.180664 0.118652
-0.059082 0.085449 -0.129883 0.157227
-0.055176 -0.020630 -0.277344 -0.032715
0.034424 -0.212891 -0.138672 0.010132
0.001419 0.082031 -0.000572 0.184570
-0.059570 -0.073730 -0.157227 -0.155273
-0.062500 0.056152 0.155273 0.169922
0.029541 0.063477 -0.084473 -0.057373
0.047119 -0.071289 0.261719 0.132812
-0.129883 0.240234 0.163086 -0.080566
0.111328 0.176758 -0.036865 -0.109375
-0.033447 0.110352 0.144531 0.056641
-0.074707 0.116699 0.109375 0.079590
0.023315 -0.184570 -0.013550 0.008484
-0.034180 0.141602 -0.189453 0.172852
0.034424 0.128906 0.198242 0.025635
0.033691 -0.085938 -0.168945 0.046387
-0.009521 -0.060791 0.079102 -0.019775
-0.032227 0.003403 0.202148 0.133789
0.155273 -0.026245 0.155273 0.096191
-0.063477 -0.063965 0.038086 0.137695
0.125000 -0.133789 -0.013733 -0.054443
-0.126953 -0.079102 -0.022827 -0.149414
0.007080 -0.049072 0.107910 0.029785
-0.073242 -0.043945 -0.032715 0.070312
0.033203 0.088867 0.206055 0.124023
0.032959 0.014954 0.095215 0.221680
0.179688 0.127930 0.177734 0.005066
0.126953 -0.020752 -0.130859 0.009155
0.204102 -0.082520 0.015747 -0.083008
-0.118652 0.014343 -0.134766 -0.006836
0.102051 0.006531 -0.130859 0.021973
-0.045654 -0.079102 -0.006592 0.040283
0.024902 -0.196289 0.113770 0.064453
0.008484 -0.269531 0.054199 0.218750
0.234375 -0.075684 -0.031738 0.148438
0.001984 0.076172 0.011902 0.018921
0.010437 0.189453 0.185547 0.032715
0.002365 -0.150391 -0.000244 0.196289
0.164062 -0.142578 -0.102539 0.004242
0.042725 0.201172 -0.108887 -0.073242
0.107422 0.071289 0.102051 0.162109
0.145508 -0.248047 -0.205078 0.135742
0.027100 0.028564 -0.166992 -0.034180
-0.043945 0.014038 0.047363 0.042969
-0.084473 0.101074 -0.004730 0.033936
0.043701 -0.148438 -0.119141 0.004517
0.122559 -0.104980 -0.163086 -0.107422
0.040039 -0.059814 -0.103027 -0.132812
-0.086914 0.048584 -0.015015 0.118652
0.049805 -0.056152 -0.431641 -0.102051
0.044434 0.000862 -0.135742 0.020996
0.020752 -0.053467 -0.055908 -0.012573
0.165039 0.009521 0.203125 0.043945
-0.027588 -0.172852 -0.244141 -0.251953
0.090332 -0.246094 0.037598 -0.075684
-0.048096 0.067383 0.018799 0.008667
-0.118164 0.050781 -0.125977 0.024780
0.017212 0.090820 -0.136719 0.086426
0.146484 0.045166 0.078125 0.074219
-0.031494 0.008179 0.006531 -0.001503
0.132812 -0.050293 0.169922 -0.032227
-0.005707 -0.003693 -0.017578 0.039062
-0.148438 0.110840 0.074219 -0.069824
0.037598 -0.077148 0.047119 0.061279
-0.042480 0.022217 -0.025757 -0.048096
0.052002 0.096680 -0.003281 0.046875
-0.104980 0.040527 -0.124023 -0.066406
0.010254 0.067383 0.042236 -0.020386
-0.020142 0.113281 -0.076660 0.037109
0.036865 -0.131836 0.036865 -0.172852
0.013367 -0.158203 0.218750 -0.181641
-0.081055 -0.062988 -0.007507 -0.146484
-0.245117 -0.159180 -0.014343 -0.157227
0.102051 0.002762 0.022827 0.129883
0.018921 0.022217 0.216797 0.150391
0.036377 0.039307 0.041748 0.041504
-0.012268 0.003296 0.101074 0.040039
0.178711 -0.167969 -0.328125 -0.011230
-0.106934 -0.007477 0.241211 -0.171875
-0.066406 -0.029663 -0.130859 -0.001190
-0.241211 0.124023 -0.129883 -0.000771
0.176758 -0.169922 0.190430 -0.043701
-0.236328 0.114746 0.067871 -0.044922
0.019043 0.063965 -0.022827 -0.061035
0.095703 0.025391 0.145508 0.078613
0.188477 -0.047852 0.120605 -0.159180
-0.010132 -0.178711 0.024780 -0.030640
-0.061035 -0.089355 0.030762 0.134766
-0.125000 0.062500 0.228516 -0.143555
0.082520 -0.115234 0.106445 -0.019653
-0.199219 0.053223 0.097656 0.121582
-0.012024 0.025146 0.000275 0.024292
-0.198242 0.089844 -0.322266 -0.006195
0.122559 -0.107910 0.001442 -0.152344
0.048828 -0.034912 -0.041260 -0.199219
-0.111816 0.058350 0.011658 0.106934
-0.296875 -0.000175 0.131836 0.098145
-0.044189 -0.067383 0.044189 -0.007507
-0.300781 -0.021973 0.204102 -0.233398
-0.019165 -0.017212 -0.009888 0.054932
-0.158203 0.019409 0.118164 -0.051270
0.216797 -0.093750 -0.044434 0.069824
0.143555 -0.002380 -0.062500 -0.035156
0.052734 -0.236328 -0.104492 0.194336
-0.068359 -0.375000 0.048096 0.380859
-0.030640 -0.125000 -0.051270 0.078125
0.124023 -0.139648 -0.016724 0.146484
-0.028198 0.052490 0.111328 0.079102
0.083984 0.077637 0.095215 -0.043701
-0.119629 0.222656 -0.062988 -0.009033
-0.045166 -0.073730 0.071289 -0.096680
0.101074 -0.287109 -0.225586 0.048096
0.190430 -0.234375 -0.271484 0.090332
0.037109 -0.011108 -0.026123 0.035156
-0.092285 -0.024292 0.071289 0.044434
-0.113770 0.013245 0.127930 -0.073242
0.087402 0.115234 0.178711 0.172852
0.050293 0.091309 -0.068848 -0.104492
0.010925 0.095703 0.015747 0.048828
0.086426 -0.306641 -0.261719 -0.120605
-0.086426 -0.030884 -0.324219 0.001915
-0.090820 -0.091309 -0.160156 -0.229492
-0.115723 0.147461 -0.291016 0.150391
-0.092773 0.030762 0.138672 0.111816
-0.027832 0.036133 -0.021973 -0.086426
0.003967 -0.126953 -0.117676 -0.031250
-0.078613 -0.095703 0.265625 -0.008911
0.056396 -0.070312 0.059326 0.045898
0.020508 0.010193 -0.035889 0.030518
-0.051758 -0.014771 -0.056152 0.129883
-0.002838 0.094727 0.108887 0.086426
0.136719 0.168945 0.064453 0.107910
0.154297 0.125000 0.049316 -0.111816
0.095215 0.015442 0.072266 -0.134766
-0.013367 -0.003998 0.050781 -0.001236
0.064941 -0.064941 -0.092285 -0.036865
-0.083008 0.097656 0.005127 -0.075684
0.078613 -0.096680 -0.037842 -0.063965
0.003677 0.066895 -0.063965 0.029663
-0.094238 0.008972 -0.081543 -0.039062
0.014160 0.132812 -0.154297 -0.013916
0.012573 0.077148 0.058594 -0.069824
-0.092285 0.105957 0.017822 -0.109863
0.082031 -0.090332 0.086914 -0.026001
0.182617 0.011536 -0.108887 0.205078
-0.013062 -0.094727 -0.181641 -0.000809
0.073730 0.022827 0.017578 0.166016
0.040771 0.117676 -0.108887 0.147461
-0.289062 -0.110840 0.069824 -0.008301
-0.173828 0.160156 -0.028198 0.049561
-0.224609 -0.064941 0.079590 -0.006165
0.066895 0.008240 0.015991 0.022095
0.102051 -0.093262 0.163086 0.125977
0.175781 0.007172 0.145508 0.000004
-0.128906 0.017456 0.114746 -0.038818
0.003708 0.007599 0.279297 0.164062
-0.253906 0.000326 -0.188477 0.064941
0.073242 0.045166 -0.076660 0.010132
-0.300781 -0.008972 -0.031982 0.079590
-0.023193 -0.060303 0.050049 -0.193359
-0.038086 0.013794 -0.034180 -0.002487
0.131836 -0.087891 0.174805 -0.043701
-0.046875 0.007996 0.111816 0.009705
-0.062500 -0.072266 -0.140625 -0.006561
-0.071777 0.155273 0.037109 -0.015137
0.031128 0.077148 -0.203125 -0.082520
-0.310547 0.050049 0.160156 0.073242
-0.134766 -0.036133 0.029541 -0.089355
0.028076 -0.110352 0.006866 -0.125977
0.200195 -0.184570 0.128906 0.153320
-0.249023 0.010864 -0.051758 -0.177734
-0.009827 0.060547 0.070801 -0.043945
-0.312500 0.035889 0.088379 0.111816
-0.096680 0.003876 -0.018799 0.230469
-0.363281 0.104980 0.051270 0.062988
0.012634 0.121094 -0.046631 0.017090
-0.062500 0.208008 0.285156 -0.004242
0.084473 0.042480 0.193359 0.057129
-0.076660 0.171875 0.187500 0.085449
0.018066 0.000542 0.118652 0.002899
-0.109863 0.100098 0.001518 0.081543
-0.000854 0.044434 -0.115723 0.082520
-0.006592 0.140625 0.157227 0.015991
-0.020996 0.125977 -0.103516 0.231445
0.083008 0.187500 0.127930 -0.001297
0.057129 0.078125 0.069824 -0.042969
0.163086 -0.032715 -0.090820 0.101074
-0.114746 0.079102 0.100098 0.088867
0.010925 -0.013611 -0.235352 -0.029053
0.077637 -0.160156 -0.140625 -0.066406
-0.076172 0.105469 -0.038574 -0.138672
-0.082031 0.063965 -0.119141 0.132812
-0.087402 0.035400 0.195312 -0.049316
0.020752 -0.143555 0.025513 -0.045898
0.001953 -0.039551 0.078613 -0.050049
-0.195312 -0.000296 -0.007050 -0.013245
0.044922 -0.089844 -0.118652 -0.015564
0.141602 -0.388672 -0.061279 -0.010559
-0.087402 -0.077637 -0.109863 -0.060059
0.144531 -0.030518 0.055908 -0.074219
0.001930 0.218750 0.092285 -0.156250
-0.097168 -0.002716 0.110840 0.018188
-0.084961 0.081543 -0.067871 -0.100586
0.261719 0.144531 -0.004333 -0.046875
0.121582 -0.069824 0.069824 -0.071289
-0.139648 0.062012 0.119141 -0.107422
-0.084473 -0.076660 -0.080078 -0.023193
-0.085449 0.057129 0.128906 0.034668
-0.107422 0.073730 -0.207031 -0.111816
0.005096 0.113281 0.021973 -0.083496
0.010864 0.255859 -0.247070 0.036865
0.014465 0.017578 -0.026123 -0.023193
0.030396 0.046631 0.047119 -0.106934
-0.127930 0.138672 0.005188 -0.033447
-0.074707 0.108887 -0.039551 -0.057373
0.047119 0.166016 -0.225586 0.058350
-0.166992 -0.070801 0.104980 0.042969
-0.040039 0.166992 -0.026489 -0.042480
0.021606 -0.036865 0.071289 0.110352
0.069824 0.014954 -0.068359 0.063965
0.026245 -0.027344 -0.112793 0.230469
-0.156250 0.034912 -0.048340 0.084961
0.042480 0.218750 -0.123535 -0.030151
-0.148438 0.125977 -0.047852 0.083008
-0.179688 0.117676 -0.055664 -0.171875
0.004364 -0.114746 -0.171875 -0.085449
0.150391 -0.006989 -0.064941 -0.002960
-0.080078 -0.103516 0.207031 0.125000
0.208984 -0.018677 0.016235 -0.054199
0.154297 -0.013000 -0.004456 -0.044678
0.115723 -0.283203 -0.058594 0.017090
0.017700 0.144531 -0.027222 0.131836
0.010498 0.104980 -0.024048 0.046875
0.024048 0.013733 -0.045410 0.003265
-0.038330 0.044189 -0.000391 0.026489
-0.057129 -0.247070 -0.094238 -0.152344
-0.056152 -0.125977 0.032715 -0.128906
-0.036133 0.015503 0.096680 0.022705
0.179688 -0.084473 -0.150391 0.004517
-0.150391 0.015869 0.106934 0.145508
-0.014954 0.096680 -0.003876 -0.312500
-0.084473 0.003418 -0.054443 -0.005127
-0.012817 0.013916 -0.043213 0.063965
0.062256 0.021606 0.044189 0.033691
-0.183594 -0.003723 0.082520 0.166016
-0.147461 -0.058838 -0.018066 0.185547
0.112793 -0.081055 -0.149414 0.141602
-0.008301 0.061768 -0.031738 -0.040283
0.021729 -0.289062 -0.073730 0.166016
0.005859 0.122070 0.051025 0.019409
0.076660 -0.159180 0.075195 -0.003662
-0.055420 -0.020996 0.116211 -0.052979
0.020996 -0.026489 -0.042725 -0.038086
-0.094238 -0.024048 0.298828 0.061035
-0.094727 0.017456 0.117676 -0.109375
-0.030151 0.020264 0.064941 0.047852
0.050537 -0.106934 -0.376953 0.079590
0.051758 0.163086 0.183594 -0.018799
-0.023438 -0.035400 -0.138672 -0.174805
-0.050293 -0.002335 0.153320 0.095703
-0.025635 -0.000349 -0.006531 0.029419
-0.039307 0.208984 0.141602 0.115723
-0.080566 0.055420 -0.084961 -0.001343
0.029053 0.020508 0.068359 -0.001007
-0.074219 0.031128 -0.213867 0.047852
-0.058838 -0.027222 0.073242 0.000786
0.107910 -0.020142 0.096680 0.015320
0.141602 0.112793 0.042969 0.351562
-0.004547 -0.065918 -0.042725 -0.028320
-0.027344 0.045898 0.039551 -0.069824
-0.085449 -0.164062 0.139648 -0.039551
0.001907 0.029419 -0.031738 0.013306
0.015869 0.013000 -0.027832 0.107422
0.126953 -0.046631 -0.081543 -0.117188
-0.153320 0.080078 0.006561 -0.094238
0.281250 0.032227 0.271484 -0.019531
0.033447 0.092773 0.083008 0.010010
0.045166 0.093262 0.310547 -0.074219
-0.101074 0.008240 0.122559 -0.039307
-0.027954 0.045898 0.006866 0.005463
-0.067871 -0.030640 -0.041992 0.069824
0.030151 -0.024170 -0.006927 0.166992
0.032715 -0.166992 0.112305 -0.104004
-0.216797 0.191406 0.000444 0.001350
-0.015381 -0.005768 -0.025269 -0.096680
-0.026489 -0.013550 0.002304 -0.033203
-0.176758 -0.156250 0.045654 -0.037598
0.034912 0.035156 0.062012 0.074219
0.166992 -0.139648 -0.057617 0.160156
-0.079102 -0.061768 0.035645 0.044434
-0.168945 -0.044678 0.220703 -0.004333
-0.263672 0.051758 0.081543 0.104004
-0.068359 -0.012573 -0.019653 -0.000679
-0.027100 0.053223 -0.099609 0.048340
-0.106934 -0.020752 0.083008 0.014160
-0.031738 -0.008301 0.042725 0.059326
0.109375 -0.100586 0.155273 -0.049561
-0.110352 0.073730 -0.289062 0.081543
-0.143555 0.035645 -0.166016 -0.042480
-0.025757 0.273438 -0.009705 -0.111328
0.078613 0.041260 0.036133 0.014099
-0.132812 -0.007538 0.074219 0.064941
-0.197266 0.065430 0.170898 -0.023682
-0.029663 0.054932 -0.025146 0.057373
0.045654 -0.112305 -0.081543 -0.063965
-0.164062 0.057617 -0.028198 0.119141
-0.138672 -0.070801 0.110840 -0.222656
-0.106445 0.039307 -0.221680 0.160156
-0.066895 0.052734 -0.072266 -0.035645
-0.089355 0.187500 -0.036621 -0.092285
-0.052979 -0.146484 0.031494 -0.176758
-0.039551 -0.026733 0.035889 -0.013489
0.181641 -0.117188 0.120605 0.066406
-0.369141 -0.042236 0.222656 0.045654
-0.079590 0.218750 -0.037109 -0.222656
-0.132812 0.019409 0.043945 -0.114746
-0.071777 0.062012 -0.002060 0.092285
-0.151367 0.045898 0.212891 -0.123535
-0.015747 0.015076 -0.257812 -0.094238
0.032715 -0.011658 0.007629 0.005493
-0.087402 0.000946 0.016724 -0.067871
-0.109375 0.140625 0.235352 -0.064941
0.104004 -0.030029 -0.030762 0.060303
0.127930 0.029175 0.010620 0.106445
-0.146484 0.177734 -0.058350 0.208984
-0.039307 0.191406 0.105469 -0.069824
-0.227539 0.060547 -0.019531 0.110352
-0.084961 0.153320 -0.063477 -0.049805
0.016968 -0.011414 0.068359 -0.133789
-0.041992 -0.046631 0.149414 -0.004242
0.008484 0.064453 -0.300781 -0.041748
0.111328 -0.161133 -0.141602 0.047607
0.058350 -0.036377 -0.105469 -0.047119
0.023682 -0.011353 -0.067871 -0.053955
-0.134766 -0.095215 0.067871 -0.027710
-0.102051 -0.100586 0.166016 0.009277
-0.157227 0.059082 0.061768 -0.000186
0.017212 0.030151 0.229492 0.200195
0.102051 -0.052734 -0.257812 -0.071777
0.175781 -0.133789 -0.093262 -0.000139
0.102539 -0.271484 0.055420 -0.103027
0.053223 -0.149414 0.085449 -0.095215
-0.122070 0.022339 -0.055908 -0.242188
-0.039307 -0.106934 0.056396 0.021606
-0.020386 -0.005798 0.147461 -0.165039
0.170898 0.018066 0.298828 -0.001511
-0.079102 -0.071777 -0.096680 0.067871
-0.133789 -0.040771 0.189453 -0.093750
0.024780 0.076660 0.071289 -0.069824
0.032715 0.080566 0.075195 0.009338
-0.075195 -0.025879 0.050537 0.083496
0.041992 0.083496 -0.092773 0.246094
0.104004 0.182617 -0.064453 -0.048584
-0.043945 0.178711 -0.040283 -0.117676
-0.117188 -0.236328 0.016479 -0.123047
-0.063477 0.014404 0.118652 -0.045166
0.040527 0.120117 -0.056641 0.056885
0.052002 0.240234 -0.038086 -0.077148
0.304688 0.024170 -0.092773 -0.040771
-0.059814 -0.088379 0.113770 0.000292
-0.049316 -0.048096 0.011108 0.022339
-0.073242 0.098633 0.058838 0.012573
0.030762 -0.062988 -0.204102 -0.153320
-0.152344 0.166992 -0.106445 0.007812
-0.027100 -0.077637 -0.070801 0.170898
-0.079102 0.115234 -0.010559 0.134766
0.239258 -0.013245 -0.075195 0.133789
-0.206055 0.179688 0.028809 -0.109375
-0.198242 -0.169922 -0.147461 0.035889
0.062256 0.046143 0.166016 -0.013367
0.161133 -0.100586 0.103027 -0.047119
0.150391 0.027710 -0.024536 -0.108887
-0.014832 0.015991 -0.074219 -0.101074
0.110840 0.002914 -0.120117 0.009399
-0.016357 -0.095215 -0.040527 -0.204102
-0.151367 -0.057861 -0.003723 -0.083984
-0.110352 -0.010193 0.077637 0.102051
-0.192383 0.112793 -0.234375 -0.103516
0.106445 -0.089844 -0.055664 0.030762
-0.053711 0.011475 -0.031250 -0.115723
-0.218750 -0.030884 -0.024048 0.079590
0.016724 0.071777 -0.154297 -0.111816
-0.163086 -0.049072 0.160156 0.122070
-0.324219 0.220703 -0.103027 -0.034180
-0.173828 -0.090820 0.221680 0.225586
-0.131836 0.067383 0.073730 -0.122559
0.179688 -0.059570 -0.162109 0.202148
0.042480 0.024048 0.031982 0.277344
-0.229492 -0.064453 0.149414 0.296875
-0.066895 0.116211 -0.015259 0.040283
-0.051758 -0.066895 0.283203 0.312500
-0.034180 -0.207031 -0.043701 0.089355
-0.013245 0.234375 0.073242 -0.072266
0.066895 0.094727 0.025757 0.019043
-0.033447 0.030884 0.079590 -0.033936
0.164062 -0.067383 -0.047363 0.043945
-0.026123 -0.112305 0.037109 0.160156
-0.033203 0.125000 0.049805 0.115234
-0.102539 -0.108398 0.047607 0.033691
-0.010864 -0.180664 -0.322266 -0.018921
-0.038818 0.179688 0.212891 -0.038574
0.102051 0.090332 0.084961 0.055664
0.001343 -0.016113 0.076660 -0.029663
0.063477 0.017456 -0.136719 -0.240234
0.114258 -0.185547 -0.071289 0.044189
-0.114746 0.322266 -0.131836 -0.086914
0.083984 -0.110352 0.015076 0.042725
-0.100098 -0.068848 -0.221680 -0.289062
0.042725 0.117676 0.072754 -0.045898
-0.068848 0.008850 0.103516 0.012451
-0.046387 -0.040039 0.042480 0.065430
0.118652 -0.164062 0.036377 -0.075195
-0.006958 -0.077637 -0.251953 0.030396
0.092773 0.016846 -0.186523 -0.117676
0.053955 -0.082031 -0.098145 -0.085449
-0.099609 -0.170898 0.002686 0.121094
0.134766 0.186523 0.046631 -0.071777
0.093262 0.030640 0.040771 -0.056885
0.120605 -0.041260 0.009583 0.024780
-0.211914 0.018921 0.123047 -0.027832
-0.039062 0.279297 -0.093262 0.176758
-0.048096 -0.172852 0.041016 0.078125
0.138672 0.022217 -0.007446 0.267578
-0.087891 -0.191406 0.123535 -0.020386
-0.091309 0.099121 -0.103027 0.046143
0.020386 0.078613 0.033691 0.012878
0.026245 0.051514 -0.071289 0.004028
0.016479 -0.210938 0.159180 -0.155273
0.109375 0.112793 0.033203 0.093262
-0.015442 0.110352 -0.160156 -0.176758
-0.004608 -0.051270 0.186523 -0.049316
0.052002 0.010071 -0.086914 0.065430
-0.119629 -0.011169 0.053467 -0.039551
-0.246094 -0.001427 0.166016 0.094727
-0.020020 -0.071289 0.106934 0.048096
-0.177734 0.006409 0.263672 -0.042480
0.091797 0.009705 0.003418 0.187500
0.044922 0.180664 -0.120117 -0.014832
0.116211 -0.109863 -0.095215 0.086426
0.152344 -0.114258 0.267578 -0.012512
-0.237305 0.039551 -0.201172 -0.000444
-0.153320 0.187500 -0.106445 0.069336
0.001297 -0.031494 -0.098633 -0.000389
-0.159180 -0.032959 -0.160156 0.036133
0.024780 -0.021973 0.032959 -0.145508
0.100586 -0.127930 0.038086 0.052002
0.190430 -0.104492 0.181641 0.048584
0.166016 -0.097168 0.010681 -0.144531
-0.045654 0.055176 0.003845 0.224609
-0.088379 0.020264 0.028198 -0.052490
-0.075195 0.031982 0.001518 -0.025391
-0.000154 -0.050537 -0.074707 -0.202148
-0.090332 -0.030762 0.109375 0.026489
0.094238 -0.012451 -0.215820 0.044922
0.155273 -0.018311 -0.045898 -0.064453
0.154297 -0.148438 -0.224609 -0.046387
-0.208984 0.000137 0.196289 -0.029053
-0.400391 -0.012146 0.083984 -0.090820
-0.190430 0.001846 0.076660 -0.022217
0.024658 0.064941 -0.165039 -0.355469
-0.108887 0.021362 0.117188 0.228516
0.005096 0.063965 -0.124023 0.092773
0.105957 -0.031738 -0.100586 -0.065430
-0.031250 0.142578 0.090820 0.021484
-0.148438 -0.042969 -0.152344 0.199219
-0.001450 -0.357422 -0.200195 0.257812
-0.019409 -0.115723 0.052490 -0.043213
-0.042236 -0.086426 0.054688 0.180664
0.054199 0.013000 0.034668 0.068848
-0.122559 0.228516 0.004608 0.054932
-0.051758 0.001610 0.025635 -0.019043
-0.048096 0.133789 -0.170898 -0.089355
0.034668 -0.246094 -0.187500 0.021484
0.060791 -0.363281 -0.267578 0.023804
0.084961 0.136719 -0.153320 -0.306641
-0.186523 0.005371 0.001778 0.087402
-0.059326 -0.016357 -0.083984 -0.119629
-0.013916 0.077637 0.189453 -0.029419
-0.051025 0.083984 0.003799 0.042969
0.026489 -0.050781 -0.067383 -0.175781
0.150391 -0.241211 -0.277344 -0.040283
0.069336 -0.222656 -0.269531 -0.045654
-0.186523 0.005096 -0.041260 -0.095215
-0.171875 0.013123 -0.070801 0.029541
-0.111328 -0.074219 0.064453 -0.203125
-0.022705 0.017456 -0.108887 -0.189453
0.030640 -0.049561 -0.048828 0.046143
0.066406 0.018066 0.034180 0.058594
-0.039062 0.049316 0.009033 0.087402
0.006195 0.040039 -0.001266 -0.053955
-0.068359 -0.038330 -0.029663 0.034424
0.076172 0.166992 0.085938 0.003998
0.046387 -0.000149 -0.073242 0.205078
0.050537 0.112305 0.162109 0.052979
-0.037598 0.019531 -0.023682 0.018311
0.027710 0.117676 0.014526 -0.123535
-0.009399 0.125977 -0.012634 0.040283
-0.029663 -0.055176 0.046631 -0.129883
-0.057617 -0.035889 -0.081543 -0.150391
-0.010437 -0.011780 0.006714 0.033203
0.103027 -0.006989 -0.050293 0.085449
0.308594 0.045166 -0.021362 -0.028442
-0.052246 0.058594 -0.031250 0.040527
-0.062012 0.061035 -0.019897 -0.010193
0.071777 -0.084961 -0.089844 0.138672
0.250000 -0.007477 -0.062988 0.158203
0.066895 0.097656 -0.131836 -0.089355
0.162109 -0.114746 -0.152344 0.005676
0.211914 0.079102 -0.122070 0.068848
0.090332 0.137695 -0.045166 0.093262
-0.068848 -0.079590 0.003235 -0.015198
0.079590 -0.101074 -0.010986 0.052002
0.175781 0.045410 -0.002731 -0.027100
0.165039 -0.084473 0.193359 -0.019409
-0.005493 -0.187500 0.096680 -0.093750
-0.087891 -0.042969 0.216797 0.033447
0.124512 -0.127930 0.203125 0.028442
-0.052246 -0.039307 -0.109863 -0.084961
-0.034668 0.009094 0.012329 -0.017700
-0.134766 0.112305 -0.169922 -0.086426
-0.058105 -0.154297 -0.037354 0.002808
0.028442 -0.104492 -0.069336 -0.085449
0.037354 -0.198242 -0.113770 0.099121
0.011536 -0.035889 -0.041992 0.037842
0.111816 -0.003708 0.018311 -0.056152
-0.065918 0.071777 -0.021484 0.116699
-0.034668 -0.037842 0.049316 -0.033203
-0.144531 0.013977 0.020752 0.173828
-0.182617 -0.172852 -0.003189 0.176758
0.008667 -0.035889 -0.007111 -0.038330
0.030029 -0.085449 -0.151367 0.104004
-0.003571 -0.098633 0.127930 -0.049072
0.291016 -0.180664 -0.140625 0.178711
-0.138672 0.051514 0.249023 0.232422
-0.030518 0.037109 0.028809 0.086914
-0.061768 0.250000 -0.063965 0.144531
-0.107910 -0.427734 -0.245117 0.093750
-0.021606 -0.073242 0.034668 0.052246
0.102539 -0.062988 -0.046143 0.152344
0.044678 -0.113281 -0.127930 0.094727
-0.024536 -0.000336 0.074707 -0.048584
-0.077637 0.008850 -0.047607 0.126953
0.005432 0.079590 -0.055664 0.129883
0.016357 0.042236 0.056396 -0.004059
0.096191 -0.273438 -0.267578 0.014404
0.030640 -0.102539 -0.121094 0.083008
-0.088379 -0.065918 -0.212891 -0.073730
-0.017578 -0.095215 -0.135742 -0.050049
-0.130859 0.149414 0.029907 0.037354
0.011353 -0.121094 -0.076660 -0.051270
-0.090332 0.050049 -0.064941 0.233398
0.078613 -0.038086 0.005188 0.083496
0.126953 -0.201172 -0.250000 -0.037842
-0.019043 -0.121094 -0.110352 -0.077637
0.083496 -0.058105 -0.131836 0.030151
0.110840 -0.175781 -0.106934 0.033691
0.026733 0.018555 -0.019043 0.109863
-0.103516 -0.178711 -0.166016 -0.084473
0.058350 -0.064453 0.060059 0.085938
0.185547 -0.022705 0.121582 -0.098145
0.087891 0.011597 0.145508 -0.104004
-0.091797 -0.062500 -0.069824 0.059814
0.067871 0.041748 0.022217 -0.007935
-0.055908 -0.095703 0.088867 0.026489
-0.124023 0.091309 0.124512 -0.014771
0.030273 0.101074 -0.120117 -0.028198
0.082031 0.042725 0.206055 0.071289
0.043945 -0.014343 -0.088867 0.019775
0.066406 -0.035400 0.092285 -0.121582
-0.095215 -0.091309 0.035645 -0.132812
0.022461 -0.020386 0.033203 -0.071289
-0.106934 -0.053223 0.087891 -0.018433
-0.191406 0.081543 -0.096191 0.085449
-0.058838 -0.114258 -0.007416 -0.075684
-0.032715 -0.082031 0.168945 -0.033203
0.005371 0.061523 0.109863 0.184570
0.161133 -0.098145 0.024414 0.041992
-0.042969 0.027100 -0.044678 -0.063965
0.055908 -0.161133 0.158203 0.042236
0.022095 -0.068848 0.104980 -0.035889
-0.388672 -0.062256 0.069824 0.020264
-0.013184 -0.075195 -0.128906 -0.022583
-0.176758 -0.035889 0.012024 0.099121
0.020386 0.031494 -0.160156 -0.088867
0.291016 -0.073730 0.062256 -0.049072
0.064453 0.028320 0.265625 -0.057617
-0.108398 0.057861 0.071777 0.086426
-0.059570 0.090820 0.054932 -0.180664
-0.177734 0.205078 0.022705 0.067383
0.077148 0.020996 -0.036621 -0.194336
0.039551 0.143555 -0.053711 -0.045898
-0.275391 0.035889 -0.166992 0.144531
-0.020264 -0.049561 -0.002426 -0.285156
0.144531 -0.091309 0.099609 -0.094238
0.002563 -0.074219 0.091797 -0.100586
-0.143555 0.006348 0.079102 -0.196289
-0.225586 0.000257 0.244141 -0.093750
-0.043457 -0.083984 0.132812 0.019043
-0.130859 0.008423 -0.030029 -0.146484
-0.294922 0.011414 0.148438 0.131836
-0.093750 0.053955 0.080566 -0.008667
0.125977 -0.044678 -0.259766 -0.056641
-0.169922 0.104980 -0.027100 -0.283203
-0.078613 0.030273 -0.108887 0.124023
-0.343750 0.031128 -0.108887 -0.013611
-0.145508 -0.121094 0.003128 0.125000
-0.367188 0.102051 -0.255859 0.054932
0.006165 0.198242 -0.036133 0.003204
0.081055 0.051514 0.026001 0.019043
0.038330 0.255859 0.038574 0.055176
0.210938 -0.001213 -0.025269 -0.032227
-0.047363 0.016724 -0.022583 -0.028076
-0.151367 -0.123047 0.019897 0.058350
-0.049072 0.089844 -0.001984 -0.028442
0.165039 -0.008362 -0.033936 -0.018555
-0.042969 0.092773 -0.013916 -0.062256
0.212891 -0.010437 -0.033203 -0.003235
0.054932 0.102051 -0.073242 -0.036377
0.033691 0.113770 -0.028931 -0.008240
-0.013489 0.051270 -0.030029 -0.000039
-0.026855 -0.054443 -0.047607 0.026611
-0.089844 0.181641 0.036133 0.035645
0.235352 0.155273 0.027588 0.049072
-0.179688 0.143555 0.004883 -0.074707
-0.113770 0.070801 -0.009155 -0.061768
0.117676 0.020020 -0.057861 -0.074707
0.011963 -0.155273 -0.067383 0.032227
-0.011475 0.024170 -0.060303 -0.017700
0.002869 0.067871 0.043945 -0.051270
-0.084961 0.031738 -0.013550 -0.054443
0.081055 0.160156 -0.004211 0.017700
-0.148438 -0.032715 0.028687 -0.006256
-0.207031 0.162109 0.024048 -0.012268
0.127930 0.004639 0.015991 0.028442
0.267578 0.024536 -0.028442 0.025146
0.013000 0.023315 -0.010864 -0.045166
0.080566 -0.234375 -0.045410 -0.056152
-0.153320 0.066406 0.043701 0.024414
-0.104492 -0.015076 0.041992 -0.035645
0.027466 -0.051025 -0.053467 -0.004333
-0.022339 0.136719 0.051025 0.017944
0.043701 0.005646 0.038086 -0.000034
0.029175 0.019287 -0.018555 -0.017822
-0.003662 -0.010559 -0.011597 -0.065918
0.042969 -0.158203 -0.041992 -0.000992
0.039551 0.017578 0.043457 -0.011414
-0.156250 0.110352 -0.004028 -0.031006
0.047852 0.024780 -0.062988 -0.005676
-0.143555 0.071777 -0.070801 -0.043701
0.013733 -0.036865 -0.031494 -0.003693
-0.250000 -0.030884 0.015320 0.010376
0.013000 -0.063477 0.014038 -0.025513
0.084473 -0.093262 -0.047119 -0.021240
0.092773 0.011475 -0.005524 -0.022095
-0.020508 0.022095 -0.000019 0.053955
-0.001045 -0.144531 0.055908 -0.066406
-0.055420 0.210938 0.044189 -0.060059
-0.026123 -0.013855 0.047119 0.020630
-0.177734 -0.109863 0.001534 -0.020752
-0.042480 -0.037842 -0.007812 0.028442
0.246094 -0.029785 -0.005920 0.037109
0.137695 -0.024780 -0.041748 -0.005676
-0.131836 -0.102539 0.017944 -0.057373
0.016357 -0.094727 -0.063477 -0.034912
-0.097168 0.072754 -0.012390 -0.018555
0.123535 -0.259766 0.034180 -0.061035
-0.091309 -0.058105 0.047852 -0.047607
-0.026245 0.046875 -0.039307 -0.059570
-0.060547 -0.011414 -0.016479 0.033447
0.129883 -0.133789 -0.074707 0.000226
-0.014160 -0.184570 -0.041748 0.000134
0.004639 0.035889 -0.065918 -0.031128
-0.217773 0.163086 -0.077148 -0.016724
0.061035 -0.300781 -0.081543 0.046875
-0.231445 0.018066 0.027832 -0.027466
-0.032715 0.051758 -0.016235 0.011230
-0.047852 -0.004547 -0.006500 -0.026855
0.157227 -0.072754 0.033203 -0.024170
0.027832 -0.149414 -0.043457 -0.003830
0.095215 0.019043 -0.052246 -0.046875
-0.017456 0.043213 0.003113 0.018311
-0.092285 0.084961 0.018433 0.042480
0.006317 0.033203 0.016724 -0.012024
-0.017700 -0.201172 -0.063965 -0.014587
-0.105469 0.205078 0.023193 0.053223
-0.034180 -0.090332 -0.027588 0.062500
-0.072266 -0.038818 -0.002258 -0.013184
0.160156 0.072754 -0.016724 -0.027344
0.188477 0.135742 -0.026001 -0.028198
-0.255859 0.156250 0.017700 0.006561
-0.030151 -0.020264 0.051758 -0.011536
-0.111328 0.080566 0.008240 0.002563
-0.017090 -0.004517 -0.017456 0.002731
0.048340 -0.015747 -0.022583 -0.058105
0.053223 -0.148438 0.044678 -0.018555
0.015747 0.170898 0.020386 0.044434
0.044922 -0.083496 0.023438 -0.038330
-0.108887 0.087402 -0.039551 -0.048096
-0.052490 -0.081543 0.017456 -0.007141
-0.042725 0.041016 0.008179 -0.062988
-0.025024 0.120117 0.000839 -0.064453
0.155273 -0.067383 -0.005646 -0.010498
-0.339844 0.008484 -0.031128 0.040527
-0.009338 0.085938 -0.054443 -0.001251
0.045898 0.024292 -0.006622 -0.057617
-0.101074 0.119141 0.004364 0.025879
0.083984 0.142578 0.005096 -0.027344
0.228516 -0.199219 -0.035156 -0.038086
-0.044434 -0.000999 0.057373 0.021729
0.012146 -0.063477 -0.005676 -0.001579
0.024536 0.103516 -0.030640 -0.079590
-0.011902 0.063965 0.034668 0.054688
0.091309 0.041016 0.049316 -0.063965
0.106934 0.090332 0.033203 0.026611
-0.039062 -0.013123 0.057373 0.002640
-0.016846 0.180664 -0.015991 -0.043213
0.000106 0.001823 0.025635 -0.030151
-0.105957 -0.135742 -0.004913 0.021606
0.003250 0.053223 -0.026001 -0.028076
-0.029663 0.039795 -0.006409 0.010132
-0.007935 -0.110840 -0.054688 0.026978
0.283203 0.159180 -0.013184 0.013245
-0.171875 0.053467 0.008972 -0.019165
-0.104004 -0.005249 0.021240 -0.058594
-0.026367 0.031494 -0.068359 0.024414
-0.102539 -0.246094 0.040771 0.052979
-0.261719 -0.040283 -0.025513 0.054199
0.121094 -0.138672 0.009338 0.047852
0.001945 0.092285 -0.067383 -0.041992
0.104492 -0.088867 -0.068359 0.043945
-0.010376 0.071777 -0.065430 0.043457
0.119141 -0.007721 0.004120 0.018433
0.061035 0.077637 0.008423 0.041260
0.136719 -0.263672 -0.001541 0.013367
-0.147461 0.135742 0.022339 -0.007416
0.049316 -0.189453 0.020874 0.045898
0.058105 -0.028198 -0.032959 -0.063965
0.084961 -0.094238 -0.040527 0.047607
0.039062 0.008545 -0.000809 0.010376
-0.025269 0.161133 0.031982 -0.018311
-0.181641 0.051270 -0.067871 -0.030273
-0.119629 -0.265625 -0.044189 0.019165
-0.188477 0.255859 -0.023682 0.018433
-0.259766 -0.166016 -0.041504 -0.025391
0.032959 -0.316406 -0.076660 -0.053467
0.209961 -0.069824 0.012268 -0.036377
-0.015320 -0.175781 -0.058105 -0.018555
0.092773 0.021729 0.028198 0.037109
-0.210938 0.067383 0.018066 -0.014160
-0.129883 -0.082031 -0.034424 -0.014343
-0.173828 0.110840 -0.047119 -0.013000
-0.121094 0.057373 0.026489 0.036377
-0.173828 -0.124512 -0.021484 -0.018433
0.029175 -0.049805 -0.043945 -0.012573
-0.164062 0.003235 0.021973 -0.012390
0.043701 0.120117 -0.051758 -0.052490
-0.066895 0.124023 -0.012390 0.031494
-0.026855 -0.066406 -0.063965 -0.007935
-0.160156 -0.002808 -0.027954 -0.054932
-0.037354 0.053955 0.043701 -0.044434
-0.237305 0.103516 -0.050049 -0.034180
-0.016479 0.028687 -0.014465 -0.000277
-0.044922 0.079590 -0.023682 0.024780
-0.138672 0.234375 -0.025635 -0.024902
0.072266 -0.116211 0.020386 0.037842
0.063965 -0.062012 0.028442 0.024536
-0.013611 -0.070312 -0.018433 0.027100
0.054932 -0.058105 0.005035 0.008301
-0.116211 0.187500 0.024536 -0.039795
0.149414 -0.022827 0.011169 -0.065430
-0.067871 0.107422 0.064453 -0.025757
-0.097656 0.073242 0.038086 0.042480
0.132812 -0.014038 -0.053223 -0.008301
0.163086 0.031982 -0.014221 0.030151
0.196289 0.099609 0.020996 0.049072
0.103027 0.115234 -0.040039 -0.008484
-0.086914 -0.039795 0.031494 0.040771
-0.068848 -0.034424 -0.056641 0.014282
-0.001465 0.050781 -0.038574 0.054932
0.006470 -0.031738 -0.026123 -0.060059
0.019531 -0.084961 0.055664 0.056152
-0.000016 -0.033936 0.050781 0.022095
-0.187500 -0.168945 -0.047119 -0.026855
-0.050293 0.107422 0.004395 -0.002258
-0.050293 0.219727 -0.046387 0.016724
-0.048828 -0.100586 -0.051270 -0.021484
0.090332 -0.166992 -0.083008 -0.027222
0.061035 0.184570 -0.021851 -0.015442
0.190430 -0.196289 0.001755 -0.028687
-0.113770 -0.080566 0.007660 0.019897
0.018311 -0.132812 0.032959 0.009399
-0.165039 -0.004211 0.061279 -0.066406
-0.042969 0.077637 0.038818 0.017456
-0.090332 -0.167969 0.007538 -0.021973
0.253906 -0.027832 0.035400 -0.028931
0.004730 0.093750 -0.024658 -0.038330
0.199219 -0.153320 0.000610 0.055176
0.059570 -0.070801 -0.063965 0.000416
-0.115234 -0.263672 0.027100 -0.040771
0.071777 -0.012024 -0.016113 0.016113
-0.010132 0.183594 -0.041260 -0.056396
-0.119629 -0.083496 -0.023071 0.048340
0.206055 -0.104004 0.061523 0.014709
-0.043213 0.053467 -0.032959 0.000683
0.220703 -0.137695 0.013855 0.009399
0.003906 -0.240234 -0.026733 0.056152
0.048828 -0.039062 -0.020264 0.036133
-0.036865 0.099609 0.031494 -0.034180
-0.072266 0.034912 -0.035645 -0.045654
0.004730 -0.098145 -0.026245 0.004974
0.006592 -0.125977 -0.014526 0.036377
-0.062256 0.144531 0.054932 -0.043457
-0.075195 -0.261719 -0.028198 0.014954
-0.149414 -0.298828 0.053467 0.023682
0.121094 -0.121582 0.028809 0.031006
-0.073730 0.075195 0.017212 0.041260
0.114258 0.116211 0.013672 0.003021
-0.107422 -0.050049 0.001930 0.035889
-0.024292 -0.084473 -0.008423 -0.038086
0.065918 0.053711 -0.028198 0.018799
-0.275391 -0.023315 -0.061768 0.011475
-0.078613 -0.208008 -0.015991 -0.020386
0.026733 -0.081543 0.055420 0.004578
-0.024658 -0.032471 0.043457 -0.027832
0.003265 0.104980 0.005585 -0.009766
0.002975 0.016724 -0.026489 0.006866
0.057861 0.007507 0.033691 0.047363
-0.127930 -0.030396 0.027710 -0.036133
0.037842 0.008484 0.001869 -0.041260
-0.055420 -0.330078 -0.026611 -0.005188
0.056396 -0.108887 0.022827 -0.022095
0.016968 -0.022949 -0.059082 -0.043457
0.055176 0.180664 -0.002853 0.031494
0.004700 -0.287109 -0.013611 -0.057373
0.244141 0.077637 -0.017334 0.027588
-0.021606 -0.035889 -0.049805 0.014160
0.074219 0.048584 0.007935 0.042725
-0.181641 -0.022217 0.048340 -0.018677
0.060059 -0.015747 -0.069824 0.047607
-0.016602 -0.050293 -0.020020 0.017700
-0.049316 -0.084473 -0.041992 0.038574
0.077148 0.099121 -0.042236 -0.005707
0.010437 -0.063965 0.047607 -0.063477
0.016357 0.044434 0.022583 -0.004059
0.060791 0.023804 -0.057861 0.003220
0.001678 0.097656 -0.027588 0.008667
-0.029175 0.107910 -0.007172 -0.053467
0.029297 0.023804 0.019043 0.020264
0.104980 0.034912 -0.061279 0.016479
0.047607 0.056885 -0.020264 0.033936
0.001053 0.146484 0.026001 0.023682
0.161133 0.002380 0.042969 -0.042480
0.007568 -0.022583 0.046875 -0.005127
0.057861 -0.100098 -0.043213 -0.018433
-0.075195 -0.103516 -0.052246 -0.070312
-0.041504 -0.013855 -0.054688 -0.010620
0.094238 0.130859 -0.029541 0.004761
0.081543 0.089355 0.008423 -0.031982
-0.083984 0.193359 -0.048340 0.029297
-0.061523 0.104980 0.009705 -0.022827
0.018921 -0.050293 -0.043457 0.007996
0.010437 0.105469 0.014954 -0.047119
-0.113281 0.007446 0.030640 -0.047607
0.010559 0.028320 -0.009277 -0.010193
-0.062256 -0.084961 -0.052979 0.024170
-0.166992 -0.141602 -0.059814 0.001404
-0.062500 0.006439 0.010315 -0.018433
-0.203125 0.141602 -0.062988 0.050781
0.069336 -0.006744 -0.035889 0.040283
-0.080078 0.103516 0.007080 0.020996
-0.102539 -0.133789 0.003281 0.031738
0.009216 -0.059814 -0.007080 -0.004150
0.103027 -0.090820 0.018066 -0.007294
0.047119 0.122070 -0.058594 0.041504
-0.349609 -0.078125 0.005798 -0.015747
0.292969 0.005859 -0.015442 0.015625
0.075684 -0.100098 -0.024902 -0.051758
0.046875 0.187500 0.042480 -0.041504
-0.279297 0.101562 -0.016602 -0.009583
0.023438 0.054688 -0.057861 -0.046631
0.057373 -0.091797 -0.055176 0.018677
-0.279297 0.163086 -0.000225 -0.040283
-0.145508 -0.116211 -0.007385 0.023315
-0.136719 0.207031 -0.046387 -0.066406
-0.018555 -0.109863 -0.001099 -0.069824
0.168945 0.060547 -0.049316 0.002167
0.022583 0.094238 -0.043457 0.017700
-0.087402 -0.017578 -0.046631 -0.012146
0.232422 -0.062988 0.019531 -0.030029
-0.210938 0.126953 -0.005219 0.025635
-0.011902 -0.033447 -0.040283 -0.053223
-0.172852 0.227539 0.039307 -0.045654
-0.124512 -0.053711 0.028809 0.005646
-0.032471 0.001984 0.026489 -0.026245
-0.088867 -0.166992 -0.005005 -0.057373
0.026245 -0.149414 -0.057129 0.043213
-0.090820 -0.015625 -0.055664 -0.020386
-0.119141 -0.250000 -0.004028 -0.052246
-0.037598 0.117676 -0.062500 0.017456
0.144531 -0.094238 0.039307 -0.056885
-0.243164 0.014526 0.008118 0.025879
-0.046875 -0.054932 0.011536 0.046875
-0.185547 0.137695 0.033203 -0.027222
-0.011230 -0.209961 -0.054443 0.004669
0.008240 -0.080566 -0.063965 -0.062500
0.017944 -0.006989 0.023560 0.031494
-0.091797 0.166992 -0.059082 0.008606
0.150391 0.087891 0.023926 0.030396
-0.004913 -0.189453 -0.047119 0.025146
-0.003967 0.009460 -0.049805 0.031128
-0.072266 0.143555 -0.029297 -0.071289
-0.294922 0.153320 -0.028198 -0.051758
-0.125000 0.098145 -0.019165 -0.008118
-0.008057 0.022583 0.021118 -0.021973
0.017212 0.134766 -0.061523 -0.007507
0.160156 0.037842 0.011108 -0.058594
0.232422 0.191406 -0.078613 -0.050049
0.036621 0.097168 0.017456 -0.039062
-0.073730 0.054443 0.041748 -0.018433
0.149414 0.011902 0.029907 -0.032715
-0.104004 -0.017334 -0.070801 -0.041504
0.030518 -0.165039 -0.051025 0.036377
-0.208008 0.054932 0.052246 -0.051025
-0.061768 0.001518 -0.006775 -0.045166
-0.014587 -0.155273 0.047119 -0.022949
0.011047 -0.109375 -0.022217 -0.004578
-0.158203 0.012390 0.067383 -0.048828
0.009277 0.023193 -0.039307 0.022461
0.001938 0.060303 -0.031250 0.046387
-0.058105 0.032227 -0.017456 -0.005768
0.029175 -0.092285 0.009766 0.048096
-0.212891 0.004822 -0.006256 -0.041260
0.071777 -0.103027 0.042480 0.019897
-0.069824 -0.212891 -0.036377 0.015564
0.154297 -0.054443 -0.024658 0.038818
-0.223633 -0.156250 0.002487 -0.050049
0.033447 0.072754 -0.065430 0.019897
0.005920 0.122559 -0.008972 -0.021484
0.098145 -0.046631 -0.038086 -0.059570
-0.086914 -0.144531 -0.019409 -0.051270
0.058838 -0.028198 -0.054688 -0.006256
0.103516 -0.060547 -0.077637 0.049805
0.179688 0.131836 -0.012390 0.023804
-0.206055 0.075195 -0.028320 0.012024
0.006653 0.069336 0.047363 -0.037109
0.171875 0.036377 -0.017090 0.047607
0.045410 -0.122070 0.033203 -0.030518
-0.102051 -0.150391 -0.013794 -0.019897
0.041016 -0.136719 -0.002502 -0.020752
0.019775 -0.279297 0.000599 -0.043701
0.022583 -0.075684 -0.015198 -0.043457
-0.023071 0.201172 -0.003296 0.004883
-0.015198 0.066895 0.002853 -0.000740
0.075195 0.087891 -0.053955 -0.014954
0.062988 -0.181641 0.005676 0.015015
-0.109375 -0.236328 0.049072 -0.007324
-0.281250 -0.091309 0.024658 0.015564
-0.026001 -0.182617 -0.069336 -0.052246
0.030396 0.033691 -0.045654 -0.051514
-0.074219 -0.168945 0.034668 -0.008240
0.107910 0.203125 -0.037598 -0.054443
-0.126953 0.044922 -0.073242 0.000269
-0.063965 -0.225586 -0.037109 0.048828
-0.039062 0.017944 -0.036865 0.013977
-0.139648 0.013916 -0.055908 -0.049561
-0.023193 -0.109375 0.025635 -0.027710
0.004181 0.041260 -0.068359 0.002609
0.029541 0.214844 -0.011475 0.026001
-0.250000 0.033447 -0.056396 0.006592
-0.053955 0.015259 -0.043945 -0.058350
-0.053223 -0.015747 0.005981 0.006989
0.188477 0.015625 0.020264 -0.030884
0.066895 0.006042 0.040039 -0.040771
-0.185547 0.004974 -0.018921 -0.038574
-0.082031 0.151367 0.005737 -0.048340
-0.195312 0.353516 0.004059 -0.058105
-0.194336 -0.147461 -0.016846 0.028442
0.099121 -0.125977 -0.048340 -0.036621
0.039307 0.080078 -0.034668 -0.068848
0.187500 0.178711 -0.074219 -0.045654
-0.055420 0.135742 -0.055664 0.020996
-0.339844 -0.038086 0.033936 -0.023560
-0.118652 0.216797 -0.007996 0.052490
-0.027344 0.234375 0.039795 0.004089
-0.011108 0.128906 -0.050293 0.051758
0.035400 0.082031 -0.008179 0.024048
0.016479 -0.016846 0.010681 0.016357
-0.026001 -0.007324 0.010376 0.029785
-0.024658 0.092285 -0.016479 -0.012024
0.034180 0.018799 -0.011108 0.038818
-0.121582 0.115723 0.024048 -0.044434
-0.271484 0.108887 -0.057373 -0.035156
0.182617 -0.006989 -0.043213 -0.018555
0.070312 0.193359 0.037842 0.027954
0.031006 -0.011536 -0.023315 0.043213
-0.041504 0.160156 0.021118 0.027466
-0.099121 -0.030273 -0.014954 0.021606
-0.094238 -0.097168 -0.028687 -0.042480
-0.109375 0.052490 -0.038330 0.032471
0.007446 0.036133 -0.040039 -0.045654
-0.056152 -0.052734 0.018677 -0.011902
-0.060059 0.049072 0.015625 0.012817
-0.087891 -0.040771 -0.065430 -0.055908
-0.094727 0.142578 0.031982 -0.002274
0.140625 -0.026245 -0.027344 0.009338
-0.051514 -0.189453 0.008484 -0.046875
0.039307 0.100098 0.019653 -0.023315
0.192383 -0.079102 -0.045166 0.033203
-0.182617 -0.078125 0.006927 -0.043701
-0.190430 -0.050781 -0.020020 -0.022705
-0.066895 -0.082520 -0.046631 -0.062012
-0.127930 0.047852 -0.064453 0.044678
0.209961 0.023682 -0.046631 -0.024902
0.006531 -0.255859 0.035889 -0.044678
0.111328 -0.069336 -0.023315 -0.065918
0.035156 -0.010376 -0.030640 0.066895
0.190430 0.085938 0.032959 0.023193
0.062256 0.121094 -0.044922 -0.065918
0.019653 0.077148 0.016235 0.055664
-0.333984 -0.039062 -0.063477 0.024658
0.053955 -0.134766 -0.036133 -0.013123
0.104492 -0.185547 -0.030151 -0.049072
0.137695 0.082520 0.008301 -0.041260
0.091797 -0.138672 -0.035156 -0.017944
-0.204102 0.155273 -0.029297 0.047119
-0.283203 0.255859 0.041992 0.013611
-0.014343 0.082031 -0.005219 0.031738
-0.037842 -0.152344 -0.048584 -0.057617
-0.065430 -0.359375 0.032227 0.035156
0.042236 -0.196289 -0.019287 0.035156
0.105469 0.058105 0.042480 -0.030884
0.216797 -0.247070 0.029297 -0.014526
-0.090332 0.007446 -0.052246 -0.043701
-0.294922 0.077637 0.026001 -0.010376
-0.117188 0.062500 0.008972 -0.023560
-0.000444 -0.035645 -0.057861 0.027222
-0.196289 -0.081543 -0.053467 0.017212
-0.037842 -0.109375 0.000170 -0.009338
0.087891 -0.145508 -0.073730 0.009827
-0.104980 0.063965 -0.005005 -0.008423
-0.075684 0.020386 -0.086914 -0.027588
-0.026733 0.164062 -0.033203 0.034912
-0.191406 -0.009216 -0.005981 0.011475
0.065918 -0.039062 0.016602 0.057129
0.061035 0.221680 0.014771 0.043213
-0.196289 0.141602 0.060059 0.005493
0.003799 -0.039062 0.003357 -0.052979
-0.050293 -0.017944 -0.025269 -0.032715
0.133789 -0.160156 -0.053467 -0.021851
0.054932 0.092773 0.008545 0.028198
-0.110352 -0.105469 -0.009644 -0.038086
-0.102539 0.158203 -0.019165 -0.023071
-0.116699 0.349609 -0.035400 -0.034424
-0.055420 -0.002487 0.025024 -0.039795
0.018799 0.018188 0.024536 0.005768
0.220703 0.142578 -0.067383 0.011230
0.217773 0.077148 -0.055664 -0.045654
0.043945 0.074219 -0.053955 -0.067383
0.074219 0.123047 -0.053711 -0.067871
0.005829 -0.026855 -0.006958 -0.057373
0.108398 0.242188 -0.062256 -0.050781
-0.041992 0.291016 0.011475 0.007782
0.020020 -0.004944 -0.033936 -0.016357
-0.042480 -0.122559 0.011902 0.015747
0.071777 -0.157227 0.014954 -0.047363
-0.150391 0.117676 0.017334 -0.063477
-0.251953 -0.013916 0.006195 0.044678
0.038818 0.040039 -0.039062 -0.001694
0.073242 0.052979 0.007874 -0.040771
0.065918 -0.056152 0.011292 -0.032715
-0.089844 -0.039062 0.031494 0.033936
-0.069824 -0.275391 0.009644 -0.010559
0.104980 -0.037109 0.000223 -0.031006
0.031006 -0.061035 0.029419 -0.059082
-0.010010 -0.083496 -0.006683 -0.019531
0.010132 0.189453 -0.056885 -0.057617
0.093750 0.221680 0.024536 0.017212
0.177734 -0.033691 0.014099 0.020508
-0.002625 -0.029907 0.017944 -0.037598
0.042480 -0.281250 -0.073242 -0.013611
0.102539 -0.104980 -0.048340 -0.057373
0.105957 -0.047119 -0.038818 -0.052002
0.255859 -0.161133 0.045654 -0.033936
-0.080566 0.076660 -0.006561 -0.062500
0.105957 -0.107422 -0.044922 0.031250
0.312500 0.094727 0.013062 0.004791
-0.047363 -0.026733 0.013733 0.012573
0.161133 -0.289062 0.050293 -0.026123
0.016479 -0.162109 -0.032959 0.038330
0.087402 0.022461 -0.050049 0.041504
0.039062 -0.103516 -0.019287 -0.037354
-0.084473 -0.009216 0.014038 0.051758
0.073242 0.069336 0.018677 -0.042725
0.055176 -0.007660 0.033936 0.019775
-0.041992 0.007568 0.041748 0.034912
-0.167969 -0.168945 -0.059326 -0.064941
-0.073730 -0.186523 -0.040771 0.018677
0.153320 -0.328125 0.034180 -0.068359
0.003998 -0.231445 -0.053467 -0.005310
0.103516 0.068848 -0.048828 0.014648
0.134766 -0.013611 -0.027588 -0.054443
-0.140625 -0.053955 -0.075684 -0.008484
-0.079102 0.084961 0.004028 0.035645
-0.115234 -0.033936 -0.027100 0.028809
-0.164062 -0.225586 -0.025024 -0.011108
-0.012756 -0.176758 0.027344 -0.019409
-0.102051 -0.078613 -0.035889 -0.050537
0.130859 -0.052002 -0.039307 -0.014099
0.238281 -0.023315 -0.015625 -0.066406
-0.102539 -0.054199 -0.015320 0.023560
-0.061523 -0.054199 0.021973 -0.028687
-0.314453 0.015076 0.011902 -0.035400
-0.063477 0.174805 -0.068359 -0.030396
0.200195 -0.013733 0.025879 0.046875
0.088867 0.036377 -0.055420 0.002441
0.013428 0.073242 -0.019409 0.044678
-0.083984 0.048828 0.021240 -0.067383
0.031494 -0.052002 -0.086914 -0.004486
0.096191 0.067871 -0.026611 -0.040039
-0.071777 -0.127930 0.026245 0.047363
0.114258 0.029175 0.020752 -0.024292
0.065918 0.186523 0.037109 0.014526
0.060547 0.175781 0.005219 0.047363
0.055420 0.064941 0.037842 -0.060303
0.058838 -0.137695 -0.040771 0.002686
0.023682 0.170898 0.016357 0.019653
0.076660 -0.032227 -0.028076 -0.029297
0.162109 0.125977 0.017456 0.013489
0.247070 -0.026978 -0.075684 -0.001701
-0.125977 0.199219 0.033203 -0.005096
0.041016 -0.108398 -0.005890 0.042725
0.057861 -0.036377 -0.053711 -0.053955
-0.072266 -0.192383 0.024414 -0.059082
-0.040039 0.139648 -0.062988 -0.029053
0.084473 -0.100586 -0.080566 -0.043701
0.096680 -0.163086 0.006256 -0.060791
-0.088379 0.170898 -0.027954 -0.003418
-0.249023 0.058838 0.010010 -0.046387
0.032715 0.130859 -0.030640 0.062500
-0.035645 -0.002136 -0.022461 -0.053223
-0.000048 0.079102 0.007202 -0.002213
-0.004517 -0.077148 -0.063965 -0.013672
0.132812 -0.064941 -0.057617 -0.034912
0.203125 -0.240234 -0.049561 0.000973
0.045898 -0.016602 0.028198 -0.028687
0.004333 0.154297 -0.054688 -0.067871
-0.019287 0.227539 0.029541 0.003906
-0.131836 0.034180 -0.035156 0.026001
-0.118164 0.181641 0.029297 -0.075684
-0.131836 0.025391 -0.016479 0.046875
-0.096680 0.098145 0.027710 0.041748
0.090820 -0.165039 0.005707 -0.000181
0.156250 -0.095215 -0.051025 0.009216
-0.056152 0.046387 0.046143 -0.011414
-0.066895 -0.020996 0.025024 -0.047119
0.010193 -0.200195 -0.054932 -0.025635
-0.217773 -0.078613 0.004242 0.039551
0.044922 0.070312 0.011536 0.016968
-0.079102 -0.134766 0.009888 0.008850
0.134766 -0.074707 0.055908 0.044678
0.206055 -0.056152 0.012390 -0.055420
-0.169922 0.000465 -0.064941 -0.018677
-0.273438 0.065918 0.024414 -0.015259
-0.045166 -0.041016 -0.046631 -0.006836
-0.089355 0.034424 -0.020386 0.029175
-0.013611 -0.077148 -0.001114 0.042725
0.138672 -0.071289 -0.014465 0.041260
-0.166016 -0.081543 -0.047119 -0.006592
0.227539 -0.269531 0.028564 -0.020508
0.125977 -0.085449 -0.062500 0.021729
0.145508 -0.149414 -0.048828 -0.017090
0.093750 -0.198242 0.002838 0.015625
-0.075684 0.102051 0.045898 -0.069824
-0.061768 0.060059 -0.012390 -0.068359
-0.017334 -0.158203 -0.006012 -0.045654
-0.255859 0.097168 0.013062 0.012634
-0.132812 -0.128906 -0.036377 -0.013123
0.053955 -0.135742 -0.036377 -0.052002
-0.153320 -0.142578 -0.019043 -0.044922
-0.157227 -0.165039 -0.019287 -0.014160
-0.195312 -0.054443 -0.023926 -0.004974
0.002747 0.004150 -0.003525 0.042969
-0.302734 -0.097656 0.005035 0.017700
0.023682 0.100586 -0.062500 -0.013428
-0.056396 0.021118 -0.094238 0.049805
-0.050781 -0.161133 -0.020142 -0.034912
0.039795 -0.052002 -0.120605 0.028931
0.015747 0.020630 0.014465 -0.002457
-0.049316 0.017334 -0.050781 0.061523
0.051270 -0.193359 0.003784 -0.062988
-0.012024 0.025024 0.152344 0.000387
0.035400 -0.097168 0.004211 -0.201172
-0.028809 0.005768 -0.138672 -0.070312
-0.042480 -0.156250 -0.172852 -0.175781
-0.036133 0.080078 -0.135742 -0.049316
0.042236 -0.023193 0.046875 0.016357
0.001389 0.026733 0.013672 0.094727
0.049561 -0.006897 0.037109 -0.232422
0.030151 -0.386719 -0.100098 -0.033447
-0.009766 -0.067383 0.015625 0.237305
-0.059814 0.073242 -0.064941 0.128906
0.023193 -0.008789 0.007538 -0.114258
0.026245 0.123047 -0.087402 0.088379
0.027222 0.017090 0.052979 -0.020020
-0.055664 0.053223 -0.133789 -0.176758
0.047363 0.013611 0.165039 -0.204102
0.044678 -0.074707 -0.005005 0.040039
-0.046143 0.042725 0.069336 0.073242
-0.060791 0.009827 -0.005280 0.010315
0.035400 0.096191 -0.001175 0.127930
-0.058838 -0.030640 -0.090332 0.002106
-0.010498 -0.016602 -0.055420 -0.055176
0.035156 0.003479 -0.089844 0.025391
-0.056885 0.106445 0.096680 -0.004150
0.018921 0.143555 0.316406 -0.021606
-0.059326 0.071777 0.086426 -0.063477
-0.008362 -0.036377 0.018188 -0.053955
0.013733 0.119629 -0.059082 0.038086
-0.049072 0.050781 -0.059570 -0.089355
-0.039795 -0.037598 -0.052979 -0.040039
-0.027832 0.049561 -0.012512 0.091797
0.020996 -0.026245 -0.004669 0.071289
-0.017212 -0.042236 0.248047 -0.034668
0.013428 0.184570 0.182617 -0.118652
-0.000209 -0.011780 0.104492 0.004822
0.002258 -0.064453 -0.022949 0.073242
0.044189 0.044678 -0.111328 0.250000
-0.022461 0.072266 0.010193 -0.037842
0.040039 -0.066406 -0.160156 -0.062988
0.000370 -0.245117 0.156250 0.087891
0.049316 -0.096191 0.092773 0.142578
0.032471 0.023071 0.058838 -0.086914
-0.018677 0.022217 0.025146 -0.137695
-0.002884 0.072266 0.131836 0.058105
0.006042 0.140625 0.196289 0.062988
-0.017456 0.026978 0.053711 0.010925
-0.056396 -0.231445 -0.125977 0.181641
0.027466 0.106934 0.040771 -0.159180
0.017334 -0.014160 0.183594 -0.037598
0.024048 0.031494 -0.095215 -0.057617
0.028687 0.026001 0.010681 0.009888
0.049561 -0.026245 -0.003784 -0.034424
-0.000782 -0.069824 0.060059 0.100098
0.014343 -0.034668 0.017456 -0.016113
-0.061523 0.095703 0.271484 -0.160156
-0.023926 0.104980 -0.113770 -0.200195
-0.007538 -0.000305 0.193359 -0.030518
-0.031982 -0.074707 -0.024658 -0.041016
-0.003448 0.112793 -0.042480 -0.055176
0.004181 0.114258 0.068848 -0.036865
-0.056885 -0.130859 0.171875 0.104492
0.018433 -0.041748 0.017334 -0.021240
-0.051025 -0.092773 0.037109 0.135742
-0.023193 -0.036865 -0.064453 -0.052490
-0.046387 -0.104492 0.023438 0.048096
0.027954 -0.094727 0.029419 -0.068848
0.017944 -0.226562 -0.018555 0.006714
-0.036133 -0.142578 -0.097168 -0.208008
0.040771 0.025513 -0.104492 0.075684
-0.018677 0.139648 -0.032959 -0.132812
-0.007080 -0.074219 -0.241211 0.161133
-0.060059 0.035400 0.199219 -0.047607
0.038330 0.055176 0.018066 0.084473
-0.003067 -0.075684 -0.178711 -0.199219
-0.027832 0.023682 -0.300781 0.044678
0.043213 -0.177734 0.074219 -0.131836
-0.044434 0.118164 -0.291016 0.154297
0.019043 -0.115234 -0.207031 0.115723
-0.030762 -0.167969 0.060791 -0.191406
-0.011169 -0.129883 0.154297 0.083984
-0.038818 0.185547 0.111816 0.045654
-0.026245 0.001053 -0.067383 -0.055664
-0.048096 0.013855 -0.175781 -0.115234
-0.056641 -0.012756 0.149414 -0.112793
-0.065918 0.078125 -0.171875 0.118164
-0.020020 0.024658 -0.201172 -0.012207
-0.059326 0.126953 0.198242 0.055176
0.005035 0.008667 0.007660 -0.121582
0.052246 0.035156 -0.042480 0.302734
-0.007477 0.098633 0.161133 -0.057373
0.037109 -0.126953 -0.016968 0.086426
0.053223 0.134766 0.031494 -0.042725
0.031982 -0.083008 -0.140625 0.044678
0.032471 -0.189453 -0.157227 0.039062
-0.040039 0.073242 0.049072 0.062012
-0.000416 0.083496 0.269531 0.026001
-0.047363 -0.060059 -0.032471 -0.186523
-0.050781 0.010498 0.014404 -0.070801
-0.006378 0.108398 -0.064453 -0.042969
0.015503 0.081543 -0.031738 0.016113
-0.021729 0.079102 -0.035889 -0.152344
-0.039795 -0.109375 -0.231445 -0.071777
-0.069336 -0.110840 -0.083008 -0.206055
-0.007812 0.061035 0.082031 -0.062012
0.043701 0.019165 0.003464 0.124512
0.045654 0.013794 0.027100 -0.020386
-0.058838 -0.039551 0.063965 0.253906
0.048340 -0.120117 -0.048828 -0.003372
0.012634 -0.078125 0.010010 0.135742
0.008789 -0.053955 -0.203125 0.086426
-0.029053 0.114258 0.144531 -0.115723
0.000290 -0.086914 -0.026367 0.115234
0.008972 0.009033 -0.024658 -0.083008
0.003067 -0.129883 0.000496 -0.021973
0.005157 -0.037842 0.117676 0.028809
-0.033447 0.134766 0.056641 0.026611
-0.020264 -0.031494 -0.062500 0.055176
-0.040039 -0.136719 0.053467 -0.047607
0.039062 0.142578 -0.009033 0.032227
0.034668 -0.051758 0.065430 0.192383
-0.021484 -0.040039 0.148438 0.040527
-0.055176 0.011475 0.014587 0.159180
-0.012756 0.056885 -0.034668 0.083984
-0.011414 -0.009277 -0.007690 -0.180664
-0.047852 0.050293 0.097656 -0.150391
0.000801 -0.034424 0.075195 -0.032227
-0.031738 -0.064941 -0.048096 0.003906
-0.017700 0.002167 0.205078 -0.024536
-0.045166 -0.050049 -0.116699 0.087891
0.004089 -0.112305 0.133789 0.122559
-0.029053 0.069336 0.160156 -0.077148
0.001442 -0.179688 -0.077148 -0.069336
-0.044434 -0.141602 0.137695 0.033203
-0.011108 0.165039 -0.001823 -0.023193
-0.011169 0.067383 -0.096680 0.038574
-0.052002 -0.261719 0.061768 -0.007721
-0.056885 0.093262 -0.228516 -0.096680
-0.043457 -0.091309 -0.173828 -0.008789
-0.040039 0.174805 -0.009888 0.174805
0.032471 0.179688 0.269531 0.033447
-0.036621 0.124023 -0.082031 0.026001
0.030151 0.016479 -0.109375 -0.064941
-0.033203 0.181641 -0.024170 0.103516
-0.036133 0.172852 0.160156 0.131836
-0.013855 0.139648 0.304688 0.006683
0.000820 0.064941 -0.128906 0.144531
0.038818 -0.043457 0.031006 0.211914
-0.027710 -0.147461 0.189453 0.111816
-0.018188 -0.030518 -0.032227 -0.117676
-0.032715 -0.048828 -0.277344 0.027954
-0.046143 0.073242 0.027222 -0.170898
0.046387 -0.034668 -0.018188 0.052979
-0.024902 -0.127930 0.137695 0.070801
-0.044189 0.243164 -0.050537 -0.016724
-0.057373 0.165039 -0.054932 -0.050781
-0.001472 0.173828 -0.005402 -0.105957
0.017212 0.166016 0.018066 -0.188477
0.040771 0.020020 -0.137695 0.056885
-0.003220 -0.053955 -0.024658 -0.147461
0.032715 -0.016846 -0.082031 -0.138672
0.023926 -0.148438 0.003281 -0.206055
0.013611 0.031494 -0.142578 -0.054443
0.047607 -0.019409 0.070312 0.033447
0.031982 0.042725 0.398438 -0.133789
-0.056641 0.240234 0.218750 -0.224609
0.043213 -0.086426 -0.114746 0.101074
-0.040039 -0.012756 0.200195 -0.059570
-0.007538 0.125000 0.310547 0.104004
-0.030029 0.024780 0.182617 -0.051758
0.035645 0.092285 -0.166016 -0.012695
-0.018066 -0.107422 0.170898 -0.133789
0.012817 0.030518 0.132812 -0.149414
-0.009949 0.166016 0.111328 0.084473
-0.016479 -0.015869 -0.221680 0.010071
0.049072 0.106934 0.030151 0.028687
0.002563 -0.027954 -0.133789 0.053223
-0.059814 0.146484 0.067871 -0.070312
-0.044434 -0.221680 -0.162109 0.263672
-0.034424 0.050781 -0.081543 -0.019775
0.005829 0.098633 0.031006 0.110352
0.016113 -0.002274 -0.021362 -0.153320
0.031494 -0.010071 -0.125000 0.125977
0.014954 -0.134766 0.119141 -0.047119
0.024048 -0.104980 0.014099 -0.020508
-0.053711 -0.032471 0.085449 0.032715
-0.017822 -0.232422 -0.029541 0.056885
0.036377 -0.022705 0.064941 -0.028687
0.009094 -0.059326 0.040771 -0.099609
0.036377 0.028931 -0.089355 0.052490
0.041504 -0.072754 -0.063477 -0.052979
-0.018066 -0.126953 -0.148438 0.027710
-0.018433 0.081543 -0.080566 0.170898
0.032959 -0.010742 -0.012146 -0.070801
-0.023438 0.215820 0.041504 0.123535
-0.058350 0.130859 0.172852 -0.026245
-0.035645 0.074219 0.261719 -0.101562
0.012329 0.016479 0.035889 0.051758
0.038818 0.096191 0.062256 -0.129883
-0.020142 0.139648 0.067871 -0.062500
0.006134 0.084473 0.077148 0.041992
0.012329 0.183594 0.099121 -0.109863
0.001823 -0.115723 0.096680 0.061279
-0.005341 0.168945 -0.111816 0.069824
-0.043213 -0.088379 -0.034180 0.061768
-0.049072 -0.194336 -0.053223 0.065918
0.039795 0.279297 -0.067383 -0.195312
0.008606 -0.204102 0.108887 0.006073
0.042236 -0.231445 0.046143 0.058838
-0.038086 -0.143555 -0.001648 0.043457
-0.042725 0.022705 0.011597 0.026245
0.025879 -0.232422 -0.006927 0.089844
-0.051758 0.018066 -0.190430 0.250000
0.008789 -0.038330 0.164062 0.073242
-0.041016 -0.009888 -0.014282 0.087891
0.027344 0.025513 -0.058350 -0.005432
0.048828 0.030273 0.065918 -0.008118
0.004547 -0.004364 0.023560 -0.026733
0.033203 0.001091 0.044678 -0.012573
-0.062012 -0.141602 -0.127930 0.079590
-0.052002 -0.020142 0.080078 0.036133
-0.035645 -0.051514 -0.006531 -0.135742
0.030762 0.176758 -0.020996 0.106445
0.017334 -0.041748 -0.030151 -0.031738
-0.005920 0.045166 -0.063477 0.314453
-0.005493 -0.020142 -0.046631 0.094727
0.037842 0.070801 0.014587 0.012512
-0.052734 -0.257812 0.000973 -0.010193
-0.005402 0.245117 0.233398 0.115234
-0.057129 0.069824 -0.018921 0.201172
0.030640 -0.023560 -0.073730 -0.023315
-0.070801 -0.072266 0.019531 -0.053223
0.043457 0.123535 -0.281250 0.071289
0.001831 0.103516 -0.232422 0.080078
0.009277 -0.009460 -0.073242 0.018799
0.022217 0.044434 -0.273438 0.263672
-0.011536 -0.009094 -0.146484 0.129883
0.017212 0.066895 0.186523 -0.148438
-0.063965 0.026611 -0.118652 -0.008484
0.042236 0.014465 0.021118 0.004639
0.002396 -0.114746 -0.160156 0.053467
0.017578 0.088379 -0.017456 0.019531
0.009033 -0.047119 -0.077637 0.028931
-0.049072 0.105469 -0.174805 -0.038574
-0.041992 -0.143555 -0.089355 -0.138672
-0.060791 -0.076660 0.031006 -0.012207
-0.020630 0.015381 0.041016 -0.014771
-0.015320 0.060791 0.076172 0.031738
-0.046631 0.093750 0.018799 0.010193
0.016968 0.019653 -0.140625 0.165039
-0.009766 0.029785 0.036377 -0.040771
0.046631 -0.244141 0.042725 0.230469
-0.051025 0.091309 -0.019775 0.114258
0.048828 -0.101074 -0.061279 0.234375
0.010620 0.005157 -0.073730 0.056152
-0.053467 -0.070312 0.013916 -0.031982
0.040283 -0.012573 -0.166016 -0.030396
0.027466 -0.052246 -0.108398 0.003357
-0.006744 0.041748 -0.058350 0.086426
0.007751 0.067871 0.058105 0.007874
-0.059326 0.064941 0.063477 0.017212
-0.060303 0.173828 0.219727 -0.011475
-0.025635 -0.163086 -0.065430 0.077637
-0.044434 0.106934 0.040771 0.038574
-0.040527 -0.117188 -0.098633 -0.077637
0.019775 -0.128906 0.012268 0.051270
-0.026611 -0.016479 -0.017334 0.059082
-0.067383 -0.076172 -0.072266 -0.100586
0.001480 -0.153320 -0.009827 -0.177734
-0.033447 -0.081543 0.157227 -0.071289
-0.044434 0.004578 0.035889 0.012817
-0.010193 0.057861 0.094727 0.001816
-0.061768 0.120117 0.124512 -0.114258
-0.041016 0.059570 0.163086 -0.109375
-0.044189 0.014465 0.007446 0.067871
-0.002106 0.077637 0.128906 -0.093262
-0.046875 0.062012 -0.113281 -0.051514
-0.052246 -0.182617 0.151367 0.047363
0.028442 0.057373 -0.088867 -0.022461
-0.058838 -0.108887 0.079102 0.062256
0.043457 0.184570 -0.066406 0.043701
-0.034668 0.144531 0.071777 -0.242188
0.021606 0.031006 -0.039307 0.151367
-0.036133 0.016724 0.175781 0.034180
0.014465 0.089844 0.094727 -0.010559
0.014893 -0.172852 0.083984 0.099121
0.049316 0.014282 0.257812 0.147461
0.034668 0.113770 -0.039551 0.187500
-0.038574 0.033691 0.171875 0.024780
-0.037354 0.050781 0.085449 -0.077148
0.013489 0.169922 0.063965 0.117188
0.039307 -0.029907 0.220703 -0.151367
0.051270 0.103027 0.020508 0.138672
-0.045410 -0.182617 -0.102539 -0.125977
-0.035889 -0.281250 -0.020874 -0.004028
-0.001060 0.026123 0.043457 -0.104980
-0.036377 -0.036377 0.159180 -0.006378
0.051758 -0.001694 0.157227 -0.210938
-0.043945 0.151367 -0.144531 0.095215
0.044678 -0.020386 0.063477 0.184570
-0.026245 -0.042725 -0.114746 0.019287
0.022705 -0.298828 0.013428 0.000460
0.045410 -0.097656 0.011719 -0.086426
-0.025757 0.208984 0.090332 -0.250000
-0.016113 0.030518 -0.108887 -0.110352
-0.017212 0.027466 0.063477 -0.004852
0.039551 0.006378 -0.105957 -0.030884
0.009399 0.110352 0.074219 -0.302734
-0.014587 -0.126953 -0.178711 -0.026123
0.003342 -0.060059 0.005005 0.156250
-0.011841 -0.032471 0.247070 -0.035889
-0.032715 0.029663 0.025146 -0.095215
-0.058350 0.117188 0.349609 -0.169922
-0.029053 0.131836 0.060547 -0.237305
0.033691 -0.150391 -0.106934 0.197266
0.014221 0.140625 0.029297 -0.004303
0.008118 -0.041748 -0.113770 0.092285
-0.009216 -0.004211 -0.064453 0.074219
0.012390 0.005096 0.084961 0.061035
-0.058350 0.052734 -0.002487 -0.121094
-0.061279 0.004517 0.091309 -0.027466
-0.035889 -0.057861 -0.055176 -0.199219
-0.029785 0.021973 -0.072266 0.146484
-0.057861 0.218750 0.103027 -0.076172
-0.043457 -0.038086 -0.097168 -0.132812
-0.053711 -0.051514 0.104980 0.116211
0.003601 -0.211914 0.181641 0.024902
-0.069336 -0.100586 0.083008 -0.114746
-0.060547 -0.002548 -0.076660 0.067871
0.017578 -0.075195 0.055908 0.024902
0.026245 0.031982 0.173828 -0.004333
0.025024 0.046143 0.119141 -0.267578
-0.027344 -0.223633 -0.148438 -0.037842
0.028076 0.038086 0.018433 -0.089844
0.036865 0.014404 -0.031006 0.026123
-0.047852 -0.002258 -0.071289 0.104492
-0.050293 0.039551 0.100586 -0.034180
-0.054688 0.052246 -0.036621 0.009644
-0.056885 -0.003708 -0.007874 0.059082
-0.059814 -0.088867 -0.185547 -0.076172
-0.031494 0.121094 -0.008118 -0.104980
0.007172 -0.059814 0.062988 -0.006683
0.047607 -0.102051 -0.030273 -0.009827
0.050049 0.077637 0.269531 -0.099609
0.031982 0.038818 0.232422 -0.119141
0.058105 -0.116211 -0.032959 -0.271484
-0.007080 -0.050537 -0.059082 -0.065918
-0.039062 -0.071289 -0.238281 -0.125000
-0.041016 -0.018433 -0.073242 -0.090820
-0.059570 0.094238 0.189453 0.080566
-0.055420 -0.167969 -0.063477 0.055664
0.013367 -0.089844 -0.044189 0.015564
-0.001968 -0.093262 -0.066895 0.092285
0.021484 -0.120605 -0.271484 -0.109863
0.043945 -0.157227 0.087402 -0.121094
0.029663 -0.033691 -0.119141 0.188477
0.028931 -0.083984 -0.199219 0.257812
-0.058838 0.041748 -0.040771 0.027466
-0.061279 0.022339 0.092285 0.065918
-0.021606 0.015625 -0.138672 -0.104492
0.017822 0.064453 0.051514 -0.036621
0.023315 -0.085449 -0.051514 -0.038574
0.018799 -0.230469 0.024902 -0.134766
-0.035645 -0.034668 0.174805 0.129883
-0.005768 -0.006470 -0.084961 0.069824
0.011780 0.006439 -0.041504 0.045654
-0.006195 -0.241211 -0.148438 -0.013306
0.019653 -0.069336 -0.041748 -0.320312
-0.009705 -0.040283 0.159180 0.031494
0.030884 0.027710 -0.078125 -0.120117
-0.007355 -0.196289 0.132812 -0.075684
0.043457 0.050537 0.028687 0.123047
-0.046631 0.080566 -0.024414 0.137695
0.026245 0.036377 -0.019653 0.072266
0.041748 -0.034668 -0.067383 0.261719
0.013550 -0.009521 0.066406 -0.159180
-0.032715 -0.039062 0.012756 -0.174805
0.026123 -0.041260 -0.207031 -0.106445
-0.056885 0.004669 -0.023804 0.138672
0.042236 -0.107910 -0.287109 0.132812
-0.048584 -0.042969 -0.223633 0.066406
-0.021851 -0.017944 -0.037109 -0.043701
-0.033447 0.036377 0.192383 -0.028564
-0.023560 0.124512 0.189453 0.180664
-0.012634 0.130859 0.069336 -0.041260
0.017212 0.004089 -0.125000 0.110840
-0.052979 0.109863 0.008484 0.044922
0.038086 -0.111328 -0.001198 0.062988
-0.044434 -0.186523 -0.076172 -0.020996
-0.010132 -0.068848 -0.034180 -0.013916
-0.036377 -0.051758 0.085449 0.012329
0.033936 -0.029907 -0.059570 -0.022461
0.053223 0.122070 0.086914 -0.112793
0.030029 0.064453 -0.020996 0.081543
-0.000172 -0.207031 -0.071777 -0.003799
-0.029541 0.056396 0.100586 0.039551
-0.063477 -0.016968 0.015381 0.169922
-0.002289 0.109863 -0.028442 0.026978
-0.012329 -0.146484 0.000444 0.130859
-0.022095 -0.174805 0.043457 -0.057861
0.029297 -0.017090 0.093750 0.060303
-0.062988 -0.018921 -0.013367 0.052002
0.028198 0.148438 0.081055 -0.036621
-0.035645 -0.068848 -0.040283 0.163086
-0.054199 -0.024658 0.060547 0.058105
0.021240 -0.002563 -0.084961 0.067871
0.038574 0.042236 0.230469 -0.083984
-0.020996 0.051025 0.073242 0.031494
-0.036377 0.104004 0.097656 -0.022949
0.054443 -0.028442 0.009521 -0.050049
-0.064453 0.047607 0.039551 -0.035645
-0.034424 0.011963 -0.027954 0.107422
0.049561 -0.022583 0.111816 0.011780
-0.016846 -0.011169 -0.058838 -0.018799
0.054199 -0.171875 0.164062 -0.006592
0.046631 0.001228 0.103516 0.044434
-0.052490 0.152344 0.060303 -0.140625
-0.008240 0.070312 -0.088867 -0.082031
-0.015564 -0.058838 0.097168 0.091309
-0.022949 0.179688 -0.099121 0.036865
-0.046631 0.027100 0.000422 0.076172
0.025269 0.009460 0.000064 -0.054688
0.050049 -0.073242 0.182617 0.078125
0.006805 -0.084961 -0.007935 0.171875
0.017700 -0.090820 -0.029297 -0.031982
-0.027100 0.058838 -0.019165 -0.125977
-0.054443 0.094238 -0.037842 0.172852
-0.031738 0.183594 -0.080078 0.138672
0.034668 -0.108398 0.028076 0.020508
-0.055420 0.029053 0.094727 0.005859
-0.026001 -0.047119 -0.027954 -0.082520
0.004822 0.041748 -0.061279 -0.011841
0.028809 0.193359 -0.083008 0.022583
0.009766 -0.040527 -0.042969 0.008118
0.018433 -0.001205 0.036865 -0.023193
-0.012268 -0.016113 -0.082520 -0.127930
0.025635 0.121094 -0.072754 -0.114258
-0.053711 -0.013855 0.099121 -0.107422
-0.016846 0.021729 -0.269531 0.291016
0.041016 -0.304688 -0.088379 -0.076172
-0.032959 -0.065918 0.017700 -0.208008
-0.014404 -0.013123 -0.021484 0.035645
0.035645 0.062500 -0.058838 -0.255859
-0.054932 0.020996 -0.076172 -0.223633
-0.062988 -0.109375 -0.114746 -0.005798
-0.024658 -0.012939 0.056396 -0.046631
-0.057617 0.157227 -0.182617 0.041992
0.038574 0.032227 -0.090820 -0.253906
-0.032471 0.040527 0.133789 0.065918
-0.041260 0.053223 -0.028076 0.162109
-0.064941 0.155273 0.183594 0.034424
0.000152 0.103516 0.238281 0.020996
-0.020508 0.030762 0.053223 -0.063965
0.040283 -0.002167 0.017212 -0.090332
-0.064453 -0.185547 -0.175781 0.094727
-0.060547 0.081543 -0.026611 0.208008
-0.047607 0.205078 0.014221 -0.051270
-0.001968 -0.007324 -0.003906 -0.077148
0.016724 0.162109 0.020386 0.014893
0.014648 -0.018433 -0.144531 -0.001854
-0.011414 0.125000 0.037109 0.051025
0.015991 -0.028442 0.141602 -0.226562
0.004089 0.087402 -0.175781 0.008606
0.002243 0.113770 -0.357422 0.021484
-0.021240 -0.062500 -0.013794 -0.339844
-0.063477 -0.054443 -0.011597 0.055908
0.004761 0.036377 0.110352 -0.033203
-0.062988 -0.075195 0.106934 -0.125000
-0.037354 -0.003067 0.090820 0.081543
0.021973 0.006500 0.140625 -0.076172
-0.063965 0.029419 -0.183594 0.091309
-0.013184 -0.067383 -0.194336 0.046387
0.045654 0.183594 0.125977 -0.158203
0.037109 0.039795 0.047363 -0.029175
0.045166 -0.083008 0.022705 0.115723
0.038330 0.098633 -0.110840 0.171875
-0.041260 -0.006226 -0.087402 0.012085
-0.041748 0.164062 0.125000 -0.017090
-0.054932 0.089844 -0.106934 -0.032227
0.055420 0.078613 0.015320 0.051025
-0.062256 -0.010071 -0.021851 0.083984
-0.039307 0.006500 -0.024536 -0.081055
0.018799 -0.025635 0.204102 -0.067383
-0.023926 0.072266 0.038818 -0.005585
-0.038086 0.011841 -0.076660 -0.001648
0.001183 0.072266 0.078613 -0.191406
0.001678 0.214844 0.020508 -0.087402
0.045898 0.147461 0.026245 -0.080566
0.002716 0.083008 0.149414 -0.275391
0.013000 0.034424 -0.009460 -0.027954
0.011658 -0.214844 0.096191 0.049561
-0.045654 -0.181641 -0.007721 0.061768
0.020020 0.011230 0.015381 0.059814
0.008179 -0.036377 0.012085 0.036377
-0.040771 0.110352 0.046387 -0.107422
-0.015747 0.063477 0.082031 -0.033936
-0.063965 0.094727 -0.139648 -0.020508
-0.056641 0.021606 -0.005432 -0.010193
0.017578 0.087891 -0.047607 0.177734
-0.049561 -0.048584 0.154297 0.133789
0.040527 0.021851 -0.117676 -0.073242
0.008545 -0.034180 0.058838 0.145508
0.035400 -0.086914 0.127930 0.104492
-0.058105 0.060059 -0.138672 0.004089
0.043945 -0.029419 -0.056152 -0.049316
-0.013062 -0.016602 -0.129883 0.057129
0.005554 -0.019775 0.102539 -0.093262
-0.041504 0.241211 -0.043457 -0.011902
-0.018921 -0.200195 -0.075684 0.044189
0.026123 0.100586 -0.049072 -0.022827
-0.054688 -0.122559 -0.125977 -0.042725
-0.003403 0.028687 -0.189453 -0.074219
0.011536 0.080078 -0.121094 -0.064941
-0.007294 0.006897 -0.233398 0.082520
-0.000805 0.008057 0.081055 -0.125977
-0.053955 -0.221680 -0.167969 0.017700
-0.039551 -0.030029 -0.003082 0.198242
-0.012695 0.033447 -0.104004 0.008972
0.026855 -0.115723 -0.103027 -0.006989
0.031494 0.137695 -0.113770 0.207031
0.032715 0.032471 -0.033203 -0.139648
-0.037598 -0.014587 -0.112305 0.115723
-0.048828 -0.048584 0.074219 -0.008362
0.010681 0.006165 0.076660 0.000683
0.002899 -0.139648 0.020752 0.189453
-0.029541 -0.074219 -0.029297 0.029541
0.042480 -0.002167 -0.049316 0.126953
0.000744 0.008728 0.006683 0.137695
0.012817 -0.013550 0.019043 -0.084961
0.024170 -0.081543 0.057373 0.072754
0.017822 0.000637 0.063477 -0.146484
-0.035400 0.054688 0.026855 0.125000
-0.022583 -0.052002 -0.041748 0.216797
0.007782 0.064453 -0.125977 0.087891
0.010010 0.005646 0.031738 0.031982
0.014587 -0.033691 -0.060303 0.119629
-0.020752 -0.073730 -0.184570 0.014954
-0.040283 0.002014 -0.090332 0.103027
-0.022217 -0.048096 0.121582 -0.079102
0.016113 0.055420 0.044922 0.085449
-0.008118 -0.014038 -0.125977 0.007996
-0.006195 -0.166016 -0.032471 0.207031
0.023926 -0.082520 0.055664 -0.022705
-0.051270 -0.085449 -0.092773 0.129883
-0.037109 -0.058350 0.057129 0.024780
-0.038818 -0.078125 0.012268 -0.020020
-0.058838 -0.069336 -0.025146 0.123047
0.012207 -0.038574 -0.038086 0.024780
-0.048096 -0.035889 0.170898 0.054932
-0.016113 0.019043 0.136719 0.120117
0.040283 0.038086 -0.005737 0.084473
-0.025269 -0.003036 -0.042480 0.104004
0.029541 -0.047119 0.081543 0.101562
-0.014893 -0.025391 -0.073730 -0.000422
-0.031738 0.029663 0.267578 -0.117188
-0.027100 -0.016602 -0.014771 -0.038086
0.012390 0.059814 -0.017212 -0.140625
0.027222 0.014771 0.080078 -0.067871
-0.021973 -0.055420 0.076660 -0.076172
0.046143 -0.029419 -0.027344 0.091797
-0.011963 -0.044922 0.064941 0.016602
0.034668 -0.150391 0.020020 0.097168
-0.050537 -0.065430 -0.004822 0.049561
-0.007935 0.071289 0.061035 -0.021240
-0.059570 0.046631 0.123047 -0.090332
-0.055420 -0.142578 0.189453 -0.013428
-0.030518 -0.136719 0.103516 0.124023
-0.040283 -0.174805 0.022827 0.058350
0.010742 -0.052490 0.072266 -0.125977
-0.021240 -0.234375 0.135742 0.207031
0.078125 0.079102 0.049561 -0.045410
0.056396 -0.070801 0.090820 0.001892
-0.017456 0.098145 0.144531 -0.160156
-0.062500 0.098145 0.036377 -0.046631
0.027710 -0.066406 0.034668 0.031982
0.162109 0.097168 -0.001297 0.025391
0.060791 0.082520 0.026489 -0.010254
-0.147461 0.060059 0.010742 -0.035645
-0.031738 0.058838 -0.033691 -0.060303
0.110352 -0.137695 0.143555 -0.001633
-0.011536 0.166992 0.031494 -0.164062
-0.044922 -0.010010 -0.008484 0.052979
0.019043 0.056641 0.022339 0.021851
-0.005066 -0.020264 0.089355 0.066895
-0.061768 0.048096 -0.193359 -0.036865
0.004669 0.090332 -0.086426 -0.147461
-0.050293 0.006378 -0.228516 -0.014587
0.129883 -0.028931 -0.289062 0.070312
0.008118 0.049561 0.059326 -0.068359
0.038574 -0.208008 0.070801 -0.059570
-0.051270 0.066895 -0.080566 -0.007812
0.014832 0.072754 0.017456 -0.166016
-0.231445 0.014832 -0.237305 -0.104492
-0.181641 0.054932 -0.110840 0.065430
-0.059082 0.009033 -0.088379 -0.106445
0.048340 -0.165039 -0.036377 0.166992
0.073242 0.058105 0.050781 -0.066895
0.096680 -0.031006 -0.005432 0.082031
-0.028076 0.031982 0.076172 -0.027710
-0.050293 0.125977 -0.034424 0.007446
-0.191406 0.125977 -0.008240 -0.287109
-0.021362 0.037598 0.045410 0.120117
0.007690 0.031494 0.024902 -0.113770
-0.148438 -0.214844 -0.025146 0.111328
0.148438 -0.065918 -0.031494 -0.120605
0.095703 -0.126953 0.025635 0.036133
0.049805 0.047607 -0.024292 -0.019653
0.022705 -0.131836 -0.085449 0.116699
-0.159180 -0.055908 -0.027954 -0.277344
-0.205078 0.150391 -0.018433 -0.096191
-0.110352 0.141602 -0.065430 -0.191406
-0.216797 0.070312 -0.181641 -0.031738
-0.021484 -0.058594 -0.004028 -0.081543
-0.000410 -0.238281 -0.257812 0.150391
-0.085449 0.068359 -0.068359 0.025757
0.095215 0.074219 0.130859 0.004547
-0.041504 0.174805 -0.070312 -0.038086
-0.195312 0.169922 0.103516 0.089355
-0.134766 -0.140625 0.056396 -0.171875
-0.005188 -0.337891 -0.008911 0.012085
0.168945 -0.054443 -0.114746 0.151367
-0.056641 -0.038818 -0.051025 0.116699
0.057373 -0.020874 -0.033691 -0.029907
-0.109863 -0.095703 0.079102 0.141602
-0.094238 0.133789 -0.023438 -0.089355
-0.087891 0.007202 0.140625 -0.166992
0.052490 -0.215820 -0.095215 -0.010315
0.043701 -0.200195 -0.101074 -0.126953
0.116211 0.037842 0.013916 -0.099609
-0.158203 -0.263672 0.121094 -0.015015
0.043701 0.034424 -0.000690 -0.030396
0.160156 0.009460 0.038330 0.143555
0.097168 0.172852 -0.035645 -0.141602
-0.012878 0.160156 0.107910 0.002090
0.020996 -0.001617 -0.113281 0.131836
-0.103516 0.185547 0.023682 0.010559
0.073730 0.099121 -0.095215 0.082520
-0.429688 -0.214844 -0.033936 -0.009399
-0.043213 0.019897 0.045166 0.060547
0.087402 -0.198242 0.030396 0.108398
0.062988 0.265625 -0.144531 0.062012
-0.124023 0.104980 0.001457 0.036865
-0.042725 -0.000530 0.066895 -0.216797
-0.084961 -0.014404 -0.060059 -0.021484
0.114258 0.126953 0.065430 -0.097168
-0.188477 0.081055 0.049316 -0.071289
-0.046631 0.137695 0.093262 0.029419
0.051025 0.068848 0.201172 0.097168
-0.028076 -0.109375 0.036377 0.055176
-0.020508 -0.117676 0.057861 -0.032959
0.054199 0.000698 0.095215 -0.126953
-0.047363 0.109863 -0.093750 0.029297
-0.125977 0.029541 -0.192383 -0.046631
0.056885 -0.094238 0.001274 0.077148
-0.045654 0.040771 0.216797 0.107422
0.017578 -0.120117 0.054688 -0.061768
0.029663 -0.115234 -0.027954 -0.082520
-0.090820 -0.037598 0.060547 0.152344
0.072266 -0.070312 -0.118652 -0.106934
0.058594 -0.033447 -0.020264 0.050293
-0.330078 -0.061523 -0.030518 -0.025513
0.162109 -0.335938 0.111816 0.086914
0.023315 -0.107910 0.169922 0.049805
-0.094238 0.020142 -0.206055 0.028687
0.068359 0.065918 0.077148 0.020142
0.059326 0.101074 -0.189453 0.051514
0.067871 0.050781 -0.029907 -0.000343
-0.083008 0.029053 0.021851 -0.083984
-0.051758 0.117188 0.065430 -0.208008
0.076660 -0.053711 -0.028687 0.113770
-0.044678 0.174805 0.170898 0.000801
0.080078 -0.263672 -0.052246 0.055420
0.046631 0.063477 0.033691 -0.028687
-0.061279 -0.149414 0.042236 0.028931
0.119141 -0.032715 -0.067871 0.026245
0.112305 -0.054932 -0.006836 -0.208008
-0.075195 0.021484 -0.051758 -0.090332
0.003494 -0.125977 -0.033691 -0.106445
0.116211 0.063477 0.045654 0.031006
0.054443 -0.071289 -0.013794 0.053711
-0.018433 0.188477 0.074707 0.087402
-0.047852 -0.133789 -0.123047 -0.013367
-0.029175 0.047119 -0.083984 0.113281
0.064941 -0.066895 -0.141602 -0.020752
-0.085938 0.174805 -0.104980 -0.038330
-0.088867 -0.423828 -0.152344 -0.111328
0.103027 -0.265625 0.019165 -0.105469
-0.019409 0.174805 0.032227 -0.075195
0.000858 0.076660 0.108887 0.212891
-0.191406 0.108887 -0.199219 -0.059082
0.042969 0.004303 0.021729 -0.051025
-0.039551 0.061768 0.098145 0.069824
-0.079102 0.073242 -0.105469 -0.218750
0.168945 -0.116699 0.004547 0.154297
-0.035156 0.134766 0.065430 0.179688
0.251953 -0.263672 0.026978 0.023560
-0.018188 0.003403 -0.056885 -0.052490
-0.074707 -0.113281 0.018188 -0.000078
0.193359 0.004181 0.080566 0.088379
0.031982 -0.017700 0.116211 -0.082520
0.121582 0.114258 -0.002106 -0.028198
-0.227539 -0.267578 0.060059 0.139648
0.115723 -0.105957 -0.134766 -0.086914
0.022339 -0.113770 -0.003876 0.127930
0.082031 -0.038330 0.147461 0.093750
-0.010559 -0.005951 -0.013489 -0.005280
0.023682 0.070801 -0.102539 0.144531
0.026001 -0.083008 -0.094238 0.007996
0.136719 0.136719 -0.090820 -0.042725
-0.312500 -0.059326 0.062988 0.047852
-0.099121 -0.247070 -0.077148 0.060547
0.031250 -0.070801 0.086914 -0.089844
0.048096 -0.166992 0.102539 0.140625
-0.219727 0.302734 0.082031 -0.116211
0.086426 -0.005432 0.023682 -0.048340
0.026733 0.165039 0.131836 0.103027
-0.229492 -0.077637 0.036133 0.060791
0.170898 -0.036133 0.098145 0.046387
-0.031738 0.136719 0.160156 0.062988
0.149414 0.062500 -0.012634 0.080078
0.004456 -0.185547 0.018921 0.007507
-0.080566 -0.026367 -0.078613 0.163086
0.047607 -0.144531 -0.026978 0.128906
0.104980 -0.169922 0.058838 0.058105
-0.027710 -0.038086 -0.108398 0.109375
0.000157 0.090332 0.063965 -0.205078
0.004730 -0.000767 0.186523 0.015198
0.018799 -0.010315 0.184570 -0.074707
-0.071289 -0.061768 0.056885 -0.110840
-0.059814 -0.069336 -0.070801 0.065430
0.020508 -0.162109 0.052979 0.000082
-0.110352 0.051025 -0.126953 0.031250
-0.023682 -0.032471 0.083496 0.150391
-0.086426 -0.023193 -0.059570 -0.163086
0.134766 -0.037109 0.222656 0.083984
0.032959 0.060791 0.081055 -0.162109
0.085938 0.090820 -0.031494 -0.076172
-0.068359 0.037109 -0.016235 0.035645
-0.062256 0.079102 0.320312 -0.062988
-0.147461 -0.026611 -0.021729 0.232422
-0.152344 -0.057129 -0.129883 0.097168
-0.044434 -0.015869 -0.034912 -0.005737
-0.037842 0.130859 0.163086 0.013306
0.026001 0.104004 0.018066 -0.036865
-0.104980 0.034180 0.010742 0.006897
-0.112793 0.020386 -0.058105 0.074219
0.168945 -0.077148 0.074219 0.111816
-0.017456 -0.056885 -0.069824 -0.012573
-0.232422 0.121094 -0.143555 0.129883
0.018433 0.111328 -0.062988 0.127930
0.014038 0.029297 -0.101074 0.018188
0.140625 -0.115723 0.082031 -0.032471
-0.028076 0.101074 -0.008118 0.030151
-0.149414 0.141602 -0.080078 0.056641
0.042725 -0.351562 0.153320 0.032227
0.037598 0.053223 0.049072 -0.111328
-0.131836 0.068359 0.126953 0.146484
-0.007019 0.087891 0.131836 0.043213
0.071777 -0.168945 -0.129883 -0.128906
0.009216 -0.118652 0.150391 0.142578
-0.164062 0.052979 0.175781 0.208984
-0.071777 0.091309 0.283203 0.149414
0.239258 -0.083984 -0.170898 0.033691
0.039795 -0.155273 -0.097168 0.012756
-0.106445 -0.021240 -0.084961 -0.120605
-0.068848 0.005463 -0.046875 -0.031006
0.004761 -0.000507 -0.052246 0.095215
0.082520 -0.024048 -0.030396 -0.090820
0.054932 -0.018066 -0.116211 -0.112305
-0.124512 0.066406 -0.004059 -0.269531
-0.084473 -0.160156 -0.052734 -0.088379
-0.013550 -0.030396 -0.040039 0.147461
-0.171875 0.106934 0.109375 0.031738
0.029419 -0.092773 -0.053467 0.139648
0.001350 -0.076172 -0.130859 -0.093750
0.098633 -0.013611 -0.089844 -0.037598
-0.050049 -0.084961 0.041016 -0.062012
-0.024414 0.041260 0.083496 -0.265625
-0.176758 -0.253906 0.120605 -0.106445
-0.016479 -0.041504 0.141602 -0.080078
-0.118164 -0.053467 0.170898 0.090332
0.113770 -0.065918 0.125977 0.136719
-0.185547 -0.161133 -0.063965 0.094238
0.054199 -0.267578 -0.049561 0.042236
0.116699 0.025635 0.126953 0.034912
0.204102 0.061279 0.150391 -0.019897
-0.007599 0.062012 -0.037598 -0.012634
-0.055176 0.118652 0.181641 -0.046143
0.005737 0.010620 0.003220 0.062988
-0.097656 -0.124512 -0.173828 0.000786
-0.108398 0.136719 0.051758 -0.035156
0.015137 -0.063965 0.028809 -0.014587
0.109863 0.067383 0.005493 -0.151367
-0.177734 -0.104004 -0.125000 -0.026855
0.050537 -0.052734 0.054199 -0.033936
0.062500 -0.045654 -0.074707 -0.003586
-0.034912 -0.136719 0.031738 0.015747
-0.070801 0.096680 -0.156250 0.039551
0.037354 -0.131836 0.156250 0.074219
-0.048828 0.034912 -0.021973 0.031494
0.026367 0.024658 0.169922 0.018799
-0.063965 -0.092285 0.039307 0.054932
-0.025146 0.035156 -0.068359 -0.082031
0.056641 -0.185547 -0.035156 0.001793
0.108398 -0.000341 -0.261719 0.273438
-0.033691 -0.123047 -0.016724 0.163086
-0.053223 0.012573 -0.023926 0.013611
0.040771 -0.054199 -0.039551 -0.029541
0.139648 -0.098145 0.251953 0.013855
0.094727 -0.249023 -0.077637 0.076660
0.050781 -0.049072 0.028564 -0.019043
0.018433 0.107422 0.028931 -0.037354
-0.014099 -0.125977 0.118164 0.029175
-0.081543 -0.013672 0.070312 0.063965
-0.142578 0.122559 0.010071 -0.001198
-0.037354 -0.034912 -0.040039 -0.042969
-0.021362 0.027588 0.136719 -0.100586
-0.042480 -0.076172 0.072754 -0.010193
0.088379 -0.067871 0.071289 -0.010681
0.087402 0.037109 -0.106934 -0.111816
0.077148 -0.233398 -0.069336 0.010681
-0.202148 0.107422 0.174805 -0.192383
0.166016 -0.203125 0.191406 0.003876
0.048340 0.025391 -0.026611 0.041260
-0.019897 0.011292 -0.070801 -0.011292
0.043457 -0.078125 -0.013977 -0.041260
0.059082 -0.015747 -0.040039 -0.004089
-0.048584 0.082031 -0.298828 -0.127930
-0.061523 0.041260 -0.259766 0.033936
-0.138672 0.070312 -0.140625 0.000916
0.002197 -0.056396 -0.077637 0.005035
-0.050537 0.055420 0.090820 -0.041260
0.098633 -0.285156 0.005798 -0.069824
-0.055664 -0.153320 0.005859 -0.136719
-0.032715 0.022339 0.045166 0.086426
0.096191 0.193359 -0.008301 -0.035645
0.178711 -0.281250 -0.068848 -0.010620
-0.157227 0.066406 -0.005341 -0.058838
0.065918 -0.062500 -0.024170 0.145508
0.005157 0.089355 0.037109 -0.084961
0.084473 -0.053711 -0.085449 0.124023
-0.083008 0.052002 -0.021484 0.085449
-0.007935 -0.100098 -0.030396 0.040527
0.125977 -0.017212 0.233398 -0.138672
0.029297 -0.347656 -0.161133 0.065430
-0.222656 -0.069824 -0.007385 -0.061035
-0.004517 -0.050049 -0.049316 0.054688
-0.005554 0.000484 0.106445 0.044678
0.001518 -0.036377 -0.108398 -0.049805
-0.174805 0.057373 -0.038330 -0.103027
-0.034668 -0.002045 -0.052002 -0.019043
0.037842 0.105469 -0.101074 -0.160156
-0.007263 0.071777 -0.053955 -0.109375
-0.251953 0.071289 0.102051 -0.093262
0.021729 -0.172852 -0.115234 -0.045898
0.006042 -0.126953 0.051025 0.006744
0.067871 -0.165039 0.219727 0.080078
-0.117676 -0.076660 0.118652 -0.100098
-0.074707 -0.269531 0.002380 -0.040283
0.000755 -0.064453 -0.113770 -0.009338
-0.014526 0.194336 0.002182 -0.052490
0.089355 0.041992 0.042725 0.095703
-0.089355 -0.007294 0.098145 -0.018677
0.034424 -0.102051 -0.032471 -0.024048
-0.043213 -0.058350 0.114258 0.053467
-0.049805 0.051514 -0.246094 -0.092285
0.059814 -0.148438 0.139648 0.173828
0.045654 0.165039 0.019165 -0.010803
0.059326 -0.077148 0.194336 0.061768
-0.120117 -0.027588 -0.097656 -0.087891
0.031982 0.030273 0.113770 0.006653
-0.016235 0.077637 0.106445 -0.122559
-0.153320 -0.000916 -0.062500 -0.090820
-0.049072 0.111816 0.030151 -0.163086
0.078125 -0.152344 -0.151367 0.026611
0.040039 0.148438 -0.079102 0.053223
0.055908 -0.115723 0.116211 0.036865
0.033203 -0.037842 -0.117188 -0.013611
0.013000 -0.011169 -0.106934 0.043701
0.081055 0.029785 0.078613 -0.097168
-0.099609 0.112793 -0.002701 -0.097168
-0.050049 0.065918 -0.097168 -0.024170
-0.061035 -0.200195 -0.034912 -0.067871
-0.188477 0.003220 -0.178711 -0.120605
-0.127930 0.098145 -0.030640 -0.143555
-0.083008 0.054443 0.049316 -0.006500
-0.099609 0.030518 0.025269 0.033447
-0.073730 -0.070312 0.048584 -0.180664
-0.068848 -0.067871 -0.061279 0.084961
-0.123535 -0.058105 -0.178711 -0.279297
0.002014 -0.095215 -0.024414 0.037109
0.005951 0.226562 -0.193359 -0.084961
-0.002716 -0.106934 0.138672 -0.001701
-0.074219 0.152344 0.159180 -0.167969
-0.094238 0.214844 0.011719 -0.070801
-0.059570 0.066406 -0.179688 -0.044434
-0.100098 0.166016 -0.125000 0.139648
0.033203 0.042236 0.048340 -0.291016
-0.139648 -0.149414 -0.283203 -0.022949
-0.036377 0.198242 -0.044434 -0.194336
0.045410 -0.220703 -0.020996 -0.027344
-0.018066 0.226562 0.158203 0.040039
0.005463 0.015259 0.134766 0.143555
0.061279 -0.062988 0.091309 0.221680
0.031738 0.019897 0.162109 0.083984
-0.029541 0.190430 -0.117188 -0.013672
-0.241211 -0.040039 -0.017578 -0.090332
-0.175781 -0.014038 -0.157227 -0.001587
-0.091309 0.043457 0.025635 0.017212
0.101562 0.054932 0.026733 -0.312500
0.069336 0.054199 0.012085 -0.137695
0.124512 -0.075684 -0.052002 -0.125000
-0.089844 0.092285 0.054932 -0.068848
-0.148438 0.003738 0.022095 0.043701
-0.114258 -0.216797 -0.066406 -0.110840
0.144531 0.014709 -0.396484 0.076660
0.218750 -0.213867 -0.000134 -0.007538
0.126953 -0.021118 0.047852 -0.225586
0.061279 -0.015198 0.243164 -0.267578
-0.024048 -0.104492 -0.131836 0.140625
-0.034668 0.003128 0.191406 0.127930
0.109863 0.119141 -0.082520 0.133789
-0.160156 -0.000107 0.096680 -0.049805
-0.046875 0.351562 -0.135742 -0.061279
-0.003815 -0.159180 -0.087891 0.022827
0.115234 0.042236 -0.023804 -0.087402
0.054443 -0.069336 0.088379 0.032471
0.124512 -0.038086 -0.014160 0.267578
0.134766 -0.043213 0.249023 0.150391
0.116699 0.193359 -0.193359 0.109863
0.004486 -0.032715 0.054688 0.095703
0.026123 0.137695 0.128906 0.135742
-0.128906 0.084961 0.121094 -0.066895
-0.052490 0.007751 -0.001747 0.034180
-0.187500 -0.022217 -0.043945 0.026245
0.175781 0.057861 0.166016 -0.139648
0.061523 0.037842 -0.007874 0.123535
0.054199 0.058838 -0.007599 -0.149414
-0.087891 0.093262 -0.213867 -0.116211
-0.013306 -0.049561 0.115234 -0.037354
-0.000284 -0.136719 0.040039 0.090332
-0.033203 -0.033203 0.079590 -0.024292
-0.021606 0.101562 -0.006592 0.014648
-0.041748 0.079590 0.225586 -0.218750
-0.108398 -0.072266 -0.137695 0.095703
-0.165039 0.084961 -0.039062 0.100098
-0.150391 -0.087402 -0.067383 -0.081055
-0.092773 -0.026123 -0.032959 0.104004
0.037842 -0.112793 -0.168945 0.157227
0.073730 0.023315 -0.026367 -0.056152
0.044678 -0.074707 -0.013367 0.048828
-0.010986 -0.027710 -0.005493 -0.081543
-0.026733 0.103027 0.066406 0.057617
-0.022949 0.022095 -0.001221 -0.061768
-0.185547 0.062500 0.108398 -0.108887
0.008301 -0.159180 -0.064453 0.111328
0.055420 -0.118652 0.171875 0.028198
-0.042480 -0.056641 0.055176 -0.037842
-0.062256 0.011719 0.035156 0.123535
0.058594 -0.020996 -0.062012 0.033936
-0.139648 0.040527 -0.028931 -0.014832
0.122559 0.065918 -0.028931 -0.043945
-0.166016 -0.031128 0.069336 0.060547
0.053223 -0.073730 0.045654 -0.125000
0.090820 -0.253906 -0.044922 0.117188
0.057373 -0.077148 0.019287 0.011719
-0.200195 -0.048096 0.092285 -0.133789
0.095703 0.021362 0.019775 0.032227
-0.113281 0.132812 0.089355 0.035400
-0.001953 -0.239258 0.050049 -0.096680
0.021362 0.123047 -0.010681 0.004852
0.035645 0.046387 -0.000122 -0.083984
-0.157227 -0.162109 -0.246094 0.105469
0.034912 -0.069824 -0.075195 -0.101562
-0.219727 0.102051 0.034424 0.011841
0.111328 -0.026489 0.148438 0.090332
-0.108887 0.204102 0.162109 0.152344
-0.067871 0.040527 -0.020752 -0.159180
0.131836 0.102051 -0.045898 -0.166016
0.204102 -0.224609 -0.034912 0.059082
0.092773 -0.125000 -0.123535 -0.001244
0.045654 -0.075195 -0.007477 0.083984
-0.006317 0.103516 0.021851 -0.108887
0.055176 -0.027954 -0.134766 0.051514
-0.012695 0.027832 0.043457 -0.151367
-0.024414 0.042480 0.010925 0.052490
0.156250 -0.041992 0.106445 -0.251953
-0.028198 -0.101074 -0.103027 0.005615
-0.234375 -0.251953 0.015320 0.158203
-0.013977 -0.115723 -0.068848 0.079102
-0.285156 0.037109 0.093262 -0.212891
0.050049 0.168945 0.017456 0.034424
0.079102 0.003021 -0.016113 -0.137695
0.120605 0.128906 -0.009705 -0.051758
0.150391 -0.015991 0.015137 -0.159180
-0.007721 -0.049072 -0.030151 -0.009766
-0.287109 -0.068359 -0.095215 -0.136719
-0.075684 -0.043701 -0.037842 -0.020630
-0.086914 0.096680 0.188477 -0.097168
0.000618 -0.027222 0.100586 0.111328
0.123047 -0.000133 0.005096 0.047607
0.172852 -0.152344 -0.140625 -0.094727
0.176758 0.034668 0.047119 0.141602
0.022949 -0.129883 -0.072266 -0.083984
0.014709 0.155273 -0.114746 -0.149414
-0.217773 -0.007385 -0.060547 0.096680
-0.018555 0.065918 -0.036133 -0.069824
-0.015625 0.125977 0.036377 0.107910
0.044922 0.067871 -0.028320 0.063965
-0.031494 -0.011292 0.028809 -0.001564
-0.112793 -0.021606 0.056641 0.028809
-0.089355 0.034180 0.189453 -0.079590
-0.104492 0.132812 0.002197 -0.055908
-0.117188 -0.166016 -0.056152 0.025391
0.089844 0.060547 0.101074 0.056152
-0.162109 0.091309 -0.053955 -0.077148
-0.176758 0.083496 0.022217 -0.116699
0.089844 0.043701 0.033936 0.030762
-0.056885 0.099609 0.031738 0.105957
0.054688 0.110352 0.016113 -0.186523
0.053223 -0.044678 -0.111816 -0.037598
-0.071777 0.070312 -0.049805 -0.037109
0.002274 -0.047363 0.255859 0.138672
-0.025757 0.136719 0.218750 0.187500
-0.094238 0.055176 -0.034180 -0.065918
0.051270 -0.034668 -0.103027 -0.080566
-0.060547 0.065430 -0.017944 0.072754
0.030273 -0.056396 -0.059082 -0.030273
0.058594 0.051758 0.015015 -0.162109
-0.113281 0.031494 -0.108398 -0.054932
-0.015503 0.143555 0.163086 0.150391
-0.085449 0.179688 0.213867 -0.033203
-0.053955 -0.058838 -0.172852 -0.136719
0.060547 -0.104004 0.036377 0.037598
-0.037842 0.160156 -0.057861 0.004852
0.113281 -0.075684 -0.061768 -0.032471
0.052490 0.008972 0.127930 -0.289062
-0.285156 0.182617 0.072754 -0.005188
0.130859 0.044189 -0.160156 -0.095703
0.048584 -0.014404 -0.016602 0.030273
0.083984 0.057129 0.069824 -0.285156
0.042725 -0.023682 -0.050781 0.021118
0.067871 0.004211 0.261719 0.158203
-0.138672 -0.000904 0.033936 0.150391
-0.026489 0.093262 -0.099609 -0.088867
-0.042969 0.263672 0.222656 0.089844
-0.041016 -0.410156 0.032959 -0.112793
0.054199 -0.188477 0.036621 0.029785
0.083984 0.041992 0.049316 -0.107422
-0.122559 0.036133 -0.107422 -0.041748
-0.063965 -0.076172 -0.031738 -0.105957
0.092773 0.072754 -0.171875 -0.142578
-0.018433 0.055176 -0.082031 -0.010010
-0.066895 -0.003601 0.005676 -0.190430
0.017944 0.057617 -0.065918 0.146484
0.125977 0.132812 0.010071 0.062988
-0.058838 0.029907 -0.039551 -0.043457
0.083008 -0.104492 0.038818 0.020874
0.114746 0.032227 0.085938 -0.047119
-0.061279 -0.026489 -0.117676 -0.063477
0.124023 0.042236 0.015625 -0.003494
0.070312 0.045166 -0.030518 -0.208984
-0.103516 -0.057617 -0.050293 -0.005341
0.148438 -0.137695 -0.102051 -0.156250
0.052490 0.062988 -0.040771 0.166992
0.011230 -0.008179 -0.004700 -0.007294
0.034424 0.001900 0.053711 0.084473
0.104980 -0.131836 0.137695 0.050293
0.109863 0.024780 -0.050293 0.005341
0.121094 0.089355 0.025635 0.002213
0.037598 -0.154297 0.039062 0.135742
-0.073242 -0.064453 -0.162109 -0.153320
0.136719 -0.044189 -0.109863 0.204102
-0.010193 0.044678 0.046387 -0.000315
0.082031 0.072754 -0.107910 0.106445
-0.030029 -0.002121 -0.000935 -0.138672
-0.106445 0.028320 -0.104004 -0.054199
-0.019653 -0.007324 -0.051270 -0.029419
0.133789 -0.004974 0.146484 -0.060791
-0.085938 -0.160156 0.075195 -0.114258
-0.055420 -0.097168 0.015076 -0.119141
0.072754 -0.119629 -0.040771 -0.010376
-0.025513 0.027466 0.019043 -0.125000
-0.076172 0.148438 0.038086 0.072754
-0.124023 0.113770 -0.153320 0.075684
0.071777 0.106445 -0.022583 0.059814
0.139648 0.170898 0.011230 0.025146
-0.021729 -0.116699 0.006226 0.107422
-0.015137 0.104980 -0.021362 -0.077637
0.125000 0.015625 -0.077148 -0.065430
0.090332 0.084961 -0.074707 -0.070312
-0.112305 0.082031 -0.033691 -0.050537
-0.087891 -0.186523 0.069336 0.169922
-0.009399 -0.104492 -0.004974 0.052490
-0.003174 -0.043945 -0.136719 -0.010803
0.050049 -0.170898 -0.145508 0.089844
0.041992 -0.082520 -0.028687 -0.074707
-0.025879 -0.160156 -0.075684 -0.017212
-0.058105 0.008179 -0.115723 -0.073730
0.047119 0.076660 0.183594 -0.092285
-0.064453 -0.015625 0.089844 0.062012
0.110352 0.078613 0.170898 -0.094727
0.121582 0.002991 0.076660 0.037354
0.118652 -0.139648 0.121582 0.029175
0.029907 -0.170898 -0.066895 -0.018677
0.135742 0.106934 -0.060303 0.050781
0.047363 -0.032471 0.086426 0.018799
0.087891 0.004578 0.110352 -0.248047
-0.246094 0.119141 0.159180 0.053223
0.045410 -0.012207 0.271484 0.022583
0.012207 -0.067871 -0.078613 -0.034180
-0.100586 -0.322266 0.080566 -0.024536
0.050781 -0.133789 -0.013000 -0.029785
0.013367 -0.171875 0.034180 -0.068359
0.164062 -0.011658 -0.017212 0.095215
0.028931 0.054688 -0.199219 -0.030518
-0.140625 -0.060059 -0.047363 -0.134766
-0.108887 -0.037598 -0.257812 0.006378
-0.208984 0.112793 -0.179688 0.049805
-0.039307 -0.184570 -0.118164 0.019043
-0.076660 0.089844 -0.011719 0.120605
-0.119629 -0.109863 0.047119 -0.079590
0.045166 -0.061279 -0.086914 -0.161133
0.064941 0.066406 -0.109375 0.003510
0.017944 0.070801 -0.072266 -0.104980
-0.035156 -0.022583 -0.117188 0.008423
0.182617 -0.019287 0.110840 -0.024780
0.026001 -0.055420 -0.065918 -0.021973
0.016113 -0.083984 0.057617 -0.070801
-0.066406 -0.094238 -0.020508 -0.115234
0.038574 -0.170898 0.017334 0.101074
0.180664 0.037109 0.012146 0.080566
-0.196289 -0.044434 0.027466 -0.460938
0.014893 -0.116211 -0.010193 -0.119141
0.078125 -0.149414 0.114746 -0.171875
-0.143555 -0.271484 0.096191 -0.093750
0.021973 0.044678 0.057373 -0.030518
-0.036133 -0.178711 0.235352 -0.066895
0.180664 0.008118 -0.041992 0.086426
0.175781 0.017700 -0.083496 0.117676
0.032715 -0.035645 0.100586 -0.100586
-0.087402 -0.106934 0.027222 -0.267578
-0.086426 -0.114746 0.001198 -0.063965
-0.218750 -0.094238 0.183594 -0.106934
0.055908 -0.014709 0.093750 -0.032715
-0.148438 -0.228516 0.029907 0.026123
-0.127930 -0.014709 0.036133 -0.015259
0.052490 -0.086426 0.043457 -0.201172
-0.163086 -0.105469 0.071289 -0.058838
-0.068848 -0.000908 0.198242 -0.104980
-0.056885 0.030396 0.071777 0.012634
0.263672 0.044922 -0.036133 -0.035400
-0.100586 -0.022949 -0.088867 0.046387
0.024414 0.000479 0.052490 -0.147461
-0.167969 -0.095215 -0.087891 0.064453
-0.131836 -0.093750 0.008362 0.020264
-0.201172 -0.079102 0.135742 0.099609
0.036377 -0.081055 0.240234 0.034668
0.033691 -0.046875 0.061768 0.022949
0.016724 -0.217773 -0.073730 -0.096191
-0.058105 -0.030151 0.038574 0.055908
-0.045654 -0.195312 -0.100586 0.042725
-0.117676 -0.188477 -0.064453 0.044434
-0.060303 0.000969 -0.173828 -0.103027
-0.154297 -0.140625 0.149414 0.007050
0.032715 -0.035156 0.081055 0.119629
0.035889 0.020264 -0.017700 -0.075195
-0.122559 -0.007141 0.123535 0.062500
-0.177734 -0.099121 -0.048096 -0.103516
0.166992 -0.206055 -0.197266 0.140625
-0.176758 -0.147461 0.163086 -0.068848
-0.029053 -0.186523 0.135742 -0.121094
-0.050537 0.022339 0.007477 -0.119629
-0.000443 0.055176 0.006378 -0.177734
0.014893 0.042969 0.015076 -0.037354
0.129883 0.164062 0.047607 0.191406
-0.165039 -0.116211 0.115723 -0.038818
-0.213867 0.048096 -0.151367 -0.068848
-0.048584 -0.102051 -0.040527 -0.020752
-0.046143 -0.204102 -0.051270 0.061279
-0.201172 -0.091309 0.038086 -0.213867
-0.109375 -0.107422 -0.070801 -0.037109
-0.037109 -0.038574 -0.062256 -0.017090
0.119629 -0.166992 0.037598 -0.136719
-0.080566 -0.060791 0.153320 0.156250
-0.060791 0.090820 -0.021362 -0.001869
-0.105469 0.095215 0.005707 -0.220703
-0.009766 -0.018311 -0.021973 -0.016113
-0.144531 -0.211914 -0.206055 0.058594
0.058594 -0.224609 -0.257812 -0.072266
-0.007141 0.030762 -0.064941 -0.067871
-0.207031 -0.050781 0.099121 0.079102
-0.151367 -0.043701 -0.129883 -0.090332
0.093262 0.234375 -0.188477 -0.031738
-0.117188 -0.059570 0.027222 -0.144531
0.024780 -0.057373 -0.030518 -0.103516
0.046387 0.141602 0.031982 -0.025391
-0.053223 0.016602 -0.025269 -0.169922
-0.047119 -0.011597 -0.054932 -0.002365
0.193359 0.139648 -0.060303 0.111816
-0.101074 0.177734 0.217773 -0.130859
-0.086914 -0.037109 0.123535 0.044189
-0.186523 -0.089844 -0.039062 0.032227
0.064941 -0.009766 0.039307 0.050781
-0.048340 0.153320 -0.005646 -0.104980
0.106934 -0.099121 -0.057617 -0.089844
0.046143 -0.041992 -0.041504 0.045654
-0.071289 -0.153320 -0.006927 0.005096
-0.176758 0.181641 -0.083008 -0.054688
0.079590 0.072266 0.077637 -0.019775
-0.000338 0.003265 -0.077148 0.012878
0.010010 0.142578 0.051025 0.049072
0.024780 0.169922 -0.117676 -0.064941
0.130859 -0.045166 -0.159180 -0.269531
0.012329 0.008118 -0.016235 -0.005768
-0.082031 -0.183594 0.158203 0.022827
-0.073730 0.171875 -0.151367 0.003036
-0.037598 -0.039795 -0.033203 -0.139648
-0.099609 -0.062256 0.055908 -0.056885
-0.200195 0.055908 -0.036621 -0.138672
-0.186523 -0.029663 -0.098145 0.165039
0.155273 0.083496 0.022583 -0.091309
0.103516 -0.020874 -0.100586 0.087402
0.208008 -0.041748 0.060547 -0.046143
0.162109 -0.035889 -0.113281 -0.049072
0.093262 -0.109375 0.066406 -0.219727
-0.138672 -0.138672 0.139648 0.056152
-0.077148 0.027100 0.178711 0.055420
-0.140625 -0.045898 0.007996 0.087402
0.123047 -0.024780 0.040771 -0.041260
-0.057617 0.020996 -0.246094 -0.116211
0.080078 -0.117188 -0.053467 -0.008850
0.043945 -0.255859 0.004700 0.055908
0.065918 -0.031982 -0.104004 -0.008545
0.015015 -0.158203 -0.056152 0.053223
-0.092773 0.008850 0.040771 0.052979
-0.076172 -0.026733 -0.036133 -0.045410
0.123047 0.051025 0.219727 0.112793
-0.026611 -0.016113 0.072754 0.035400
-0.063477 -0.012878 -0.037354 0.037354
0.013916 -0.193359 -0.041748 0.100586
0.077148 0.100098 0.050537 0.053711
-0.053955 0.074219 -0.048828 -0.162109
-0.028809 -0.018188 -0.012512 -0.159180
-0.212891 -0.174805 0.078613 -0.052002
0.101074 0.047607 -0.078125 -0.106445
0.109375 -0.012207 -0.156250 0.089844
0.026855 -0.148438 0.174805 -0.042969
-0.143555 0.128906 -0.036133 0.049561
0.007812 -0.231445 -0.181641 -0.124023
-0.109863 0.006744 0.063477 -0.150391
-0.230469 -0.153320 -0.014038 -0.193359
-0.022095 -0.117676 0.137695 0.136719
-0.045654 -0.094727 -0.046631 0.021484
0.063965 0.006775 -0.107422 -0.081055
0.007172 -0.033691 0.058594 -0.079590
-0.128906 0.074219 0.019165 -0.045166
0.090332 -0.083496 -0.056152 0.134766
-0.015320 0.006470 -0.250000 -0.172852
0.048096 -0.172852 -0.207031 -0.009644
-0.071289 -0.033936 -0.084473 -0.115723
0.169922 -0.193359 0.079590 0.157227
0.073730 -0.069824 0.172852 0.111816
-0.105957 -0.026001 0.094238 0.011414
0.040039 0.054688 0.042480 -0.088867
0.053467 0.021606 0.090820 0.007812
-0.016724 0.046143 0.098145 0.062256
-0.057373 0.020386 0.089844 -0.156250
-0.123535 0.201172 0.157227 -0.139648
-0.076172 -0.138672 0.056152 -0.069824
-0.082031 0.095703 -0.179688 -0.037842
0.033936 -0.024170 -0.074707 0.060059
-0.005096 0.042480 -0.036133 0.168945
-0.032227 -0.098145 -0.227539 0.002686
0.085938 0.108398 0.039062 -0.045654
0.053223 0.114258 0.098145 -0.078613
-0.265625 0.125000 -0.059814 -0.064453
0.129883 -0.071289 0.091797 0.030884
0.208984 -0.066406 0.054688 -0.002548
0.001343 -0.119141 0.198242 0.055664
-0.070312 -0.097168 0.040527 0.139648
0.143555 -0.033447 0.028198 0.070801
0.075195 0.069824 -0.190430 -0.247070
0.043945 0.138672 -0.049072 -0.166992
-0.044678 0.117676 -0.357422 0.095703
0.196289 0.065430 0.103027 -0.102051
0.179688 -0.066406 0.300781 0.088867
-0.041992 0.041260 0.125977 0.108887
-0.019775 -0.086426 -0.032959 -0.148438
0.056152 0.098633 0.066895 -0.086426
-0.008423 -0.043945 -0.001503 -0.054688
0.306641 0.002533 -0.225586 0.027344
0.279297 0.055420 -0.052490 0.054688
0.231445 -0.040771 -0.006226 0.014587
0.074707 0.013367 -0.063477 0.027710
-0.063965 -0.030396 0.103516 0.018799
0.034424 -0.098145 0.053223 -0.102539
0.081543 0.086914 -0.076172 0.188477
0.100586 0.000180 0.110840 -0.119629
0.137695 -0.051025 -0.068359 0.000121
0.105957 -0.139648 -0.052734 -0.001434
0.105957 -0.154297 0.059814 0.052734
-0.079590 -0.097168 -0.069336 -0.148438
-0.041748 -0.060059 0.021484 -0.113770
0.055420 -0.168945 -0.076172 0.132812
0.149414 -0.090332 -0.117188 -0.145508
0.059326 -0.042969 0.198242 -0.069824
0.022095 -0.018555 0.058350 -0.140625
-0.000041 -0.148438 -0.109375 0.051758
-0.094727 -0.022217 0.219727 -0.079102
0.049316 -0.114258 0.088867 0.090820
-0.049316 -0.039795 -0.155273 -0.013672
-0.059570 -0.204102 0.021484 0.019653
0.041748 -0.149414 -0.053223 0.070312
0.083008 0.185547 0.033936 -0.000399
0.158203 0.052246 -0.101074 0.167969
-0.059814 0.086426 -0.067383 0.135742
0.014099 0.121582 0.141602 -0.035156
0.049561 -0.021362 -0.150391 0.062988
-0.091309 0.148438 0.149414 -0.034424
-0.060303 0.073242 -0.071289 0.007080
-0.225586 0.160156 0.050781 0.160156
-0.081543 0.124023 0.023193 0.038330
0.102539 -0.139648 0.078613 0.146484
-0.053711 0.068359 -0.036621 -0.043457
0.017334 -0.142578 0.155273 -0.070801
-0.012512 -0.110840 -0.152344 -0.068848
-0.135742 0.043945 0.190430 -0.120117
0.013184 -0.006836 0.018677 0.036621
0.023193 0.103027 0.041260 -0.040527
0.080078 0.002563 0.015991 -0.074219
-0.076172 -0.021973 0.176758 0.064453
-0.033203 0.034180 -0.025024 -0.076172
-0.151367 -0.110840 0.125977 -0.059326
0.092773 -0.120117 0.035645 0.118164
-0.064453 0.043701 -0.081543 -0.108887
-0.021973 0.056641 -0.145508 -0.154297
0.034424 -0.027222 0.186523 -0.139648
0.046631 -0.035645 -0.043213 -0.081055
0.005493 0.017456 -0.039551 -0.002594
-0.116211 0.023071 -0.054932 0.105469
-0.056152 0.065430 0.007690 0.185547
-0.081055 0.133789 -0.392578 -0.002060
0.045410 -0.045410 0.114746 0.132812
-0.039795 0.023193 -0.007751 0.187500
-0.122559 0.025269 -0.153320 0.044434
0.082031 0.037109 0.055420 0.135742
-0.064941 -0.126953 0.250000 0.133789
-0.130859 -0.046631 0.031494 0.032471
-0.083984 -0.059814 0.006378 0.070312
0.112305 -0.009155 -0.051514 -0.012390
-0.149414 0.032227 -0.084473 -0.059570
-0.055664 0.130859 0.156250 0.000164
-0.255859 -0.124023 0.160156 0.190430
0.161133 -0.083008 0.047607 0.040283
-0.023682 -0.056885 0.277344 0.018188
-0.120117 -0.118652 0.100098 -0.148438
-0.139648 -0.062256 0.008606 0.049561
0.109863 -0.077637 0.246094 0.129883
-0.102051 -0.041016 -0.208984 -0.073730
-0.026245 0.028931 -0.099121 -0.076172
-0.105957 -0.075195 -0.017700 0.001762
-0.001839 0.035889 0.018188 -0.000200
-0.166016 -0.065430 0.074707 0.034424
-0.033447 -0.099609 -0.011108 -0.082520
0.119141 0.034912 0.024048 -0.176758
-0.034424 -0.004608 -0.328125 -0.036621
0.063965 -0.014221 0.012573 -0.018799
0.118164 0.032471 -0.214844 0.037109
-0.000412 -0.050537 0.089844 -0.117676
0.026123 0.017944 -0.021484 0.030151
-0.105469 -0.068359 0.248047 0.004120
0.048828 0.009155 -0.088867 0.032715
0.058838 -0.135742 -0.091797 0.066406
-0.021606 -0.153320 -0.063477 -0.135742
0.050049 -0.093262 0.035156 0.029053
0.179688 -0.018555 -0.140625 -0.150391
-0.001923 0.007996 0.026733 -0.095215
-0.009155 0.029419 -0.029541 0.036133
-0.144531 -0.141602 0.114258 -0.014282
0.060059 -0.008728 -0.071777 -0.116211
0.150391 -0.171875 -0.198242 0.065430
-0.139648 -0.035889 -0.039795 -0.043213
-0.078125 -0.028198 -0.011047 -0.007111
-0.062988 -0.058594 0.126953 -0.066895
0.214844 0.062988 0.291016 0.092773
0.044434 0.022339 0.029419 0.009827
-0.115723 -0.062988 -0.038574 -0.148438
0.125000 -0.037354 0.134766 -0.103027
-0.024170 -0.065918 -0.098633 -0.166992
0.240234 0.149414 0.002945 -0.004150
-0.087402 -0.011963 -0.045898 -0.038818
0.210938 0.044434 -0.189453 0.092285
0.008789 -0.049072 -0.180664 -0.071777
-0.051025 0.004791 0.015137 -0.054688
-0.041260 -0.145508 -0.098633 -0.046875
0.017578 -0.098633 -0.129883 0.084473
-0.083496 -0.025635 -0.123047 0.064453
0.116699 -0.128906 0.015015 -0.008423
-0.082520 -0.009827 0.038574 0.018677
0.023560 -0.071289 -0.002640 0.006287
0.142578 -0.049561 0.001114 -0.039551
0.016479 -0.061523 0.008362 0.006134
0.000759 -0.052246 -0.343750 0.040039
0.126953 -0.078613 0.045410 0.026855
0.169922 0.080566 -0.104492 0.158203
0.007812 -0.009644 -0.125977 0.016235
-0.055664 0.044678 -0.019409 -0.021484
0.048340 -0.050293 0.225586 0.029175
0.029907 -0.070801 0.120117 -0.049316
-0.050781 -0.004181 0.009033 -0.026733
-0.226562 0.194336 0.139648 -0.155273
0.024048 -0.045166 -0.026001 -0.013367
0.015869 -0.040771 0.154297 0.036865
0.211914 -0.026245 0.182617 -0.036865
-0.002869 0.038330 0.055908 0.048584
0.016113 -0.040771 -0.119141 0.054688
0.043945 -0.034180 -0.265625 0.091797
0.024048 -0.035889 -0.051025 0.007416
0.058594 0.131836 -0.026367 0.057617
0.015320 -0.158203 0.012878 0.077148
0.229492 0.077637 0.190430 -0.189453
-0.001328 -0.172852 -0.065918 -0.048340
-0.019531 0.069336 0.054199 0.008362
0.145508 -0.041748 0.156250 0.060059
0.131836 0.017212 0.037842 -0.081055
-0.024536 0.022461 0.002914 -0.053223
0.044434 0.126953 -0.082031 0.010681
0.058838 -0.026978 -0.073242 0.128906
0.057129 0.102539 -0.066895 -0.111816
0.038574 -0.152344 0.069336 0.047363
-0.076172 0.019287 -0.078613 -0.072266
0.082520 -0.152344 0.240234 0.113770
0.051270 -0.118164 0.128906 -0.037354
0.136719 0.001488 0.117676 -0.059570
0.072754 0.075684 0.114258 -0.033447
0.098145 0.067871 -0.086426 0.026123
-0.059814 0.103516 0.041504 0.043457
0.052246 -0.083984 0.024536 -0.004242
-0.087891 -0.206055 0.170898 -0.032227
0.246094 -0.000441 -0.034912 -0.050537
-0.263672 -0.036377 -0.041992 -0.012512
0.008667 -0.013611 -0.085449 -0.125977
-0.170898 -0.018799 -0.064941 0.111328
0.042480 -0.123047 -0.115234 -0.098633
-0.238281 -0.065918 0.000847 -0.043457
0.016479 -0.150391 -0.036865 0.086426
0.002213 -0.038818 -0.037109 0.025391
0.183594 -0.124512 -0.064941 0.055420
-0.063965 -0.070312 0.136719 0.104980
0.122070 0.028320 0.030884 0.083008
-0.083496 -0.004456 -0.119141 -0.039551
-0.026855 -0.072266 -0.037598 -0.045654
-0.169922 -0.184570 -0.033447 -0.019165
0.036133 -0.209961 -0.103027 0.013855
-0.103027 -0.039795 0.110352 0.154297
-0.128906 -0.151367 0.175781 -0.119141
-0.078613 -0.040771 -0.039551 -0.092773
0.015625 -0.079590 0.014709 -0.016724
-0.011169 -0.197266 -0.041016 -0.057129
0.069824 0.027222 -0.121582 0.083008
-0.158203 -0.038330 0.014160 -0.137695
-0.083984 0.044922 -0.158203 0.029053
-0.088867 0.132812 0.035400 0.009033
-0.035645 0.069824 -0.124023 0.132812
-0.113770 -0.077148 0.107910 -0.104004
0.029297 -0.096191 -0.085449 0.031494
0.054443 0.017090 -0.116699 0.227539
0.066406 -0.083496 0.081055 -0.124023
-0.168945 0.167969 0.058838 -0.095703
-0.077637 0.085449 -0.020996 0.019043
-0.075684 -0.065918 0.091797 0.074707
-0.025635 0.012390 0.015625 -0.007080
-0.060059 0.033447 0.057861 0.219727
-0.047363 -0.042480 0.097656 0.015625
0.053955 0.041016 0.237305 -0.064941
-0.046875 -0.029297 0.085449 0.013123
-0.094727 0.053467 0.024658 -0.058838
0.169922 0.136719 -0.241211 -0.068359
-0.073730 -0.099121 0.062988 -0.060059
-0.089355 -0.078125 0.028687 -0.100586
-0.064941 0.020386 0.034668 -0.056396
0.041260 -0.098145 -0.070312 -0.166992
-0.071777 0.007721 -0.153320 -0.105957
0.001373 0.052734 0.054199 0.055176
-0.205078 0.109863 0.102051 -0.014832
-0.023193 0.041260 0.133789 0.076660
0.069824 -0.021729 -0.145508 0.117676
-0.062988 0.100098 -0.017944 0.271484
-0.049805 0.034668 -0.019409 -0.081543
0.084961 -0.084961 -0.031738 -0.038086
-0.105957 -0.133789 -0.072754 0.279297
0.076660 -0.175781 0.065430 -0.037598
-0.188477 0.106445 0.148438 0.055420
0.102539 0.068359 0.033447 -0.046875
-0.125977 0.001671 -0.067871 -0.034424
-0.097656 -0.070801 0.092285 0.102539
-0.312500 0.146484 -0.108887 -0.057373
-0.008118 0.009949 0.048096 -0.061768
0.125977 -0.003021 0.070801 0.119141
-0.031128 -0.044189 0.182617 0.051025
0.010681 0.136719 -0.100586 -0.076660
0.033203 -0.059326 -0.235352 0.040527
-0.165039 -0.069336 -0.324219 0.031494
-0.064453 -0.120605 0.155273 0.026245
-0.068359 0.094238 -0.227539 0.208984
-0.043945 0.012085 -0.115234 0.036865
0.072754 0.013733 -0.127930 -0.012268
0.090820 -0.032227 0.004761 -0.129883
0.114258 0.014099 0.036621 -0.010803
0.055664 0.029541 0.014709 -0.135742
0.094238 -0.218750 0.015259 0.108398
-0.024414 0.039062 -0.008545 0.057861
-0.097168 -0.079102 -0.184570 -0.063965
-0.112305 -0.041992 0.154297 0.026733
0.175781 -0.027954 -0.116699 0.129883
0.048096 -0.081055 -0.076172 -0.048340
0.039307 -0.076172 -0.009583 -0.023438
0.066406 -0.257812 -0.089355 0.119629
-0.212891 -0.103027 0.159180 0.084473
-0.048096 -0.137695 -0.035645 -0.095703
-0.050293 -0.001686 0.115723 -0.063965
-0.060791 -0.170898 0.092285 0.008484
-0.074219 -0.002625 -0.167969 -0.084961
0.125000 -0.062988 -0.153320 -0.034668
0.111328 -0.050537 0.010925 0.010925
0.235352 -0.190430 -0.357422 0.189453
-0.404297 -0.045410 0.110840 0.050781
-0.079590 -0.147461 -0.084473 0.080078
-0.141602 -0.049561 0.106445 -0.119629
-0.080566 0.044678 0.011108 -0.095703
0.071777 0.012817 0.071289 0.071777
0.208008 0.009216 0.138672 -0.136719
-0.026245 0.013245 0.056396 -0.027588
0.003021 -0.029907 0.001572 -0.124512
-0.072754 -0.004120 0.146484 -0.043457
-0.128906 0.223633 -0.054932 0.099121
-0.074219 0.074707 0.019897 -0.000977
-0.044678 0.174805 0.041016 -0.106445
0.057129 -0.106934 0.049072 0.144531
0.067871 0.007294 -0.109863 -0.006958
0.022095 -0.071777 -0.012634 -0.044922
-0.040771 0.050049 -0.031494 0.010559
-0.078613 -0.074707 0.171875 0.021362
-0.044434 0.047852 0.082520 0.012939
-0.154297 -0.107910 0.068359 -0.039551
-0.146484 -0.019409 -0.137695 -0.031738
0.008057 -0.018188 -0.011169 -0.017578
0.047607 -0.057373 -0.052246 -0.013489
0.032715 0.004883 0.032715 -0.056885
0.166016 0.153320 -0.140625 0.044189
-0.173828 -0.233398 -0.055908 -0.138672
-0.119629 0.042969 0.324219 -0.104980
-0.147461 -0.043457 -0.047607 -0.037842
-0.211914 0.176758 0.079102 -0.098633
0.104980 0.015442 -0.118164 0.005554
0.044434 -0.020142 -0.074707 0.017700
0.020996 0.008362 -0.083984 -0.085449
0.007385 -0.100586 0.082031 0.019287
-0.080566 0.128906 0.002655 0.127930
-0.069824 -0.005493 -0.072754 -0.010742
0.073242 0.100098 0.160156 -0.022583
-0.178711 0.179688 -0.008850 -0.051270
-0.088867 -0.063477 -0.048340 -0.016602
0.067871 0.017212 0.068359 -0.046875
-0.024048 -0.085449 0.020752 0.017944
0.171875 -0.023071 0.211914 -0.064941
-0.127930 -0.033203 -0.100586 -0.082031
-0.165039 -0.255859 0.146484 0.110352
0.033691 0.165039 0.129883 0.004547
-0.020264 0.012207 -0.086914 -0.029541
0.019653 -0.075684 0.133789 0.001488
0.098145 -0.042236 -0.069336 0.001587
-0.002426 -0.056641 -0.049805 -0.028076
0.036377 0.042480 -0.065918 -0.140625
0.004456 0.011108 -0.131836 -0.089844
-0.208984 -0.092285 0.160156 0.027100
0.063965 0.067383 0.021118 -0.055664
0.145508 -0.008789 -0.006744 0.049561
-0.130859 -0.185547 0.101562 0.024780
-0.257812 -0.076172 -0.047607 -0.052002
-0.087402 0.135742 0.190430 0.086426
0.004913 -0.022217 -0.134766 -0.046387
-0.042969 -0.104004 -0.194336 -0.008911
-0.020020 -0.014832 0.090820 0.011536
-0.076660 0.045166 0.062256 0.009583
-0.017700 -0.146484 -0.087402 0.015564
-0.020630 -0.073242 0.081543 0.026123
-0.182617 -0.050049 0.095703 0.108398
0.015381 -0.034668 0.015991 -0.040283
0.054688 -0.036377 0.125977 -0.167969
-0.041016 -0.064941 -0.018066 0.036377
-0.090820 -0.104492 0.008423 0.017212
-0.009705 -0.005310 0.045166 -0.066406
-0.232422 -0.122559 0.013855 0.043945
-0.102539 -0.072266 0.147461 0.031738
-0.057861 -0.065430 -0.086426 0.073730
-0.044678 -0.078125 -0.086426 -0.075684
0.014099 -0.070801 0.332031 -0.046631
0.033203 -0.147461 0.239258 0.111816
-0.236328 -0.080566 0.052490 -0.092285
0.065918 -0.071777 0.010559 0.002411
-0.062500 0.209961 -0.022705 0.102051
-0.041260 0.108398 0.078613 0.006348
-0.024170 0.045898 -0.097168 -0.161133
-0.083984 -0.034180 0.107422 0.090820
0.171875 0.067383 -0.133789 0.009338
0.026245 -0.049561 0.032227 -0.020264
-0.085449 -0.083008 0.177734 0.046875
0.031494 0.000999 -0.004333 -0.024170
-0.090820 0.015564 0.158203 -0.115234
-0.113770 -0.050537 0.087402 -0.110840
-0.057617 -0.104492 0.024902 0.092285
-0.072754 0.057373 0.176758 0.099121
-0.062988 -0.028320 0.012329 -0.039551
-0.072754 -0.001648 0.081055 -0.189453
-0.111328 -0.069824 0.180664 0.164062
-0.062988 -0.074707 -0.064453 0.027954
-0.101074 0.099121 0.141602 -0.040527
-0.051514 -0.063477 -0.095703 -0.110352
-0.046387 -0.003586 -0.108398 0.089844
0.065430 -0.004303 0.188477 0.000778
0.106934 -0.120117 0.137695 0.123535
-0.129883 -0.058838 0.067383 0.022095
-0.155273 0.007355 0.142578 0.068848
0.001938 0.000713 0.041748 -0.000587
0.039551 0.058350 -0.109375 0.199219
0.038574 0.071777 0.015076 0.119141
-0.041504 0.107910 0.166016 0.031006
-0.151367 0.114746 0.006042 -0.131836
0.093750 0.102539 -0.133789 -0.124512
0.016357 0.143555 -0.131836 -0.084473
0.038330 0.051270 0.027954 0.072266
0.040039 -0.001915 0.004425 -0.051025
-0.202148 -0.060303 0.039307 0.099121
-0.088867 0.047363 0.033447 -0.053467
-0.070312 0.169922 -0.005951 -0.075195
-0.283203 0.073242 0.031494 -0.021362
0.105957 -0.059814 0.019043 0.083008
-0.083496 -0.024902 -0.008362 -0.068848
-0.180664 0.012817 0.066895 0.004272
0.000786 -0.054688 0.074707 0.059326
-0.138672 -0.053467 0.030396 -0.027832
-0.036133 0.005676 -0.238281 -0.061035
0.135742 0.065430 -0.316406 -0.047607
-0.047852 0.035889 -0.049072 0.092773
0.110840 -0.048828 0.198242 0.054443
-0.023560 -0.106934 0.186523 0.075684
-0.033447 0.014832 -0.131836 0.188477
-0.045166 -0.040771 -0.045898 0.070801
0.048828 -0.057373 0.058838 -0.034668
-0.229492 -0.049561 -0.089844 -0.073242
0.031982 0.039551 -0.074219 -0.120605
0.048340 0.071777 -0.033447 -0.129883
-0.004425 0.086914 -0.000607 0.019897
0.038818 0.075684 0.103516 -0.263672
-0.073242 -0.131836 -0.013489 -0.028809
-0.006195 -0.065430 0.099121 -0.115234
-0.034180 -0.099121 0.037354 -0.040039
-0.216797 -0.142578 0.106934 -0.011414
0.035156 -0.060303 0.032227 0.205078
0.035645 -0.046631 0.149414 0.065430
-0.125977 -0.108398 -0.053467 -0.070312
0.023071 -0.081543 0.031006 -0.094727
-0.186523 -0.025513 -0.005615 0.060303
-0.166016 -0.125000 0.009216 -0.162109
-0.211914 -0.081543 -0.008850 -0.056152
-0.011597 -0.125977 -0.059082 0.033936
-0.002823 -0.120605 0.130859 0.104492
0.109375 -0.143555 -0.104004 0.149414
0.018188 -0.159180 -0.212891 -0.002975
0.167969 0.031494 0.002045 -0.041504
-0.142578 -0.076660 0.021240 -0.022827
0.160156 -0.200195 -0.168945 0.071289
-0.098145 0.016724 -0.031250 -0.029419
-0.076660 0.065430 0.009460 -0.124512
-0.015442 -0.034424 -0.075195 -0.215820
-0.079102 -0.041016 -0.114258 -0.239258
-0.167969 0.073730 -0.086426 -0.137695
0.042725 -0.147461 -0.035156 -0.201172
-0.034912 -0.011658 0.044189 -0.101074
-0.022095 0.108398 -0.059570 -0.039551
-0.092285 -0.037598 -0.033936 -0.081543
-0.103516 -0.095215 0.113770 0.019775
0.065430 0.001434 0.006805 -0.189453
-0.057129 -0.105957 0.133789 0.022705
-0.087402 -0.000412 0.053467 0.011780
0.076660 -0.023071 -0.091797 -0.060791
-0.018433 -0.026001 -0.059570 -0.007996
0.101562 -0.041504 -0.046387 -0.086426
-0.046875 -0.008789 -0.080078 -0.072266
0.013306 -0.028076 -0.111816 0.109375
-0.001328 0.066406 0.009949 -0.130859
0.025146 -0.120117 -0.130859 0.078613
0.015625 0.121094 -0.087891 0.008667
0.066406 0.031128 -0.028198 0.031738
0.041504 -0.010559 -0.069336 -0.041016
0.059814 0.110840 -0.086426 -0.170898
0.062256 -0.021484 0.038086 0.091309
0.023315 0.024048 0.291016 0.080078
-0.077148 0.121582 0.151367 -0.043945
-0.062988 -0.087402 0.056152 -0.059326
0.002121 0.039062 0.235352 0.053223
0.069824 -0.010254 0.124023 0.069336
0.075195 -0.002502 -0.131836 -0.013916
0.200195 0.000035 0.154297 0.058838
-0.028687 -0.036133 -0.095703 -0.106445
-0.122070 0.078125 0.163086 -0.143555
0.105957 0.097656 0.125977 -0.139648
0.104492 0.199219 0.131836 -0.010132
0.011108 0.176758 0.120605 -0.118164
0.055908 -0.160156 0.148438 -0.064453
-0.100586 0.123535 0.075684 -0.085938
0.054443 -0.149414 0.060059 -0.122070
0.034424 -0.119141 -0.224609 0.133789
0.064453 0.073242 -0.130859 -0.113770
-0.090820 0.024414 0.202148 -0.097168
0.086914 0.247070 -0.036865 -0.176758
0.154297 0.087402 -0.221680 -0.142578
0.060059 -0.009827 0.001068 -0.046631
-0.023438 0.060791 -0.098633 0.035156
-0.032959 -0.044678 -0.146484 0.003464
0.073242 -0.158203 0.164062 0.007507
-0.027344 -0.082520 0.156250 -0.020752
0.086914 -0.123047 0.188477 0.006042
0.170898 0.010437 -0.015869 -0.018799
-0.008667 -0.008057 0.044434 0.073730
-0.237305 0.061768 -0.094727 0.040771
0.085449 -0.164062 0.012451 -0.042236
0.193359 -0.190430 -0.042236 0.074219
0.008545 0.131836 0.008911 0.028442
-0.078125 -0.053711 0.008911 -0.099121
0.104980 -0.183594 0.190430 0.022705
0.169922 0.009094 0.239258 -0.048340
0.017578 -0.015625 0.044922 -0.028320
-0.113281 -0.020752 0.158203 0.010437
0.062500 -0.082031 -0.041504 0.030518
0.034668 -0.040527 -0.037109 -0.062988
0.110840 0.129883 0.050537 -0.079590
-0.005157 0.116699 -0.091797 -0.289062
0.010681 0.013977 -0.019165 0.040527
0.030640 0.107422 -0.019653 -0.046631
0.048584 0.057617 -0.027710 0.056885
0.060059 0.139648 0.170898 -0.013245
-0.014404 -0.015076 0.058350 0.052002
0.047119 -0.059082 -0.124512 -0.004425
-0.057861 -0.054199 0.014587 -0.053467
0.097168 -0.107422 0.152344 -0.115234
0.099121 -0.124512 0.074707 0.154297
0.172852 0.108887 -0.004700 0.074219
-0.012085 -0.044434 0.013245 0.031738
-0.235352 0.121094 -0.062500 0.015015
0.026489 -0.192383 0.063477 0.069824
-0.115234 -0.212891 -0.179688 -0.073730
0.064453 0.129883 -0.012390 0.016602
-0.021729 -0.188477 -0.099121 -0.125000
-0.098633 -0.135742 -0.227539 0.107422
-0.012878 0.052734 -0.093262 -0.124512
0.041992 0.009888 -0.054688 0.024902
-0.010437 0.137695 0.214844 0.045898
-0.212891 -0.015381 -0.034180 0.072754
0.031494 0.006317 -0.217773 -0.164062
0.080078 0.153320 0.074219 0.152344
-0.004272 -0.103516 -0.070312 0.075195
-0.054932 0.165039 -0.166992 -0.257812
0.054688 0.083008 -0.147461 -0.455078
0.012634 0.078613 -0.005249 0.020142
-0.028198 0.008789 0.107422 0.208984
-0.174805 0.073242 -0.042969 -0.029663
-0.051270 -0.087402 -0.058594 -0.161133
0.021240 0.088867 0.013184 0.053467
0.144531 -0.194336 0.014771 -0.133789
0.114258 -0.069824 -0.138672 0.024902
-0.081055 0.004761 -0.215820 0.087891
0.039307 0.049316 -0.012878 -0.015015
-0.213867 0.242188 -0.095703 0.113770
0.092773 -0.093262 -0.023804 -0.036133
-0.122070 -0.010010 0.027954 -0.019409
0.059326 -0.024170 -0.176758 -0.086914
-0.043701 -0.062988 -0.147461 -0.100586
-0.082031 -0.025635 -0.120117 0.072754
0.011353 0.076660 -0.123535 -0.011414
0.004913 0.011658 -0.020142 0.023071
0.042480 0.003967 0.026123 -0.037109
-0.019653 0.101562 -0.003998 0.125000
-0.310547 -0.069336 -0.042236 0.093750
0.084473 0.047607 0.077148 0.005859
-0.010010 -0.130859 0.062256 0.078613
-0.056152 -0.085938 -0.201172 0.081543
-0.018555 -0.043213 -0.134766 0.004150
0.002441 0.044434 0.041260 0.013550
0.038330 -0.042969 0.046387 -0.072266
0.108887 -0.051514 -0.100098 -0.175781
-0.157227 0.026855 -0.035156 0.054932
0.192383 -0.171875 -0.084961 0.097168
0.312500 -0.014832 0.019409 -0.159180
0.088867 -0.041504 0.029297 0.074219
0.105957 0.016602 0.034668 0.095215
-0.093262 0.129883 0.084961 -0.102051
-0.110840 -0.041748 0.234375 0.014771
-0.115723 0.013855 -0.275391 0.146484
0.016602 0.133789 0.124512 -0.024048
0.091309 -0.108887 0.067871 0.039062
0.168945 -0.064453 0.180664 0.061035
0.119141 0.003250 0.031982 -0.008423
-0.020752 0.193359 -0.028076 -0.019287
0.066895 -0.076172 0.250000 -0.020874
-0.064941 0.041992 0.156250 -0.074219
-0.026001 -0.000637 -0.163086 0.157227
-0.167969 0.221680 -0.142578 -0.125977
0.157227 0.010193 -0.032715 0.049316
-0.020508 0.133789 -0.048096 0.119629
0.030396 0.083496 0.147461 0.075195
0.064453 0.250000 -0.148438 -0.170898
-0.068848 -0.092773 0.002258 -0.092773
0.279297 0.129883 0.012451 -0.052979
0.005127 -0.079590 0.091797 0.214844
0.086426 0.168945 0.014160 -0.213867
-0.105469 -0.108887 -0.195312 0.167969
0.212891 -0.012573 0.253906 0.087891
-0.064453 -0.185547 -0.053223 0.029419
0.160156 0.043701 0.106934 0.110352
0.092285 0.006958 0.104980 0.073730
-0.032715 0.033936 0.099609 -0.065430
-0.035645 0.001953 -0.074219 -0.081055
0.022705 0.054932 0.106445 0.000401
0.055908 -0.125977 -0.130859 -0.004150
-0.146484 -0.017212 -0.086426 0.041748
-0.147461 -0.003357 -0.099121 0.017212
0.039795 0.016724 -0.126953 -0.081543
0.037354 -0.194336 0.019531 -0.043701
-0.131836 0.029907 0.098633 0.064453
-0.126953 -0.094238 -0.099609 -0.037354
-0.021240 0.073730 0.059326 -0.008057
-0.045166 -0.137695 -0.114258 -0.267578
0.100586 0.298828 -0.127930 -0.414062
-0.166992 -0.008057 0.046631 0.040527
0.051270 0.201172 -0.181641 -0.219727
0.041748 0.023071 -0.047852 -0.017822
-0.125000 0.050537 0.040527 0.218750
0.046631 -0.110352 -0.089844 0.075195
0.064453 0.092773 0.000626 0.097168
-0.084473 -0.046143 -0.040527 0.107422
0.144531 -0.112793 0.035645 0.024902
0.069336 0.049072 -0.020508 -0.031982
0.090332 -0.246094 -0.129883 -0.015198
-0.023804 -0.006714 -0.081055 -0.008850
0.078125 -0.177734 0.050537 -0.042725
-0.318359 0.021851 0.016846 0.049805
0.096191 -0.008240 0.082031 -0.155273
-0.142578 -0.065918 -0.000496 -0.001465
0.030884 -0.033691 -0.018188 0.161133
0.016724 0.032959 -0.051514 -0.014526
-0.104980 0.035156 0.002411 0.178711
0.198242 -0.117676 0.065918 0.067383
0.025757 -0.126953 0.004578 -0.116699
-0.183594 -0.043945 -0.101074 -0.071777
0.029663 -0.130859 -0.059570 -0.030396
-0.139648 0.051514 -0.018677 -0.018921
-0.060791 0.007477 -0.326172 0.065918
0.136719 -0.024536 0.026733 -0.197266
-0.156250 0.104004 -0.251953 0.133789
-0.130859 0.080078 -0.013489 0.110840
-0.110352 -0.149414 0.058594 -0.022461
-0.024780 -0.052002 -0.119629 -0.245117
-0.042725 0.035645 0.219727 0.003036
-0.025513 -0.038086 0.113770 0.064453
-0.202148 0.130859 0.166992 -0.112793
-0.075684 0.028076 -0.104004 0.131836
0.031738 -0.000341 0.055908 0.027832
-0.043457 0.008423 0.068359 -0.115723
-0.064453 -0.121582 0.036621 0.087402
0.013062 -0.071777 -0.152344 0.005676
-0.188477 0.130859 -0.146484 0.048584
0.065430 0.066406 0.107422 0.082031
0.096191 0.055176 0.170898 -0.001770
0.014343 0.026367 -0.113281 0.104492
0.071289 -0.075684 0.144531 0.183594
0.030762 -0.212891 0.241211 0.086914
-0.029663 -0.155273 -0.081543 0.037598
-0.009766 0.113770 -0.057617 -0.088379
0.059570 0.034424 -0.105469 0.020630
-0.107910 0.164062 0.007080 0.051270
0.193359 0.023926 0.009033 0.046387
0.031738 0.005432 0.018555 0.105469
0.205078 0.130859 0.034668 0.094727
-0.038818 0.119629 0.113770 -0.095215
-0.088379 0.051270 -0.045654 -0.002075
0.076172 0.072754 0.008484 -0.007477
0.050537 -0.029053 0.156250 0.238281
0.078613 -0.022583 0.190430 0.017456
-0.015320 -0.140625 0.112305 -0.008301
-0.101074 -0.056152 -0.131836 0.022095
-0.023315 0.035889 0.074219 0.049072
0.005646 0.061768 0.008850 -0.069824
-0.139648 -0.090820 -0.085449 -0.062256
-0.069336 -0.150391 -0.089355 -0.058594
-0.137695 0.000012 -0.043213 -0.004761
-0.051514 0.018311 -0.149414 -0.154297
0.087402 -0.072266 0.117676 0.232422
-0.039062 0.010986 -0.130859 0.049805
-0.096191 0.074219 0.021729 0.068848
0.020142 -0.310547 -0.026489 -0.243164
-0.127930 0.055664 0.091797 0.052490
-0.091797 -0.097656 -0.194336 0.067871
-0.181641 -0.142578 -0.126953 0.051025
0.174805 0.227539 -0.255859 -0.232422
-0.027710 0.012390 0.013611 0.257812
0.018555 -0.148438 -0.148438 0.139648
-0.122070 -0.055176 0.217773 0.267578
0.068359 0.110840 -0.061523 0.051758
-0.070801 -0.065918 -0.046387 -0.042969
-0.038330 -0.341797 -0.123047 0.011230
-0.182617 0.081055 -0.126953 0.121582
0.036865 0.100586 -0.135742 0.003296
0.037842 -0.093750 0.168945 -0.068359
-0.267578 -0.075684 -0.077637 -0.028687
-0.211914 -0.072754 0.054443 0.051514
-0.033203 -0.054443 -0.049561 -0.146484
-0.261719 0.132812 -0.000900 0.191406
-0.233398 0.125000 0.037354 -0.054443
-0.093750 0.038574 0.025513 0.090820
0.055908 -0.023926 -0.164062 0.188477
-0.018921 0.007690 0.052246 0.028931
-0.037354 -0.075195 0.013123 0.032227
-0.050537 0.025635 -0.062988 -0.087402
0.192383 -0.106934 0.061523 0.067383
-0.220703 0.001228 -0.154297 0.077148
-0.102051 0.028809 -0.224609 -0.148438
-0.089844 -0.118164 -0.016357 -0.034424
-0.008118 0.101562 -0.205078 0.005310
-0.207031 0.165039 -0.078125 0.070312
-0.127930 -0.227539 -0.120605 -0.057373
0.055176 -0.017090 0.002106 -0.108398
-0.277344 0.078613 -0.049805 0.133789
0.028687 -0.064941 -0.104492 -0.096680
0.115723 -0.084961 -0.069336 -0.241211
-0.051025 -0.061035 -0.122559 -0.163086
0.024780 -0.030029 0.046143 0.006775
0.201172 -0.014343 0.057129 -0.038330
-0.058350 -0.011169 0.125000 -0.068359
0.235352 -0.103027 0.001999 -0.222656
-0.183594 -0.113281 0.028809 -0.142578
0.064941 -0.053467 -0.073730 0.012390
-0.216797 0.055176 -0.140625 0.006836
0.014221 0.077148 -0.176758 -0.006958
0.019287 0.049316 -0.007874 -0.001701
0.035156 0.070801 0.172852 -0.044678
-0.125000 0.109863 -0.002243 -0.002075
0.035400 0.143555 0.037842 -0.003967
-0.072266 -0.026611 0.117188 0.109863
-0.001488 -0.043213 -0.046631 0.031006
0.079102 0.046631 0.163086 -0.012085
-0.040283 0.090820 -0.098145 -0.079102
0.045898 0.035645 -0.063965 0.052490
-0.215820 0.029907 0.012695 0.032471
0.111816 0.179688 -0.155273 -0.089844
-0.225586 0.071289 -0.166016 -0.136719
0.058350 -0.070312 -0.021729 -0.237305
0.102051 0.030029 -0.059326 0.010620
0.107910 0.092773 -0.041992 -0.067383
-0.058350 0.029175 -0.064941 -0.118652
-0.008301 0.065918 0.024414 -0.045898
0.047607 -0.124512 -0.025391 -0.074707
0.013367 -0.018066 0.094238 -0.020630
0.165039 -0.167969 -0.138672 0.052979
-0.116211 -0.083008 0.001846 -0.074707
-0.027832 -0.052979 -0.046387 0.064941
0.088867 0.230469 -0.007233 0.007233
-0.063477 0.196289 -0.077148 -0.019287
0.020874 0.046387 0.006561 -0.053223
-0.077637 -0.100098 -0.223633 -0.186523
0.007660 0.125000 0.133789 0.020630
0.031738 0.062500 -0.139648 -0.243164
-0.052002 -0.012695 0.155273 0.028931
-0.031738 -0.033203 -0.040771 -0.014771
0.011658 -0.007568 0.041748 0.011353
0.009705 0.064941 0.143555 -0.162109
0.020630 -0.043945 0.034424 0.007935
0.114258 0.228516 -0.101562 -0.367188
-0.034180 -0.041748 0.046875 -0.114746
0.014343 0.012146 -0.087891 -0.257812
0.136719 0.015747 0.026733 0.032715
-0.108887 -0.024170 -0.055664 -0.080078
0.137695 0.017578 -0.077637 0.046143
0.170898 0.062988 -0.094727 -0.180664
-0.041748 0.022339 0.000261 0.037598
0.132812 -0.098633 -0.100586 -0.000051
-0.022827 0.093262 -0.007935 -0.083984
-0.054199 0.011169 -0.121582 -0.024414
-0.042969 0.113770 -0.037842 0.124023
-0.132812 0.040039 0.030273 0.006317
0.035156 0.075684 -0.019653 -0.125000
0.164062 0.227539 0.108887 -0.055176
0.056152 0.018555 0.044434 0.047119
0.000744 -0.058350 -0.114258 -0.002686
0.116699 -0.166992 -0.026245 -0.102051
-0.019531 -0.071777 -0.084961 0.177734
0.158203 -0.107422 0.108398 -0.089355
-0.132812 0.042969 -0.111328 0.065430
0.032959 0.001022 -0.039795 0.026978
-0.005707 -0.087891 -0.077148 0.207031
0.029419 -0.022339 -0.001671 -0.001686
-0.003052 0.027954 -0.078613 -0.067871
-0.003891 -0.225586 0.008118 -0.113770
0.013794 0.099121 0.128906 0.145508
-0.053711 -0.059082 -0.057373 -0.095703
0.040527 -0.040283 0.002197 -0.106445
-0.131836 0.038574 -0.046631 -0.013428
-0.103516 0.011108 0.114746 0.194336
0.096680 0.169922 -0.054932 -0.049316
0.005951 -0.035645 0.133789 0.039551
-0.300781 0.171875 -0.202148 -0.061768
0.134766 -0.032715 0.004089 0.057373
0.010925 -0.122070 -0.249023 0.081543
-0.155273 -0.013977 -0.009705 0.078125
-0.060547 -0.010620 -0.052734 0.174805
0.079590 -0.074707 0.062012 0.038818
-0.271484 0.212891 0.068848 -0.014099
-0.083984 0.287109 0.037598 0.046631
-0.062500 -0.129883 0.167969 -0.009644
0.218750 -0.019287 0.027466 -0.077148
0.005249 0.025879 -0.182617 -0.031250
-0.000113 -0.003067 0.080078 0.077637
-0.012634 0.045166 -0.033691 0.205078
-0.018066 0.097168 -0.022583 0.118164
0.009827 0.020264 -0.112793 -0.210938
0.153320 0.052490 0.029907 0.041260
-0.025513 -0.075684 0.094727 -0.062500
-0.084961 0.082031 0.045898 -0.005096
0.044434 -0.086426 -0.063965 0.020996
0.195312 0.019165 0.005585 0.088379
0.008179 -0.015625 0.087402 0.204102
0.001152 -0.074219 -0.027954 0.115234
0.057617 0.078125 0.031128 -0.033447
0.089844 -0.021973 0.097656 -0.013245
-0.125000 0.111328 -0.146484 -0.007050
0.043457 -0.145508 -0.001549 -0.011780
-0.126953 -0.094238 -0.039795 -0.160156
-0.031494 -0.009888 -0.096680 -0.145508
-0.137695 -0.047852 -0.073730 -0.039307
0.123047 -0.107422 0.028687 0.022217
-0.010620 0.120117 0.050049 -0.063965
0.083496 0.101074 0.090820 -0.031250
0.026367 -0.080078 0.191406 -0.066895
-0.134766 -0.066895 0.023560 -0.011353
-0.004333 -0.141602 -0.119141 -0.087891
-0.055908 0.025757 -0.114746 0.041992
-0.065918 -0.019897 -0.074707 0.090820
-0.065430 0.063477 0.008789 -0.032715
-0.050293 0.093262 -0.203125 -0.149414
-0.078613 0.229492 0.215820 0.178711
0.052734 -0.031738 -0.017456 0.002350
-0.056885 0.118164 -0.125977 0.063965
0.019531 -0.275391 -0.111328 -0.094727
-0.022339 -0.227539 -0.055908 0.096680
-0.165039 -0.138672 -0.000158 0.251953
-0.046875 0.188477 0.139648 0.098633
0.139648 0.118164 -0.101562 0.074219
0.037842 0.125000 0.130859 -0.074219
-0.037109 0.151367 0.003799 0.029053
-0.052246 0.071289 0.050537 0.174805
-0.235352 0.180664 0.018311 0.013855
-0.237305 0.100098 -0.017700 0.131836
-0.230469 0.015503 0.000450 -0.005890
0.003418 0.125000 0.089844 -0.013184
-0.004547 -0.141602 -0.005615 -0.037109
0.152344 -0.182617 0.043213 -0.291016
-0.080566 -0.120117 -0.001938 0.012756
-0.168945 0.133789 -0.015625 0.004944
-0.193359 -0.089844 -0.147461 0.019653
0.012817 0.043701 -0.070801 -0.052734
-0.143555 -0.115723 -0.021362 -0.035400
0.035645 -0.159180 -0.090332 0.000870
-0.066895 0.049561 0.027710 0.151367
0.071777 -0.039307 0.145508 -0.163086
0.001381 -0.027588 0.058838 -0.010986
-0.025269 0.066895 0.061035 -0.054443
-0.070801 0.061279 -0.073730 -0.114746
0.337891 -0.201172 -0.032715 -0.183594
-0.080566 -0.033936 -0.052734 -0.106445
0.183594 -0.222656 -0.083984 -0.304688
0.202148 -0.131836 0.081543 0.031250
-0.244141 -0.047363 0.241211 -0.089844
0.069336 0.040527 0.117188 -0.056641
0.054932 -0.100098 0.087891 0.010864
0.209961 -0.151367 0.088867 -0.107910
-0.174805 -0.084473 0.062988 0.053711
-0.151367 0.194336 -0.183594 0.002777
-0.023438 -0.065430 0.040771 -0.072754
0.261719 -0.125977 0.119629 -0.084961
-0.109375 0.122070 0.111816 0.120605
-0.093262 0.168945 0.012695 0.076660
-0.016113 0.072266 -0.049805 0.018921
0.127930 -0.082520 0.008240 -0.052979
0.261719 -0.041992 0.158203 0.017090
0.148438 0.003662 0.010620 -0.026001
-0.100586 -0.061523 0.010925 -0.153320
-0.140625 -0.009888 0.052246 0.086914
0.063965 0.092285 0.012756 -0.003906
-0.048340 0.122559 -0.076172 -0.201172
-0.052979 -0.002899 -0.093750 -0.113281
-0.339844 0.050781 0.001381 -0.151367
0.180664 0.100098 0.067383 0.106934
-0.001488 -0.031738 0.126953 0.155273
-0.201172 -0.001274 -0.135742 -0.158203
0.012695 -0.166992 0.053223 -0.110352
-0.089355 -0.132812 0.187500 -0.152344
0.054443 0.089844 -0.011658 -0.023315
0.006439 0.023804 0.095703 -0.007446
0.048096 -0.064941 -0.168945 0.007568
-0.046875 -0.010498 -0.089844 0.021729
-0.079102 -0.006989 -0.085938 0.000858
-0.065430 -0.192383 -0.013611 -0.085938
-0.043213 -0.237305 0.002014 -0.139648
-0.068359 0.109375 0.170898 0.140625
-0.049805 0.098145 -0.007507 -0.014648
0.007721 -0.014282 0.017334 -0.066406
0.037109 -0.001427 -0.107910 -0.109375
-0.065430 -0.110840 -0.150391 0.129883
-0.192383 -0.050781 0.025146 0.063965
0.011108 -0.100098 0.083984 -0.020142
-0.080566 -0.029541 -0.205078 -0.139648
0.009705 0.122559 -0.052490 0.012939
0.029053 0.030151 0.009766 -0.106934
0.037109 0.047119 0.014465 -0.036133
-0.032227 -0.045166 -0.059326 -0.239258
-0.181641 -0.162109 0.079102 -0.031738
-0.222656 0.257812 -0.047119 0.162109
-0.057373 0.055664 -0.177734 -0.178711
0.041748 -0.049805 0.093262 0.073242
-0.063965 0.062256 0.107910 -0.061035
-0.048096 0.103027 -0.012817 -0.135742
0.015747 0.014893 -0.018677 -0.029297
-0.001122 0.053955 -0.075684 0.083496
0.060547 0.038818 -0.158203 -0.057129
-0.145508 0.054443 0.056885 0.050293
0.074219 -0.042236 0.120605 -0.012634
0.017456 0.142578 -0.034668 0.136719
0.038574 0.066895 -0.030273 -0.089844
0.016724 -0.091797 -0.028198 0.039307
0.052002 -0.061523 -0.051758 0.084473
-0.166016 -0.084473 -0.111328 0.177734
0.009338 0.019043 -0.133789 0.044678
-0.114258 -0.050049 -0.073242 -0.147461
0.063477 -0.051270 0.121094 0.053467
0.004578 0.131836 -0.049561 -0.048584
-0.046387 -0.059326 0.036621 0.006378
0.010254 -0.143555 -0.009277 -0.077148
-0.054443 -0.045410 -0.000599 0.051025
-0.139648 0.255859 0.121094 0.257812
0.110352 -0.142578 -0.062500 -0.054932
0.039062 -0.030762 -0.071289 -0.152344
-0.193359 0.022949 -0.103516 0.012695
-0.093750 0.115723 -0.022217 -0.006958
-0.031738 -0.048584 -0.101074 0.030396
0.171875 -0.148438 0.006104 0.022217
-0.078613 0.082520 -0.005493 0.103027
0.063965 -0.027954 0.054199 -0.167969
0.152344 0.026611 -0.046875 -0.094238
-0.052002 -0.089355 0.088867 0.024658
0.094727 0.034912 0.049561 -0.020020
0.019775 0.065918 -0.005768 0.023315
0.083984 -0.051270 0.023193 0.060791
0.034424 -0.117676 -0.035889 0.016113
0.045166 -0.034424 -0.039551 0.118164
0.091797 0.065430 0.261719 0.031494
0.192383 -0.159180 0.180664 0.062500
-0.028931 0.198242 -0.080078 0.010620
-0.011536 -0.012024 0.004486 -0.030029
0.067871 -0.005554 0.088379 0.147461
-0.048584 0.103027 0.004272 0.033447
-0.138672 0.062988 -0.012024 -0.025879
-0.096191 -0.095215 0.070312 0.175781
0.002014 0.022583 0.009888 -0.142578
-0.050537 -0.055664 0.194336 0.205078
0.269531 0.242188 0.138672 0.012634
0.154297 0.080078 -0.007477 -0.080566
-0.167969 -0.050293 -0.113770 0.004303
-0.105957 0.084961 -0.126953 -0.108398
-0.025391 -0.114746 -0.067871 0.160156
0.062012 -0.047607 0.071777 0.001633
0.096191 0.020752 0.177734 0.067383
0.151367 -0.051758 0.131836 -0.059082
-0.013489 0.062988 0.105469 0.023193
0.004852 -0.067383 0.050781 0.060059
-0.164062 0.108887 -0.016357 0.070312
-0.013855 -0.058105 -0.182617 0.193359
-0.136719 0.073730 -0.121582 0.068848
-0.188477 -0.067871 -0.030518 0.019775
0.078613 -0.016602 -0.103516 -0.090332
0.038330 -0.173828 -0.014404 -0.069824
-0.018066 0.178711 0.105957 0.054688
-0.073242 -0.085449 -0.029297 0.014282
-0.084961 0.068848 -0.076660 0.198242
-0.056641 -0.300781 -0.126953 -0.032227
-0.052734 0.130859 -0.037598 -0.259766
-0.080078 0.058350 -0.021118 0.124512
0.152344 0.129883 -0.171875 -0.031738
-0.024048 0.279297 -0.137695 -0.253906
-0.017578 0.157227 0.042236 0.211914
0.113770 0.022705 0.043945 0.073242
-0.400391 0.128906 0.008179 0.043701
-0.090820 -0.049805 -0.020020 0.083496
0.099121 -0.121094 0.080078 0.120117
0.144531 -0.029663 0.029053 0.118652
0.083496 -0.046387 -0.088379 -0.062988
-0.028442 -0.097168 0.098145 0.048584
-0.011230 0.077148 0.044434 -0.054932
0.012268 -0.054932 -0.062256 0.005432
-0.181641 -0.001930 -0.057617 0.014282
-0.116211 -0.099121 -0.130859 0.018799
-0.194336 -0.000862 -0.007202 0.134766
-0.199219 0.081055 0.014465 0.035645
0.173828 -0.037354 0.058105 0.220703
0.163086 -0.096191 -0.081055 -0.042969
0.076660 0.000109 -0.072266 -0.107910
-0.057861 -0.065430 -0.033447 0.029175
-0.017456 -0.050537 0.012573 -0.203125
0.184570 -0.046143 -0.177734 -0.143555
0.008057 0.058594 -0.085449 -0.033936
0.077637 -0.152344 -0.047607 -0.251953
-0.244141 0.161133 -0.050781 0.211914
-0.020264 0.160156 -0.153320 0.189453
0.146484 -0.123535 -0.104004 -0.195312
-0.043701 0.026489 0.058838 -0.060547
-0.188477 -0.077637 -0.071289 -0.030029
0.178711 -0.208984 0.100586 -0.020996
0.098633 -0.020386 0.022827 0.006622
0.239258 -0.081543 0.099609 -0.133789
0.112793 -0.064453 -0.121094 0.000656
0.141602 -0.088379 0.034424 0.105957
-0.051758 -0.060791 -0.065430 -0.003967
0.023682 -0.079590 -0.062256 0.050049
-0.145508 0.017700 -0.028320 0.083496
0.064941 -0.253906 0.099609 -0.071289
0.195312 0.067383 0.024536 -0.116211
0.165039 -0.026245 0.109863 -0.070312
0.171875 0.057373 -0.143555 -0.073730
-0.189453 0.167969 0.018677 -0.047363
0.128906 0.037109 0.069336 0.037842
-0.085449 -0.014893 -0.174805 -0.009827
0.066895 0.096680 0.039795 0.035156
-0.131836 0.049561 -0.049072 -0.007812
-0.166016 0.103516 0.069824 -0.052734
-0.137695 0.221680 -0.052490 -0.000511
-0.112793 0.093750 -0.074707 -0.130859
-0.104980 0.238281 -0.076660 -0.217773
0.035889 0.086914 -0.013916 0.047119
-0.089844 -0.007111 -0.098633 -0.176758
0.044189 -0.055908 -0.019897 -0.158203
0.173828 -0.169922 -0.032227 0.165039
0.128906 0.042969 -0.075684 0.110840
0.036865 -0.021851 -0.024048 0.177734
0.041016 -0.094727 -0.168945 0.096680
0.018433 0.016479 -0.006866 -0.076660
-0.093262 -0.096191 -0.041748 0.106934
0.018311 -0.132812 -0.111328 -0.116699
-0.136719 0.088867 0.166992 0.071777
-0.063477 0.034180 -0.158203 -0.044678
0.047363 -0.030884 0.103027 -0.080566
0.076660 0.052734 -0.072754 -0.117676
0.017090 -0.008911 -0.071289 -0.121094
0.087891 0.081543 0.032715 -0.125977
-0.055664 -0.111328 -0.078613 0.114258
0.004456 -0.054688 -0.209961 -0.030396
0.017944 -0.031250 0.025024 0.149414
-0.028931 0.166016 0.010193 -0.244141
0.020508 -0.032471 -0.099609 -0.150391
-0.049072 0.250000 -0.186523 -0.378906
-0.151367 0.051025 -0.119629 -0.210938
0.061035 -0.079590 -0.199219 -0.059326
-0.099609 -0.012329 0.008850 -0.064941
-0.016602 -0.056396 -0.189453 -0.109863
-0.083008 0.000427 0.026978 0.096191
0.066406 -0.020996 0.106445 0.138672
0.165039 0.090332 0.012878 0.049561
0.104980 0.058838 -0.024048 -0.003357
-0.049805 0.040527 0.045654 0.065430
0.062256 0.093750 -0.106445 0.023315
0.032715 0.002319 -0.104492 -0.057617
-0.083496 0.107422 -0.005707 0.219727
0.028564 0.103516 -0.020630 -0.129883
-0.129883 0.027100 -0.059814 0.218750
-0.009827 -0.005554 0.052490 0.202148
-0.126953 0.039062 -0.052246 0.129883
-0.041504 -0.050049 -0.052734 -0.050781
0.037842 -0.070801 -0.141602 0.046143
0.030884 -0.074219 -0.067383 -0.006805
-0.173828 0.178711 -0.050781 0.104004
0.273438 -0.314453 -0.030884 -0.120117
-0.146484 0.052002 -0.147461 0.150391
-0.072266 0.129883 -0.019897 0.187500
-0.107910 -0.046387 -0.089844 0.042725
-0.071289 -0.073242 -0.109863 -0.143555
-0.073730 -0.139648 0.057373 0.092773
0.051025 -0.146484 -0.033447 -0.113770
0.007599 0.150391 -0.009644 0.025146
-0.067871 -0.079590 -0.023193 -0.168945
0.048584 -0.074219 -0.095703 0.054688
0.108887 0.026367 0.096191 -0.081055
-0.101074 0.063965 -0.017090 0.070312
0.016113 0.031738 -0.004913 0.054443
0.038818 0.012024 -0.005859 -0.084961
0.109863 -0.052490 0.118652 -0.223633
0.117188 -0.034180 -0.078125 0.073242
0.052002 0.078613 0.128906 -0.115234
-0.029907 -0.062500 0.095703 -0.096191
0.086426 0.057861 0.054199 0.096191
0.172852 -0.036133 -0.031494 0.137695
-0.089355 -0.003799 -0.017578 -0.041016
0.048828 0.015869 -0.013672 -0.006256
0.044678 -0.039551 -0.003372 -0.058105
0.130859 -0.089355 -0.010681 0.024170
0.058350 0.221680 0.133789 -0.182617
0.079102 0.154297 0.024048 -0.110840
0.001518 0.098633 0.095215 -0.043701
0.047607 -0.145508 0.212891 -0.178711
-0.052734 0.001389 0.018555 0.040771
-0.004517 -0.140625 0.087891 0.005920
-0.069824 0.089844 0.019897 -0.257812
0.171875 -0.007660 -0.005066 0.050049
-0.009583 -0.021729 0.031128 -0.010315
0.050537 0.030762 -0.089355 0.046387
-0.116699 0.058838 0.077148 0.093750
0.069336 0.095703 -0.136719 0.047363
-0.033203 0.037598 0.011841 -0.006622
-0.036377 0.217773 0.064453 -0.088379
0.022461 0.006836 0.097168 -0.038086
-0.081055 0.196289 0.176758 -0.141602
-0.010559 -0.068359 0.096191 -0.144531
0.063965 -0.320312 0.043457 -0.177734
-0.203125 -0.029053 -0.015198 0.157227
0.056152 0.016235 0.097656 -0.010620
-0.043457 0.004425 -0.051514 0.005981
0.136719 0.123047 -0.111328 0.104004
0.042236 0.152344 0.117188 0.034424
-0.016113 0.142578 0.004120 -0.073242
-0.023560 0.224609 -0.180664 0.191406
0.125977 0.019287 -0.205078 0.036377
-0.347656 0.003998 0.091309 0.106934
-0.287109 0.103027 0.269531 -0.181641
-0.036377 0.031982 0.038330 0.003799
-0.037842 -0.294922 0.093750 -0.144531
-0.071777 0.025146 0.165039 0.196289
-0.132812 -0.060547 -0.138672 -0.277344
-0.040771 0.040527 -0.042725 0.064941
0.109863 -0.100098 -0.162109 0.093262
0.151367 0.011169 0.059814 -0.116699
0.132812 -0.018188 0.052734 -0.227539
0.035889 0.049561 0.076172 0.036621
-0.070801 0.123535 0.217773 0.168945
0.130859 0.218750 -0.012390 -0.072266
0.115723 0.067871 0.006042 -0.402344
-0.059326 -0.115723 0.213867 -0.001305
0.104492 -0.052246 -0.146484 -0.153320
-0.039795 -0.085938 0.023804 -0.047607
-0.109375 0.019043 0.202148 -0.263672
-0.055176 -0.038818 -0.022583 -0.001305
0.069336 0.138672 -0.112305 0.207031
-0.001717 -0.029175 0.138672 0.048096
0.014282 0.182617 0.138672 -0.235352
-0.157227 -0.269531 0.031494 -0.106934
0.113770 -0.052734 -0.138672 -0.050781
-0.135742 -0.101562 0.147461 0.088867
-0.054199 0.130859 0.158203 -0.306641
-0.055420 -0.027222 -0.002823 -0.023071
-0.054932 -0.064453 0.000372 -0.008667
-0.198242 -0.136719 0.135742 -0.183594
-0.020142 0.035156 0.037109 -0.059082
-0.088379 -0.117676 -0.048584 -0.043945
-0.002228 -0.014282 0.037842 -0.028076
0.045654 -0.076660 0.208984 -0.214844
0.103516 -0.021118 0.003860 -0.024658
0.343750 -0.013000 -0.028198 -0.079102
0.151367 -0.045410 -0.121094 -0.046387
0.059326 -0.083984 -0.088379 -0.133789
0.063965 0.088867 -0.052490 0.012146
-0.105957 -0.030518 -0.075684 0.140625
0.049561 0.086914 0.051514 0.050537
0.055176 -0.020264 0.011414 -0.214844
0.089844 0.182617 0.026978 -0.037109
0.150391 -0.087402 -0.032471 0.049805
0.066406 0.049316 -0.002533 -0.115234
0.048584 -0.233398 -0.255859 -0.123535
0.016479 -0.109375 0.253906 -0.131836
-0.108398 0.077148 0.058594 0.047607
-0.050049 0.097656 0.098633 -0.095215
0.048828 0.209961 -0.126953 -0.109863
-0.064941 -0.109863 0.373047 -0.159180
-0.021729 0.085938 0.212891 -0.051514
0.099609 0.018066 0.135742 0.049805
0.144531 -0.226562 -0.065430 0.082520
0.095703 0.131836 -0.001305 -0.312500
-0.057861 -0.071777 -0.104980 0.028931
0.089355 -0.018555 -0.079102 -0.009888
0.006805 -0.028076 0.091797 -0.000123
0.058594 0.064941 -0.059570 0.049561
0.140625 -0.151367 -0.056885 0.034424
0.022827 -0.047119 -0.214844 0.074219
0.011658 0.001144 -0.005646 -0.044434
0.036621 0.062500 0.011292 0.119629
0.022095 -0.015991 -0.180664 0.065430
-0.101562 0.020386 -0.007996 0.022705
0.011719 0.175781 0.076172 -0.093262
0.016724 -0.015564 -0.083008 -0.108887
0.169922 -0.032227 -0.195312 0.082031
-0.075684 -0.103516 0.018677 -0.044434
0.068848 -0.010193 -0.154297 -0.012939
0.050049 -0.096191 0.138672 -0.191406
-0.054932 -0.069824 0.065918 0.063965
-0.208008 0.132812 0.111328 0.048584
0.020386 0.061279 0.050537 0.183594
-0.083496 0.164062 0.181641 -0.130859
-0.065430 -0.146484 0.141602 0.083008
0.112793 -0.081543 -0.121094 0.066895
-0.007629 -0.009644 -0.069336 -0.125000
0.007080 0.096191 -0.192383 0.139648
0.189453 0.116211 0.081055 -0.267578
0.127930 0.063477 0.018311 -0.216797
0.029785 0.121582 0.079590 -0.014893
0.129883 -0.203125 -0.052734 -0.041748
-0.032715 -0.140625 -0.054932 0.192383
0.057861 -0.030029 -0.051270 0.089844
0.053467 0.148438 0.028564 -0.025391
-0.107422 -0.125000 -0.003143 0.093262
-0.156250 -0.089844 -0.035645 -0.007202
-0.083008 -0.061279 -0.041016 -0.206055
0.138672 -0.098633 0.233398 0.179688
-0.083008 -0.171875 -0.051270 -0.181641
0.243164 -0.001816 -0.248047 0.080566
0.007294 0.077637 -0.089355 0.011597
-0.023315 -0.007874 -0.057373 0.018677
0.205078 -0.007874 -0.287109 -0.191406
-0.062988 -0.076660 0.008301 -0.040771
-0.263672 -0.062012 -0.000977 -0.000063
-0.097656 -0.104980 0.152344 -0.041748
-0.054688 0.032471 0.032959 -0.078613
-0.124023 -0.048096 -0.199219 -0.190430
0.017578 0.012512 -0.064453 -0.048828
-0.091797 0.096680 0.108887 -0.119141
0.075684 -0.117188 -0.151367 0.034912
0.114258 -0.100586 0.111328 0.064453
0.187500 -0.006989 -0.005676 0.063965
0.036865 -0.085938 -0.091797 0.029663
-0.037354 -0.203125 -0.062500 0.002335
0.193359 -0.101074 0.029663 -0.087891
-0.076172 -0.044434 0.129883 -0.022583
-0.115234 -0.125977 0.045410 0.020386
-0.097168 -0.088867 0.060547 -0.059326
0.004944 -0.001129 -0.099609 -0.009644
0.148438 -0.085449 -0.039062 -0.105957
-0.028687 -0.054688 -0.237305 -0.065918
0.209961 -0.084473 -0.108887 -0.095215
0.120605 -0.128906 -0.020630 0.058594
-0.035400 -0.068359 0.015991 0.134766
0.012451 -0.189453 -0.143555 -0.041748
0.151367 -0.018188 0.046143 -0.239258
0.082520 -0.054443 0.124023 0.038574
0.143555 -0.040039 0.283203 -0.062500
0.133789 -0.308594 -0.166016 0.134766
0.304688 -0.063965 0.040527 -0.020508
-0.005737 0.094238 0.006073 -0.194336
-0.064453 -0.007080 -0.000194 0.222656
0.098145 -0.126953 -0.045166 0.100098
0.230469 -0.277344 -0.199219 0.104004
-0.002579 -0.155273 0.013916 -0.094238
0.216797 0.036377 -0.177734 -0.080078
0.011536 0.345703 0.062500 -0.241211
0.076660 0.011108 -0.035156 -0.035645
0.083984 0.022461 -0.011719 0.029541
0.018921 0.081055 0.066895 -0.064941
-0.101074 0.027344 0.073730 -0.109863
0.018188 0.255859 0.132812 -0.145508
0.023560 0.167969 0.097656 -0.014099
0.070801 -0.049805 -0.137695 0.064941
0.125977 0.259766 -0.034424 -0.238281
0.034180 -0.010010 0.023193 0.091309
0.021240 0.005432 -0.061768 0.072754
0.123535 -0.081543 -0.033936 0.185547
0.160156 -0.045898 -0.066406 -0.053223
0.148438 0.216797 -0.051270 -0.165039
-0.061768 0.244141 0.267578 -0.263672
0.041748 -0.133789 -0.121094 -0.118652
0.061523 -0.081543 -0.117188 -0.161133
-0.098633 -0.384766 -0.124023 0.052734
-0.156250 -0.017700 -0.079102 0.175781
-0.133789 -0.234375 0.141602 0.067383
-0.084473 -0.193359 -0.086914 0.032715
0.202148 0.007507 -0.026855 -0.161133
0.065918 -0.211914 -0.134766 0.131836
0.245117 0.091797 -0.104492 0.172852
-0.061768 0.118652 0.157227 -0.113281
0.072754 -0.073730 -0.068848 0.113770
0.027832 -0.179688 0.041260 0.063477
-0.016357 0.071289 0.089844 -0.013489
0.050781 -0.052490 -0.000114 0.017822
-0.012146 0.138672 0.172852 -0.090820
-0.083008 -0.129883 -0.064453 -0.083008
0.088867 0.226562 -0.218750 0.052734
0.132812 0.182617 0.038574 -0.143555
-0.070801 0.208008 -0.022339 0.161133
0.296875 -0.050293 -0.137695 0.085938
-0.144531 -0.064941 -0.117188 0.031006
-0.187500 0.129883 0.046875 0.006317
0.199219 0.030029 -0.014526 -0.049561
0.025391 -0.009216 -0.100098 -0.139648
-0.001999 0.116211 0.140625 0.042725
0.107422 0.094727 0.177734 -0.185547
-0.013916 0.082520 0.291016 -0.067383
-0.153320 0.058105 -0.212891 -0.055664
-0.152344 -0.037109 0.326172 0.015625
-0.057129 -0.000736 0.143555 -0.089844
-0.145508 0.130859 0.144531 0.071777
0.028809 0.043701 -0.022583 0.034912
0.088379 0.059326 0.210938 -0.084961
0.113770 0.004181 -0.096191 -0.082520
-0.012939 -0.019531 -0.221680 0.086914
0.015320 -0.105469 -0.074219 -0.026489
0.003021 -0.030273 0.010376 -0.018188
0.125977 -0.178711 -0.078613 -0.119141
-0.007935 0.082520 -0.041504 0.072754
-0.018921 -0.047852 -0.001320 0.001526
0.025513 0.023315 -0.087402 0.099609
-0.204102 0.135742 0.137695 -0.102051
0.117676 0.014160 0.084961 0.055908
0.088867 -0.170898 -0.130859 0.072754
0.029175 -0.027954 -0.072266 0.054932
0.178711 0.050781 -0.030762 -0.024902
-0.131836 0.032715 0.175781 -0.083496
-0.047363 0.051514 0.031494 0.014160
-0.138672 0.020020 0.094727 -0.142578
0.057373 -0.136719 0.084961 -0.045898
0.009827 -0.019653 0.013855 -0.029297
-0.017822 -0.049316 0.202148 -0.067383
-0.036621 -0.097168 -0.060547 0.077148
0.038574 -0.058838 0.162109 -0.183594
-0.086426 0.056885 0.062256 0.001198
-0.025391 -0.014587 0.042725 -0.061768
-0.162109 0.143555 -0.002472 0.044434
0.149414 0.079590 -0.193359 0.128906
0.025879 -0.014893 0.127930 -0.130859
0.083008 -0.077148 -0.005951 -0.061279
0.018921 -0.009033 -0.026245 0.022827
-0.003510 -0.163086 -0.052490 -0.031738
0.135742 -0.004761 0.012329 -0.016968
0.004913 0.018677 -0.002686 0.038818
-0.093750 -0.016479 -0.096680 0.098145
-0.062500 -0.125977 0.251953 0.127930
-0.009033 0.207031 0.158203 -0.153320
0.273438 -0.238281 -0.160156 0.127930
0.015747 0.060303 0.034912 0.014038
-0.026978 0.053467 -0.131836 0.189453
0.075195 0.068848 0.156250 -0.202148
-0.042236 -0.046631 -0.017090 -0.080566
-0.214844 0.335938 0.081543 0.153320
0.202148 -0.036621 -0.114258 -0.048096
-0.115723 -0.087891 -0.021729 -0.245117
-0.025146 -0.248047 -0.014771 -0.283203
-0.069336 -0.117676 -0.006927 -0.065430
0.097656 -0.138672 -0.055908 0.088867
0.095215 0.030518 0.020508 -0.208008
-0.012268 -0.014221 -0.001999 0.083984
0.166992 0.046143 -0.064453 -0.017334
-0.078613 -0.072266 -0.033203 0.068359
0.110840 0.083984 0.140625 -0.314453
0.000595 0.038574 -0.015869 0.085449
-0.067383 0.100586 0.052246 -0.035400
0.108398 -0.041260 -0.134766 0.111328
-0.087402 -0.059814 -0.031250 -0.099121
0.007202 -0.060791 0.063477 0.088379
0.018066 -0.208984 0.123535 0.076172
-0.000423 -0.149414 -0.162109 0.009949
0.046143 0.212891 0.022583 -0.244141
0.145508 -0.022705 -0.229492 0.139648
-0.035156 -0.007538 0.109863 0.038086
0.114258 0.068359 -0.367188 0.121582
0.180664 -0.146484 -0.245117 0.015747
0.067871 -0.002594 0.028931 -0.044678
-0.141602 -0.019165 0.104492 0.000462
0.113770 -0.056152 -0.419922 -0.026001
0.236328 0.002686 0.045166 -0.177734
-0.004547 0.006653 -0.150391 -0.031128
-0.013855 -0.005585 0.041992 -0.091309
0.103027 -0.059326 -0.204102 -0.163086
0.149414 -0.194336 0.073730 -0.110840
-0.006226 -0.017456 -0.098145 0.075684
-0.180664 0.079590 0.026733 -0.062012
0.028076 -0.035645 -0.093262 -0.166016
0.151367 0.075195 0.126953 0.013611
0.081055 -0.083496 -0.044922 0.033936
-0.151367 0.074707 0.111816 -0.152344
0.009644 -0.136719 -0.087402 -0.045410
0.030029 0.012939 0.238281 -0.158203
0.009277 0.013062 0.086426 -0.075195
0.007294 0.056641 0.128906 -0.211914
0.048828 -0.142578 -0.079590 0.016357
0.056885 0.132812 0.068848 0.117676
0.078125 -0.208984 -0.141602 -0.053223
-0.054443 -0.041748 0.018799 -0.085449
0.005432 -0.086426 -0.109375 -0.084961
0.019409 0.156250 0.041748 -0.154297
-0.063965 0.047852 0.041260 -0.125000
-0.034180 -0.013428 -0.214844 -0.100586
-0.004517 -0.051025 0.140625 -0.097656
0.100098 0.157227 -0.019775 0.098633
0.001923 -0.080566 -0.209961 0.220703
0.133789 0.041504 -0.135742 0.173828
0.230469 -0.172852 -0.004974 0.128906
0.094727 0.053467 -0.181641 -0.067871
0.087402 0.228516 0.012146 -0.005493
0.052734 0.189453 -0.008484 -0.019409
0.010193 0.020630 -0.080566 -0.031494
-0.004242 0.030151 0.097168 -0.069824
-0.041992 -0.021484 0.109375 -0.119629
-0.013977 0.014709 -0.001526 0.049561
-0.052246 0.226562 -0.065918 -0.068359
0.135742 0.160156 0.030640 -0.050781
0.097656 -0.056885 0.149414 -0.001541
0.233398 0.044189 0.183594 -0.287109
0.166016 0.001526 -0.127930 0.098145
-0.089355 0.017212 0.082520 0.028198
0.072754 -0.014343 -0.079590 -0.007355
0.017456 -0.035400 0.163086 0.125977
0.228516 0.091797 -0.111816 -0.001930
0.071777 0.105957 0.143555 0.000182
-0.073242 0.157227 0.004120 -0.039307
0.076172 -0.017090 -0.216797 0.079102
-0.086914 -0.171875 0.113770 -0.077148
-0.072266 0.198242 0.103027 0.175781
0.058838 -0.095703 -0.160156 -0.155273
-0.157227 -0.153320 0.148438 0.057861
0.118164 -0.147461 -0.231445 0.046143
0.038330 0.007935 0.070312 -0.052490
-0.249023 -0.093262 0.055908 0.003342
-0.014832 -0.025757 0.032227 0.084473
-0.077637 -0.100098 -0.045898 0.153320
0.014221 0.006104 0.029541 -0.095215
0.134766 0.082031 0.010315 -0.106934
-0.122070 -0.124512 0.021118 -0.029297
0.001030 0.253906 0.089844 -0.041992
-0.103516 -0.063965 -0.027588 0.087402
0.118164 0.078125 -0.162109 0.052734
0.045898 -0.041748 0.107910 0.034424
0.148438 0.150391 -0.246094 0.136719
-0.091309 -0.049072 0.163086 0.109375
0.052734 0.106445 0.026611 -0.192383
-0.166016 0.047119 0.080566 0.120117
0.016479 0.265625 0.019287 -0.112793
-0.074219 -0.044922 0.072266 0.093750
0.001060 -0.091797 -0.017578 -0.075195
-0.104492 -0.201172 -0.294922 0.223633
0.027222 -0.029419 -0.093750 -0.083984
-0.287109 -0.095703 0.135742 -0.091797
-0.030884 -0.086426 0.046875 -0.195312
-0.129883 0.058838 0.292969 -0.054688
0.033936 0.084473 0.174805 -0.045898
-0.238281 -0.045898 0.087891 -0.031738
0.089844 -0.033691 0.215820 -0.181641
0.128906 0.042236 -0.024414 -0.150391
0.128906 -0.123535 -0.210938 -0.055420
0.045898 -0.096191 -0.062500 0.024658
-0.005768 0.029053 -0.071777 0.029053
-0.083984 -0.108887 0.145508 -0.073730
-0.057129 -0.014771 0.141602 -0.132812
-0.027710 -0.294922 0.047852 -0.141602
0.247070 0.087891 0.065430 -0.030884
-0.056885 -0.093750 -0.138672 -0.263672
-0.003174 -0.011841 -0.080566 -0.034668
0.053955 0.024658 0.021240 0.043701
0.141602 0.038574 0.142578 0.052734
0.106934 -0.052979 -0.015991 -0.109863
0.033691 0.053955 0.033691 -0.067871
0.017822 0.161133 -0.141602 0.060059
-0.021362 0.126953 -0.064941 -0.039062
0.123047 -0.081055 0.161133 -0.085449
0.078613 -0.036377 0.024170 -0.036377
0.018188 -0.073730 0.005768 -0.005890
-0.104980 0.125977 0.070801 -0.030762
0.131836 0.132812 0.003311 0.014587
0.174805 -0.160156 -0.093750 0.039307
-0.022949 0.259766 -0.166992 -0.209961
0.031982 -0.021729 0.073242 -0.100586
-0.053711 0.032227 -0.198242 0.017212
0.056152 0.050293 -0.180664 -0.002609
0.013367 -0.070801 -0.022583 0.016968
0.047119 0.041504 0.114258 -0.097656
-0.087891 0.076660 0.084473 0.127930
0.000053 0.265625 0.059082 0.032715
-0.104492 0.010254 -0.042725 -0.148438
-0.081543 0.139648 0.023682 0.081543
-0.170898 -0.046875 -0.002640 0.111328
-0.048096 -0.164062 0.067871 -0.027710
-0.040039 -0.160156 0.042236 0.009277
-0.000479 0.179688 0.152344 -0.171875
-0.024414 -0.185547 0.030273 0.083984
0.112793 0.172852 -0.093262 -0.146484
0.048584 0.042480 -0.088379 0.168945
-0.064453 0.142578 0.013184 0.210938
0.011963 -0.194336 -0.106445 0.068359
0.105957 0.114258 -0.015198 -0.196289
0.044922 -0.043457 -0.015137 -0.012878
-0.235352 -0.043701 -0.041992 -0.176758
-0.149414 -0.208008 0.013977 0.206055
-0.074707 0.074707 0.033691 0.134766
-0.177734 0.066406 0.029297 0.164062
0.049072 0.039795 0.046143 -0.012268
-0.049561 0.050049 -0.097168 0.231445
-0.048828 -0.236328 -0.003799 -0.017700
-0.012695 -0.025757 0.021484 -0.017944
0.082520 0.208984 0.025757 -0.408203
0.003784 0.018921 -0.078125 0.037598
-0.055908 0.100098 0.130859 0.098145
0.191406 0.096191 0.051758 -0.074219
0.001930 0.005341 0.025513 0.077148
-0.189453 -0.092773 -0.204102 0.211914
0.024170 -0.146484 -0.112793 0.009949
0.016235 -0.053711 -0.001518 -0.016113
-0.080566 0.324219 0.004120 -0.433594
-0.008545 0.050781 0.164062 0.047119
0.030273 0.107422 0.094727 0.062500
0.188477 -0.056396 -0.166016 0.097168
-0.111816 -0.143555 0.029419 0.049316
0.096191 0.169922 -0.175781 -0.009216
0.113770 0.026978 -0.277344 -0.253906
0.002792 -0.003464 -0.074707 0.016479
0.078125 -0.029297 0.248047 -0.069336
-0.131836 -0.028442 0.136719 -0.140625
-0.178711 0.126953 0.245117 0.077148
-0.104980 -0.224609 -0.029785 0.129883
-0.105469 -0.049561 0.054199 0.095703
-0.142578 -0.209961 0.123535 0.090820
-0.082520 -0.124023 0.021362 -0.102051
-0.023438 0.210938 0.078613 -0.000086
0.304688 -0.182617 -0.096191 -0.112793
0.221680 -0.085938 0.088867 -0.088867
0.077148 0.087891 0.052734 -0.176758
0.043945 0.012878 0.005402 0.005066
0.090820 -0.155273 0.009827 -0.131836
-0.141602 0.005463 -0.058838 0.086914
-0.130859 0.060059 -0.155273 0.140625
-0.023804 0.073730 -0.018066 -0.201172
0.157227 0.100586 -0.087402 -0.041260
0.215820 -0.057373 -0.129883 -0.041016
0.092773 0.153320 0.013245 -0.135742
0.035889 0.008728 0.066895 -0.025879
0.079590 -0.314453 -0.054443 0.215820
-0.059082 -0.049316 -0.161133 0.289062
-0.208008 0.182617 -0.026611 0.070801
0.119629 -0.144531 -0.238281 -0.038086
-0.002228 0.093262 0.168945 -0.217773
0.135742 0.040039 -0.048828 -0.005341
0.225586 0.046631 -0.154297 0.005646
0.092773 0.044434 -0.050049 -0.013611
0.083008 0.193359 0.008301 -0.006073
0.008545 0.040527 0.124023 0.134766
0.069824 0.066406 -0.003937 -0.053955
0.021118 0.041260 0.099609 -0.132812
0.176758 -0.108887 -0.126953 0.056641
0.163086 -0.020386 -0.128906 -0.047607
0.074707 0.007996 -0.103516 0.010315
-0.055420 0.029053 0.064453 -0.052002
0.170898 -0.020386 -0.048584 0.040527
0.062988 -0.021362 0.081055 0.114746
0.041504 -0.011963 -0.065918 0.219727
0.031738 0.106445 0.072754 -0.067383
0.060059 0.107422 -0.040283 0.124023
0.030518 0.175781 -0.078613 0.041504
0.129883 -0.087891 -0.007446 0.024414
-0.011108 -0.072266 -0.064941 -0.066895
0.027466 -0.078613 0.028564 0.000851
-0.001396 -0.175781 -0.030762 0.036377
-0.195312 0.021729 0.152344 0.162109
0.034912 0.045166 -0.006744 -0.028687
-0.046875 -0.036621 0.166992 0.090820
-0.061035 0.133789 0.063477 0.014954
0.073730 -0.087402 0.107910 0.036865
0.111816 0.017944 -0.061768 0.023438
-0.068848 0.209961 0.111328 0.048584
0.164062 -0.014160 -0.037842 0.024536
0.116699 0.024048 0.052979 -0.150391
0.009888 -0.097168 -0.111328 -0.123047
0.211914 -0.118164 -0.188477 0.084473
-0.003296 -0.029907 0.002197 0.131836
-0.103027 -0.100098 -0.072754 0.059814
-0.028931 -0.034668 0.041748 0.042480
-0.015442 0.181641 -0.002792 0.077148
-0.042480 0.032227 0.061768 0.079102
-0.197266 -0.063477 0.039307 0.105957
-0.081055 0.111328 0.139648 0.122070
0.147461 -0.063965 -0.222656 0.038086
-0.010132 -0.025757 -0.031494 0.061768
-0.125977 -0.001297 0.124512 0.164062
-0.000671 -0.024414 -0.058105 0.046875
-0.176758 0.069336 0.196289 0.035156
-0.227539 0.016724 0.251953 -0.094727
-0.173828 -0.076172 0.097656 0.155273
-0.226562 -0.002167 0.021240 -0.111816
-0.184570 -0.024902 -0.116211 -0.171875
-0.016724 0.155273 -0.006653 0.071289
-0.228516 -0.154297 0.182617 -0.165039
-0.031006 -0.023926 -0.053467 -0.003662
-0.060547 0.065430 -0.028198 -0.143555
-0.055420 -0.037354 0.099609 0.025513
0.220703 -0.080566 0.038086 -0.037109
0.045654 0.041992 0.007233 0.172852
-0.123535 -0.199219 -0.041992 0.050293
0.171875 0.037598 -0.149414 0.140625
-0.188477 -0.102051 0.044678 -0.093750
-0.023438 -0.125977 -0.104980 0.144531
-0.122559 -0.101562 -0.054199 -0.015137
-0.154297 0.080566 0.025391 0.062012
0.199219 0.105469 0.079590 -0.012573
0.145508 0.083984 -0.084961 0.011230
-0.027344 -0.041016 -0.062500 0.168945
-0.100098 0.038574 0.043945 0.047852
0.053467 -0.111328 -0.176758 -0.105469
-0.207031 0.020264 -0.044434 0.051758
-0.036865 0.079590 -0.013672 0.220703
-0.191406 0.103516 0.048340 0.064941
0.208984 0.253906 0.141602 -0.217773
0.001541 0.255859 0.165039 -0.029785
-0.155273 0.073730 0.049072 0.073242
-0.033936 0.136719 0.251953 -0.072754
-0.046631 0.148438 -0.090820 -0.025879
-0.328125 -0.057373 0.018311 0.103027
-0.016968 0.053467 -0.039062 -0.136719
0.094727 0.062012 0.051025 -0.109375
0.047607 -0.116699 0.021729 -0.173828
0.156250 -0.116699 0.072754 -0.144531
-0.027222 -0.041016 0.005402 0.048096
0.032471 0.010132 -0.045898 0.030273
-0.087891 0.126953 0.011902 0.075195
0.017212 -0.066895 0.101074 -0.084473
0.045166 -0.120117 0.085938 0.119629
-0.065430 0.077148 0.025146 0.086426
-0.024658 0.062500 -0.053223 -0.163086
0.000858 0.065430 0.093750 0.019897
0.116211 0.041260 -0.041016 -0.015869
-0.114746 -0.056641 0.108887 -0.114258
0.019165 -0.047363 0.016846 0.019043
-0.064453 0.096191 -0.138672 -0.174805
-0.084961 -0.314453 0.057617 -0.024536
-0.176758 -0.040527 0.188477 0.055664
-0.145508 0.084473 -0.029663 0.154297
-0.300781 0.091797 0.031982 -0.191406
-0.091797 0.014038 -0.062256 -0.098145
-0.074707 0.045410 -0.001740 -0.025146
-0.016113 -0.079102 0.048096 0.048340
-0.169922 -0.073242 0.108887 0.018677
-0.045654 -0.044678 0.047119 0.067871
-0.074219 0.086914 0.078125 -0.062500
0.062988 0.014954 0.005524 -0.111816
0.008057 -0.025757 0.136719 -0.150391
-0.041504 -0.006012 -0.002975 -0.271484
-0.163086 -0.257812 0.003784 -0.056152
-0.035400 -0.164062 0.052734 -0.133789
0.004791 0.119141 0.088379 -0.205078
-0.157227 -0.042236 0.038818 0.219727
-0.121094 -0.130859 -0.032715 0.032715
-0.005981 0.100586 0.036133 0.023804
-0.177734 0.095215 -0.009766 -0.152344
-0.142578 -0.086426 -0.052979 -0.039062
0.051514 -0.137695 -0.166016 -0.125977
0.058594 -0.049316 -0.031982 0.022339
-0.125000 -0.031250 0.055908 -0.134766
0.003967 0.204102 0.131836 -0.207031
-0.217773 -0.207031 0.025513 0.004089
0.047119 -0.055420 0.164062 -0.170898
-0.064453 -0.071777 -0.065918 -0.058350
-0.069824 -0.042725 -0.007812 -0.146484
0.155273 -0.099121 -0.073730 -0.068848
-0.117188 -0.094727 0.113281 0.020020
-0.068848 -0.113281 0.259766 0.013306
-0.069824 -0.018555 0.007080 -0.051270
-0.084961 0.028687 -0.079590 -0.035400
-0.081543 -0.083496 -0.006958 -0.013611
-0.019165 -0.048340 0.031006 -0.080566
-0.054199 0.002182 0.048096 -0.073242
0.028198 0.096680 0.027344 0.011108
0.007721 -0.078613 0.055176 -0.034180
-0.105957 -0.048340 0.020264 -0.007660
