0.057861 0.099609 0.043457 -0.099609
0.085449 0.114258 -0.091797 0.008911
-0.165039 0.086914 0.160156 -0.134766
0.011292 0.183594 0.060059 0.002029
-0.013367 0.024536 0.021484 -0.021851
0.187500 0.006805 0.086426 0.166992
-0.170898 0.142578 0.057617 -0.067383
0.030762 -0.038330 -0.055664 -0.037598
-0.008545 -0.051758 0.164062 -0.205078
-0.170898 -0.200195 0.159180 -0.025391
0.089355 0.210938 0.129883 -0.134766
0.017090 0.053711 -0.151367 -0.012329
0.044678 0.056152 -0.035400 -0.022705
0.064941 0.020874 -0.128906 0.161133
0.052002 0.240234 0.162109 -0.267578
0.029419 -0.005341 -0.155273 -0.097656
-0.018433 -0.086426 0.170898 -0.131836
-0.051025 -0.076660 0.094238 -0.041992
0.084961 0.151367 0.064941 0.032227
-0.063477 -0.009338 -0.072266 0.196289
0.054443 0.007111 0.073242 0.028931
0.009460 0.133789 0.119141 -0.000782
-0.004395 0.186523 -0.133789 -0.113281
0.125000 0.104004 -0.125977 0.006226
0.141602 -0.133789 -0.157227 0.087891
0.038330 0.081543 -0.115723 0.114258
-0.016968 0.048096 0.082520 -0.100586
0.136719 0.002396 -0.011230 -0.082031
-0.036865 0.048584 0.054932 0.010498
0.128906 0.041748 0.091309 0.126953
-0.154297 0.011169 0.036377 -0.179688
0.071289 0.006744 -0.042236 -0.123535
-0.154297 0.090332 -0.093750 0.012573
-0.105469 0.150391 -0.006836 -0.131836
0.116211 -0.094238 0.063477 -0.109375
0.049072 -0.052002 -0.001221 -0.062012
-0.025879 0.037109 0.000698 -0.038818
0.113281 -0.149414 -0.078613 0.078613
0.035400 0.020996 -0.045654 -0.069824
0.044922 0.163086 -0.092773 -0.188477
-0.097168 -0.006805 0.045166 0.026489
-0.080078 0.061279 -0.039062 -0.069824
-0.006531 -0.067871 0.031250 -0.010376
-0.195312 -0.241211 0.068848 0.051758
0.009216 0.025391 -0.008850 -0.040527
0.115234 0.031982 0.031738 0.188477
0.042480 -0.000383 -0.104004 0.016479
-0.084961 0.047852 -0.008850 -0.116211
0.105469 -0.310547 0.124512 -0.081055
0.029053 0.025879 -0.042480 0.021729
0.102051 0.066406 -0.008179 -0.014404
0.005219 -0.101562 -0.141602 -0.005066
0.048584 -0.011047 0.034180 0.037598
0.017700 -0.038330 0.171875 0.107910
0.053467 0.054443 -0.027100 -0.071777
-0.182617 -0.014648 -0.076660 -0.103516
-0.047607 -0.032959 0.085938 -0.108887
-0.020996 -0.037842 -0.191406 -0.166992
0.132812 -0.135742 0.054932 0.147461
-0.123047 0.020508 0.026001 -0.001007
-0.000328 -0.046387 -0.024170 -0.036133
-0.167969 -0.149414 0.114258 -0.071289
0.100586 -0.025879 -0.018677 -0.069336
-0.215820 -0.150391 -0.100586 -0.034668
-0.132812 0.122559 -0.061279 0.124023
-0.006622 0.163086 -0.084473 -0.188477
-0.131836 -0.114258 0.211914 -0.086426
-0.121094 -0.212891 -0.054199 -0.062988
-0.008057 0.021118 0.038574 -0.025513
-0.003876 0.024048 0.105957 -0.014954
-0.234375 -0.029907 0.022949 0.078613
-0.107422 -0.246094 0.019897 0.004791
0.018555 0.096191 0.060547 -0.259766
-0.109863 0.096191 0.015747 -0.162109
-0.056885 0.310547 0.239258 -0.056641
-0.086914 0.124023 0.093262 -0.071289
0.043457 -0.185547 0.017212 -0.015991
0.206055 0.292969 0.110352 0.182617
-0.006683 -0.068848 0.050537 0.004791
0.033691 -0.049561 -0.188477 -0.003433
0.056641 0.045166 -0.002594 0.001648
-0.050781 0.066406 -0.072266 -0.124023
0.000216 0.212891 0.165039 -0.152344
-0.062256 -0.145508 -0.070312 0.052246
-0.259766 -0.077637 -0.132812 0.134766
0.037598 -0.023560 0.066895 -0.031738
0.154297 0.036377 -0.068359 0.064453
-0.326172 -0.265625 0.115234 0.242188
0.127930 0.099121 -0.012207 -0.048096
0.034912 0.109863 -0.122070 0.216797
0.076660 0.179688 -0.061768 -0.061523
-0.026001 -0.188477 0.189453 0.263672
0.052979 -0.056885 0.041016 -0.094238
0.052734 -0.021973 0.153320 -0.139648
-0.068359 -0.005157 -0.090332 0.051514
-0.102539 0.042480 0.023071 0.232422
-0.222656 0.142578 0.058105 -0.185547
-0.111816 0.049316 0.031494 -0.155273
-0.149414 -0.043701 -0.121094 -0.094727
0.066895 0.060303 -0.036377 -0.016846
-0.043945 -0.073730 0.099121 -0.119141
0.131836 -0.049316 -0.071777 0.127930
-0.007874 -0.052490 -0.075684 0.038330
0.058350 -0.164062 0.034668 -0.007874
0.080078 0.076172 -0.105469 -0.005188
0.119141 -0.135742 0.071289 -0.118164
0.018433 0.003372 -0.099609 0.016479
-0.016968 0.059570 0.125000 -0.088379
-0.037354 0.003540 -0.045166 -0.174805
0.041260 0.076172 -0.245117 -0.031982
-0.123047 0.039307 -0.045898 0.001701
-0.105957 -0.100586 0.201172 -0.022949
-0.081055 -0.004181 -0.084961 -0.030151
0.123535 -0.137695 0.175781 0.037109
0.035400 0.044922 -0.049316 0.078613
-0.019409 -0.151367 0.120117 0.079590
0.144531 0.026489 0.178711 0.047852
-0.113770 0.139648 0.004608 -0.010132
-0.102539 -0.121582 -0.069824 0.006866
0.043701 0.010376 -0.039795 -0.068359
0.056152 0.075684 -0.055908 -0.105957
0.072266 0.108398 -0.107422 -0.055420
0.096680 -0.052490 0.178711 0.031982
0.062500 0.092285 -0.144531 -0.074707
-0.100098 0.132812 -0.062988 -0.126953
-0.081543 -0.200195 0.149414 0.011292
-0.176758 0.064941 0.026123 -0.091309
-0.107422 -0.033691 -0.003036 -0.077637
0.053711 -0.112305 0.093750 0.065918
0.117188 -0.031738 -0.004547 0.105957
0.082520 -0.083008 0.005219 -0.170898
-0.071289 0.192383 -0.021851 0.056396
0.226562 0.144531 -0.058105 -0.100098
0.083496 0.017334 -0.091309 -0.088867
-0.263672 -0.043213 0.202148 -0.059570
-0.106934 0.029175 0.091797 -0.032227
-0.198242 -0.208984 0.112793 -0.057617
-0.145508 -0.237305 0.015991 -0.021240
-0.172852 0.104492 0.035156 0.001389
-0.027344 -0.061279 -0.130859 0.005676
0.040771 -0.008240 -0.208984 0.176758
-0.131836 0.038086 -0.122070 -0.104492
-0.162109 -0.221680 -0.144531 0.009705
-0.056641 0.206055 -0.193359 -0.208008
-0.139648 0.061768 0.050537 -0.131836
-0.088867 -0.021118 0.021729 0.052490
0.076172 -0.028931 0.063477 0.020386
-0.015015 -0.000549 0.261719 0.186523
-0.085938 0.007202 -0.020630 0.029663
-0.065918 0.026978 0.114258 0.082031
0.054199 -0.081543 0.015076 0.100098
0.029907 -0.038086 0.170898 -0.031982
0.077637 0.190430 -0.245117 0.162109
-0.098633 0.057861 -0.019043 0.062988
-0.081055 0.035889 -0.106445 -0.017334
0.034180 0.140625 0.057861 0.028809
-0.064453 -0.058838 -0.059326 -0.055176
0.113770 0.079590 0.055664 0.039795
0.114746 0.076172 -0.003525 0.044434
0.071777 -0.016357 0.081543 0.145508
0.054443 -0.084473 -0.096191 0.128906
0.066406 -0.013794 0.164062 0.044434
0.097168 -0.035156 -0.094238 0.172852
0.023193 0.051025 0.185547 -0.045654
0.146484 -0.010315 -0.002045 -0.028198
0.104004 0.042480 -0.001656 0.071289
0.170898 0.106934 0.073242 -0.047119
0.034180 0.094727 -0.251953 0.026855
-0.046387 0.086914 0.013672 -0.083008
0.007629 -0.078125 -0.100098 0.051270
-0.083984 0.071289 -0.115723 0.052979
0.116699 0.006836 -0.107910 0.026489
-0.100586 -0.131836 0.126953 0.020874
0.082520 0.102539 0.063965 -0.118164
-0.038818 -0.147461 -0.034668 0.075684
-0.116211 0.160156 -0.250000 -0.056396
-0.021484 -0.011230 0.210938 -0.049316
0.229492 0.220703 -0.198242 -0.086426
-0.094238 -0.013123 -0.166016 -0.063477
0.092773 0.074219 -0.213867 0.071289
-0.049316 0.030029 0.113770 -0.079590
0.075195 -0.012085 -0.033203 -0.093750
-0.032471 0.069824 0.065430 -0.034424
-0.071777 0.172852 -0.090332 -0.057861
0.073242 -0.242188 0.177734 0.116211
0.131836 0.004974 -0.095703 -0.004181
-0.022339 -0.002884 -0.044434 0.093750
-0.012817 0.015381 -0.071289 0.214844
0.139648 -0.061768 0.151367 0.163086
-0.165039 -0.179688 -0.122070 -0.030762
-0.087891 0.059814 -0.001968 0.007568
0.026367 -0.162109 -0.082520 0.127930
0.047363 0.163086 -0.250000 0.089844
-0.039307 0.026001 0.075195 -0.090820
-0.093262 -0.149414 0.016479 -0.055420
-0.122559 -0.067383 0.104004 -0.047852
-0.025024 -0.131836 -0.015076 -0.152344
0.146484 0.074707 0.019653 0.009216
-0.078613 -0.061279 0.131836 -0.048828
-0.152344 -0.166992 0.013245 -0.169922
-0.055908 0.145508 0.097168 -0.056152
0.090332 0.136719 -0.080566 0.025391
-0.001495 -0.047607 0.005615 -0.143555
0.057129 -0.192383 0.097168 -0.064453
0.100586 0.159180 -0.022339 -0.167969
-0.206055 -0.287109 0.083008 0.052734
-0.240234 -0.116211 0.038330 -0.152344
-0.058350 -0.014038 -0.053955 -0.160156
-0.111328 -0.106934 -0.042969 -0.184570
0.062988 -0.072754 -0.087891 0.092285
-0.105957 -0.142578 -0.079102 0.053467
-0.253906 -0.080566 0.104980 -0.024536
0.122070 -0.001808 -0.089844 0.180664
-0.333984 -0.138672 0.119629 -0.176758
-0.180664 -0.191406 -0.098145 -0.068359
-0.018555 -0.094727 -0.087891 -0.002197
0.018555 0.050293 -0.035156 -0.007812
-0.150391 0.220703 0.076660 -0.207031
0.236328 0.235352 -0.155273 0.118652
-0.091309 -0.011414 -0.008545 -0.006531
-0.083984 0.114746 -0.036865 -0.148438
0.001999 -0.100586 0.085938 0.087402
-0.097168 -0.005157 -0.030151 -0.039551
-0.072754 -0.110352 -0.152344 -0.108398
-0.045410 0.105469 -0.015076 -0.052734
0.228516 0.140625 0.093262 -0.038330
-0.197266 -0.145508 -0.069336 0.081543
-0.025635 -0.106445 -0.094727 0.001900
0.015625 0.077637 -0.171875 -0.014771
0.035400 0.025513 -0.036133 0.059570
-0.235352 -0.008728 0.013306 0.143555
-0.176758 -0.224609 -0.086914 0.232422
0.019287 0.001144 -0.037842 -0.011902
0.145508 0.189453 -0.079102 0.071289
-0.229492 0.003342 0.039551 0.134766
-0.020386 0.083984 0.109863 0.224609
-0.109863 -0.022339 0.032471 -0.198242
-0.024780 0.049072 0.057373 -0.046387
0.027710 -0.095703 0.070312 0.068359
0.197266 -0.007355 0.023438 0.007263
-0.006744 0.016724 -0.035156 -0.030640
-0.208008 -0.061523 -0.077148 -0.111816
0.139648 0.014832 0.163086 0.030029
0.071289 -0.090820 0.067871 0.040283
0.083496 0.067383 0.029663 0.126953
0.083008 -0.020874 0.049316 0.025269
-0.007263 -0.040771 0.130859 0.030518
0.083496 0.010132 0.098145 -0.115723
-0.054199 0.016968 -0.005829 0.000751
0.011719 0.007019 0.105469 -0.067871
-0.043701 0.044922 0.041504 -0.077148
0.043457 0.097656 0.007751 -0.177734
-0.069824 0.025146 -0.235352 -0.087402
0.005310 0.007538 -0.002640 -0.010132
0.002975 -0.024536 0.010132 -0.109863
-0.161133 -0.154297 0.086914 -0.164062
0.046387 -0.025391 -0.027954 0.074219
0.047607 -0.062500 -0.058594 0.152344
-0.049072 0.066406 0.217773 0.015503
-0.061768 0.045898 0.175781 -0.058350
-0.010254 -0.092773 0.244141 -0.101562
-0.049805 0.011536 -0.027344 0.015320
0.283203 0.059326 0.162109 0.130859
0.069336 -0.127930 0.030640 0.053711
0.032959 0.044434 0.071289 0.005249
0.110352 -0.004272 -0.118652 -0.116211
-0.114746 -0.128906 0.249023 0.122070
-0.173828 0.020264 0.001190 -0.106934
0.157227 -0.010803 0.028320 0.201172
0.031982 -0.006897 -0.023682 0.004150
-0.125000 0.012268 -0.041260 -0.133789
-0.051270 0.073242 -0.026611 0.020142
-0.027344 -0.019897 0.080078 0.042236
0.067383 -0.120605 -0.071777 -0.083008
-0.101562 0.125000 -0.176758 -0.200195
-0.000721 -0.191406 -0.244141 0.016724
-0.064941 -0.007812 0.107910 0.002670
-0.060547 -0.116699 0.047852 0.063965
0.003738 0.068848 -0.126953 -0.043457
0.030884 0.072266 -0.202148 0.003662
0.026123 0.030640 0.010559 0.019043
-0.094238 -0.027588 -0.031738 -0.218750
-0.028687 0.203125 -0.132812 -0.238281
-0.119141 -0.192383 -0.138672 0.072266
0.046631 -0.062012 0.004181 -0.088379
-0.052002 -0.138672 0.094727 -0.015991
0.009766 -0.016357 -0.106934 0.169922
-0.002991 -0.029785 -0.083008 0.164062
0.025146 0.046143 -0.127930 0.119141
0.149414 0.030396 -0.022095 -0.030273
-0.063965 -0.173828 0.044922 -0.071289
-0.116699 -0.044678 0.178711 -0.038574
-0.058105 -0.131836 -0.062500 0.033936
0.263672 0.172852 0.073730 0.093262
-0.055908 -0.042969 0.076172 -0.076660
0.137695 0.163086 -0.024414 -0.101562
-0.345703 -0.234375 -0.224609 0.110352
-0.030640 -0.006592 0.026367 0.118164
-0.183594 -0.070801 -0.226562 0.125977
0.128906 0.127930 0.163086 -0.174805
0.131836 0.018921 -0.094238 0.144531
-0.080078 0.122070 -0.008423 0.122559
0.004059 0.080566 -0.096680 0.084473
-0.033691 0.157227 0.004303 -0.009644
0.009949 -0.061035 -0.020386 0.154297
-0.076660 0.065430 0.170898 0.045654
-0.007721 -0.051025 0.020630 -0.070801
0.232422 0.098145 0.007996 0.089844
0.126953 0.011353 -0.178711 0.047852
-0.020630 0.146484 -0.016846 -0.017212
0.056152 -0.025879 0.065918 0.081543
-0.130859 0.113281 -0.189453 -0.064453
-0.017944 -0.136719 -0.069824 -0.088379
-0.093750 -0.150391 -0.230469 -0.049561
0.034668 0.036133 -0.002762 0.006989
-0.127930 -0.048584 -0.046875 -0.065430
-0.103516 -0.141602 -0.057129 -0.026489
0.073730 -0.208008 0.150391 0.083496
0.002243 -0.027710 -0.216797 -0.004517
-0.074707 -0.004852 -0.127930 -0.072266
-0.138672 -0.273438 0.197266 0.092773
-0.250000 0.026611 0.047119 0.169922
-0.073730 -0.114258 -0.051270 0.104004
0.049316 -0.074219 0.086914 -0.129883
-0.025513 0.039307 -0.129883 -0.166992
-0.151367 0.014099 -0.073730 -0.197266
0.037842 0.204102 -0.159180 -0.014343
-0.124023 0.022217 -0.240234 0.014587
0.023926 -0.041504 0.067871 0.046875
-0.104492 0.079590 -0.054199 0.083984
0.221680 -0.165039 0.078613 0.006836
0.007019 0.011108 0.109863 0.120605
-0.191406 -0.086426 -0.153320 -0.084473
-0.240234 -0.003830 -0.065430 0.046875
0.098633 0.068848 -0.044678 0.094238
-0.067871 -0.117188 -0.062988 0.083008
-0.140625 0.116211 -0.039307 -0.164062
-0.014343 -0.159180 -0.006744 -0.101562
0.029663 0.045898 -0.054199 -0.199219
0.031250 0.036377 -0.172852 -0.123535
-0.098145 0.019287 0.080078 -0.045898
-0.071777 -0.045654 0.269531 0.093750
-0.070312 -0.052490 -0.020386 -0.084961
0.120605 -0.074219 0.225586 0.016113
-0.186523 -0.027832 -0.080078 -0.081543
-0.133789 0.045410 0.086426 -0.171875
0.083496 0.051270 0.022095 -0.108398
0.076172 0.043457 -0.044922 -0.170898
-0.228516 -0.001053 -0.042969 0.060791
-0.200195 -0.187500 0.006714 -0.169922
0.058350 -0.078125 -0.015625 0.033936
-0.009827 0.020508 0.089355 -0.081055
-0.031982 -0.113770 -0.010864 -0.005493
0.005585 0.482422 -0.243164 0.008240
0.247070 0.066406 -0.029785 0.042969
-0.113770 -0.100586 0.050781 -0.034912
-0.170898 -0.082520 -0.068359 0.043701
-0.285156 -0.014038 0.104492 -0.074219
-0.012451 -0.089844 -0.070312 0.011536
-0.308594 0.241211 0.016724 0.042480
-0.253906 0.134766 0.114746 -0.009338
0.083008 0.095703 -0.050049 0.016602
0.069336 0.275391 -0.113281 0.067871
0.033691 -0.009827 -0.010071 -0.064453
-0.029541 0.022461 -0.106445 -0.007935
0.060303 0.084473 0.217773 0.054688
0.067871 0.019165 0.064453 -0.057861
-0.251953 0.097168 -0.055664 -0.053955
0.043945 0.172852 0.087402 -0.186523
-0.047363 -0.010498 0.021729 0.077637
-0.124512 -0.174805 -0.104492 0.073730
-0.033691 0.015625 -0.118652 -0.010803
0.018066 -0.075195 0.020264 -0.058105
0.055420 0.220703 0.269531 -0.015991
0.087891 -0.022217 0.081543 0.189453
0.022095 0.314453 0.104980 -0.337891
0.314453 0.253906 -0.069824 0.059570
-0.170898 -0.123535 -0.025269 0.004944
-0.136719 0.047119 -0.027100 0.006165
-0.060303 -0.033691 0.010681 0.034668
0.187500 0.126953 0.227539 0.116699
0.083984 0.059082 0.096191 -0.160156
0.165039 0.095703 -0.026855 0.211914
0.177734 0.287109 -0.139648 -0.087891
-0.386719 0.051025 -0.157227 -0.245117
0.192383 -0.029175 0.122559 0.021851
0.086914 0.069336 0.150391 0.108887
0.088867 0.044922 0.017334 -0.042236
0.075684 -0.056641 0.004211 -0.015869
0.057617 -0.068359 -0.108398 0.009399
-0.147461 0.057617 -0.289062 -0.069336
-0.164062 0.081055 0.040527 -0.121094
-0.002609 0.070312 -0.025513 -0.148438
0.048096 0.083984 -0.045410 -0.028076
-0.054199 0.007111 0.092285 -0.000008
-0.081055 -0.039551 -0.028931 0.003220
0.015137 0.112793 -0.066895 -0.190430
-0.037109 0.143555 -0.177734 -0.016357
-0.029419 -0.002747 -0.038330 -0.033936
0.119141 0.014404 -0.038574 -0.104980
0.124512 0.061279 -0.190430 0.078125
-0.125977 0.010010 -0.013000 0.013428
-0.150391 -0.037354 -0.033691 0.004395
-0.029175 -0.066895 0.012939 0.038330
-0.143555 0.091309 0.160156 -0.025879
-0.101562 -0.035889 -0.022095 -0.009460
0.136719 -0.177734 -0.019775 0.229492
0.217773 -0.204102 -0.084961 -0.154297
0.007935 -0.016602 0.014832 -0.161133
-0.100586 -0.034424 0.054199 -0.011414
-0.074219 0.028198 0.158203 0.058105
0.031494 0.082031 0.049561 0.009705
-0.238281 0.108398 -0.095215 -0.216797
-0.000637 -0.056885 0.108398 -0.022949
-0.054688 -0.184570 0.044434 -0.092773
0.210938 0.147461 -0.069824 -0.111328
0.198242 -0.005249 -0.033936 -0.031128
-0.106445 0.065430 0.024658 -0.087402
-0.031494 0.092773 -0.026489 -0.153320
0.012878 0.049072 0.097656 -0.039551
-0.105469 -0.187500 -0.248047 -0.088867
-0.190430 -0.151367 -0.054688 -0.120605
-0.128906 0.004517 0.050293 -0.292969
0.102539 -0.006317 0.097656 0.095703
0.118652 -0.246094 0.168945 0.021240
-0.007294 0.124512 -0.192383 -0.106934
-0.073242 -0.027100 -0.078125 -0.091309
-0.051270 0.034668 -0.063965 0.010986
-0.076660 -0.244141 -0.101562 0.098145
-0.361328 -0.064453 0.042480 -0.007660
-0.085938 0.032471 -0.012939 -0.148438
0.125977 -0.175781 0.179688 0.045898
0.001114 -0.045166 0.096680 0.135742
0.103027 0.021973 0.028198 -0.012939
-0.168945 0.113770 0.087891 -0.171875
0.104980 0.078613 0.009827 -0.099609
-0.099609 -0.132812 0.039062 -0.121094
-0.174805 0.101074 0.056152 -0.009827
0.119629 0.145508 0.120117 0.176758
0.022461 0.053711 -0.034424 0.032471
0.050049 0.070801 -0.002396 0.135742
0.117676 -0.002594 -0.043701 0.075684
0.094727 0.240234 0.062500 -0.148438
0.058350 -0.013306 0.106934 -0.018066
-0.030518 0.017944 -0.138672 0.182617
0.083984 0.287109 -0.033203 0.038086
0.174805 0.154297 0.054199 -0.037109
0.004333 -0.081055 -0.031006 0.037354
0.101074 0.096680 -0.045166 0.035400
0.110352 0.147461 -0.039062 0.040527
0.113281 0.261719 -0.189453 0.052734
0.114746 -0.020142 -0.016235 0.117676
0.130859 0.025513 -0.027588 0.076172
0.114746 0.335938 -0.172852 0.004150
-0.116699 0.027466 0.056396 0.040771
0.018555 0.006805 0.058594 0.011047
0.050049 0.031494 0.048340 0.077637
-0.072266 -0.084473 0.020020 -0.026733
-0.163086 0.108398 -0.073242 -0.097656
-0.075684 0.028442 -0.026611 -0.181641
-0.172852 -0.050293 0.122559 -0.112305
-0.149414 0.024170 -0.103027 -0.109863
0.181641 -0.068359 -0.021484 0.096680
-0.012695 0.001518 0.037598 0.054199
0.133789 0.065918 -0.026245 -0.052246
0.006927 0.065918 0.104004 -0.063477
0.124512 -0.008362 -0.098145 -0.101074
-0.132812 0.016846 -0.116699 -0.054688
0.096191 0.063477 0.169922 -0.200195
-0.024536 0.059570 0.052002 0.011108
-0.094238 0.048828 -0.289062 -0.111328
-0.021118 0.062012 0.068359 0.003128
-0.060059 -0.057129 -0.031250 0.183594
-0.165039 -0.034180 0.038574 -0.089844
0.139648 -0.052490 0.036133 0.023071
-0.089355 -0.061523 -0.069336 0.143555
0.175781 0.059814 0.139648 0.118652
0.250000 0.038818 0.080566 0.390625
-0.047607 0.018921 0.148438 0.083008
0.045166 -0.042725 -0.082031 -0.013672
-0.085449 -0.021362 0.080566 0.044922
-0.022583 0.054199 0.044189 -0.081543
0.126953 0.110840 0.036621 -0.042480
0.019043 -0.147461 -0.080078 0.047852
0.033691 0.129883 -0.131836 -0.215820
-0.045898 -0.025146 0.210938 -0.097168
0.103516 -0.159180 0.223633 0.062256
-0.082031 0.023193 -0.017700 0.011353
-0.186523 -0.171875 0.002686 -0.063965
-0.107910 -0.099121 0.070801 -0.094238
-0.022461 -0.078125 -0.038818 0.032715
-0.016235 -0.170898 -0.095703 -0.224609
0.153320 0.095215 -0.014099 -0.037842
0.214844 0.015747 0.212891 -0.103516
-0.032471 -0.087891 0.040527 -0.096191
-0.058838 0.019287 0.006805 0.007446
-0.253906 -0.150391 0.164062 -0.109863
-0.347656 -0.183594 0.046387 -0.183594
-0.177734 -0.045166 0.120117 0.044189
-0.197266 0.001740 -0.021362 -0.076660
0.123535 -0.139648 -0.043945 0.093262
0.160156 -0.187500 -0.017212 0.025757
-0.152344 0.080566 -0.017578 -0.023438
-0.078613 -0.013977 -0.012512 -0.004486
0.255859 0.283203 0.013550 0.104004
-0.248047 0.101562 -0.033936 -0.271484
-0.163086 -0.010803 0.049805 -0.062988
-0.072754 0.019775 -0.062988 -0.008911
-0.056641 0.028564 0.115234 -0.043701
-0.029175 0.082031 0.067383 0.001160
0.049805 -0.081055 -0.022095 -0.119629
-0.118164 -0.040527 0.037354 -0.070312
0.063965 0.212891 -0.011414 0.095703
0.091309 0.047607 0.079102 -0.147461
-0.085449 -0.078613 0.085449 -0.121094
-0.062988 -0.118652 -0.001060 0.051514
0.096680 0.049561 -0.097168 -0.011536
0.027100 -0.199219 -0.024780 0.031738
-0.083008 0.084473 0.011780 -0.005798
0.096191 -0.114258 -0.131836 0.100586
-0.237305 -0.017334 0.043213 -0.128906
0.137695 0.130859 -0.120605 0.050781
0.153320 0.112305 0.038086 0.098633
0.031738 -0.133789 -0.066406 0.302734
0.076660 0.127930 -0.046875 0.060303
-0.045410 -0.263672 0.077148 0.199219
0.016113 0.134766 -0.074219 -0.166016
0.017456 -0.083984 -0.134766 0.044678
0.145508 -0.071777 0.131836 0.092773
-0.100098 0.120605 0.015442 -0.232422
-0.038086 -0.103027 0.027222 -0.067383
0.013550 -0.023804 0.062012 -0.091797
0.011780 -0.002701 0.060059 -0.030762
0.032227 -0.070312 0.062988 0.082520
-0.025879 -0.136719 -0.011353 -0.005127
0.048584 0.079102 0.086426 -0.100098
0.031494 0.011597 -0.186523 -0.243164
0.222656 0.095215 -0.032715 0.025513
-0.098145 -0.028442 -0.043457 -0.143555
0.045410 -0.024658 0.223633 -0.152344
0.101562 0.101562 0.071777 0.012512
-0.097168 0.115234 0.108887 0.080078
-0.132812 0.045410 -0.074219 -0.063965
0.051758 -0.087891 -0.004150 0.068359
-0.289062 -0.032959 0.002777 -0.115234
0.101562 -0.013916 0.026978 -0.101074
0.122070 0.006683 -0.038818 -0.130859
0.049072 0.023071 0.255859 -0.109863
-0.021973 -0.050781 -0.008545 0.053711
-0.102051 -0.118652 0.054932 -0.021484
-0.035645 0.056152 -0.033936 -0.035156
-0.147461 -0.212891 0.017578 -0.186523
0.039307 0.029907 0.207031 0.230469
0.308594 0.024902 0.052246 -0.026245
-0.008484 0.102539 0.142578 -0.193359
-0.095703 0.043213 -0.146484 -0.048096
-0.140625 0.018433 -0.003662 -0.063477
0.046875 0.169922 0.095703 0.091797
0.017334 -0.023071 0.036621 -0.068359
0.056396 0.117188 -0.086426 0.046631
-0.192383 -0.173828 -0.013733 -0.083496
0.130859 -0.115723 0.014587 0.112305
0.228516 0.045410 -0.165039 -0.109375
0.007202 -0.005737 -0.132812 -0.080566
-0.157227 -0.006561 -0.008484 0.121582
-0.113770 0.136719 -0.240234 0.001808
-0.030762 -0.032227 0.002182 -0.081055
-0.125000 -0.241211 0.117676 0.160156
-0.132812 0.095703 0.143555 -0.063965
-0.289062 -0.143555 0.187500 -0.030762
0.166016 -0.156250 -0.051514 0.105469
-0.194336 -0.164062 -0.028564 -0.043701
-0.158203 -0.257812 0.071289 -0.025269
-0.093750 -0.066895 0.008301 0.039307
-0.050781 -0.089355 -0.053955 -0.146484
-0.186523 -0.220703 0.243164 -0.059082
-0.014038 -0.048096 0.033203 0.015137
-0.053955 0.038818 0.175781 0.028687
-0.016846 0.050049 -0.040527 -0.054443
-0.051514 0.010925 0.062012 0.033203
-0.038574 0.010376 0.022583 0.013794
0.012634 -0.020386 0.012451 -0.001175
0.030762 -0.082520 -0.178711 0.024170
-0.024780 0.098633 0.095703 0.022583
0.024902 -0.033447 -0.015259 -0.027832
0.009583 -0.154297 -0.129883 -0.041504
-0.031494 -0.049805 -0.110352 -0.038330
0.011353 0.035156 0.091309 -0.001678
-0.059570 -0.016479 0.020386 0.029419
-0.052979 0.219727 0.002319 0.036621
-0.079102 -0.071777 -0.034424 -0.006531
-0.040039 -0.022583 0.085938 -0.008423
-0.076660 0.017212 0.157227 -0.017700
-0.073242 -0.017212 -0.017578 -0.029297
-0.052002 -0.223633 -0.031494 -0.032227
-0.034424 -0.072266 -0.104492 0.007874
0.019775 -0.011108 0.044189 -0.062988
0.079590 0.047852 0.071777 -0.035400
0.004150 -0.209961 -0.008240 -0.001526
0.010803 0.199219 -0.038574 -0.008789
0.011780 0.018433 -0.221680 -0.002869
-0.021240 -0.080078 -0.041260 -0.025879
-0.027832 0.047852 -0.014709 -0.006927
-0.075195 0.038330 0.123047 0.005127
-0.013611 -0.055664 0.038574 -0.045410
-0.020020 -0.012512 0.111328 -0.057129
-0.056885 0.162109 -0.216797 0.019287
-0.032959 -0.066406 -0.201172 -0.036377
0.054932 0.002228 -0.083496 0.017822
0.002472 -0.088867 -0.208008 -0.009033
-0.025024 -0.189453 -0.076172 -0.050537
-0.080566 -0.152344 -0.040771 -0.013977
-0.033203 0.000380 -0.030640 0.025146
0.007416 0.105957 0.059326 0.011536
-0.005005 -0.103516 0.006989 -0.010864
-0.048828 -0.025024 0.012329 -0.038574
-0.053955 0.095215 0.099121 -0.005554
-0.045654 0.042969 -0.015991 0.023804
-0.038086 -0.050293 0.120117 -0.062012
-0.022461 0.074707 -0.169922 -0.072754
-0.054199 -0.010742 0.067871 -0.009277
0.034424 -0.208008 -0.151367 0.036865
-0.009705 -0.098633 0.241211 -0.057861
0.000075 -0.080078 0.197266 -0.018433
0.013855 -0.039062 -0.013611 -0.006073
0.031006 -0.102051 -0.154297 0.021851
0.021362 0.085449 0.030029 -0.063477
0.052002 -0.009277 -0.073242 -0.037354
0.027588 -0.015747 0.041504 -0.062012
-0.014038 -0.183594 0.123535 -0.043945
0.001335 0.044189 0.099121 0.022827
-0.066406 0.077637 0.004730 -0.065430
0.021973 -0.124023 -0.204102 0.002869
-0.019043 0.050537 0.020996 0.029297
-0.048096 -0.027100 0.048096 0.044922
0.012695 0.114746 -0.065430 -0.049805
0.045898 -0.009949 -0.035889 -0.018555
-0.070312 -0.172852 -0.065430 0.032471
0.018799 -0.320312 0.006470 -0.018799
-0.040771 0.035889 0.231445 0.014893
-0.063965 -0.139648 -0.002213 0.018921
0.081543 -0.051514 0.101562 -0.016846
0.048096 -0.089844 -0.015198 0.024536
0.017334 0.161133 -0.051514 0.047852
-0.060547 0.048584 -0.044189 0.000912
0.043945 -0.136719 -0.229492 -0.002487
-0.061768 -0.112305 0.076172 0.007751
-0.010315 -0.158203 0.128906 -0.015747
0.029785 -0.064453 -0.018066 0.043457
-0.030151 0.128906 -0.118652 0.037109
0.008789 -0.149414 -0.181641 0.016602
0.039307 0.188477 0.147461 -0.052490
0.061523 0.029419 0.114746 -0.048340
-0.013245 0.046631 0.089355 0.004547
0.027222 -0.077637 0.172852 0.044922
-0.023682 0.005341 0.089844 -0.062500
-0.091309 0.027710 -0.013855 0.019653
-0.036621 0.003876 -0.062500 0.020752
-0.032227 -0.024170 0.003494 -0.013184
-0.066406 0.107422 0.076172 0.019287
0.006134 0.243164 0.115723 -0.013855
0.049805 -0.082520 -0.193359 -0.031738
-0.061279 -0.052734 -0.003281 -0.018677
0.050293 0.015320 0.038086 0.004730
-0.088379 0.185547 -0.060303 0.013733
-0.113770 -0.046631 -0.056885 0.051514
0.000104 -0.146484 -0.007050 0.027100
0.026245 -0.038818 -0.064453 -0.020874
0.040039 0.029175 -0.072266 -0.020752
0.001930 0.059082 0.081055 0.030640
0.017212 -0.033691 -0.068359 -0.046143
-0.054443 0.081055 0.191406 -0.059082
-0.061523 -0.056641 0.052979 -0.058105
0.042725 0.112305 0.099121 -0.008850
0.026489 0.101074 -0.220703 -0.055664
0.011292 0.145508 0.172852 -0.048340
-0.054443 0.139648 0.345703 -0.017334
0.011597 -0.021973 0.007629 -0.013184
-0.021851 0.016724 0.142578 -0.029053
0.019653 -0.078613 0.000656 -0.023560
-0.055908 -0.146484 -0.084961 -0.029785
-0.061035 -0.082031 -0.149414 0.020996
0.041748 -0.084961 0.091309 -0.057617
-0.034912 -0.024536 -0.110840 -0.036133
0.025391 0.164062 0.105469 0.000721
-0.035400 -0.119141 -0.277344 -0.006683
-0.052246 -0.052979 -0.145508 -0.007477
0.081543 -0.008972 -0.015442 0.000206
-0.041260 0.043213 -0.020752 0.034180
-0.019409 0.055664 0.084473 -0.044434
-0.020630 -0.079590 0.151367 0.024048
0.024658 0.160156 -0.189453 0.009583
-0.038574 -0.116211 -0.170898 -0.021729
-0.052002 -0.026245 -0.046631 -0.046387
-0.048340 -0.191406 0.023682 0.006409
-0.061279 0.099121 0.034912 0.028809
-0.008484 0.007324 0.104980 -0.020874
0.027466 0.134766 0.048096 -0.034180
-0.004272 0.122559 0.025269 -0.030762
0.020508 -0.104004 -0.229492 -0.013672
0.033447 -0.056641 0.108887 0.013245
-0.022827 -0.052490 -0.051025 0.042480
-0.016479 0.037842 0.080078 0.033203
-0.083984 0.058105 -0.037109 0.022705
-0.060059 -0.155273 -0.046143 -0.057617
-0.027588 -0.047363 -0.096680 0.014282
0.033203 -0.149414 0.074219 -0.061523
-0.040039 0.092285 -0.337891 -0.013428
0.030884 0.062500 -0.041748 -0.034912
-0.072266 -0.065918 -0.177734 -0.034668
-0.033691 -0.170898 0.040527 -0.023315
-0.014954 0.116211 -0.102539 -0.060303
-0.049316 -0.046143 -0.010681 0.004944
-0.001526 0.025757 -0.093750 -0.047852
0.010986 -0.002991 0.096191 -0.057617
-0.009094 0.132812 -0.190430 0.025513
-0.037354 0.161133 -0.267578 -0.025024
0.027466 0.004028 0.074219 0.013977
-0.060791 -0.031128 -0.041992 0.034424
0.054199 0.102539 0.237305 -0.007263
-0.049316 0.106445 0.007172 -0.002518
-0.029785 0.257812 0.347656 0.016724
0.030762 0.118652 0.095215 0.051270
0.023560 0.054443 0.122559 -0.049805
0.035645 0.080078 0.098145 -0.042725
-0.018433 0.019409 0.029297 0.002426
0.022217 0.014038 0.042725 -0.058838
0.042969 -0.047119 0.058838 0.005066
-0.059326 0.044434 0.099609 0.041504
0.018433 0.103027 0.050049 -0.035645
-0.006104 0.065918 0.024658 -0.022583
-0.047363 -0.081055 -0.001137 -0.040039
0.018555 0.209961 0.137695 0.019165
-0.052002 -0.179688 -0.029541 -0.000923
0.002777 -0.145508 0.065430 -0.060059
-0.016846 0.076172 -0.038086 -0.014587
0.015503 0.065430 -0.081055 0.032959
-0.008789 0.132812 0.009277 0.021484
-0.028442 0.086914 -0.021973 0.012817
-0.007660 0.233398 -0.113281 -0.032715
-0.006500 -0.026367 -0.119629 -0.035889
0.050293 0.028687 -0.075684 0.039062
0.019165 0.057129 -0.034912 0.023804
-0.036865 -0.154297 -0.077637 -0.037354
-0.085449 -0.046143 0.279297 -0.004974
-0.053955 0.200195 0.087402 0.005035
0.014465 -0.000813 -0.082031 -0.051514
0.031006 0.058105 -0.023804 -0.058105
-0.016846 0.047363 0.216797 -0.009949
-0.088867 -0.004120 -0.130859 0.006500
-0.036377 0.125977 -0.106445 -0.001541
0.055176 -0.063477 -0.014893 -0.041748
-0.022095 -0.114746 -0.066895 -0.003693
-0.057861 -0.112793 -0.194336 0.015137
-0.038574 -0.160156 0.012451 0.007935
-0.043213 -0.216797 -0.187500 0.020264
-0.020752 0.074219 0.156250 0.045898
-0.069824 -0.094238 -0.047119 0.020508
-0.039062 -0.196289 -0.134766 0.051758
0.038330 0.064453 -0.018799 0.011292
-0.018555 0.109375 -0.104980 0.009644
0.067383 0.083984 -0.083008 -0.009399
0.026855 -0.168945 -0.018921 -0.007812
0.030396 -0.204102 -0.080566 -0.027466
0.023193 -0.012512 -0.187500 0.033691
0.085449 -0.218750 -0.158203 -0.010742
0.028564 -0.167969 -0.053223 -0.047607
0.024170 -0.193359 0.198242 -0.019043
0.001091 -0.163086 0.025391 -0.044678
0.007263 -0.039307 -0.030884 -0.008911
0.006287 -0.011780 -0.103516 -0.014038
-0.086914 -0.153320 0.074707 0.003906
0.020264 0.048096 0.196289 0.047852
0.006805 -0.176758 0.116211 -0.033203
0.014160 -0.015747 0.078125 0.023804
0.027466 0.100098 -0.091309 -0.047119
0.039551 0.083984 -0.239258 -0.028320
-0.040039 -0.105469 -0.104980 -0.053711
-0.016479 -0.098145 0.181641 -0.008972
-0.061035 -0.055908 -0.115234 0.003082
0.026489 0.012024 -0.026001 0.055664
-0.059326 -0.226562 -0.060791 0.011902
0.012329 -0.043457 0.000465 -0.039551
0.045898 -0.095703 0.218750 -0.010132
0.023071 0.250000 -0.291016 0.028687
0.014709 0.113770 0.048828 -0.049561
-0.014282 -0.101562 -0.107910 0.003265
-0.028931 -0.212891 0.017090 0.045166
-0.084961 0.074707 -0.166016 -0.018066
-0.025879 -0.146484 -0.200195 -0.024658
0.016235 -0.219727 -0.006836 0.046387
-0.115723 -0.115234 0.042969 -0.012939
-0.028687 0.036377 0.083008 -0.031128
-0.044922 -0.078125 -0.085449 -0.040283
-0.002823 0.017334 0.001465 0.043213
-0.073730 0.081543 0.074707 -0.053467
0.026733 -0.000292 -0.031006 -0.006714
-0.047119 -0.044922 0.022705 0.045654
-0.022705 0.097168 0.039062 -0.032715
-0.070312 0.103516 0.028076 0.012573
-0.042236 0.037598 -0.017822 -0.004150
-0.031738 -0.029175 -0.006378 -0.016968
0.029053 -0.048096 -0.092773 0.005035
-0.008301 -0.067383 0.071777 -0.043945
-0.027832 0.054443 0.142578 -0.031982
-0.043213 -0.082520 -0.071777 -0.008484
-0.081543 0.188477 0.185547 -0.035645
-0.016479 -0.033447 -0.083496 -0.051025
0.028442 0.025879 0.019165 0.019775
-0.035645 -0.198242 -0.073242 -0.038818
0.045898 0.068359 0.154297 0.034180
-0.001411 0.184570 -0.004211 0.011780
0.019043 -0.080078 0.007874 0.040527
-0.038330 -0.007019 -0.047852 0.030884
-0.022339 0.042969 -0.020874 -0.066895
-0.061768 0.041992 0.047119 -0.003494
-0.038818 0.004852 0.003937 0.026245
0.029663 0.079102 0.010742 0.029297
-0.057861 0.061279 0.022583 -0.019043
-0.052002 0.065918 -0.148438 -0.040283
-0.083008 0.084961 0.212891 -0.039062
-0.008362 -0.059570 0.034668 0.050049
0.008057 0.087402 0.261719 0.008545
-0.042969 0.104980 -0.007019 -0.041748
-0.005432 -0.053955 0.015259 -0.037354
-0.026367 -0.167969 -0.039062 0.046143
-0.003906 -0.162109 -0.251953 0.002548
-0.077148 0.092285 0.037354 0.043701
-0.022705 -0.108398 -0.003784 -0.012207
0.001106 -0.009827 -0.005371 -0.039795
0.022827 0.110840 0.075195 0.038330
-0.076660 0.135742 0.109375 0.030273
0.037109 -0.036865 -0.009277 0.043701
-0.115234 0.017456 0.104980 0.025024
-0.052490 -0.043701 0.003677 -0.019409
0.060059 0.166016 -0.055420 -0.031982
0.041992 -0.040283 -0.108887 -0.070801
-0.066895 -0.099121 -0.013550 -0.006073
-0.094238 0.053467 -0.110840 -0.022095
-0.044922 0.017822 0.016235 0.001251
0.035156 -0.087891 0.020752 0.031738
-0.037354 0.047363 0.068848 -0.047363
0.034668 -0.140625 0.080078 0.000729
0.005371 0.119629 -0.036865 0.046631
-0.015991 -0.124023 0.200195 0.048584
-0.030151 -0.015869 0.034912 0.034912
-0.036865 0.026123 -0.036377 0.018311
-0.038818 0.184570 -0.046875 0.012817
0.032715 -0.031494 -0.052734 0.020630
0.036133 -0.031982 0.063965 -0.007935
-0.031738 -0.105469 -0.154297 -0.021484
-0.047119 0.184570 0.095703 -0.044189
0.008362 -0.136719 -0.283203 -0.053467
0.011780 -0.025146 0.044922 0.015869
-0.062012 0.048096 -0.169922 0.022461
-0.082031 0.170898 -0.038086 -0.056885
-0.043457 0.010864 0.009705 0.012939
-0.017822 0.114746 0.001213 0.008057
0.078613 0.070312 0.042480 -0.019287
-0.078125 -0.041260 0.144531 0.020508
-0.056885 0.105469 -0.067383 0.000938
0.021484 -0.141602 0.037842 -0.063477
-0.044189 0.233398 -0.294922 -0.018311
-0.067871 0.006409 0.021606 -0.005310
-0.041504 -0.022583 0.131836 -0.026489
-0.031250 0.020020 0.028198 -0.046143
-0.044922 -0.008850 0.035645 -0.037842
-0.020630 -0.018311 -0.126953 0.031494
-0.043701 -0.082031 0.065430 -0.011780
0.045166 -0.157227 -0.093750 -0.034180
0.045166 0.052979 0.179688 0.054688
-0.001915 -0.032471 -0.178711 0.038574
-0.018921 0.018799 -0.197266 -0.044189
-0.011047 -0.001747 0.142578 -0.039307
-0.002121 0.159180 0.158203 -0.001190
-0.022339 -0.154297 -0.246094 -0.002258
-0.107910 -0.037842 -0.045898 0.009583
-0.047607 0.055908 0.056885 -0.046875
-0.042236 -0.037598 0.044434 0.032227
-0.054443 -0.004150 0.056396 -0.000301
-0.038574 -0.026367 0.122070 -0.043701
-0.063965 -0.142578 0.304688 0.051025
-0.024292 -0.011108 -0.059082 -0.005676
-0.079102 -0.106934 -0.043701 0.023438
0.026733 0.026489 -0.048340 0.015015
-0.005676 0.125000 0.020020 -0.060303
0.055664 0.037598 -0.155273 -0.015747
-0.052246 0.013611 0.253906 0.020996
-0.077148 -0.104492 -0.064941 -0.045898
-0.005341 -0.015747 -0.096680 0.038574
-0.054932 -0.093750 0.187500 0.054443
-0.052734 0.084961 0.084473 0.041992
-0.006287 0.105957 0.034668 0.049561
-0.045898 -0.024414 -0.211914 -0.033691
-0.028442 0.034180 0.029175 0.050537
0.002274 0.203125 -0.150391 -0.023804
-0.017944 0.116699 -0.055176 0.052979
0.117188 0.053711 0.265625 0.047852
-0.051270 0.123047 0.111328 -0.024536
-0.040039 0.059082 0.040039 -0.062256
-0.040771 0.034668 0.086914 0.047607
0.038086 -0.083008 -0.132812 0.011230
0.011108 -0.053223 -0.079102 -0.022949
0.039062 -0.054199 0.131836 -0.024170
-0.055908 0.082520 0.007507 -0.010498
-0.081055 0.123047 0.192383 -0.010193
-0.004120 -0.026123 -0.138672 0.034180
0.011047 -0.103516 0.110840 -0.017212
0.003021 -0.168945 0.069336 0.045410
0.058594 -0.168945 -0.104980 -0.045410
-0.020752 -0.244141 -0.028931 -0.059570
0.029053 0.039551 0.312500 -0.030029
-0.004242 0.065918 -0.141602 0.039795
-0.047363 -0.224609 -0.145508 -0.012512
0.013184 -0.192383 0.196289 0.052490
0.019165 0.066406 -0.125000 0.033447
0.022705 0.132812 0.054199 -0.050537
-0.087402 -0.126953 0.079590 -0.027466
-0.025391 -0.083984 0.031006 -0.003387
-0.026367 -0.110840 0.050293 0.044678
0.025879 0.267578 -0.073242 0.028931
0.021973 -0.181641 0.028442 0.003632
-0.032471 -0.081055 -0.176758 -0.025879
-0.024048 -0.123047 0.087891 0.047607
-0.043701 -0.102051 0.202148 0.036621
-0.020508 -0.231445 -0.151367 -0.058838
-0.016602 -0.144531 0.047852 -0.022217
0.002426 -0.355469 -0.090820 -0.051270
-0.043701 0.037598 0.089844 0.033936
0.061035 0.001083 0.204102 -0.023560
-0.038330 0.011719 -0.159180 -0.038330
-0.047852 -0.100098 0.093262 -0.028442
-0.102051 -0.046387 0.002426 -0.026978
0.047852 -0.166992 -0.118164 0.021362
-0.053955 -0.149414 -0.111328 0.011963
0.083008 -0.029175 0.181641 -0.011719
-0.070801 -0.087891 -0.196289 0.030396
0.061768 0.163086 0.084473 0.045654
-0.079590 0.054688 0.005463 -0.060059
0.003906 0.132812 0.124512 -0.010376
-0.054688 0.029541 0.068359 0.008606
0.049561 -0.125977 0.001076 0.024536
0.010559 -0.125000 -0.037598 0.021240
-0.058350 -0.005890 -0.130859 0.046631
-0.052490 -0.128906 -0.170898 -0.049072
-0.020386 -0.005554 -0.117188 0.006805
0.099609 0.010498 -0.188477 -0.031982
0.009949 -0.011902 -0.016113 -0.033691
-0.043945 0.018066 0.065430 -0.057373
-0.006195 -0.083496 0.025757 -0.009705
0.002197 -0.010071 -0.011536 -0.007629
-0.020996 -0.083496 -0.117188 0.054688
-0.027954 -0.245117 -0.151367 0.038330
-0.047607 0.061523 -0.033936 0.022827
-0.100098 -0.092773 0.048096 -0.005707
-0.018799 -0.017822 -0.064453 -0.022095
-0.052734 0.213867 -0.068359 -0.016235
0.073730 -0.012390 0.077637 -0.062256
0.068848 -0.079102 -0.079590 0.023193
-0.059082 -0.133789 -0.090820 -0.052490
0.047852 0.154297 0.012756 -0.051514
0.017822 0.015503 0.052002 -0.008362
0.012146 -0.064453 0.168945 -0.025757
-0.041748 0.018433 -0.002655 -0.009094
0.025879 0.001747 -0.161133 0.051758
-0.028564 -0.016846 -0.195312 0.044434
0.007202 -0.088867 -0.172852 -0.006927
0.004974 0.049316 -0.023804 -0.011658
0.026611 0.036133 0.029053 -0.030151
0.012207 -0.191406 -0.269531 0.039551
-0.041260 0.009216 -0.109863 0.033936
-0.003036 -0.026245 -0.113770 -0.007416
-0.066406 0.086426 0.013977 -0.062500
-0.020630 -0.234375 -0.064453 0.020752
0.076172 0.178711 0.002197 0.041016
-0.000047 0.065430 0.114746 0.012207
-0.067871 -0.182617 0.097168 -0.043701
-0.041016 0.098633 -0.039551 -0.060059
-0.048096 0.057617 -0.100586 -0.048340
-0.007263 0.051025 -0.009827 -0.009338
0.017334 0.110840 -0.001740 0.051025
0.063965 -0.064453 0.060059 0.034180
0.083008 -0.180664 0.095215 0.014404
-0.034180 -0.176758 0.086426 0.026855
0.028076 0.187500 0.100098 -0.017456
-0.052246 -0.145508 0.125000 -0.057861
-0.019897 -0.048340 0.019775 0.047852
-0.018188 -0.083008 0.006744 0.002594
0.006927 0.131836 0.011658 -0.063477
-0.016235 -0.121582 0.065918 -0.056152
0.024170 0.044922 -0.069824 0.053223
-0.001900 0.054199 0.168945 0.026978
-0.110352 -0.028564 0.152344 -0.041016
-0.014465 -0.091797 -0.085938 -0.002426
-0.013245 0.108887 -0.187500 -0.053223
0.025513 -0.043701 -0.098145 -0.057617
-0.092773 0.189453 0.023071 -0.065430
-0.015869 -0.182617 0.006653 0.001183
0.018188 -0.185547 0.090332 -0.042480
-0.012024 -0.039795 -0.118164 0.052734
-0.076660 -0.061279 0.046631 -0.007660
0.005035 0.092773 -0.008179 -0.006958
0.019775 0.154297 -0.115723 0.027466
-0.018921 0.088379 -0.093750 -0.014587
-0.147461 -0.070312 0.259766 -0.025146
-0.004425 -0.205078 -0.005310 0.003250
0.024902 -0.236328 -0.039551 -0.001060
0.006622 0.008484 -0.116211 -0.020020
0.049561 -0.062500 0.138672 0.047119
0.062256 -0.104004 -0.009094 -0.046143
-0.042480 -0.026367 -0.129883 -0.022339
-0.010376 -0.039551 -0.111816 -0.027344
-0.009277 0.090332 0.133789 0.025146
-0.029785 0.086914 -0.061523 0.053467
0.033447 0.013000 -0.087891 -0.050781
0.016357 -0.006134 0.066406 0.008118
-0.016235 -0.125977 -0.047363 0.048096
-0.086426 -0.104980 -0.056152 -0.055420
-0.109863 -0.101562 0.042725 -0.064941
0.006958 0.011047 -0.030273 0.050049
-0.050781 0.121094 0.125977 0.008728
-0.003174 0.058838 -0.068848 0.019531
0.006378 0.032959 -0.018066 -0.061523
0.015869 -0.002335 0.031738 0.004669
0.119141 0.009766 -0.091309 0.012451
0.012390 0.040039 0.133789 -0.065430
-0.099121 -0.167969 -0.048584 -0.037354
-0.045166 -0.192383 -0.011902 -0.057617
-0.061768 0.055176 0.052734 0.030640
0.045654 0.029053 -0.104004 -0.001427
-0.044678 0.137695 0.129883 0.006378
-0.062988 0.049561 0.019775 0.052979
0.027710 0.026001 -0.107910 -0.045166
-0.065430 0.036133 -0.109863 -0.021118
0.008545 0.136719 -0.104492 -0.047119
0.034180 0.059570 -0.176758 -0.015320
-0.075684 0.151367 0.357422 0.031494
-0.009583 0.140625 0.055908 0.022095
0.056152 0.169922 -0.100098 -0.028198
-0.029419 -0.023804 -0.066895 0.051025
-0.076660 0.115234 -0.027832 -0.039795
-0.006256 -0.053955 -0.121582 0.041504
0.002762 -0.006989 0.053711 0.045898
0.044434 -0.004761 0.062500 -0.046631
-0.041260 0.074219 -0.013489 -0.025269
-0.005005 0.050293 -0.010010 0.041504
0.077637 -0.170898 0.031494 0.034180
0.030396 -0.092285 -0.049316 -0.067871
0.052979 -0.267578 -0.023682 -0.059570
0.034668 -0.147461 -0.061035 0.020020
-0.018311 -0.036621 0.168945 -0.008301
-0.007111 -0.088867 0.269531 -0.045410
0.013916 0.039307 -0.165039 -0.004059
-0.106934 -0.080566 0.144531 -0.047607
0.056885 0.017700 0.146484 -0.038574
-0.018677 0.019409 0.067871 0.004333
-0.067871 -0.128906 0.022949 -0.003418
-0.046387 -0.089355 0.062500 0.013000
0.001038 0.002472 0.062988 0.024536
-0.002838 0.166016 -0.168945 0.024048
-0.039551 -0.000999 0.040527 -0.000298
-0.039795 0.110840 0.215820 -0.033691
-0.008179 -0.191406 0.100098 0.051758
-0.055908 0.044678 -0.055420 0.029175
-0.019897 -0.134766 -0.018433 -0.038330
0.009338 -0.165039 -0.056396 0.010132
-0.036377 -0.207031 -0.091309 0.045654
-0.023560 -0.171875 0.159180 -0.009216
-0.080078 0.080566 -0.183594 -0.050293
-0.062988 -0.038086 0.037354 -0.019531
-0.005890 -0.359375 -0.213867 -0.002594
-0.037842 0.029663 -0.080078 0.046143
-0.017822 -0.291016 -0.155273 -0.008972
-0.053711 -0.086426 -0.063477 0.000360
0.074707 -0.009766 0.008484 0.034424
-0.047363 -0.059082 -0.026489 0.044189
-0.068848 0.157227 -0.371094 -0.003128
-0.010559 0.105469 -0.161133 0.047852
0.090820 -0.100098 0.047363 0.023560
-0.043213 -0.014160 0.053711 0.039551
-0.068359 -0.144531 -0.022583 0.032471
0.022461 0.041260 -0.018555 -0.055908
-0.094238 -0.040771 -0.148438 -0.008667
-0.084473 0.062256 0.150391 0.005432
0.026978 -0.016724 0.041016 -0.044922
0.006836 0.075684 0.103516 0.027344
0.005554 -0.054932 -0.067383 0.024048
-0.051758 -0.048584 0.002228 -0.044434
-0.066406 -0.127930 0.099609 0.011597
0.025757 -0.111816 -0.090820 0.021851
-0.016113 0.017578 -0.032471 -0.024048
0.039062 -0.136719 0.068359 -0.007416
-0.045898 -0.098145 -0.012939 -0.028076
0.007416 -0.022095 -0.216797 -0.015564
-0.065918 -0.140625 -0.080078 -0.031250
-0.010132 -0.117188 -0.257812 -0.047852
0.087891 0.044678 -0.050781 -0.013550
-0.037109 -0.146484 0.005951 -0.020142
0.054688 -0.001137 0.069824 0.043213
-0.053955 0.098633 0.146484 0.020508
-0.031738 0.051758 -0.153320 0.017090
-0.016357 0.003357 -0.040039 -0.032471
0.010925 0.055664 0.066406 0.035889
-0.083496 -0.078125 -0.051758 -0.065430
0.015137 0.012207 -0.126953 0.052734
-0.061279 0.191406 -0.057861 -0.020508
0.042236 0.095215 -0.033447 0.023804
-0.014709 0.162109 0.118164 0.031494
0.036865 -0.050781 0.055664 0.010925
0.028076 0.010925 -0.022217 0.037842
-0.046143 -0.044434 -0.155273 -0.048584
-0.066895 -0.031494 -0.083008 0.005585
-0.003433 -0.170898 -0.044922 -0.026123
-0.014282 -0.004150 -0.031494 -0.049805
-0.060547 0.174805 0.040527 0.026733
-0.049561 0.056152 -0.004028 -0.020874
-0.071289 -0.066406 -0.081055 -0.005219
-0.096680 0.036865 -0.008301 -0.063965
-0.004578 -0.065918 -0.115234 -0.002090
-0.072266 0.091309 -0.139648 -0.045166
-0.001099 -0.132812 -0.083984 0.017456
-0.077637 0.035645 0.114746 0.015625
0.029053 -0.094238 0.067871 -0.010864
-0.040039 0.126953 -0.113281 0.018311
-0.083496 -0.017090 -0.009094 0.044922
-0.056885 0.052734 -0.059814 0.037109
-0.010742 -0.080566 0.033936 -0.013672
-0.049316 0.041748 -0.123047 -0.053711
-0.080566 -0.210938 0.041016 -0.019775
0.021606 -0.158203 -0.010376 0.017578
-0.009094 0.249023 0.086426 0.046875
0.021973 0.110352 -0.216797 0.050049
-0.000595 -0.031128 -0.038818 -0.002502
-0.029663 -0.067383 -0.189453 0.048584
0.005341 0.014832 -0.086914 0.005890
-0.059814 0.070312 -0.027466 -0.014526
-0.062988 -0.097656 -0.202148 0.028320
-0.006805 -0.355469 -0.124023 -0.046875
-0.107910 0.107910 -0.133789 0.052002
-0.024780 0.061035 -0.120117 -0.039062
0.008972 -0.067871 -0.099121 -0.059326
-0.010864 0.103516 -0.020996 0.039062
-0.047607 0.014893 -0.007874 0.024536
-0.081055 0.030518 -0.081543 -0.034668
0.088379 -0.173828 -0.024658 0.031738
0.043213 -0.088379 -0.078125 0.028564
-0.032471 0.024658 0.027588 0.003189
0.006927 -0.002213 -0.103027 0.014343
-0.085938 -0.056885 -0.024292 -0.041504
-0.067871 0.107422 -0.023315 -0.035400
-0.056885 -0.068848 0.016724 -0.036133
-0.043213 -0.094727 -0.074707 -0.051270
0.092773 -0.037109 -0.100098 0.009155
-0.017334 0.026001 -0.030029 -0.014954
0.201172 0.045654 -0.125977 0.051025
-0.177734 0.014282 0.127930 -0.067871
-0.028564 0.009094 -0.093262 -0.030762
-0.059570 0.029053 0.136719 0.133789
0.322266 -0.027588 -0.123047 0.013672
0.106934 -0.044678 -0.119629 -0.093262
-0.097656 0.040039 0.075684 0.112793
0.167969 -0.046143 -0.113281 0.153320
0.157227 -0.050537 -0.031494 -0.027954
0.014771 -0.000553 0.129883 -0.201172
0.006592 0.051514 -0.077148 -0.006195
0.030273 -0.012268 -0.012207 -0.009827
0.119629 0.043457 0.024658 0.163086
0.004700 0.010864 -0.037598 -0.113770
-0.180664 -0.050293 -0.083984 0.016235
0.005035 -0.034424 -0.188477 0.062500
0.050781 -0.050049 -0.117188 -0.036377
0.128906 -0.057129 -0.152344 0.043213
0.013367 -0.036865 0.034912 -0.020752
-0.093750 0.020996 0.050781 -0.057861
0.041748 -0.057373 -0.022705 -0.131836
-0.140625 0.033203 0.022217 -0.298828
0.062988 0.016479 -0.042236 -0.052979
-0.035889 -0.060791 -0.115723 -0.052734
0.097656 0.032227 -0.120117 0.069824
-0.069336 -0.040283 0.114746 0.002319
-0.009521 0.048828 0.046631 0.016235
0.054688 0.017212 0.059326 0.107422
0.157227 0.015869 -0.091309 0.014221
0.188477 0.008545 -0.056641 -0.214844
0.180664 0.040771 -0.123535 0.116211
0.016846 -0.056885 -0.124023 -0.106445
-0.057129 -0.003021 -0.052246 0.171875
0.118652 -0.025513 0.031738 0.196289
0.055176 -0.053467 0.008911 0.017212
-0.036133 -0.051270 0.016357 -0.024780
0.027588 -0.028931 -0.092285 0.143555
-0.080566 0.019165 -0.161133 -0.066406
-0.113281 -0.019287 -0.086426 -0.098145
0.042236 0.033203 -0.129883 -0.046631
-0.058594 0.000595 -0.097168 -0.038818
-0.036133 0.026978 -0.005280 -0.060791
-0.040039 -0.025024 -0.040039 -0.022949
-0.091309 0.024048 0.072754 -0.039062
-0.197266 -0.050049 -0.130859 -0.084473
0.030762 0.022217 -0.170898 -0.058350
0.070801 0.017456 0.001129 -0.040527
0.018921 0.048340 -0.178711 -0.013123
-0.080566 -0.013977 0.102051 -0.082031
0.227539 -0.035400 -0.068359 -0.008789
-0.019409 0.000093 0.092285 -0.033203
0.002457 -0.027588 0.086426 -0.075684
-0.103516 -0.022583 -0.089844 0.059814
0.190430 0.004517 -0.103516 0.129883
0.020630 0.032471 0.021484 0.075195
0.146484 -0.010559 -0.106445 0.028809
-0.063477 -0.056885 0.166016 -0.070312
0.072754 0.005646 -0.269531 0.076172
0.033447 -0.010864 0.052490 -0.053467
-0.015320 -0.058350 -0.016968 -0.126953
0.066895 -0.009583 0.089355 -0.028564
0.404297 0.003647 -0.045654 0.069824
0.012329 0.021118 -0.155273 -0.150391
0.118652 0.027466 -0.335938 -0.046631
0.121582 0.007233 0.045654 0.072754
0.164062 -0.006317 -0.076660 0.117676
0.035889 -0.027954 0.014221 -0.006714
-0.130859 -0.041504 -0.078613 0.024658
0.072266 0.020752 -0.049561 -0.134766
0.112305 -0.034180 -0.114746 0.093750
0.090332 -0.001572 -0.015991 0.072266
0.103027 -0.012207 -0.129883 -0.024170
0.300781 -0.011169 0.040527 0.004456
-0.082031 -0.028809 0.002762 -0.079590
-0.236328 -0.006378 0.154297 0.229492
-0.056152 0.013672 0.073242 0.028564
-0.066406 0.048828 -0.042236 0.059326
-0.007019 -0.050537 -0.033203 -0.080566
-0.107910 0.042969 0.039551 0.019287
0.214844 -0.053223 0.098145 -0.020508
-0.071289 -0.024292 0.013611 -0.077637
0.157227 0.046143 0.064941 -0.023560
0.015991 0.031494 -0.088379 -0.070312
0.042236 -0.004425 -0.054199 0.059570
-0.057129 0.038330 0.176758 -0.072754
0.211914 0.006866 -0.030762 0.069824
0.143555 0.007599 -0.087891 0.069336
0.055176 -0.042236 0.073242 0.101562
-0.029175 0.008240 -0.079102 -0.077637
0.308594 -0.032471 0.012634 0.142578
0.263672 0.037842 0.005035 0.123047
-0.133789 0.029785 0.024170 0.120605
-0.232422 -0.011230 -0.033691 -0.148438
-0.080566 -0.024780 0.166016 -0.075684
-0.098145 -0.002655 -0.127930 -0.026001
0.010742 -0.041504 -0.083008 0.081543
0.155273 0.024292 -0.046631 0.050781
-0.166992 -0.000124 -0.050537 0.018555
-0.173828 -0.051514 0.156250 -0.039307
0.082520 -0.029541 0.098633 0.023560
-0.084961 -0.030640 -0.034180 -0.059570
0.067871 0.007874 -0.052734 0.027832
-0.168945 0.018799 -0.028442 -0.067383
0.050537 -0.004547 -0.061035 0.090820
0.016479 -0.018921 -0.074707 0.085938
0.031982 -0.059570 -0.049561 -0.010132
-0.020386 -0.051025 -0.138672 0.104980
-0.017822 0.022827 0.137695 -0.145508
0.007538 -0.015259 0.056641 0.011963
-0.127930 0.040283 0.015076 0.079590
-0.098633 0.014709 -0.104004 -0.281250
-0.184570 0.032227 -0.088867 0.218750
-0.096680 0.033936 -0.084961 -0.077148
-0.192383 0.009460 0.071289 0.043213
0.157227 -0.047607 0.006897 -0.118652
-0.075195 0.031738 -0.098633 -0.055420
-0.058838 0.010498 0.107422 -0.104004
-0.041504 0.003906 -0.060303 0.013550
0.141602 0.032227 0.095703 0.007294
0.137695 -0.041748 -0.025269 0.009033
-0.114258 0.004974 -0.113770 -0.035889
0.217773 -0.015137 0.052734 0.174805
-0.067871 0.025635 -0.082520 0.068359
0.039795 -0.040527 0.099609 0.007935
-0.023804 -0.057373 -0.171875 0.109863
0.036621 -0.039795 -0.245117 -0.174805
0.298828 -0.004364 0.069336 -0.157227
-0.098633 0.014648 0.162109 -0.031982
0.051514 -0.006256 0.064453 -0.024414
0.075195 0.031494 0.047852 -0.139648
0.101562 0.004181 -0.052979 0.114746
0.005493 -0.063965 -0.122070 -0.115723
0.161133 -0.019043 -0.091309 -0.122070
-0.076172 -0.061279 -0.047363 0.122070
0.112793 -0.054199 -0.105957 0.029419
-0.032959 -0.054932 -0.025635 0.019165
-0.032715 0.015320 -0.055176 -0.116699
-0.094238 -0.022827 0.052979 0.113281
-0.175781 0.018188 0.308594 -0.174805
0.062012 -0.058105 -0.203125 0.053955
0.119141 -0.008484 -0.183594 -0.013794
-0.063477 -0.040527 -0.202148 -0.086914
0.024902 -0.048584 -0.007477 0.143555
-0.035645 -0.016602 0.051270 0.025146
0.127930 -0.021729 -0.015747 -0.000923
0.050293 0.019653 -0.004547 0.133789
-0.035400 -0.027710 0.071289 0.249023
0.022461 -0.023438 0.064453 0.156250
0.037354 -0.062256 -0.074219 0.027954
0.089844 -0.023438 -0.050537 0.029419
-0.010498 -0.046387 0.134766 -0.121582
-0.028564 -0.025635 0.000877 -0.111328
-0.019897 -0.008728 -0.008667 -0.092285
-0.109375 0.006653 0.103516 -0.076172
0.054688 -0.040039 0.015869 -0.170898
-0.100098 -0.016479 0.137695 -0.015869
-0.165039 0.020264 0.153320 -0.165039
-0.008423 -0.004730 0.184570 -0.139648
0.228516 -0.048096 0.092773 0.132812
-0.032959 -0.015137 0.095215 0.091309
-0.159180 -0.049805 0.105957 -0.187500
-0.168945 -0.026611 0.149414 0.005249
0.154297 -0.027954 0.116699 -0.043945
-0.175781 -0.003799 0.002502 -0.057373
-0.164062 -0.052734 0.158203 -0.080566
-0.261719 -0.010254 0.147461 -0.115234
-0.214844 0.048828 -0.098145 -0.113281
0.089355 -0.010925 -0.043701 0.018921
0.073242 0.046143 -0.190430 -0.039795
-0.000492 -0.051758 0.003525 0.166992
-0.052490 0.037109 0.040527 -0.073730
-0.024170 -0.048096 -0.019653 0.075195
0.021484 -0.061279 -0.088867 -0.007996
0.069336 -0.010193 -0.073730 0.024780
0.251953 -0.011414 -0.025757 0.139648
-0.066406 -0.015198 0.011780 -0.079102
-0.035645 0.049072 0.035889 -0.031494
-0.070312 0.053711 0.118652 -0.075684
-0.030762 -0.021851 -0.006470 0.101074
-0.025757 0.030884 0.115234 -0.137695
-0.146484 0.023804 -0.020752 -0.035400
0.047363 -0.010315 0.003998 0.001511
-0.048096 0.052490 -0.007385 -0.019775
-0.005615 0.008667 0.190430 0.000660
-0.063477 0.020508 0.131836 -0.048584
-0.005920 0.012817 0.149414 -0.050049
0.169922 0.029541 0.023193 -0.174805
-0.065918 -0.020142 -0.116211 -0.076660
-0.208008 -0.058350 -0.094238 -0.058594
0.126953 -0.040771 -0.059814 0.088867
-0.096680 -0.026001 -0.194336 0.294922
0.057617 0.003860 -0.013672 0.074707
0.067871 0.010132 -0.056396 0.042236
0.034668 0.038574 0.021240 -0.029297
-0.071289 -0.010620 0.022949 0.070312
-0.088867 0.040039 0.166992 -0.017456
0.066895 0.013977 -0.134766 -0.026123
-0.107910 -0.050049 -0.179688 -0.020508
0.006500 -0.051758 -0.158203 -0.033691
-0.012695 0.005432 -0.095703 -0.205078
0.004486 -0.041016 -0.161133 0.020996
-0.059814 0.007782 0.048096 -0.063477
0.151367 -0.059082 0.042480 0.210938
0.208008 0.019897 0.144531 -0.209961
0.172852 -0.006622 -0.052490 -0.038086
-0.066895 0.007294 -0.097168 0.022705
-0.111816 0.038574 -0.139648 0.008362
0.173828 0.004913 0.054688 0.086914
0.158203 0.029053 -0.067871 0.121094
0.189453 -0.058105 -0.106934 0.003281
-0.171875 -0.056885 0.225586 -0.165039
0.030762 0.026855 -0.291016 -0.007141
0.159180 0.012024 -0.064941 0.064941
0.073730 0.038086 -0.192383 -0.025635
0.027588 0.023315 -0.005432 0.019287
0.279297 -0.025269 -0.074707 0.030273
-0.072754 0.039307 0.076172 -0.144531
-0.009766 -0.057373 -0.013794 -0.100586
-0.087891 -0.034912 -0.043945 0.135742
0.027588 0.029053 0.066895 0.007629
-0.287109 0.038818 0.063965 0.231445
-0.073242 0.031982 -0.032959 -0.124023
-0.012695 0.005066 -0.086914 -0.054688
0.000675 -0.018799 -0.005737 -0.103516
0.083008 -0.002502 0.041992 0.062988
-0.002548 0.041992 0.006744 0.132812
0.010315 0.005127 -0.076172 -0.120117
-0.103027 -0.027100 0.089844 -0.023682
0.098145 -0.023438 0.046387 -0.076660
0.156250 -0.044434 -0.141602 -0.158203
0.073730 0.007416 -0.049316 0.005249
0.043213 -0.020996 -0.052002 0.066895
0.098145 -0.030640 -0.092773 0.038818
-0.041748 -0.037109 0.023193 -0.255859
0.168945 0.013123 -0.045166 0.047607
-0.114746 0.000713 0.009521 -0.028320
0.179688 0.009644 0.038330 0.026123
0.137695 -0.020874 0.300781 -0.064941
-0.032471 -0.033691 0.017578 -0.014282
0.116699 -0.040771 -0.072266 -0.038330
0.187500 0.044434 0.080078 -0.083496
0.136719 -0.035400 0.011780 -0.063477
-0.018311 0.027344 -0.003769 -0.011169
-0.008484 -0.012207 -0.024292 0.049316
-0.109375 0.015076 0.056641 -0.000816
0.044189 0.012512 0.111816 -0.027710
-0.065430 0.025879 0.000511 0.036133
0.001373 -0.051270 -0.132812 0.072266
0.001610 -0.038574 0.039307 0.079102
-0.046143 0.011353 -0.115234 0.002869
-0.059570 -0.030396 -0.126953 -0.064453
-0.077148 -0.056396 0.042480 -0.023682
0.103516 -0.043213 -0.111328 0.063965
-0.092285 -0.005829 -0.058838 0.069824
0.067871 0.050781 -0.019653 -0.034912
0.043701 0.001457 -0.109863 -0.061279
0.040527 -0.065918 -0.157227 -0.037109
-0.006927 -0.029663 -0.250000 -0.030762
0.052490 0.044189 -0.074707 -0.017456
0.038818 -0.035645 -0.068848 -0.082031
-0.170898 -0.010376 0.174805 -0.086914
0.225586 0.025757 -0.018188 0.088379
0.005432 0.042236 0.087891 0.019165
-0.021973 0.031250 -0.070312 -0.078125
0.073242 -0.001892 0.034668 0.002869
0.145508 -0.023804 -0.080566 0.039307
-0.007446 0.004242 -0.058350 0.020752
0.083984 -0.053223 -0.007629 -0.022461
-0.195312 0.047119 -0.083008 0.226562
0.021118 -0.041016 -0.082520 -0.096680
0.033447 -0.053711 0.080566 -0.028320
-0.042725 -0.052490 0.004791 0.048096
-0.070801 0.037842 -0.125977 -0.077148
0.147461 0.038574 -0.168945 0.233398
-0.038086 -0.015381 -0.251953 -0.155273
0.055176 0.027588 0.051270 -0.029663
-0.000664 -0.020630 -0.006104 0.111328
0.112305 0.033691 -0.088379 0.017456
-0.033936 0.017334 0.029053 -0.033691
0.054932 -0.047607 -0.116699 -0.126953
-0.063477 -0.027588 -0.206055 -0.059082
0.159180 0.042236 -0.081543 0.055908
-0.048340 -0.053223 0.075195 0.006561
0.051025 -0.011902 -0.079102 0.004028
-0.179688 0.033447 0.275391 -0.108398
-0.376953 0.026001 0.118164 0.015747
-0.085449 -0.052490 0.059082 -0.122070
0.193359 0.021606 -0.061279 -0.016357
-0.090332 0.024780 0.132812 0.166992
0.147461 0.046387 0.035645 0.128906
-0.051514 0.024292 -0.006866 -0.047607
0.022827 -0.022339 0.007172 0.096680
0.080078 0.009644 -0.059082 0.120605
0.046143 0.020630 -0.072266 -0.026855
0.127930 -0.030640 -0.013000 -0.035400
0.122559 -0.029297 0.005768 0.136719
-0.056885 -0.019165 -0.095703 0.008301
0.002762 0.041260 0.135742 0.035400
-0.207031 -0.032471 0.134766 -0.193359
-0.035645 -0.013123 0.082520 -0.182617
-0.154297 0.016235 0.035156 0.010376
0.087891 -0.036377 0.013123 -0.041992
0.202148 0.003387 0.157227 -0.036621
-0.078613 0.052979 0.018433 -0.081055
0.170898 -0.016846 0.071777 0.100586
-0.226562 0.000679 0.049805 -0.058838
-0.169922 -0.023926 0.025635 -0.222656
-0.111328 -0.065918 -0.153320 -0.084473
-0.277344 0.017700 0.190430 -0.184570
-0.248047 0.031128 -0.055420 -0.067871
0.040283 0.015381 0.079590 0.089355
0.107422 0.002945 0.021851 0.188477
-0.074707 -0.048096 0.018677 0.087891
0.070801 -0.015747 -0.086426 -0.124512
0.054443 0.032227 -0.107910 -0.034424
-0.019897 -0.039307 -0.009827 -0.065918
0.022949 0.006104 -0.103027 -0.000181
0.041504 0.042969 -0.016479 -0.002136
-0.221680 -0.031494 0.072266 0.035645
0.212891 -0.068359 0.035889 0.308594
-0.006500 -0.034180 -0.018066 0.042969
0.204102 -0.047363 -0.151367 0.086914
-0.104492 -0.020386 -0.175781 -0.067383
0.022705 -0.062500 -0.003571 0.027100
-0.126953 -0.044922 -0.010010 -0.031738
0.164062 0.009155 -0.040039 0.347656
0.000874 0.048096 -0.011780 0.008728
-0.152344 -0.032471 0.073730 -0.051758
-0.083984 -0.006622 0.057373 -0.059570
0.075195 -0.059326 -0.197266 0.149414
-0.041260 -0.009277 -0.240234 -0.089844
0.057373 0.021851 -0.135742 0.007874
-0.031738 0.021484 0.190430 -0.012329
0.023926 -0.036865 -0.097656 -0.150391
0.007080 -0.036621 -0.105957 -0.150391
-0.073242 -0.003220 0.055176 -0.061768
-0.077637 0.055420 -0.072754 0.070801
0.076172 -0.019165 -0.237305 0.015259
0.085938 -0.037842 0.023071 0.185547
-0.019531 -0.047607 0.148438 -0.211914
0.095703 -0.008057 -0.009216 0.010742
-0.059326 0.042236 0.065918 -0.283203
-0.053955 -0.024048 -0.063477 -0.033691
-0.189453 0.035645 0.099609 -0.064941
0.039795 -0.038086 -0.089355 0.007050
0.140625 -0.007507 -0.042725 0.075684
0.312500 0.003174 -0.233398 -0.005219
0.103027 -0.058105 -0.105469 -0.273438
-0.014587 0.033936 -0.063965 -0.062988
-0.050781 0.018188 0.008850 -0.096680
-0.194336 -0.045166 -0.050537 -0.072754
-0.066895 0.041504 -0.065430 -0.250000
-0.117676 0.034424 0.126953 -0.174805
-0.061523 0.014160 -0.192383 0.028687
0.184570 0.005981 -0.224609 -0.059570
0.069824 -0.015320 -0.249023 0.020996
0.075684 0.030884 -0.001244 0.110840
-0.074219 0.043213 -0.204102 -0.248047
0.226562 0.013428 -0.026001 -0.000648
-0.037842 0.012390 -0.034912 0.078125
-0.161133 -0.043945 0.024292 -0.148438
-0.104004 0.050537 -0.020752 -0.018799
0.007660 -0.042969 -0.037598 -0.166016
0.085449 -0.005676 -0.019653 0.130859
0.141602 0.029907 0.114258 0.032471
0.066406 0.020386 -0.078613 0.082520
0.073242 -0.017822 0.030151 -0.065918
-0.050781 -0.062500 -0.090820 -0.079590
-0.056396 0.027832 -0.114258 -0.013306
-0.030884 -0.040771 -0.092285 -0.023071
0.052246 0.009460 0.040527 0.014709
-0.141602 -0.068359 0.022705 -0.123535
0.045654 -0.006012 0.080566 0.021118
0.064453 -0.030518 -0.195312 -0.124512
-0.220703 0.004639 0.099121 -0.097168
-0.082520 -0.020752 -0.115234 0.019897
0.060303 -0.016479 -0.044678 0.139648
0.039062 -0.044434 -0.063965 0.061035
-0.100098 -0.002975 0.048096 -0.201172
-0.214844 -0.019409 -0.080566 -0.073242
-0.148438 -0.021606 0.172852 -0.103027
0.093750 0.035156 0.088867 -0.107910
0.075684 0.021240 -0.078613 -0.158203
0.155273 -0.052734 0.005280 -0.088867
0.144531 -0.049805 -0.011047 -0.014771
0.012207 0.049316 0.027954 0.075684
0.202148 0.004852 0.019287 -0.012390
0.037598 0.031494 -0.073242 0.027100
-0.070312 -0.035156 0.025391 0.062500
0.077148 -0.046143 -0.094727 -0.037354
0.086914 0.025757 -0.186523 0.055176
-0.224609 0.043701 0.089355 -0.034668
-0.142578 -0.037109 -0.045166 -0.193359
-0.002853 0.029053 -0.046875 -0.032959
0.092773 -0.052246 -0.197266 -0.022339
-0.071289 -0.044189 0.093750 -0.174805
0.141602 0.025635 -0.047363 0.045410
-0.099609 0.011719 -0.057373 0.158203
0.061523 0.031738 -0.202148 0.095703
0.085938 0.025146 -0.108887 -0.020386
-0.014893 0.034912 -0.152344 -0.087891
0.029297 -0.005463 -0.008911 -0.056396
-0.045898 -0.001183 -0.351562 0.084473
-0.168945 0.007629 0.013123 -0.216797
0.013306 0.036865 0.168945 -0.069824
0.045410 -0.054932 -0.133789 -0.090332
0.087891 -0.044189 -0.103027 -0.031006
0.059326 -0.046143 0.144531 0.067383
0.153320 -0.003616 -0.088867 0.165039
0.016235 -0.000919 0.070801 -0.013611
0.104980 0.001411 -0.126953 0.035156
-0.100098 -0.045166 0.093262 -0.217773
0.035645 -0.026733 -0.198242 -0.156250
0.003342 0.010437 0.134766 -0.063965
0.089844 -0.003235 0.073242 0.063477
-0.152344 -0.043213 -0.154297 -0.168945
-0.006042 0.006714 -0.068359 -0.091797
-0.059326 -0.034424 0.050049 -0.028320
0.322266 -0.005280 -0.147461 0.214844
0.043945 -0.021973 -0.047852 -0.066895
0.056152 -0.055908 -0.189453 -0.092773
-0.078125 -0.027344 0.248047 0.081543
-0.052002 -0.013306 -0.033447 -0.002426
0.052734 0.050293 -0.057373 -0.035889
-0.093750 -0.007294 -0.183594 0.042236
-0.051514 0.021484 0.016357 0.035400
0.226562 -0.034180 0.057373 0.183594
0.073242 -0.037109 -0.184570 -0.062500
0.069336 0.004761 -0.207031 -0.103516
-0.022705 0.038818 0.137695 -0.090332
0.198242 -0.017334 0.049805 0.189453
0.048096 -0.055420 -0.024292 0.052246
0.037354 -0.062988 -0.226562 0.020752
0.172852 0.006348 -0.049072 -0.062256
-0.071777 0.038574 0.187500 0.176758
0.014038 0.006592 0.083496 0.046387
-0.026001 -0.008667 -0.049805 0.076660
-0.022461 -0.013977 -0.127930 0.057129
-0.107910 -0.025269 0.059082 -0.014771
-0.103516 -0.015747 0.180664 -0.105469
0.128906 -0.041504 -0.006287 -0.088379
-0.096680 -0.061279 -0.017578 0.097168
0.135742 0.041504 0.129883 -0.057861
-0.034912 -0.003616 -0.038818 -0.238281
-0.057129 0.042725 0.036133 -0.027588
0.011597 -0.006592 -0.044434 0.007690
-0.219727 -0.004425 0.149414 -0.130859
-0.159180 0.006348 0.004974 0.032471
-0.014160 -0.015625 -0.047852 -0.017090
-0.222656 -0.007385 0.175781 -0.059814
0.371094 0.050781 0.003387 0.066895
0.285156 -0.004883 0.073242 -0.024292
-0.164062 0.023926 0.045654 -0.127930
-0.017212 -0.041016 -0.037598 0.011597
-0.028320 0.040771 0.077148 0.005157
-0.062256 -0.034424 -0.033691 0.054199
0.042725 -0.011414 -0.125977 0.041504
0.052979 -0.039307 -0.167969 -0.016479
-0.120605 -0.019775 -0.000546 -0.052734
-0.006836 -0.051514 -0.064941 -0.058594
0.096191 -0.029907 0.107910 -0.018799
-0.023193 -0.057373 -0.019531 0.070801
0.045410 0.019287 0.029663 0.076172
-0.141602 0.028687 -0.011536 -0.048096
-0.076172 -0.050049 -0.067383 0.134766
0.113281 0.038574 -0.095215 0.112793
0.206055 0.012695 -0.117188 0.044922
0.066406 -0.008057 -0.013733 0.111816
0.075195 0.016968 0.016846 0.111816
-0.024292 0.007446 -0.069824 0.029175
-0.010742 -0.031982 -0.018555 -0.032959
-0.154297 -0.001457 -0.085938 -0.105957
-0.153320 0.001724 -0.251953 0.006531
0.025269 0.008667 -0.062012 -0.019531
-0.029907 -0.049561 0.139648 0.053467
0.207031 0.026978 -0.052979 0.093750
0.047119 0.013855 -0.169922 -0.036621
-0.033936 0.003967 -0.004944 0.024536
-0.035400 0.048828 -0.025513 -0.035400
-0.164062 -0.022705 0.098145 0.090820
-0.007568 0.023193 0.099121 -0.033447
-0.113770 -0.039062 -0.094727 -0.056885
-0.020752 -0.019043 0.016113 0.151367
-0.033447 -0.037109 -0.054688 -0.122559
0.060059 0.048828 0.112793 -0.294922
-0.051758 0.001427 0.059082 0.058350
0.120605 0.002441 -0.121094 -0.064453
0.221680 -0.062012 0.022339 -0.142578
0.009338 -0.040771 0.164062 0.010803
-0.048340 -0.025269 -0.077637 -0.010376
0.011841 0.008728 0.123535 0.126953
0.123047 0.024780 0.016357 0.057861
0.039307 -0.026611 0.033203 -0.045654
0.048096 -0.006775 -0.027344 -0.042969
0.003998 -0.065918 -0.248047 -0.099121
0.119141 0.046143 -0.079590 0.035400
0.083984 -0.004120 -0.103516 -0.089844
0.118652 -0.007324 -0.238281 -0.081543
-0.087891 -0.043213 0.384766 -0.008972
-0.102051 -0.014893 0.124512 -0.032227
-0.164062 -0.009766 -0.209961 0.063477
-0.051270 -0.019409 -0.146484 0.000443
-0.096680 0.021240 0.020142 0.048584
0.076660 0.012634 -0.041992 0.047852
-0.014465 0.028687 -0.026001 0.035400
-0.096191 0.005798 -0.081543 -0.182617
0.116699 0.016357 0.035400 0.030518
-0.204102 0.010193 0.155273 0.012573
0.085938 0.006226 -0.176758 -0.011414
0.029785 0.000127 0.010254 0.067383
-0.138672 -0.002319 0.020752 -0.189453
0.187500 -0.054199 0.065918 -0.006134
0.107910 -0.002213 0.043457 -0.093262
0.158203 0.013306 0.097656 0.130859
-0.054688 0.045166 0.007812 -0.236328
0.113770 -0.002533 0.114746 -0.050049
-0.046631 0.011902 -0.044922 -0.081543
-0.106445 -0.062012 -0.070312 -0.057617
-0.049561 -0.049072 -0.132812 0.004181
-0.019287 -0.001656 -0.196289 -0.059570
-0.004547 -0.013000 0.093262 -0.069824
0.053711 0.034668 0.138672 -0.034424
-0.002655 -0.060059 0.019897 -0.064941
0.142578 -0.040039 0.146484 -0.069824
-0.110352 0.015625 -0.052490 -0.070801
-0.018921 -0.028931 0.095215 -0.063965
0.040771 0.024780 0.148438 0.004517
0.032715 -0.054932 -0.176758 -0.019409
0.091797 0.037109 -0.013245 -0.170898
0.119629 -0.034912 -0.086914 0.132812
-0.071777 0.051758 -0.059814 -0.062988
0.105957 -0.006287 0.093262 0.021729
-0.024292 0.010681 -0.033447 -0.117676
-0.105469 -0.054443 -0.143555 -0.015198
-0.004761 -0.057129 0.106445 0.090820
-0.102051 -0.061768 -0.006805 0.083008
-0.071777 -0.034424 -0.128906 0.132812
0.090332 -0.046387 0.010803 0.039062
-0.104492 -0.007812 -0.011169 -0.005829
-0.129883 -0.014099 0.083496 -0.069336
-0.036377 -0.027100 0.038086 0.004517
-0.165039 -0.061035 0.195312 -0.023071
0.111816 -0.016113 -0.227539 0.032471
-0.189453 0.046631 -0.061035 -0.146484
0.157227 0.005890 -0.190430 0.178711
-0.210938 -0.053467 -0.190430 0.126953
-0.090332 -0.006042 -0.151367 -0.105957
-0.008667 0.034668 -0.096680 0.019043
-0.158203 0.003632 -0.084473 -0.031738
-0.061279 0.017822 0.041748 -0.056885
0.077637 -0.060059 0.228516 -0.186523
0.052002 -0.014282 0.166016 0.087891
0.215820 -0.020142 -0.210938 -0.037842
0.058838 -0.051270 -0.028931 0.082031
0.168945 0.021484 -0.045898 0.070312
-0.061035 0.020996 -0.104492 -0.013672
-0.066895 -0.050293 0.024292 -0.044434
0.087891 -0.060791 0.201172 -0.128906
0.034668 0.027100 -0.085938 -0.098145
0.085938 -0.005219 0.365234 0.132812
0.115723 0.046143 -0.007935 0.073242
0.138672 -0.017700 -0.060791 0.031494
0.257812 -0.035889 -0.050781 0.097656
0.014160 -0.051758 -0.243164 -0.019409
0.095215 -0.008179 0.047607 -0.122070
0.053711 -0.030884 -0.105469 -0.012268
0.012268 -0.064941 -0.183594 0.016968
0.023804 -0.005005 0.064941 0.104004
-0.201172 -0.050781 -0.046875 0.042969
-0.062988 -0.053467 -0.117676 0.103516
0.045166 -0.014038 -0.261719 -0.001511
-0.013245 -0.049316 -0.164062 -0.071289
-0.037842 0.002213 -0.168945 0.024170
0.062988 -0.035645 -0.217773 0.036133
-0.191406 0.086426 0.052246 -0.098145
-0.029419 0.156250 -0.007721 0.005981
-0.110352 0.233398 -0.169922 0.033203
0.128906 0.095215 -0.190430 0.041748
-0.027588 -0.037842 -0.039307 -0.046631
0.101562 0.104980 0.211914 0.157227
0.015747 0.208984 -0.062500 -0.052002
-0.127930 0.098633 -0.068359 0.088867
0.009277 -0.024170 0.082520 0.050293
-0.082520 0.072754 0.022095 -0.051514
0.038086 0.229492 -0.333984 0.019287
0.131836 0.205078 -0.153320 -0.114746
-0.040283 0.006104 -0.064941 0.020996
-0.132812 -0.120117 0.016846 0.000793
-0.018188 0.021118 -0.005096 0.037598
0.051758 0.194336 -0.047852 0.070801
0.024048 0.049561 0.105469 0.141602
-0.088867 0.073730 0.004547 0.104004
0.088379 0.045166 -0.099121 0.025024
0.157227 0.100586 0.095703 0.083008
-0.007812 0.022827 -0.005524 0.021729
0.202148 0.024780 0.035156 -0.031982
0.122070 0.015259 -0.116699 0.087891
0.036377 0.235352 -0.007721 0.109863
-0.289062 0.166016 -0.029541 -0.213867
-0.257812 0.056152 0.107422 -0.247070
-0.068848 -0.066406 -0.157227 0.008423
0.142578 0.132812 0.054932 0.152344
0.020020 0.012207 -0.025024 -0.021118
0.140625 0.070801 -0.125977 0.132812
-0.103027 0.155273 -0.148438 -0.044434
0.083008 -0.158203 0.036621 -0.138672
-0.073730 -0.031128 -0.100098 -0.116699
-0.178711 0.087891 0.032715 0.028320
-0.024170 -0.120605 0.008118 0.027710
0.015991 -0.108887 0.136719 -0.042969
-0.044922 0.027344 0.044189 0.009949
-0.227539 0.007294 -0.130859 -0.164062
-0.040283 -0.103027 -0.110352 0.123535
0.182617 -0.298828 0.056152 -0.029541
-0.009949 -0.095703 0.094727 -0.091309
-0.263672 -0.101562 -0.042236 0.149414
0.013245 -0.101562 0.075684 0.047363
0.059814 0.198242 0.153320 0.076172
-0.066895 -0.004211 -0.027466 0.062988
-0.037109 0.016235 0.017456 -0.222656
0.206055 -0.000614 -0.011047 -0.109863
0.128906 -0.121582 0.105469 0.024414
0.035400 0.071289 -0.086426 -0.188477
-0.065430 -0.259766 0.063477 -0.083984
0.013428 0.102051 0.103027 -0.141602
0.060303 -0.138672 -0.014648 -0.251953
0.017578 -0.015625 -0.003708 -0.007294
0.024658 0.111816 -0.105469 0.111328
-0.121582 -0.025757 -0.177734 0.071289
-0.108887 -0.015137 -0.005585 -0.085449
-0.069336 0.126953 -0.030640 -0.119141
-0.176758 0.171875 -0.007812 0.155273
0.034668 0.028687 -0.092285 -0.116699
0.141602 -0.339844 0.104004 -0.074219
0.023682 0.058105 0.021851 -0.039551
0.127930 -0.005676 -0.104980 -0.349609
-0.112793 0.073730 -0.159180 -0.112793
-0.071777 -0.019043 -0.084473 -0.217773
0.136719 0.075684 -0.027832 0.029541
-0.097656 0.066895 -0.124023 0.208008
-0.062988 0.025024 0.035400 -0.037598
0.136719 -0.065918 0.027466 0.058838
0.074219 -0.028687 -0.018066 0.040771
0.028198 0.013245 0.065430 -0.169922
0.041016 0.085449 -0.110352 -0.059082
0.060059 -0.002884 -0.003876 -0.228516
-0.067383 0.166016 -0.204102 0.098633
0.007782 0.097656 -0.184570 0.098145
-0.010193 0.255859 -0.108398 -0.094238
0.155273 0.027344 -0.046631 0.208984
0.209961 0.019165 0.111328 -0.018799
-0.039795 0.057373 -0.025635 0.163086
-0.114258 -0.028076 0.005493 0.026001
-0.080566 0.154297 0.024902 -0.136719
-0.124023 0.186523 -0.117188 -0.027344
-0.033691 0.179688 -0.225586 -0.052002
0.081055 -0.016724 -0.079590 0.060059
0.044434 0.086914 0.005127 -0.121582
0.093750 0.335938 0.048096 -0.085938
-0.212891 0.015991 -0.038818 -0.199219
0.078125 -0.163086 -0.068848 0.095703
0.148438 -0.029175 0.031982 0.016846
-0.039307 0.158203 -0.082031 0.159180
0.011047 0.082031 0.088867 0.104492
0.093262 -0.070801 -0.060059 0.039795
0.157227 -0.106934 0.021729 0.006012
0.048340 0.143555 0.065918 -0.132812
-0.185547 -0.013000 0.184570 0.024170
0.072754 0.088867 -0.116211 -0.063477
-0.046387 0.028564 0.126953 0.085938
0.022461 0.036621 -0.148438 0.122070
0.110840 0.092773 -0.173828 0.154297
-0.053711 -0.061035 -0.065430 -0.059814
0.027954 0.116211 -0.063965 0.201172
-0.048340 0.133789 -0.008667 0.316406
-0.032471 0.089355 0.078613 -0.155273
0.105469 0.097168 -0.153320 -0.117188
0.005219 -0.053711 0.131836 -0.055176
-0.070312 -0.230469 0.052734 -0.061279
-0.067383 -0.056641 0.083008 0.060303
0.062012 -0.189453 -0.226562 0.011414
-0.059082 -0.011414 -0.053223 0.096191
-0.105957 0.180664 -0.101562 0.011536
-0.091309 -0.092285 -0.091797 0.007385
-0.040039 -0.086914 -0.101562 -0.013855
0.033936 0.041016 0.040527 0.135742
0.022583 -0.021362 0.081543 0.001747
0.048828 0.021118 -0.052002 0.031738
0.103516 -0.176758 -0.016235 -0.072754
-0.052734 0.045654 -0.042236 0.117188
-0.054443 -0.067871 -0.023193 0.138672
-0.127930 -0.066895 -0.022217 -0.078125
0.031494 -0.140625 0.073730 -0.063965
-0.195312 0.079590 -0.059814 0.034668
0.086426 0.088379 0.022705 -0.122559
0.026978 -0.040283 -0.010986 0.013489
-0.067871 0.099121 -0.028442 0.002930
-0.018555 -0.111328 0.028564 -0.028687
0.112305 0.106445 -0.016968 0.236328
0.062256 -0.088867 0.015259 -0.198242
0.145508 0.126953 -0.070801 -0.098145
-0.006958 -0.067383 0.238281 0.038818
0.009338 -0.143555 0.233398 -0.113281
-0.018066 -0.071289 0.126953 -0.060547
-0.091797 0.139648 -0.174805 -0.129883
-0.056885 -0.170898 0.041016 0.088867
-0.141602 -0.273438 -0.014465 -0.040771
-0.018188 0.087891 0.101562 0.115234
0.113770 0.089844 -0.009216 -0.173828
-0.106445 -0.050293 0.031738 0.206055
0.075195 -0.012817 0.044922 -0.094727
0.003738 0.057617 0.059326 -0.156250
-0.029541 0.196289 -0.099609 -0.026245
-0.002441 -0.080566 0.054199 0.063965
0.120605 -0.082520 0.005432 0.128906
-0.166992 0.129883 -0.153320 0.126953
-0.056396 0.093262 0.107910 -0.034180
-0.296875 -0.300781 -0.147461 0.096680
0.184570 0.025635 -0.082520 0.082520
0.064941 0.039795 0.142578 0.112793
-0.140625 0.039062 -0.080078 0.135742
-0.178711 0.148438 -0.016235 0.020630
0.184570 0.131836 0.060059 -0.087402
-0.059082 0.120605 -0.072754 0.085449
-0.136719 0.026978 -0.053223 -0.049072
0.015564 0.061279 0.069824 -0.010620
-0.076660 -0.024658 0.028687 0.019287
-0.259766 0.036621 0.037109 0.013611
-0.131836 -0.027588 -0.139648 0.127930
-0.098145 -0.025879 -0.143555 0.081055
-0.028320 0.244141 -0.077637 0.167969
0.080078 -0.115234 -0.034912 -0.035156
-0.063965 0.090820 -0.072754 0.067383
0.011597 -0.233398 0.000759 -0.011292
0.044678 0.001427 -0.000702 -0.120117
-0.141602 -0.157227 0.056885 -0.065430
0.159180 0.047607 -0.068359 0.006226
-0.117676 -0.131836 0.035889 0.005463
-0.003784 0.115723 -0.019409 -0.087402
0.055176 0.143555 0.148438 -0.112793
-0.003845 0.237305 0.042236 -0.035400
0.054688 0.125000 -0.032959 -0.015564
0.088867 0.122559 -0.080078 0.090332
-0.058350 0.013916 -0.098145 0.028198
0.021973 -0.072266 -0.048828 -0.134766
0.015869 -0.112305 -0.205078 -0.074707
0.017700 0.144531 0.083984 0.181641
0.159180 0.001038 -0.150391 -0.006104
0.057129 -0.034180 -0.030518 -0.124023
-0.101074 0.030762 -0.011414 -0.145508
0.076172 -0.005707 -0.040039 -0.073730
-0.246094 -0.091797 -0.079590 0.014832
0.023438 -0.114258 -0.201172 -0.027100
-0.021484 -0.105469 -0.061523 -0.013306
0.023682 0.235352 -0.042969 0.016235
-0.132812 -0.077148 -0.091309 -0.057373
0.038818 -0.244141 -0.002502 0.004822
0.104980 -0.074219 -0.203125 -0.208984
0.107422 -0.200195 -0.085938 -0.024902
-0.010498 0.025391 0.011169 -0.044434
0.025024 -0.031006 -0.062012 -0.175781
0.158203 0.013733 0.174805 -0.083496
0.034180 0.041260 -0.065430 0.026367
0.098633 0.062012 0.047852 -0.158203
0.093750 -0.185547 0.112305 -0.170898
0.145508 -0.189453 0.053711 -0.109375
0.097656 0.164062 0.120605 -0.119629
-0.058594 0.035156 -0.063477 -0.102539
-0.072754 0.093262 0.034912 -0.234375
0.179688 0.133789 -0.146484 -0.110352
0.076660 0.199219 0.008301 0.124512
0.069336 0.159180 0.103027 0.004730
0.090332 0.230469 -0.012085 -0.212891
-0.024536 0.024414 -0.076172 0.043457
-0.019775 0.016602 0.089355 0.039062
0.097656 -0.016846 -0.176758 0.106445
0.070312 -0.071289 -0.058594 -0.194336
0.013489 0.232422 -0.040039 -0.192383
-0.098633 -0.184570 -0.086914 0.066895
0.067871 0.021362 0.138672 -0.174805
0.002579 0.126953 0.029907 -0.136719
0.007080 0.120605 -0.275391 -0.020874
0.041260 -0.166992 0.124023 0.225586
0.000683 -0.120605 0.097168 0.059570
0.040771 -0.098145 0.104980 -0.146484
0.090332 0.124023 0.018311 -0.285156
-0.026855 -0.113281 0.061035 0.172852
-0.094238 0.064941 0.042480 -0.076660
-0.002335 -0.011475 0.008911 -0.244141
-0.025879 0.080566 -0.030029 -0.127930
0.048340 0.004547 -0.017334 0.041504
0.094727 0.227539 -0.253906 0.046387
0.002991 0.102051 0.156250 0.067383
-0.065918 0.107422 -0.094727 -0.065430
0.235352 -0.007385 0.116699 -0.022949
-0.056396 0.090332 -0.025635 -0.012207
0.101074 0.004242 0.132812 0.093750
0.057861 0.167969 0.046143 0.126953
-0.030396 -0.002365 -0.059814 0.038330
0.008911 0.152344 -0.316406 0.081543
0.004028 0.166992 0.030762 -0.236328
0.113770 -0.004669 -0.091797 -0.022827
-0.054199 0.114258 0.099121 -0.154297
-0.066406 0.056152 0.008301 0.012390
-0.035645 0.229492 0.075684 -0.103516
0.257812 -0.083984 0.078613 0.023926
-0.063965 -0.049805 0.005493 0.021973
0.046387 0.014160 -0.108398 -0.008301
0.005829 0.042236 0.165039 -0.041260
0.166992 0.057617 0.155273 0.199219
0.106445 -0.170898 0.083008 -0.093262
-0.018799 0.082520 -0.024414 0.020264
-0.076172 -0.035645 -0.013489 -0.128906
0.204102 0.052979 -0.027222 -0.030884
0.048340 -0.009216 0.009521 0.005798
0.102051 0.148438 -0.050293 0.049561
0.042480 0.154297 0.020142 0.113770
0.077148 -0.117676 0.015564 0.000992
0.142578 0.138672 -0.015259 0.164062
0.039307 -0.093750 0.036865 -0.096680
0.039551 0.186523 -0.008667 0.279297
-0.085938 -0.020264 0.132812 0.165039
-0.048584 0.056396 -0.013000 0.007263
-0.003052 -0.126953 0.047363 -0.047363
-0.147461 -0.093262 0.002106 -0.009949
0.130859 -0.133789 0.243164 0.092285
-0.174805 -0.186523 -0.030151 -0.086914
0.074707 -0.120605 0.050049 -0.078613
-0.135742 -0.001190 -0.104492 -0.084473
0.048584 0.298828 0.018677 -0.050537
0.039307 -0.014282 -0.008118 -0.032959
0.120605 0.030273 0.045410 -0.092773
-0.215820 0.124023 0.002838 0.006500
0.056396 0.117676 0.168945 0.141602
-0.157227 -0.059326 0.129883 -0.111328
0.097168 0.022949 0.052490 -0.074707
-0.114746 -0.206055 -0.100586 -0.095703
0.073730 0.128906 -0.142578 -0.020264
-0.030762 0.010254 0.076172 -0.074707
0.031738 0.043945 -0.213867 -0.087891
0.066406 -0.097656 0.142578 -0.078125
-0.154297 -0.098633 0.000070 -0.050293
0.139648 0.069336 0.052979 0.004822
0.033936 -0.020630 -0.036133 -0.037598
-0.036377 -0.000230 -0.051025 0.135742
-0.076172 -0.054932 0.223633 0.045654
-0.015015 -0.032959 -0.016479 0.019409
-0.172852 -0.050781 -0.188477 -0.138672
-0.021606 0.121582 0.125000 0.119629
-0.067871 -0.222656 0.002579 -0.083008
-0.069336 -0.017212 -0.001106 -0.115723
0.053711 -0.001762 0.043213 -0.125977
-0.104004 -0.149414 -0.005249 0.072754
-0.122559 -0.047852 -0.171875 0.079590
0.012573 0.009216 -0.046875 0.043457
0.013123 0.179688 -0.065430 -0.037354
-0.378906 0.097168 -0.155273 0.130859
0.049561 -0.098145 -0.013062 -0.240234
-0.263672 0.066406 -0.058105 0.075684
0.017090 0.106934 0.002365 -0.073730
0.130859 -0.014221 0.127930 0.038330
-0.150391 -0.351562 0.190430 -0.035400
0.020630 0.056396 -0.045166 -0.069824
-0.089355 0.122070 0.018921 -0.085938
0.199219 0.140625 0.228516 -0.009949
0.145508 0.145508 -0.018311 -0.116211
-0.014648 -0.023682 -0.017578 -0.068359
-0.347656 0.018433 -0.001526 -0.013855
-0.082031 0.048584 0.031494 0.058838
-0.068848 0.155273 0.020264 -0.145508
0.157227 0.095703 0.122070 -0.003235
0.130859 -0.097656 0.148438 -0.002838
0.071777 0.057861 0.089844 -0.155273
-0.057617 -0.011536 -0.005524 0.083984
0.055420 0.165039 -0.104492 0.150391
0.028687 -0.083496 -0.180664 0.066895
-0.009827 -0.154297 -0.103027 0.170898
0.164062 -0.154297 0.144531 0.036133
0.080078 -0.008301 0.045410 0.068359
-0.085938 -0.140625 0.261719 -0.033691
0.045654 0.077637 0.078125 -0.110840
0.008545 0.072266 -0.003006 0.068848
0.083496 0.191406 -0.059814 -0.060791
0.054443 -0.015381 -0.018066 -0.087891
-0.023682 0.013306 -0.058105 -0.162109
0.216797 -0.185547 0.040283 0.098633
-0.019897 -0.091797 0.042236 0.080078
-0.253906 0.110840 -0.225586 -0.094238
0.087891 0.083008 -0.138672 0.287109
-0.080078 -0.037598 0.007111 0.027466
0.071289 0.009888 -0.014526 -0.007416
-0.000334 0.078125 -0.208008 0.056885
-0.051025 -0.084473 -0.118652 -0.140625
-0.226562 0.182617 -0.111328 0.026733
0.014221 0.162109 0.054688 0.087891
0.019653 0.177734 -0.173828 0.011536
-0.206055 -0.016846 -0.086426 -0.129883
0.004852 0.053955 0.054199 -0.005798
0.106445 -0.088867 -0.003265 0.000208
0.026855 0.163086 -0.215820 0.042969
-0.012390 -0.136719 -0.050537 -0.003830
-0.071777 0.060791 -0.408203 0.038818
-0.014832 0.222656 -0.041260 -0.029297
-0.024536 -0.094727 0.051758 0.011475
-0.210938 -0.039795 0.051270 -0.049072
0.063477 -0.237305 0.112305 -0.165039
0.046631 -0.202148 0.051025 -0.025635
0.056641 0.047363 0.029907 -0.115723
0.094238 -0.065918 0.025757 -0.067871
0.167969 -0.058838 -0.074707 -0.055176
0.015442 -0.195312 0.152344 0.121582
-0.220703 0.051514 0.154297 -0.025513
-0.028442 0.113770 -0.093262 0.124023
-0.040771 0.132812 -0.255859 0.015503
0.058594 0.188477 -0.054932 0.032471
0.126953 0.175781 0.055176 -0.068359
-0.030029 0.165039 -0.144531 -0.084473
-0.071289 0.017700 0.103516 -0.015076
0.046387 -0.161133 -0.013794 0.139648
-0.125000 0.310547 -0.061035 0.081543
-0.145508 -0.184570 -0.066895 -0.209961
-0.080078 0.044678 -0.129883 -0.136719
-0.051758 0.000992 -0.082520 -0.110840
-0.062500 0.038086 0.154297 -0.166992
0.067871 0.077637 -0.107910 -0.106934
-0.103516 0.185547 -0.029419 -0.120605
-0.166016 -0.185547 0.050781 0.120605
0.013184 -0.142578 -0.000385 0.239258
0.043457 0.036377 -0.027710 0.018677
-0.051025 0.207031 0.004272 -0.081543
-0.069824 0.099609 -0.006744 -0.057373
0.032227 0.236328 -0.057129 -0.080566
0.169922 -0.023926 -0.017090 -0.085938
-0.104004 0.371094 -0.119141 0.132812
0.156250 0.312500 0.057861 -0.086426
0.005157 0.077637 0.084473 0.031006
0.003113 0.105957 0.069336 0.113281
0.094727 0.013184 0.028198 0.021362
-0.019897 0.221680 -0.072754 0.120605
-0.184570 0.203125 -0.039062 -0.007935
-0.034424 0.033691 -0.045654 0.045410
-0.053223 0.287109 0.084473 -0.105957
0.183594 0.025513 -0.011353 0.007507
-0.239258 -0.119141 0.004517 -0.127930
-0.108398 0.111816 0.000210 -0.049805
0.055908 -0.026978 -0.044678 0.021484
0.090332 -0.015076 -0.069336 0.091797
0.020752 -0.020752 -0.164062 0.077637
-0.019043 -0.239258 0.042236 0.098633
0.071777 -0.062988 -0.078613 -0.058594
-0.004578 -0.150391 -0.094727 0.030884
-0.052490 -0.018433 0.079102 -0.005798
0.018066 0.090332 0.077637 0.047607
0.096680 -0.033203 -0.033691 0.004913
0.063477 0.025024 0.166016 0.257812
-0.065430 0.071777 -0.006561 -0.017456
-0.030151 -0.065430 -0.038818 0.069336
0.024536 -0.017090 -0.008484 -0.108887
-0.130859 -0.014954 0.065430 -0.047852
0.010559 0.178711 -0.049072 -0.005463
0.168945 0.048096 0.109375 0.061279
-0.040527 0.080566 -0.006958 0.015259
0.028931 -0.259766 0.112305 -0.070801
-0.084961 0.140625 -0.083008 -0.107422
-0.053711 0.037842 -0.017456 -0.052002
0.037842 0.062988 -0.033447 0.003693
0.060547 0.012451 0.088867 -0.034668
-0.227539 0.082520 0.100098 0.113770
-0.080566 -0.145508 0.051025 0.118652
-0.094238 -0.010010 -0.069824 0.009644
0.156250 -0.194336 0.124023 0.102539
0.119141 -0.091309 -0.205078 0.130859
0.013672 0.080566 -0.174805 -0.130859
-0.174805 -0.060791 -0.145508 0.044922
0.166016 -0.011353 0.005737 -0.185547
-0.240234 0.153320 -0.047607 -0.054199
-0.241211 0.044678 -0.058594 0.036377
-0.062988 0.044678 0.001572 0.043701
-0.011230 -0.053223 0.143555 0.074219
0.093750 -0.112305 0.120605 -0.108398
0.101074 -0.218750 0.190430 -0.099609
-0.016479 0.138672 -0.113770 -0.117676
-0.015625 0.040771 -0.263672 0.062988
0.123535 0.004181 0.114746 -0.095703
0.129883 -0.006195 0.178711 -0.092285
0.012817 0.010437 0.014160 -0.052002
-0.096680 -0.061279 0.068359 -0.015381
0.069824 0.291016 -0.034912 -0.074219
-0.023193 0.057129 -0.146484 0.056396
0.084961 0.137695 -0.000557 0.195312
-0.054688 0.024902 -0.172852 -0.084961
0.038574 0.073730 0.113281 0.133789
0.070312 -0.081055 0.205078 0.144531
0.003036 -0.004150 -0.002670 0.002640
0.006195 -0.195312 -0.102051 -0.016968
0.013977 0.207031 0.000927 -0.191406
0.038330 0.120605 -0.178711 -0.123047
-0.222656 0.077637 0.087402 0.002151
-0.053467 0.141602 -0.048096 -0.150391
-0.213867 -0.028564 -0.091797 0.025757
-0.273438 -0.015381 -0.119141 0.058838
0.000698 -0.031738 -0.084961 0.051025
0.106445 -0.277344 0.007874 -0.231445
0.021606 0.025269 0.072754 -0.236328
0.061035 0.072266 -0.025391 -0.080566
-0.225586 0.169922 0.039795 -0.049316
0.030518 -0.006378 0.022827 -0.048340
-0.018799 0.132812 0.022583 -0.054932
-0.076660 0.079590 -0.067871 -0.156250
-0.017212 -0.118652 0.023071 -0.019653
0.102539 0.175781 0.155273 0.026611
0.263672 0.133789 0.155273 -0.029419
-0.275391 0.048340 0.082031 -0.058594
0.024780 -0.015625 -0.012756 -0.015503
0.078613 -0.255859 -0.003128 0.074707
0.083008 -0.073242 -0.041504 0.129883
0.042969 0.019897 -0.059082 0.019165
-0.052002 -0.273438 0.122070 -0.004272
-0.037354 0.146484 -0.012329 0.058838
0.059814 0.055664 0.104492 -0.012634
-0.054199 -0.083496 -0.122070 -0.004639
-0.063965 -0.042969 -0.005432 -0.042725
0.056641 0.093262 -0.106445 -0.059082
-0.015137 0.164062 0.043701 -0.070801
0.111816 0.018311 -0.017090 0.091309
-0.019775 -0.012756 0.009033 -0.058105
0.125000 0.082520 0.026001 0.051514
0.135742 0.062988 -0.071777 -0.011780
0.051270 -0.096680 0.159180 0.019165
-0.010010 -0.041016 0.023315 0.019409
0.081055 -0.030762 -0.143555 -0.104980
0.131836 -0.070312 -0.087891 -0.130859
-0.046143 0.076172 -0.135742 0.049316
-0.292969 0.120605 -0.052246 -0.037109
0.037598 0.093750 0.036865 0.353516
0.002304 -0.104004 -0.008728 0.062988
-0.194336 0.062500 -0.144531 0.001183
-0.021729 -0.037109 0.057129 -0.017456
-0.018555 -0.033447 -0.183594 -0.019043
0.028809 -0.044922 -0.007385 -0.071289
-0.002014 -0.128906 0.040527 0.094727
-0.036621 -0.083496 -0.281250 -0.041992
-0.022217 0.202148 -0.087402 -0.020264
-0.025513 0.213867 -0.150391 -0.122070
0.000725 0.007935 -0.369141 0.111328
-0.028442 0.029297 0.058105 0.001968
0.111816 -0.144531 0.133789 -0.192383
0.132812 -0.156250 0.040771 -0.072754
0.025879 0.020630 0.000144 0.030396
0.218750 -0.316406 0.066895 -0.138672
-0.137695 -0.041992 -0.080566 -0.043457
0.018921 -0.006989 0.001503 -0.130859
0.018677 -0.048584 0.094238 -0.133789
-0.037842 -0.017212 0.070312 0.063965
-0.008789 0.039062 -0.107910 0.029419
0.008667 0.185547 0.141602 0.031738
-0.060791 0.061523 0.025635 -0.049561
-0.110840 0.124023 -0.078613 0.119141
0.054932 -0.070801 0.015991 0.119629
0.072754 -0.025757 -0.112793 0.128906
0.005829 0.050537 -0.007935 -0.017944
0.004364 0.031982 0.008240 -0.114746
-0.009216 0.053467 -0.100098 -0.166016
0.059082 0.166016 0.001251 -0.201172
-0.056152 -0.073730 0.016968 -0.072266
-0.060791 0.078125 -0.195312 -0.109863
-0.100586 -0.115723 0.075684 0.008789
-0.114746 -0.078613 -0.134766 -0.131836
-0.069824 0.179688 0.087891 -0.163086
-0.018066 0.040527 -0.021851 0.055176
0.143555 0.144531 0.175781 -0.226562
0.022461 0.031738 0.024414 -0.062012
-0.030884 0.088379 0.062500 -0.071289
0.094727 0.135742 -0.070312 -0.107422
0.138672 -0.163086 0.128906 0.194336
-0.050537 0.051270 -0.166992 0.062500
0.052246 0.353516 -0.018433 -0.000912
-0.061523 -0.088867 -0.082031 0.053467
-0.102539 -0.011353 0.137695 0.033936
0.019409 0.134766 -0.026733 -0.001801
0.028564 0.174805 0.017944 0.006012
0.071777 0.093262 -0.062012 -0.058350
-0.031982 0.016235 -0.121094 0.053955
-0.011047 0.099121 0.010315 0.020142
-0.112305 0.095215 -0.106445 -0.056152
0.027588 -0.020630 -0.204102 0.029175
0.007599 -0.096680 -0.102051 -0.065918
0.130859 0.041992 0.052979 0.002640
0.042480 0.078613 -0.021606 0.104004
-0.040283 -0.045898 0.031128 0.182617
-0.135742 0.104492 -0.033936 0.092773
0.072266 0.003601 0.004761 0.055420
-0.037598 0.014221 -0.102539 -0.057373
-0.031494 -0.042480 0.050049 -0.061768
0.083984 -0.017456 0.085449 -0.124512
0.138672 0.029663 -0.003098 0.140625
0.126953 -0.047119 0.045898 0.225586
0.019897 0.053223 0.175781 0.151367
-0.030029 0.158203 -0.050293 0.035645
0.125977 0.034180 -0.043701 -0.019775
-0.092285 -0.055420 0.034912 -0.060059
0.027588 0.140625 -0.060303 0.006897
0.059814 0.169922 -0.163086 0.066406
0.056152 0.060059 -0.209961 0.031494
-0.037109 -0.110840 0.267578 -0.019531
0.090332 0.208984 0.051758 0.070312
-0.063965 0.058350 0.077637 -0.057129
-0.062988 -0.026123 0.103027 0.049316
-0.013123 0.062012 -0.095703 -0.088867
0.054688 0.006317 0.039307 -0.084961
-0.160156 0.102051 -0.177734 -0.190430
-0.048096 -0.099121 0.018066 0.124023
0.072266 -0.083496 0.138672 0.071289
0.030029 -0.125977 0.318359 0.139648
-0.001244 -0.077637 0.074219 -0.162109
0.064453 -0.020020 0.203125 0.116211
0.076172 -0.025513 -0.058105 0.088867
-0.091797 -0.046875 0.053955 0.022827
0.103516 0.176758 0.085449 -0.225586
-0.047607 -0.015747 0.046143 -0.027832
0.022461 0.003708 -0.014587 0.023682
0.052002 0.078125 0.131836 0.077148
0.175781 0.017212 -0.034424 -0.165039
-0.095215 0.168945 -0.027954 0.050049
0.007660 -0.069824 -0.015503 0.111816
0.078125 0.050781 -0.039307 -0.085938
0.127930 0.152344 -0.028198 -0.125977
-0.066406 -0.054199 0.071289 0.017090
0.046387 0.026978 -0.208008 0.064453
-0.158203 -0.206055 -0.078125 -0.096680
-0.005035 0.082520 -0.046387 -0.135742
-0.075195 -0.067871 0.119629 -0.031494
0.080566 0.007477 0.020874 -0.064453
-0.014709 -0.012146 -0.079102 0.067383
-0.034668 0.049316 0.240234 -0.204102
0.034668 -0.034424 0.164062 -0.190430
-0.111816 -0.216797 -0.226562 0.082031
-0.001251 -0.062012 -0.011902 0.009277
-0.066895 -0.078613 0.116211 -0.207031
-0.030762 -0.049561 0.060547 0.095215
-0.025757 0.016602 0.018555 -0.051270
0.160156 -0.159180 0.108887 0.014221
-0.070312 0.361328 0.003036 -0.122070
-0.017700 0.011536 0.063477 -0.003113
0.069824 -0.176758 0.046387 -0.149414
0.112793 -0.200195 0.123535 -0.158203
0.076172 -0.044434 0.020020 -0.114258
-0.142578 -0.355469 0.085449 0.122559
-0.009644 -0.087402 0.034424 0.018311
0.094727 0.028809 0.170898 -0.168945
0.069336 0.016846 -0.069336 -0.051270
0.028564 -0.044434 0.009155 -0.008667
-0.239258 0.028687 -0.029907 -0.003662
-0.108398 0.079102 0.024658 -0.006683
0.023071 0.015625 0.048096 -0.053223
0.289062 0.080566 -0.166992 -0.002335
-0.096191 0.012573 -0.159180 0.056152
-0.038574 0.054443 0.006165 0.006683
0.051758 -0.129883 -0.026489 -0.045898
0.091309 0.020752 0.030273 -0.060547
-0.304688 -0.107910 -0.151367 -0.022583
0.130859 0.177734 0.108887 -0.025757
0.045654 0.066895 -0.028931 -0.029053
-0.012878 0.186523 -0.237305 0.000422
-0.094238 -0.263672 -0.050537 0.055420
-0.031738 -0.085938 -0.097656 0.018799
0.009521 0.253906 0.010681 -0.033936
0.007599 0.099121 -0.033691 -0.051758
-0.080078 -0.157227 -0.168945 -0.006256
0.031494 0.073242 0.064941 0.033936
-0.069336 0.013733 -0.034668 -0.024292
0.111816 0.030151 0.036133 0.043213
-0.044922 -0.089844 -0.100098 0.012390
0.058838 -0.143555 -0.204102 -0.016113
-0.069336 -0.007416 -0.133789 -0.063965
0.137695 -0.095215 -0.006500 -0.023560
-0.091797 0.118164 0.008240 -0.041260
-0.041504 -0.040039 0.105957 -0.018799
-0.018433 -0.040527 0.028809 -0.027710
0.137695 -0.042480 -0.161133 0.023560
-0.059570 -0.033936 -0.012817 0.014282
-0.101074 -0.250000 0.113281 0.034424
0.042725 -0.047852 -0.094238 -0.056885
0.005341 -0.020752 -0.170898 -0.028198
-0.128906 -0.073730 0.069824 0.002945
0.136719 -0.089355 0.069336 0.034668
0.037842 0.064453 0.013672 0.026855
-0.006775 0.291016 -0.178711 0.038086
-0.213867 -0.225586 -0.136719 -0.031738
-0.083008 -0.223633 0.086914 0.026611
-0.065430 -0.053711 -0.057129 0.010742
-0.128906 0.035889 -0.062012 -0.014221
0.057861 -0.241211 0.120605 0.020874
0.248047 0.084473 0.064941 -0.004150
0.009094 -0.008362 0.015015 -0.020142
0.118164 0.000591 -0.153320 -0.012878
-0.198242 -0.253906 -0.018677 0.012390
-0.001579 -0.179688 0.275391 0.027222
-0.101562 -0.016357 -0.033203 -0.050781
-0.064453 -0.007294 -0.174805 -0.058594
0.087891 -0.206055 0.104492 0.031250
0.170898 -0.018555 0.250000 0.004364
-0.028687 0.039795 -0.042236 0.002731
-0.068359 0.037842 0.013123 -0.046143
-0.115723 -0.172852 0.000664 -0.014587
-0.183594 -0.025146 0.206055 -0.004974
0.123047 0.084473 -0.119629 -0.008362
-0.073730 0.014038 -0.035889 -0.027832
0.043945 0.058350 0.046143 0.046387
0.017700 -0.008667 0.033936 -0.032227
0.001915 -0.032715 0.002701 0.044189
0.079102 0.198242 -0.245117 0.030151
0.039307 0.033691 0.084961 0.046143
-0.150391 -0.019287 -0.010864 -0.000973
0.054199 -0.047852 0.054199 0.004883
0.185547 0.039551 -0.102051 -0.022705
0.144531 0.140625 0.079590 -0.022461
-0.197266 0.037354 0.023315 -0.022461
-0.050293 0.061035 -0.009521 -0.041748
0.031982 0.090332 -0.185547 -0.035156
0.261719 0.020996 0.201172 -0.036621
0.010803 0.095703 -0.063477 -0.008545
-0.181641 -0.007751 0.013733 -0.004517
-0.257812 -0.007019 0.033691 -0.031128
-0.031128 0.046387 -0.002411 0.053955
-0.176758 0.033203 0.149414 -0.008606
0.096680 0.225586 0.023804 0.029541
0.206055 0.136719 -0.204102 0.045166
-0.018921 -0.005035 -0.005096 -0.011719
0.046143 0.000839 0.066406 0.043213
-0.150391 -0.032227 -0.129883 -0.046631
-0.047852 -0.232422 0.083008 0.016113
-0.146484 -0.088379 -0.032471 -0.014954
0.064453 -0.057617 0.223633 0.019775
-0.016479 0.177734 -0.083984 0.047607
0.193359 0.161133 0.039062 0.022339
0.015137 0.151367 -0.056885 0.015991
0.064941 -0.030518 0.063965 -0.022949
-0.001259 -0.169922 -0.149414 -0.050049
-0.035889 -0.040527 0.051758 -0.009399
-0.078613 0.079102 -0.070801 -0.029175
-0.101562 0.199219 0.193359 0.041016
-0.064453 -0.017700 0.104492 -0.044922
-0.050537 0.141602 0.031738 -0.046387
0.101074 -0.083496 -0.186523 0.036377
0.024048 0.371094 0.017578 -0.036133
-0.005676 -0.139648 0.000599 -0.008118
-0.269531 0.152344 -0.069824 -0.039551
-0.082520 0.043945 -0.026001 0.017822
-0.050293 0.101562 0.089844 0.008728
-0.038086 0.259766 0.022217 -0.044434
0.034668 -0.068848 -0.233398 0.044189
-0.112305 -0.222656 0.087891 -0.035156
0.044678 -0.031982 -0.097656 -0.014648
0.083496 -0.197266 0.009216 -0.050293
-0.122559 -0.197266 -0.026733 0.037354
-0.296875 -0.197266 -0.088379 0.046875
0.064453 0.005157 0.087891 -0.050293
-0.008606 -0.046875 -0.081543 -0.056641
0.236328 0.152344 -0.146484 0.045654
0.038330 0.035156 0.070312 -0.051758
0.110840 0.084961 0.001015 0.003677
0.137695 -0.193359 0.107422 -0.060791
0.075684 -0.087891 0.059570 0.015503
-0.121094 -0.198242 0.050293 0.035400
-0.183594 -0.057373 -0.061035 0.046387
-0.021729 0.012329 0.000252 -0.040527
0.017212 0.044189 -0.123535 0.027710
-0.046875 0.024292 0.089355 -0.058350
-0.071777 0.199219 0.033691 0.000017
-0.083008 -0.061523 0.073242 -0.044189
-0.094238 -0.096191 0.173828 -0.019409
-0.054688 -0.035400 -0.053467 0.028687
0.133789 -0.052490 0.122559 -0.034424
0.005280 0.064941 0.154297 -0.057129
-0.106934 -0.011230 -0.206055 -0.003769
-0.097168 0.096680 0.183594 -0.048584
-0.050049 0.012695 -0.110840 0.035156
-0.087402 -0.018066 0.121582 0.039062
-0.021729 -0.163086 0.022339 0.000851
0.144531 0.095703 0.071777 0.022095
0.144531 -0.138672 -0.020386 -0.016602
0.123535 -0.116699 -0.021973 0.035400
0.011658 0.191406 -0.190430 0.010803
0.021729 -0.026367 -0.116211 0.035889
0.018433 0.050781 -0.320312 -0.040771
-0.070312 0.046631 0.024780 0.003906
0.078125 0.149414 0.062988 -0.056396
0.196289 0.021240 0.122559 0.020508
0.052002 0.176758 -0.115723 0.041016
0.039062 -0.148438 -0.027222 -0.055664
0.110352 -0.020630 -0.227539 0.040283
0.007233 0.029663 -0.071777 0.039062
0.049805 -0.176758 -0.096191 0.044189
-0.003632 0.055420 -0.133789 -0.048584
0.180664 0.069824 -0.038330 0.030396
0.066406 0.113281 -0.002106 0.006805
0.004639 0.157227 -0.120605 -0.067383
-0.034668 0.017944 -0.019531 -0.049805
-0.062012 0.115234 -0.069824 -0.046143
-0.074707 -0.024414 -0.029663 0.014160
0.097168 0.030762 0.105469 0.008545
0.181641 0.189453 0.055664 -0.003357
0.059570 0.157227 -0.058838 0.009583
0.023926 0.131836 -0.059814 -0.037598
0.008850 0.146484 -0.343750 -0.049561
-0.214844 0.166016 -0.130859 -0.052979
0.056152 -0.054932 -0.178711 0.023193
-0.030518 0.165039 -0.235352 0.050781
0.048828 0.213867 -0.056152 0.013062
0.095215 -0.034424 0.041992 0.019287
0.084961 -0.061768 0.022095 -0.030151
0.012756 -0.178711 -0.279297 -0.062012
-0.018188 -0.072266 -0.118164 0.046875
-0.017700 -0.034180 0.082520 0.005310
0.062988 0.000376 -0.171875 0.046387
0.040527 -0.101074 -0.210938 0.029053
0.039795 0.072266 -0.281250 -0.062988
-0.199219 0.048340 0.090332 -0.049561
0.193359 0.015625 -0.159180 0.006744
0.041748 -0.204102 0.117676 0.012451
0.056152 0.030640 -0.122070 0.035156
0.047119 0.259766 -0.013245 0.016602
-0.129883 -0.225586 -0.103516 0.023193
-0.096191 -0.157227 0.022217 -0.056641
-0.070312 -0.207031 0.044189 0.012878
0.061279 -0.010437 0.059082 -0.025879
-0.039307 0.118652 -0.175781 0.043213
-0.076660 0.032959 0.036865 -0.041748
0.079102 0.136719 -0.018311 0.020752
0.025269 -0.017700 -0.011108 -0.028320
-0.112793 -0.095703 0.122070 0.016357
-0.027954 0.181641 -0.038574 0.029053
-0.208008 -0.031128 0.075195 -0.007874
-0.109863 0.014099 0.044678 -0.053467
-0.048340 0.003571 -0.172852 0.043701
-0.039795 0.008667 0.005920 0.047607
0.136719 -0.062988 -0.067871 0.010864
0.013611 -0.030640 0.003479 -0.036133
0.140625 -0.161133 0.098145 0.038086
-0.038330 -0.171875 -0.036377 -0.037842
-0.103516 -0.016846 0.109863 0.001083
0.073242 0.141602 0.010376 0.046631
0.074707 0.065430 -0.179688 0.038574
-0.021606 0.021606 0.038330 0.004608
-0.031250 0.051270 -0.047363 0.052979
-0.114258 0.000656 0.217773 -0.022339
0.020508 -0.054443 0.019653 -0.048340
-0.100586 0.056885 0.075684 -0.056152
-0.212891 -0.057861 0.039551 -0.033691
0.064941 0.001999 -0.063477 -0.045166
0.070312 -0.073242 -0.169922 0.031982
-0.034180 -0.059570 0.009277 -0.051025
0.114746 0.075195 -0.016846 -0.044922
0.152344 -0.086914 -0.018188 -0.008911
0.103516 0.119629 -0.069824 -0.034180
0.017212 -0.001038 0.160156 0.017334
-0.157227 -0.009094 0.017456 -0.027344
0.104004 0.066895 -0.093262 0.029175
-0.007629 0.000349 0.069824 -0.017700
0.014221 -0.017212 0.041992 -0.049561
0.033447 0.066406 0.044434 -0.028809
0.120117 -0.016235 0.017944 -0.022461
0.075684 0.015991 -0.083496 -0.019531
-0.010071 -0.010132 0.110840 -0.042236
-0.044434 -0.102051 0.054199 -0.046387
0.031494 0.040771 0.023193 -0.039062
-0.244141 -0.103516 -0.015381 -0.049072
0.031250 0.043945 -0.137695 -0.054688
-0.022705 0.097168 0.083496 -0.030273
0.125977 -0.003418 -0.153320 -0.004089
-0.022827 -0.017944 -0.022095 -0.045898
0.067383 0.069336 -0.034424 0.015503
-0.053955 0.001167 0.079102 -0.012085
0.033691 -0.013184 -0.022461 -0.007721
0.015747 -0.077148 -0.030762 -0.040283
0.110352 0.030029 0.067871 0.023926
0.077148 -0.165039 -0.056152 0.006378
0.107910 -0.057373 0.005920 -0.004486
0.069336 0.030273 -0.027588 0.000523
-0.001785 0.082520 0.069336 -0.033691
-0.173828 -0.110352 0.081543 -0.052979
0.013245 -0.034912 -0.039795 -0.012878
-0.079590 0.021606 -0.016113 -0.029175
-0.024536 0.007568 0.098145 0.008667
-0.039551 0.116211 -0.052979 0.023438
0.143555 -0.006989 0.171875 -0.054932
0.081055 0.034424 -0.050781 -0.021240
-0.070801 0.017700 -0.005432 0.029419
0.004730 -0.085938 0.161133 -0.013855
-0.031494 0.040771 0.006500 -0.035889
-0.082520 0.045166 -0.049072 0.033447
0.026978 -0.070801 -0.174805 -0.063965
0.037598 -0.201172 -0.028809 0.018799
0.067871 -0.043213 0.008911 -0.062988
-0.024170 -0.041260 -0.006470 -0.037109
-0.064453 0.173828 0.035156 -0.034912
0.062012 -0.017578 0.145508 0.046875
0.086914 -0.020874 -0.008301 0.027588
-0.102051 -0.225586 -0.157227 -0.020386
0.117188 0.072266 0.025879 -0.034180
0.010315 -0.210938 -0.035400 -0.029785
-0.004608 0.273438 -0.084473 0.039551
-0.010681 0.009949 0.085449 -0.020630
0.042725 -0.053711 -0.083496 -0.029785
-0.041748 -0.056885 -0.043945 -0.046631
-0.025513 0.038818 0.009644 -0.056641
0.003098 -0.029419 0.080078 0.000410
-0.116211 0.302734 0.018433 -0.018799
-0.040283 -0.014709 0.169922 -0.032471
-0.009094 0.097656 0.008545 0.007660
0.079590 0.032715 0.086426 -0.065918
-0.066895 0.046875 -0.130859 -0.035400
-0.159180 -0.020142 0.127930 -0.025269
-0.044434 0.021851 0.051025 0.014526
-0.208984 -0.174805 0.066895 -0.045654
-0.090332 -0.100586 -0.179688 0.041260
-0.166992 -0.107422 0.100098 -0.010193
0.024658 -0.036377 0.056885 0.014282
-0.036621 0.005310 0.052246 0.017334
0.074219 0.115723 0.068359 -0.032959
-0.008728 0.061035 -0.125977 -0.022827
0.052002 0.032959 -0.052734 0.039062
-0.088867 -0.139648 -0.020264 -0.043457
0.128906 0.058594 -0.291016 -0.043457
-0.206055 -0.146484 -0.076172 -0.033447
0.223633 0.120605 -0.277344 -0.007599
-0.046143 0.007996 0.016113 -0.043945
0.057861 -0.007996 -0.140625 0.043701
-0.245117 -0.221680 -0.048096 -0.051270
0.002762 0.002243 0.005066 0.026367
0.055420 0.134766 0.024292 -0.024780
0.092285 -0.103516 -0.138672 0.028442
-0.122070 0.048340 -0.117676 -0.000641
-0.029297 -0.038574 -0.001320 -0.016357
-0.016113 0.110352 -0.023315 0.004120
0.203125 0.026489 -0.130859 0.045410
0.012024 -0.083496 -0.148438 -0.026123
-0.007874 -0.084961 0.213867 0.031494
0.168945 -0.095703 -0.127930 -0.033203
0.259766 0.047607 -0.100586 -0.052979
0.070312 0.056396 -0.058105 0.001717
-0.096680 0.062500 0.001534 -0.061523
0.026978 -0.015198 0.022095 0.026123
-0.013611 0.182617 -0.087402 0.047119
-0.019409 -0.032959 -0.106934 -0.061279
0.086426 0.068848 0.169922 0.003616
0.001678 0.073242 -0.022583 -0.039062
0.090332 0.101074 -0.096680 0.045166
-0.014954 -0.096191 -0.136719 0.020996
-0.020630 0.009399 -0.096191 0.043213
0.025757 0.143555 -0.188477 -0.022583
0.087402 0.139648 -0.222656 0.040771
0.022339 -0.241211 -0.057373 -0.042969
0.087891 0.131836 0.016602 -0.026123
0.077148 0.248047 -0.017212 -0.017700
0.089844 0.013672 0.069336 -0.029541
0.143555 0.048828 0.049805 -0.055664
0.100586 -0.152344 -0.143555 0.002380
-0.068359 0.010742 -0.109863 -0.048340
0.061279 -0.047119 -0.294922 0.029053
-0.057617 0.099609 -0.064453 -0.042480
-0.027588 0.042236 0.089844 0.005219
-0.097656 0.003799 -0.176758 -0.042480
0.070312 -0.021118 -0.015137 -0.020996
-0.032715 -0.167969 -0.023193 -0.044922
-0.024780 -0.099121 0.071777 -0.052979
-0.194336 0.007538 -0.006195 0.032227
0.052979 -0.058594 -0.032227 0.034668
-0.048584 -0.034180 -0.005585 0.045654
0.074219 -0.028442 -0.069824 -0.022461
0.092285 0.106934 -0.093750 -0.001007
0.041016 0.058838 -0.136719 -0.017944
-0.175781 -0.251953 -0.034424 0.031982
-0.100098 -0.111328 0.031250 -0.012878
-0.032227 0.038086 -0.006531 -0.011047
0.040283 0.194336 -0.088867 -0.048340
-0.078613 -0.166016 0.004883 -0.043701
-0.183594 0.145508 0.045166 -0.058350
-0.200195 0.126953 0.033203 -0.026489
-0.028931 0.061768 -0.117676 -0.016968
-0.092285 -0.200195 0.049805 -0.049316
-0.028931 0.088379 0.115723 0.044434
0.153320 -0.087402 -0.082031 0.016724
0.145508 0.028076 0.038330 0.033936
-0.124512 -0.015991 -0.038818 -0.050781
0.016724 -0.032471 0.034180 0.038086
-0.017700 0.100586 -0.199219 -0.014893
-0.027832 0.093750 0.014709 -0.031738
-0.316406 0.012573 0.053955 0.009155
-0.193359 0.052979 0.103516 0.011292
-0.012390 0.073730 -0.075684 -0.020020
0.074707 0.128906 0.029785 -0.050293
0.099609 -0.010925 -0.176758 0.035645
-0.067383 -0.017822 -0.130859 -0.014160
0.090332 0.244141 -0.326172 -0.054199
0.009216 -0.045166 -0.296875 0.000326
-0.208008 -0.052734 0.025757 0.029297
-0.097656 0.012085 0.039551 0.009705
0.081055 0.146484 -0.082031 -0.031128
-0.022827 -0.031982 -0.080566 -0.032959
0.198242 0.198242 -0.134766 -0.008179
0.028809 -0.079102 -0.123047 0.048828
0.092773 -0.148438 -0.062012 0.003677
0.057861 0.039551 -0.094238 -0.068359
0.105957 0.079590 -0.002258 -0.037109
-0.051514 0.036621 -0.061279 0.048828
-0.108398 0.032471 -0.058594 -0.005554
-0.017578 0.000410 0.047119 -0.014282
0.194336 0.138672 0.123047 -0.036865
-0.090820 -0.051270 0.006744 0.045166
0.103027 0.055908 -0.234375 -0.014832
0.099121 0.062012 -0.008606 -0.028564
-0.020264 0.018188 0.020996 -0.021240
0.032471 0.127930 0.001442 -0.012329
-0.046143 0.062500 -0.165039 -0.021362
0.257812 0.165039 0.060059 0.040039
-0.152344 -0.106445 0.018555 -0.054932
-0.044922 -0.049316 -0.085938 -0.047363
0.164062 0.098633 0.042969 -0.033936
0.073730 0.045166 0.140625 0.032471
0.026611 -0.059570 0.042236 0.028931
0.059326 -0.104492 -0.008301 -0.041992
-0.080566 -0.022461 -0.326172 -0.013611
0.057617 0.197266 -0.061768 -0.054932
-0.071289 -0.127930 -0.063477 0.025879
-0.036133 -0.161133 -0.084961 -0.032227
-0.091797 0.001312 0.222656 -0.058105
-0.070801 0.149414 0.126953 0.033691
-0.056152 -0.078613 0.034668 0.017456
0.112793 0.047119 0.063477 0.043701
0.004639 0.092285 -0.180664 0.040283
0.118164 0.179688 -0.225586 0.012939
-0.020752 -0.222656 0.028809 -0.013367
-0.069336 -0.025146 0.037354 -0.048828
0.030884 0.005493 -0.300781 -0.037598
0.031494 -0.086426 -0.020386 0.013000
0.025146 0.010925 0.008728 -0.055420
0.063477 -0.197266 0.102539 -0.049805
-0.012512 0.071289 -0.033203 0.040283
-0.002640 -0.086426 -0.054688 -0.011963
0.037109 0.017090 0.060791 0.027588
-0.152344 -0.241211 0.070312 -0.052734
0.058105 0.185547 -0.255859 0.024048
0.273438 0.047607 0.013977 -0.015015
0.061035 0.017334 0.006836 -0.048096
-0.100586 -0.273438 0.127930 -0.017334
-0.010010 -0.018311 0.054199 -0.034912
-0.121582 0.121582 -0.048340 0.046875
-0.148438 -0.020142 0.001289 -0.053711
-0.166016 -0.244141 0.046875 0.026489
-0.062256 0.216797 0.027100 -0.000259
-0.123047 0.169922 0.162109 0.036377
-0.026367 0.107422 0.054688 0.014099
-0.077148 -0.005280 0.250000 -0.058838
0.230469 -0.170898 -0.001762 -0.035156
-0.005219 0.025879 -0.030640 0.016602
0.029541 -0.131836 0.094238 -0.009521
-0.208008 -0.089355 0.018066 -0.012878
0.023071 -0.050537 -0.110840 0.005981
-0.060547 0.058350 -0.005249 0.036865
0.046387 0.019409 -0.042480 0.044922
-0.135742 -0.140625 0.152344 -0.063477
-0.100586 -0.044189 0.004456 0.036133
-0.108398 -0.059082 0.008606 0.017456
-0.133789 -0.128906 0.143555 -0.048096
-0.165039 -0.015625 0.049316 -0.005798
0.073730 0.060059 -0.179688 -0.013611
0.029419 -0.024048 -0.140625 -0.032471
0.110352 -0.006500 -0.102051 0.000433
-0.351562 -0.105957 0.057129 0.018555
0.041260 0.044434 0.174805 0.044678
0.002426 0.136719 -0.080078 0.052490
0.024292 -0.075195 -0.031738 0.029419
0.099609 0.092773 0.060547 -0.042236
0.036377 -0.038086 -0.065430 -0.047607
0.162109 0.039062 -0.039307 -0.056641
-0.061523 0.050293 -0.030151 -0.057617
-0.068359 -0.087891 -0.123535 0.012573
0.010315 0.107422 0.168945 -0.062256
-0.089844 -0.091797 0.034180 0.033691
0.129883 0.134766 -0.062988 -0.032227
0.161133 0.025879 -0.090332 -0.017822
-0.143555 -0.024414 -0.064453 0.032959
-0.169922 -0.084961 -0.031738 -0.007019
-0.062988 -0.115234 -0.101562 -0.003357
0.028198 0.147461 -0.072754 0.051025
-0.007751 0.144531 -0.012024 -0.032959
0.159180 0.041504 -0.257812 -0.012329
0.033447 -0.002762 0.003754 -0.061768
0.054932 0.154297 -0.090820 -0.067871
-0.111816 0.092285 -0.186523 -0.026245
-0.108887 -0.394531 -0.108887 0.050049
0.016357 0.068359 -0.030640 0.019897
-0.121094 0.072266 0.073730 0.042725
-0.088867 0.182617 -0.088867 0.052002
-0.014954 -0.072754 -0.136719 0.041504
-0.018677 0.025513 0.005585 0.008057
0.126953 0.005280 -0.253906 -0.051758
0.140625 -0.125977 -0.139648 -0.043213
-0.005280 -0.081055 0.022949 -0.052246
0.022705 0.060059 -0.154297 0.041992
0.009216 -0.120117 0.113281 0.037598
-0.151367 -0.124023 -0.079102 -0.048096
-0.110352 0.158203 -0.075195 -0.001450
-0.098145 0.034180 -0.054199 -0.061768
-0.073242 -0.083008 0.064941 -0.067383
-0.067383 -0.099121 0.025879 0.011841
-0.112793 0.047852 -0.018677 0.041748
-0.033691 -0.083008 -0.049316 0.028076
0.043457 0.225586 0.084473 -0.026611
-0.120117 0.047607 -0.010254 -0.026978
0.006561 0.070312 -0.100098 -0.013733
0.023071 0.046875 -0.060791 0.002914
-0.062988 0.082031 0.065918 -0.043701
-0.005981 0.134766 0.127930 -0.048828
-0.141602 -0.162109 0.072754 -0.040527
-0.212891 -0.111816 -0.003769 0.032471
-0.042480 -0.035889 0.034180 0.000732
-0.130859 0.017212 0.038086 -0.056396
-0.035156 0.105957 -0.114746 0.002029
0.085449 0.072754 -0.048340 -0.059814
0.119141 0.078125 0.014282 -0.004028
0.101074 -0.230469 0.051758 -0.011597
0.088867 -0.118652 0.162109 -0.040039
-0.071289 -0.133789 0.016846 -0.052979
-0.118652 -0.083008 0.015564 0.042480
0.020996 -0.112305 0.156250 0.009460
0.017212 0.031738 -0.090332 0.009644
0.008911 -0.060547 0.024048 -0.023804
-0.064453 0.108887 0.125000 -0.046387
-0.095215 0.065918 0.078613 0.046143
-0.129883 -0.223633 0.018311 0.028809
-0.038330 -0.046143 -0.134766 -0.014771
0.048340 -0.011047 0.172852 -0.004120
-0.092285 0.124023 0.165039 -0.017090
-0.068848 -0.043213 -0.168945 -0.042725
-0.039307 0.046143 -0.065918 0.041016
-0.001266 0.088867 -0.119141 -0.001595
0.022949 0.075195 0.037842 -0.012939
0.060791 0.008301 0.011902 -0.037842
0.031738 0.096680 -0.114746 -0.010986
-0.039795 -0.131836 0.052490 -0.062500
-0.207031 -0.153320 0.084473 -0.018555
0.086426 0.244141 -0.156250 -0.057129
-0.044678 0.052490 0.073242 -0.056885
0.029785 0.039307 0.014954 -0.004364
-0.103516 -0.049805 -0.023071 0.039795
0.098633 0.115723 0.017822 -0.006226
0.055664 -0.049805 0.007690 -0.044678
0.181641 0.054932 -0.123047 -0.036133
0.073730 -0.279297 0.086914 -0.025269
0.034180 0.181641 -0.133789 -0.044922
-0.017090 -0.071777 -0.002518 -0.026489
0.088379 0.097656 -0.132812 -0.034180
-0.171875 -0.066895 -0.010010 -0.022461
-0.027710 0.085449 0.109863 -0.047607
-0.224609 0.104492 -0.008911 0.040527
-0.149414 0.164062 0.032959 -0.026123
-0.017334 0.029175 -0.083008 -0.000591
-0.069824 0.085449 -0.023560 -0.001160
-0.088867 0.104004 0.009460 -0.042969
0.117676 -0.034668 -0.142578 -0.008057
-0.053711 -0.281250 -0.089355 -0.043457
-0.014343 -0.194336 0.021606 0.045654
0.031250 -0.123535 -0.012573 0.032715
0.098145 -0.121582 -0.143555 0.009521
0.104004 -0.089844 0.079102 0.011780
-0.000209 -0.114746 -0.107910 -0.044434
0.008484 -0.104492 -0.115234 0.019409
0.177734 0.133789 -0.023315 -0.046631
-0.056396 -0.191406 -0.007874 -0.004028
0.009460 0.092773 0.059570 0.036621
0.066895 0.077637 -0.056885 0.011963
0.109375 -0.041992 -0.146484 -0.063477
0.023315 0.040771 0.076172 0.052734
0.058838 -0.051514 -0.141602 0.016357
0.113281 -0.085449 0.028687 -0.055420
-0.257812 -0.191406 -0.044678 -0.035645
-0.238281 -0.030396 -0.141602 0.005615
-0.049561 0.004669 0.030151 0.005219
-0.036133 0.017212 -0.043945 0.005951
0.031250 -0.123535 -0.026489 -0.010559
-0.017090 -0.038818 0.017578 -0.031982
-0.012451 0.098633 -0.047363 -0.019775
-0.009583 -0.022339 0.083496 -0.006287
0.062256 0.114746 0.010803 0.043457
-0.153320 -0.244141 -0.049072 -0.023438
-0.108398 -0.164062 -0.017456 -0.013489
-0.032227 -0.210938 -0.072266 0.046387
-0.014709 -0.210938 -0.094727 -0.009155
0.064941 -0.021362 0.011841 0.047119
0.022461 0.012634 -0.015747 -0.016724
-0.020020 -0.069824 0.056396 0.002197
0.088867 0.096191 -0.001999 0.043457
0.069336 -0.112793 0.117188 0.054688
-0.273438 -0.018066 0.016113 -0.029297
-0.041992 0.127930 0.083984 0.052979
0.086426 -0.021973 0.047852 -0.001068
-0.044434 0.143555 -0.042480 -0.037109
-0.032959 -0.098633 -0.055420 0.041016
0.135742 0.125000 0.106445 0.013184
-0.089844 -0.053467 -0.081543 -0.004028
-0.012634 -0.055908 0.032227 0.020630
-0.271484 0.024170 0.015503 -0.053223
0.038574 -0.090820 0.211914 0.046387
-0.149414 -0.060547 0.108398 -0.062256
-0.030151 0.102539 0.010132 -0.012573
-0.004700 -0.154297 0.030396 -0.041260
0.065430 -0.078613 0.079590 -0.028442
0.200195 0.283203 -0.212891 -0.022217
-0.035889 0.048096 -0.070801 -0.051514
-0.306641 -0.300781 0.048096 -0.028809
-0.056396 -0.210938 0.160156 0.027710
-0.109863 -0.075195 0.084473 -0.044189
-0.125977 -0.125000 -0.123047 -0.005219
-0.116699 -0.074707 -0.059326 -0.042969
-0.121582 -0.003738 -0.095703 0.051514
0.014709 0.052979 -0.080566 0.023071
0.168945 0.233398 -0.152344 0.041260
0.050293 -0.184570 0.160156 0.007080
-0.004456 0.103027 -0.091309 -0.038818
-0.028076 0.054199 -0.030396 -0.024780
0.197266 -0.030884 -0.183594 -0.024170
-0.021851 -0.054443 0.052002 0.044922
-0.053955 0.154297 -0.157227 -0.030884
0.012390 0.045654 -0.043213 -0.061035
0.032959 -0.010925 -0.096191 -0.064453
-0.123047 0.027588 -0.062256 -0.000385
-0.013977 -0.122559 -0.050537 0.044434
-0.012451 0.039551 0.030762 0.034668
-0.003357 -0.046631 0.032227 0.040039
-0.084473 0.055420 -0.030151 0.001091
0.096680 0.009338 -0.068359 -0.115234
0.029785 0.047363 0.056396 0.141602
0.145508 -0.003342 0.084961 -0.083984
-0.038086 -0.078613 -0.013550 -0.123047
0.222656 -0.067383 -0.044922 -0.116211
-0.044922 -0.072266 -0.052246 0.102051
0.005768 -0.026489 -0.018677 0.118164
-0.100098 0.005798 0.020752 0.088379
-0.006165 -0.067871 -0.090820 0.013428
-0.042480 -0.050781 0.026978 0.138672
0.097168 -0.093262 0.010620 0.026001
0.041260 -0.157227 0.008301 -0.035400
0.095703 -0.013428 -0.036621 0.022705
0.015503 -0.104004 0.023438 0.051025
0.092285 -0.045410 -0.020630 0.158203
-0.026245 -0.037598 0.000483 0.007263
-0.062012 -0.104980 -0.016602 -0.020508
-0.125977 -0.125977 0.052490 -0.004395
0.076172 0.058350 -0.059570 -0.032471
-0.097656 0.041748 -0.062256 -0.088867
0.059570 0.063477 0.034180 0.090820
0.010193 0.062256 0.012756 0.022827
-0.127930 -0.116211 0.078613 0.097656
-0.162109 -0.033447 -0.048584 0.049805
-0.163086 0.086426 0.003815 -0.111816
-0.024048 -0.088867 0.109375 0.023560
0.069336 0.026978 0.075195 -0.022461
-0.069336 -0.074707 -0.106445 -0.197266
0.116699 0.106934 0.033203 -0.093750
-0.009705 0.026489 -0.029907 -0.054443
-0.104004 -0.238281 -0.017700 0.001076
-0.010864 -0.126953 -0.049316 -0.057129
-0.132812 0.118164 -0.007874 -0.068359
-0.034424 -0.108398 0.018921 0.167969
0.004791 -0.105957 -0.074219 0.173828
-0.194336 -0.045410 -0.060303 -0.121582
0.052734 0.168945 0.041260 0.156250
-0.059082 0.023315 0.050049 -0.023193
0.113770 -0.197266 0.059814 0.029785
-0.038574 -0.019165 -0.017822 0.006561
-0.087891 0.149414 0.012512 -0.206055
-0.074219 -0.049805 -0.052246 -0.162109
0.082031 -0.060303 -0.060303 -0.060059
-0.053467 -0.064941 0.017456 -0.152344
0.020874 0.070312 0.013245 0.027710
-0.044434 0.068848 -0.015747 0.028564
-0.126953 0.022583 0.001564 0.083008
-0.105957 -0.250000 0.044189 -0.122559
-0.032959 0.072754 -0.003342 -0.056396
-0.024536 -0.085449 -0.080078 -0.063965
-0.098145 -0.093262 0.022339 0.045410
-0.019287 0.107910 -0.047852 -0.136719
0.021484 0.062500 -0.010620 0.036865
-0.052246 0.021118 0.013611 0.031982
-0.044922 0.007751 0.019653 -0.117188
-0.171875 0.021606 -0.035645 -0.216797
-0.078125 0.125977 0.019775 0.007629
-0.073242 -0.162109 -0.060303 -0.016846
-0.085449 -0.265625 0.028687 0.102539
-0.051270 0.108887 -0.047607 -0.156250
0.064941 0.119141 -0.077637 0.014526
-0.039551 0.025024 0.018799 0.005615
-0.003235 0.102051 0.059814 0.028564
-0.020874 0.044189 -0.058838 -0.207031
-0.193359 0.265625 -0.026611 -0.068848
-0.166992 0.097168 0.014343 -0.199219
0.006134 0.013733 -0.007050 0.025024
-0.136719 0.051758 -0.016235 -0.006378
0.166992 -0.020264 -0.017944 0.056885
0.173828 0.052734 0.042236 0.161133
-0.047607 -0.125000 -0.086426 -0.043701
-0.063477 0.101562 -0.090820 -0.138672
0.191406 -0.101562 -0.021484 0.130859
-0.161133 -0.127930 0.043701 -0.133789
-0.006775 -0.141602 -0.052246 -0.028320
-0.050293 -0.044189 0.019775 0.183594
0.087891 -0.050049 -0.022583 -0.084473
-0.034180 0.121094 -0.098145 0.017334
0.056885 -0.012756 0.082520 0.185547
-0.110352 -0.003494 -0.070801 -0.102539
0.166016 -0.127930 0.062988 -0.052002
-0.063477 -0.128906 -0.043457 -0.009705
0.027588 -0.104492 0.026978 -0.170898
0.014587 -0.106934 0.011292 0.026245
0.094238 0.001442 0.058594 -0.162109
0.084473 0.070312 0.002518 -0.086426
0.085449 0.041504 -0.033203 0.326172
-0.075684 0.046875 -0.028076 0.125977
-0.015503 0.062500 0.035400 0.176758
-0.059814 -0.020630 0.024536 -0.012085
-0.122559 0.019409 -0.036865 -0.002258
-0.089355 -0.171875 -0.024414 0.068359
0.184570 -0.072266 -0.057373 -0.004486
0.029175 -0.049316 -0.032227 0.173828
-0.015869 -0.022827 -0.112305 -0.083984
-0.111328 -0.134766 0.071289 -0.004028
0.204102 0.051514 -0.025513 0.025757
0.039551 0.028442 0.000446 -0.072266
-0.011353 -0.015625 0.013855 -0.200195
-0.074219 -0.167969 0.015625 0.019287
0.078125 0.054199 0.028931 -0.127930
0.054199 0.085449 -0.003784 0.033936
0.034668 -0.066895 -0.008484 -0.155273
-0.066895 -0.097656 -0.062988 -0.099609
0.035645 -0.183594 0.109375 0.127930
0.062988 0.031982 -0.007690 0.014526
-0.083496 -0.070312 -0.072266 -0.117188
-0.103027 -0.134766 -0.056396 0.106445
0.025024 0.042236 -0.041992 0.112305
0.166992 -0.048340 0.058350 -0.045166
0.049561 -0.126953 -0.072266 0.204102
-0.053223 -0.016357 0.018677 -0.136719
-0.015381 -0.131836 -0.055664 0.222656
0.003204 0.055908 0.037842 -0.050537
0.073730 -0.056396 -0.002472 -0.018188
-0.040039 -0.154297 -0.025024 -0.071777
0.060547 0.081543 0.020630 -0.111816
0.057373 0.003723 -0.043701 0.130859
-0.057861 0.048096 -0.044434 0.026245
0.004761 0.075684 -0.041504 0.006134
0.053223 0.144531 0.046875 0.066406
-0.079590 0.228516 0.013672 -0.026001
0.057129 0.091309 0.003738 -0.078613
-0.061768 -0.072754 -0.048096 -0.143555
-0.029785 -0.130859 0.049805 0.002472
0.135742 -0.235352 0.021973 -0.060303
-0.091797 -0.011536 -0.046143 -0.066895
-0.152344 0.171875 -0.038330 -0.060791
-0.172852 -0.040527 -0.027222 0.106445
-0.075195 0.185547 -0.002487 -0.130859
-0.008606 0.008789 -0.055908 -0.077637
-0.014893 -0.000269 -0.011353 -0.148438
-0.063477 0.089844 -0.105469 0.077637
0.102539 -0.001091 0.059082 0.074219
0.022461 -0.124512 -0.016113 0.000835
-0.112305 0.249023 -0.024658 -0.023804
0.064453 -0.159180 -0.008362 -0.041504
-0.044189 0.036133 0.009338 0.041992
-0.119629 -0.006409 -0.062500 0.007690
-0.088379 0.003967 -0.026611 -0.112305
-0.117188 0.098145 -0.006500 -0.058594
0.011230 0.122559 0.043701 0.090332
-0.069336 0.090332 -0.008728 -0.166016
-0.091797 0.002655 -0.053467 -0.197266
-0.130859 -0.023193 -0.041748 0.068848
0.087402 -0.148438 -0.017578 -0.029419
0.128906 0.029419 0.093262 0.117188
-0.041504 -0.076172 0.022705 0.059082
0.001114 0.088867 0.015991 0.083984
0.000904 0.105469 0.016113 0.036621
-0.154297 -0.093750 0.054932 -0.069336
-0.136719 -0.105469 0.040039 -0.062256
-0.006592 0.005371 -0.028687 0.103516
-0.032715 -0.091309 -0.078613 0.018188
0.097656 0.016479 -0.045898 0.040527
0.064941 -0.035645 0.012268 0.110840
0.066406 -0.138672 -0.001877 0.259766
0.156250 0.076660 -0.032227 -0.024048
-0.092285 -0.071289 0.050781 0.166992
-0.149414 -0.148438 -0.046143 0.053711
-0.065430 0.000862 0.011230 0.013733
-0.012634 0.058594 0.058350 -0.030151
-0.074219 0.000786 -0.029053 0.109375
-0.100098 -0.230469 0.008728 0.025757
-0.152344 -0.206055 -0.016113 0.073730
0.003082 -0.040283 -0.037598 0.069336
-0.049561 -0.119629 0.037109 0.012573
-0.104492 -0.051514 -0.014832 -0.041016
-0.109375 -0.218750 0.038330 -0.025391
0.104980 0.157227 0.015259 -0.166016
0.076172 -0.101562 0.048828 0.036133
-0.023804 -0.047607 -0.039062 -0.046387
-0.091309 -0.160156 -0.017212 -0.077637
0.013733 0.168945 -0.074219 -0.033936
-0.100586 -0.164062 -0.087891 -0.097168
-0.096680 0.013489 -0.014771 -0.211914
-0.099121 -0.142578 -0.066406 0.048828
-0.055420 -0.005219 0.025879 -0.086914
-0.032959 0.010254 0.004456 0.023804
-0.032715 0.063477 -0.062500 -0.107422
-0.073730 -0.003845 -0.057373 0.016113
0.125977 -0.131836 0.072266 -0.068359
0.022705 -0.101074 0.045166 0.066895
-0.007324 0.005280 -0.051514 -0.087402
-0.123047 0.019775 -0.049805 -0.164062
0.127930 -0.079590 0.022217 0.046631
-0.052490 -0.023193 0.004272 0.009155
-0.085449 0.036621 -0.038818 -0.095215
-0.070801 -0.025513 -0.023071 -0.052002
0.069824 -0.121582 0.013489 0.093750
0.013672 -0.053223 0.020630 -0.014343
-0.096191 0.037842 0.012268 -0.133789
-0.028931 -0.160156 -0.048340 -0.042236
-0.069824 0.096680 0.071289 -0.049316
-0.108398 -0.140625 -0.015320 -0.009033
-0.069824 -0.020508 0.008850 -0.039795
-0.094238 -0.069824 0.007080 -0.103027
0.061768 -0.027222 0.036377 -0.151367
-0.101074 0.192383 -0.083984 -0.055664
-0.180664 -0.021118 -0.069336 -0.150391
-0.074219 -0.084961 -0.060547 -0.068359
-0.152344 0.111328 -0.066895 0.093750
-0.002304 0.127930 -0.044434 0.079102
-0.116211 0.298828 -0.052979 -0.143555
0.018799 0.105957 0.048096 -0.079102
0.059082 -0.226562 0.077637 0.029663
-0.009949 0.019043 0.022949 0.040771
-0.105469 0.082520 -0.016357 -0.126953
-0.124023 0.087402 -0.027954 -0.119141
0.026001 0.025146 0.052490 -0.009705
-0.151367 0.026611 0.036865 -0.008423
-0.066406 -0.183594 -0.076172 0.052979
0.097656 0.009033 -0.054932 0.015381
-0.075684 0.094727 0.003265 0.024536
-0.011047 0.061035 -0.006836 -0.031128
0.083008 -0.086914 -0.013550 0.188477
0.195312 -0.132812 -0.071777 -0.042236
0.018066 -0.072266 -0.056641 0.019287
-0.081543 -0.078613 -0.049805 0.043213
0.057617 -0.021240 0.023315 0.197266
0.121582 -0.075195 -0.081543 -0.043701
-0.094238 -0.096191 0.026855 -0.028809
-0.032715 0.061523 0.010498 -0.053711
-0.043457 0.040283 -0.032959 -0.029419
0.094727 0.016113 -0.011536 -0.194336
-0.059814 0.022339 0.028198 0.048096
-0.011292 -0.097656 0.050293 -0.067383
0.036621 0.102539 0.012695 -0.056152
0.020142 0.010315 0.011536 -0.017700
0.013062 -0.061035 -0.036377 0.000221
-0.024414 -0.020874 -0.066406 0.024170
-0.000278 0.083496 -0.015381 -0.098145
0.029297 0.081543 -0.092773 -0.190430
0.005157 0.062988 -0.008301 0.013000
-0.100586 -0.030884 -0.072266 -0.079590
0.031738 0.019287 -0.050781 -0.002075
0.048340 0.133789 -0.011597 0.014832
-0.033691 0.002472 -0.091797 0.029419
0.001511 0.017090 0.002029 0.034668
-0.062256 0.014832 0.020142 0.077148
0.116699 0.076172 0.093750 0.134766
-0.017212 0.036621 -0.026611 0.011536
-0.067383 -0.100098 0.005035 -0.136719
0.056641 -0.050537 0.004303 0.006561
-0.133789 0.125977 -0.040283 -0.045410
0.045898 0.096680 0.033203 -0.046875
-0.027832 0.034668 -0.015137 -0.087891
0.057129 -0.021729 0.044434 0.014282
-0.055420 0.185547 -0.042725 0.191406
0.010010 0.004974 -0.023438 -0.034912
-0.141602 0.056396 -0.009766 -0.063965
0.033203 -0.147461 -0.062500 0.120605
-0.084473 0.143555 0.020264 -0.117676
0.055176 -0.082031 0.027832 0.045898
-0.005920 0.030273 0.036377 -0.090820
0.170898 -0.177734 0.032715 -0.083008
0.130859 -0.034912 0.077148 -0.250000
-0.008057 0.026611 0.006348 -0.027832
-0.078125 -0.044678 0.013550 -0.019409
0.104980 0.043945 0.017700 -0.062988
-0.019165 -0.077148 0.081055 0.038086
-0.021606 0.131836 0.020386 0.096191
-0.073730 -0.029175 0.000376 -0.057617
-0.015747 -0.138672 -0.042236 -0.038574
-0.031982 0.033447 0.050537 0.109863
0.044434 0.063477 0.033203 0.041748
-0.125000 -0.051025 -0.024902 -0.078125
-0.014404 0.066895 0.050537 0.067383
-0.153320 0.132812 -0.067871 0.123535
0.079102 0.062988 0.026978 -0.029175
-0.027466 0.071777 0.000389 -0.049561
-0.058350 -0.138672 0.111816 -0.058838
0.123535 0.056152 -0.041748 0.108887
-0.058105 -0.033936 0.008484 0.060059
-0.112793 0.013062 -0.021851 -0.250000
-0.101562 -0.178711 -0.059570 0.147461
-0.186523 0.076172 0.049072 -0.156250
-0.054932 0.043945 -0.033447 0.229492
-0.076660 0.097656 -0.009399 -0.029785
0.041016 0.097656 -0.029053 0.085449
0.156250 -0.059082 0.068848 0.033691
0.147461 -0.217773 -0.010010 -0.001137
-0.160156 -0.040283 0.081055 0.110352
0.028809 -0.091797 0.006195 0.103516
-0.078613 0.151367 0.015503 -0.039307
-0.049072 0.108398 -0.053955 -0.009277
-0.022095 -0.064941 -0.023926 0.022949
-0.086426 0.120117 -0.048584 -0.057617
-0.212891 -0.042969 0.008545 0.078613
0.192383 -0.075195 0.014099 -0.092285
0.059814 0.065918 -0.011047 0.076172
-0.067383 0.038330 0.020142 0.065918
0.019775 -0.100098 0.035645 0.025879
-0.055664 -0.085938 0.041260 -0.027100
-0.152344 -0.158203 0.006195 0.181641
-0.082520 0.083496 -0.019897 0.032959
-0.170898 -0.038086 -0.021362 0.184570
0.037842 0.003967 0.000629 -0.071289
-0.079102 0.082031 -0.004761 0.024902
0.101074 0.052490 0.002335 0.002762
-0.121582 -0.067383 -0.044922 -0.031494
-0.113770 -0.064941 -0.054932 -0.117188
-0.028076 -0.240234 -0.030029 0.302734
0.043457 0.080078 0.006927 0.056396
0.019409 -0.016602 -0.007477 0.013855
0.115234 0.058594 0.063965 0.027100
-0.007477 -0.198242 0.068848 0.182617
-0.088867 -0.143555 -0.014465 0.125977
-0.093262 0.002792 -0.063965 -0.030273
-0.132812 0.090820 -0.047363 -0.064941
-0.131836 -0.333984 -0.017334 -0.051025
-0.049072 -0.038818 0.061279 0.079590
0.001434 -0.363281 -0.117188 0.051270
0.046631 -0.003281 0.031738 0.090332
-0.072754 -0.322266 0.075195 0.067871
0.011353 0.046875 -0.030151 0.009766
-0.168945 0.034424 -0.015747 -0.004120
0.017212 0.052979 0.003082 -0.048828
-0.047363 -0.250000 -0.072266 -0.021240
-0.140625 -0.063965 -0.006561 -0.094238
-0.093262 -0.390625 -0.031738 0.123535
0.025391 -0.009094 -0.007294 0.037598
-0.008301 0.003372 -0.044434 0.133789
0.058838 0.061279 0.059082 -0.013184
-0.025879 -0.025879 0.010254 -0.094238
-0.040283 0.024902 0.029297 -0.105957
-0.009277 -0.117676 -0.060791 -0.109863
-0.033691 -0.041748 -0.051758 -0.004730
-0.026978 -0.040771 -0.030396 -0.076660
-0.032227 0.050781 0.038330 0.015320
0.023560 0.065918 -0.014954 0.080078
-0.031250 -0.078125 0.016357 0.105957
-0.169922 -0.308594 0.044922 -0.052734
-0.007599 -0.026733 -0.009460 0.050049
-0.182617 0.139648 0.014160 -0.115234
-0.050293 0.027222 0.038818 0.051758
-0.054932 0.083496 0.023315 -0.064453
-0.142578 -0.005463 -0.057861 0.213867
-0.021606 -0.168945 -0.004822 0.019287
-0.013306 -0.042969 -0.026367 -0.106934
-0.071289 -0.004730 -0.071289 -0.180664
-0.113281 0.188477 -0.049072 -0.043945
0.041016 0.104492 0.003067 -0.047363
-0.162109 0.018677 -0.002075 -0.062500
-0.001312 -0.014282 -0.016968 0.016479
0.069336 -0.130859 0.045166 -0.085449
-0.031982 -0.031128 -0.067871 -0.164062
0.081543 -0.098633 0.063965 0.075684
-0.091797 0.059326 -0.052734 -0.030518
-0.225586 0.265625 0.010010 -0.059326
0.047363 0.085449 -0.056641 -0.170898
-0.124023 0.170898 -0.016724 -0.120605
-0.026001 -0.195312 0.000919 -0.190430
-0.058838 0.144531 0.052246 -0.018066
-0.136719 0.015991 0.036621 0.006470
0.022095 -0.200195 -0.001762 -0.049805
0.046875 -0.036621 -0.055176 0.036621
0.132812 0.006897 -0.100098 0.006348
-0.033447 0.077637 0.043701 -0.066895
-0.113281 -0.034668 0.017334 0.102539
-0.121582 0.151367 -0.050781 -0.097168
-0.139648 0.098145 -0.025024 -0.048096
0.059814 -0.145508 0.113770 0.125977
0.109375 -0.152344 -0.029419 0.143555
0.019897 -0.045166 -0.001175 0.054688
0.121582 -0.040283 -0.137695 -0.048340
-0.011902 0.001831 0.064453 0.123535
-0.044189 -0.041260 -0.041748 0.163086
-0.064453 -0.095215 -0.010742 -0.107422
-0.160156 -0.016724 -0.052979 -0.028809
-0.007660 -0.010498 0.045898 0.018311
0.106445 0.060059 0.042236 -0.060791
0.052246 -0.015137 -0.011719 -0.008728
-0.031982 0.071777 -0.008545 0.018188
0.006805 -0.175781 -0.054443 0.219727
-0.052490 -0.067871 0.005768 0.097168
-0.068359 -0.059082 -0.024658 -0.007996
-0.166992 0.131836 -0.065430 0.035156
-0.074707 0.074707 -0.091797 -0.010925
0.058350 0.156250 -0.031494 -0.005798
-0.003021 -0.033447 -0.019531 -0.043701
0.063965 0.124512 0.052490 -0.041016
-0.191406 -0.036133 -0.037842 -0.020264
-0.167969 -0.310547 -0.000488 -0.092285
-0.086426 0.025513 -0.046387 0.144531
-0.094238 -0.022949 -0.080078 0.023682
-0.034424 -0.135742 0.097656 -0.006042
0.048096 -0.059814 0.064453 -0.107422
-0.027466 -0.034912 -0.059814 -0.023438
-0.125977 0.135742 0.084473 0.011658
-0.136719 -0.126953 -0.089844 -0.107910
-0.238281 -0.273438 -0.048340 -0.094727
-0.042969 -0.058105 0.030640 0.059326
-0.146484 -0.014526 -0.025024 -0.128906
-0.055664 -0.092773 -0.052490 0.097656
0.035400 -0.094238 0.005554 0.188477
0.029663 0.015991 -0.015564 0.075195
-0.097168 0.113281 0.007812 -0.118652
-0.055420 0.011536 -0.009155 0.143555
-0.083984 0.022705 -0.035156 -0.021484
0.019043 -0.018066 0.077637 -0.181641
-0.012329 -0.219727 0.012634 0.080078
-0.065918 0.177734 0.014160 0.044434
0.037354 0.144531 0.036133 0.054443
-0.024536 0.045898 0.013977 0.039307
-0.040527 -0.039551 -0.020752 0.014221
-0.135742 -0.116699 0.024414 0.017090
-0.124512 -0.184570 -0.027344 -0.003906
0.026978 -0.032471 0.008362 0.008728
0.031738 -0.001328 -0.076172 -0.032959
-0.174805 -0.135742 0.058838 0.053467
0.059570 0.122559 -0.029907 0.078125
-0.028442 0.017700 -0.027344 0.046143
-0.080078 0.017212 -0.048096 0.097656
-0.088379 0.009216 0.005554 -0.102539
-0.052979 -0.096191 -0.065918 -0.085449
0.034424 0.102539 -0.020020 -0.053223
-0.031738 0.069336 -0.000858 -0.208008
-0.043945 -0.086914 -0.036865 0.063477
0.021973 -0.128906 0.023926 0.183594
0.024048 -0.057129 0.005493 0.001457
-0.142578 0.054688 0.029175 -0.176758
0.039551 0.072754 -0.038818 -0.117676
-0.044922 0.100586 0.015869 -0.070312
0.020630 -0.071289 0.025757 -0.257812
-0.042236 -0.008850 -0.031738 -0.012329
-0.101562 0.125977 0.062012 -0.096191
-0.072754 -0.020752 -0.040283 -0.089844
-0.123535 -0.014099 -0.051758 0.031494
0.149414 0.072266 0.042480 0.101562
0.024292 -0.003143 0.056152 0.110840
-0.090332 -0.026123 0.018188 0.029297
-0.013916 -0.052734 0.037842 0.034668
-0.040039 -0.064941 -0.042236 -0.053711
-0.146484 -0.061035 0.089844 -0.120117
-0.139648 -0.124512 0.030884 -0.086426
-0.047607 0.051270 -0.053467 0.154297
-0.022827 -0.014954 -0.031982 -0.042236
-0.117676 0.159180 0.014404 -0.044434
-0.112305 -0.107422 -0.036133 0.221680
0.043213 0.068848 -0.050049 0.094238
-0.026733 -0.019775 -0.014832 0.121094
-0.174805 -0.095215 -0.038574 0.107910
-0.179688 -0.168945 -0.014648 -0.011169
-0.035400 0.115723 -0.018066 -0.136719
0.060791 -0.138672 0.070801 -0.229492
-0.062988 0.001549 -0.000275 -0.149414
-0.068848 -0.054688 -0.054688 0.328125
-0.043457 0.024536 0.006927 0.101562
-0.154297 -0.263672 0.045898 0.008118
-0.096680 -0.112793 -0.046387 0.110840
-0.118652 -0.071289 0.006958 0.050293
-0.067383 -0.219727 0.017090 -0.005768
0.119141 0.132812 -0.031250 0.034912
0.036377 -0.031494 0.019165 0.053955
-0.183594 -0.378906 -0.052490 0.039795
0.000698 -0.008362 -0.022705 -0.061768
-0.234375 -0.235352 -0.014465 -0.194336
0.076172 -0.011353 -0.065430 -0.115723
-0.024048 -0.105957 -0.059570 -0.079102
-0.071777 -0.253906 0.009399 -0.006561
0.047119 0.074219 0.051025 -0.011719
-0.131836 0.024170 -0.080078 0.005798
-0.187500 -0.279297 0.049805 0.056396
-0.055908 -0.006592 0.032471 0.025391
-0.020996 -0.121094 0.041748 -0.133789
-0.007355 -0.063477 0.018066 -0.044922
-0.087402 -0.035156 -0.015076 -0.131836
-0.047852 0.131836 -0.046875 0.078125
0.140625 -0.147461 0.032227 -0.059570
-0.010315 -0.083496 0.056152 -0.125977
-0.012268 -0.147461 -0.049316 0.020020
0.021851 -0.093262 -0.014709 0.077637
-0.051514 -0.160156 -0.013306 0.021240
0.046875 0.088867 -0.013611 -0.150391
-0.007507 -0.036377 -0.013428 -0.087891
-0.141602 -0.166992 -0.029053 -0.085938
0.174805 -0.025757 0.031494 0.046387
0.041748 -0.022583 -0.007080 0.101074
-0.094727 -0.028931 -0.037842 -0.029663
-0.034180 0.005157 -0.056641 -0.051270
-0.178711 0.035645 -0.049805 -0.137695
-0.100586 0.001076 0.033691 -0.019775
-0.005859 0.124512 -0.072754 -0.109863
-0.049561 -0.064941 0.016479 -0.337891
0.008667 -0.122070 0.077148 -0.031006
-0.014099 -0.084961 -0.022949 -0.113770
-0.019409 -0.070801 -0.037354 -0.062500
-0.068848 -0.018066 -0.049316 0.028687
-0.083008 0.259766 0.010925 0.081055
-0.021606 0.158203 -0.066895 -0.112305
-0.108398 0.046875 0.016235 -0.089355
-0.031128 0.131836 0.027954 -0.285156
0.021240 0.059814 -0.014160 -0.054443
0.029907 -0.103516 0.016724 -0.185547
-0.072266 0.008728 0.024292 -0.162109
-0.028076 -0.110352 0.026123 -0.070801
-0.104980 -0.046143 -0.020386 -0.031982
-0.188477 0.089844 0.013062 -0.114746
0.079102 0.063965 -0.026245 -0.031494
0.016357 -0.072754 -0.038574 -0.046631
-0.107910 -0.033691 0.016846 -0.040283
0.014343 -0.094238 0.024658 -0.046143
-0.024780 0.030640 -0.026245 -0.088867
0.068848 -0.061279 -0.058838 -0.119141
-0.171875 -0.009521 0.009399 0.073730
-0.244141 -0.022583 0.029419 -0.073242
0.073730 0.057373 -0.001923 0.071289
0.148438 0.023682 -0.018311 -0.047852
-0.122070 -0.111328 -0.063965 -0.001251
0.025879 0.023926 -0.045410 -0.059570
-0.058594 -0.208984 0.056885 -0.015503
0.047119 0.010986 -0.042725 -0.216797
-0.105469 -0.097168 0.001602 0.197266
-0.153320 -0.074219 0.054199 -0.007538
-0.023682 0.102051 -0.001930 0.086914
0.033936 -0.088867 -0.057129 -0.070312
-0.127930 -0.173828 -0.072266 -0.046631
0.026978 0.005127 -0.051758 -0.138672
-0.071777 -0.167969 -0.046387 0.134766
-0.115234 -0.064941 0.037354 -0.155273
-0.103027 -0.251953 -0.042480 -0.005798
-0.109375 -0.093262 0.001320 0.051758
0.008118 0.112793 0.079590 -0.120605
0.025146 0.107910 -0.016357 0.050537
-0.102539 0.031250 0.026611 0.070312
0.088379 0.025269 0.037109 -0.043457
-0.032715 -0.047363 -0.041016 -0.056396
0.060059 -0.086426 -0.014526 0.002579
-0.026855 -0.204102 0.059082 0.034424
-0.111816 -0.067383 -0.041748 -0.021484
-0.048096 0.130859 -0.062988 -0.011841
0.064453 0.125977 0.026123 -0.199219
-0.045898 0.008179 -0.071777 -0.219727
-0.008301 0.112305 0.046875 0.027222
-0.083984 -0.074219 0.042480 -0.052246
-0.117188 -0.017090 -0.071289 -0.110840
-0.030762 -0.071289 -0.073242 -0.080078
-0.090820 -0.009216 -0.020386 0.019897
-0.090332 0.150391 0.024658 -0.108398
-0.083496 0.003052 -0.041016 -0.060303
-0.074707 0.017090 -0.010132 -0.097656
0.054932 0.145508 -0.019653 0.120605
-0.028564 -0.024292 0.037598 -0.124512
-0.056396 0.108398 -0.051758 -0.206055
-0.169922 0.077637 0.000002 0.037842
0.100098 -0.034912 0.023926 -0.088379
-0.050293 -0.161133 -0.068848 0.032959
0.125977 -0.140625 0.020996 -0.159180
-0.060303 0.022705 -0.065430 -0.044678
-0.047363 0.040039 0.075195 0.037842
-0.044434 -0.026367 -0.011475 -0.098633
-0.086426 0.056885 -0.014038 0.016235
-0.075684 0.025391 0.008484 -0.052490
-0.046875 0.204102 -0.069336 -0.093750
0.008789 -0.095703 -0.001747 -0.032715
-0.032715 0.062500 -0.034424 0.036621
-0.057373 0.190430 -0.024780 -0.029053
-0.130859 -0.014648 0.074707 0.210938
-0.054688 0.009583 -0.035156 -0.123535
-0.134766 0.236328 0.052979 0.068848
0.052734 0.114258 -0.023438 -0.081055
-0.160156 0.094238 -0.021484 0.040771
-0.145508 0.016724 -0.057617 -0.008911
-0.144531 0.159180 0.006683 -0.133789
-0.097168 0.132812 -0.055908 -0.014587
0.002548 -0.074219 0.001724 -0.025391
-0.053711 0.026978 -0.052979 -0.078125
0.011719 0.287109 0.008179 0.000694
-0.039795 -0.166016 -0.025146 -0.163086
-0.085449 -0.075195 0.038330 0.044922
-0.263672 -0.007324 -0.023071 -0.144531
-0.049316 0.066406 0.149414 -0.189453
-0.041504 0.005737 0.043213 -0.040283
0.118652 -0.102051 -0.056885 0.096191
0.109863 0.011475 -0.044922 -0.097656
0.052979 -0.019531 0.102051 0.006287
-0.244141 -0.005005 0.105957 -0.061035
-0.011719 -0.083008 0.122559 0.095703
-0.207031 -0.153320 -0.059814 -0.153320
-0.050537 -0.125977 -0.072754 0.014099
0.010925 -0.034912 0.033936 -0.053711
-0.082031 0.012695 -0.045654 0.094238
-0.006165 -0.001534 -0.077148 -0.117188
-0.003510 0.002243 0.101074 -0.112305
-0.001183 0.146484 -0.089844 -0.227539
-0.070801 0.157227 0.003036 -0.044189
-0.279297 -0.041260 -0.118164 0.099121
-0.030762 0.158203 -0.034424 0.122070
0.074707 0.061035 -0.033691 -0.014282
0.043701 -0.110840 0.085938 -0.051025
-0.110352 -0.013550 0.215820 0.034912
-0.000813 -0.017334 -0.001060 0.083984
0.015442 -0.055176 -0.066895 -0.126953
-0.050049 0.021729 -0.058594 0.030029
-0.153320 -0.265625 0.039062 0.136719
-0.093750 0.007599 -0.032959 -0.036133
-0.053223 -0.024780 -0.016724 -0.024536
0.086914 -0.084961 0.152344 0.032227
-0.041016 -0.170898 -0.089355 -0.039062
-0.020874 -0.008179 -0.074219 0.067383
-0.019043 -0.111328 -0.110840 -0.064453
0.034180 0.005035 -0.132812 0.052490
-0.257812 -0.182617 -0.002335 0.209961
-0.121582 0.020142 0.166016 0.016357
-0.061035 0.030762 0.001984 -0.020752
0.136719 0.080566 0.100098 -0.001625
-0.150391 -0.318359 -0.093750 0.037109
-0.123535 0.018433 -0.067383 0.062500
-0.106445 0.064453 0.006775 -0.019653
-0.029419 0.035156 -0.291016 0.083984
-0.192383 0.020630 -0.026733 0.127930
0.048096 -0.005859 0.132812 0.140625
0.046875 0.059814 -0.034912 -0.035645
0.061279 -0.069336 0.181641 -0.194336
-0.133789 -0.058594 -0.063477 0.156250
-0.097168 0.048584 0.055908 0.191406
-0.047363 0.054932 0.049316 0.125977
-0.053955 -0.125000 -0.160156 0.040039
0.088379 -0.012878 -0.007935 -0.053955
0.013611 0.104004 -0.002975 -0.062988
-0.054932 -0.043701 0.015137 -0.007690
0.101074 0.175781 -0.021362 0.202148
-0.076172 -0.138672 0.133789 0.106445
-0.053955 0.031494 0.121094 -0.196289
-0.078125 0.099609 0.044434 -0.080078
-0.025757 -0.076660 0.046631 -0.066406
0.166016 0.010315 0.057373 0.054688
0.261719 -0.007080 -0.052734 0.057373
0.042969 0.053467 -0.035645 -0.011658
-0.084961 -0.056396 -0.182617 -0.050293
-0.149414 0.061523 0.092773 0.079590
-0.081055 -0.110352 0.231445 -0.082520
-0.027710 0.161133 0.153320 -0.098145
-0.141602 0.123047 0.079102 -0.013733
0.094238 0.107422 -0.057373 -0.086426
0.061523 -0.031982 0.019165 -0.097168
-0.002670 0.023926 0.083984 0.054199
-0.040527 -0.084473 0.081543 -0.180664
-0.269531 0.092285 -0.030762 -0.043945
0.072266 0.125977 -0.028931 -0.206055
-0.053467 -0.016113 0.037842 -0.263672
-0.110352 0.059326 0.065430 -0.177734
0.048340 0.013855 -0.127930 -0.083496
0.070801 0.074219 0.062988 -0.117188
0.213867 -0.112793 0.051758 0.005951
0.015137 -0.042480 -0.037842 -0.016113
-0.050537 -0.044434 -0.166016 0.126953
0.190430 -0.008057 -0.067871 0.036133
-0.133789 -0.146484 0.026978 -0.141602
-0.073242 -0.141602 -0.047119 -0.000393
-0.074707 0.010193 0.018433 -0.002502
0.086426 0.037842 -0.087891 0.027832
0.012634 0.138672 0.090332 -0.100586
0.101562 -0.045898 -0.001640 0.133789
0.047607 0.099121 0.059570 0.032471
0.125977 0.031738 0.152344 0.072266
-0.179688 -0.062256 -0.052246 0.060303
-0.135742 0.011597 -0.016968 -0.027710
-0.086426 0.108887 0.057129 0.110840
0.186523 0.200195 0.137695 0.010193
-0.015747 0.010559 -0.067871 -0.134766
0.176758 0.117676 -0.101074 0.027588
-0.072266 -0.167969 -0.041748 0.020386
0.173828 0.151367 -0.044189 -0.190430
-0.132812 -0.059570 -0.010864 0.134766
-0.085449 -0.100098 -0.190430 0.010071
-0.125977 -0.082520 0.067383 0.048584
-0.135742 0.033691 -0.002884 -0.082031
0.104492 0.059082 -0.086914 -0.070801
0.039307 0.059326 0.005005 0.056152
0.073730 -0.028442 0.059326 0.164062
-0.051758 0.117188 -0.004272 -0.069824
-0.216797 -0.075684 0.000328 0.222656
-0.023315 -0.000303 -0.076172 -0.045166
-0.023193 -0.265625 -0.076660 0.069336
-0.027588 0.070312 -0.071777 -0.001625
-0.106934 0.090820 -0.312500 -0.131836
0.088867 -0.077637 0.022339 -0.028442
0.035645 0.030273 0.056396 0.049561
-0.004761 0.049072 -0.008118 -0.035645
-0.059570 -0.157227 0.148438 0.039551
-0.086914 0.073242 -0.011597 0.158203
-0.083984 -0.061768 0.106934 0.163086
0.095215 0.167969 0.064941 0.168945
0.162109 0.072266 -0.110840 0.027832
-0.008484 -0.134766 0.062256 -0.014038
0.015869 0.033936 0.045410 -0.035156
0.135742 0.069336 -0.099609 -0.177734
0.044434 -0.005096 0.016968 -0.355469
-0.150391 0.044189 -0.005859 -0.038818
-0.121094 0.061523 0.166016 0.067383
-0.096680 0.053223 -0.121582 -0.001907
-0.156250 0.160156 -0.010620 -0.045654
-0.037109 0.013916 -0.098145 0.154297
-0.184570 -0.001732 0.065918 -0.079590
-0.033203 -0.008484 -0.128906 0.154297
0.140625 -0.015259 -0.075195 -0.111816
0.096191 -0.033203 -0.075195 0.029175
-0.281250 0.160156 0.109375 0.058594
0.083496 0.100586 0.013672 0.024902
0.047119 -0.019531 -0.247070 0.211914
-0.029297 -0.056152 0.007782 -0.045654
-0.022461 0.010315 -0.002472 -0.159180
0.012878 -0.139648 -0.081055 0.026123
0.160156 0.197266 -0.185547 -0.225586
0.092773 0.136719 -0.139648 0.005981
-0.063965 0.132812 0.054199 -0.055420
0.108398 -0.098633 -0.025635 0.065918
0.158203 0.007538 -0.163086 0.002045
-0.094727 0.026978 0.155273 -0.064941
0.156250 0.000397 0.105957 -0.187500
-0.034424 0.024536 -0.191406 -0.001266
-0.086426 -0.067383 0.115723 0.010620
0.190430 0.202148 0.010498 -0.002228
0.095215 0.217773 -0.000587 0.109863
-0.041260 0.086914 -0.201172 0.017334
0.020630 -0.118164 -0.024292 0.023682
-0.011230 -0.134766 -0.071777 -0.100586
0.025146 0.012024 -0.041260 0.018799
0.051514 0.199219 -0.166016 0.124512
-0.026855 0.148438 0.018433 0.129883
0.109375 0.131836 -0.013123 -0.080078
0.183594 0.022217 0.045654 0.059082
-0.065430 -0.071289 -0.004822 -0.140625
-0.179688 -0.085449 -0.086914 -0.002579
-0.072754 -0.179688 -0.022583 -0.119629
0.019653 0.029907 0.079102 -0.037354
0.058105 0.130859 0.014160 -0.144531
0.054688 -0.064941 0.009521 0.139648
0.153320 -0.180664 0.023193 -0.085938
-0.012939 -0.199219 0.062256 -0.069336
0.111816 -0.322266 0.006195 -0.016357
0.083496 0.127930 -0.075195 -0.007721
-0.075684 -0.230469 -0.099121 0.104004
-0.074707 -0.112305 -0.053711 -0.045410
-0.023193 -0.092285 0.033936 -0.008057
-0.051270 0.147461 0.127930 -0.094727
0.161133 0.105957 -0.043213 0.007019
0.166992 0.036865 0.159180 0.094238
0.135742 -0.066406 0.057129 0.131836
0.003052 0.126953 -0.150391 -0.029053
-0.184570 -0.227539 -0.033936 0.099121
0.062988 -0.041748 0.039062 0.164062
0.010315 -0.057617 0.112793 -0.068848
-0.196289 0.131836 -0.020020 -0.208008
0.040283 -0.086914 -0.021484 0.027100
0.079590 0.073242 0.087402 0.198242
0.014954 -0.048096 0.121582 0.115234
-0.080078 -0.075195 -0.163086 0.009949
-0.121582 -0.075684 -0.018677 0.144531
0.007111 -0.034424 -0.176758 0.056641
0.076172 -0.077148 -0.031738 -0.028687
0.014038 0.150391 0.160156 -0.094238
0.066895 -0.123535 -0.034912 -0.034668
0.006683 0.164062 0.208984 0.009094
-0.036621 0.029175 0.115723 -0.139648
0.059570 0.122070 -0.031982 0.060547
-0.094727 -0.042480 -0.056396 0.002411
-0.206055 -0.109375 -0.006866 0.000805
0.120117 -0.033691 0.180664 -0.041016
-0.019653 0.132812 -0.257812 -0.110840
-0.044434 -0.015076 -0.159180 0.009216
-0.096191 0.011597 0.137695 -0.071289
-0.002029 -0.022827 0.128906 0.019165
-0.057861 0.181641 0.050293 -0.009888
0.141602 0.010193 0.088867 -0.121582
-0.037354 0.118164 0.151367 -0.128906
-0.314453 -0.053467 0.123535 0.084961
-0.076660 0.091309 -0.055176 0.121094
-0.018677 -0.160156 -0.094727 -0.103516
-0.102539 -0.180664 0.044922 0.036133
0.009033 0.000683 0.058105 -0.248047
-0.065918 -0.096191 -0.010071 0.032471
0.095703 0.033936 -0.060059 -0.106445
0.039062 0.054688 0.023804 -0.192383
-0.223633 -0.115723 0.013489 0.127930
0.087891 0.138672 -0.188477 0.080566
-0.004089 -0.037842 0.190430 -0.114746
0.057617 -0.036865 0.091797 -0.132812
0.143555 -0.045166 0.277344 -0.184570
0.067871 -0.010864 -0.061768 0.046143
0.162109 0.171875 0.198242 -0.199219
0.123535 0.146484 0.025513 -0.161133
0.171875 0.126953 0.104004 -0.118652
0.018555 0.005646 0.007385 0.000395
-0.170898 -0.052979 0.041260 -0.113281
0.060791 0.026367 0.077637 -0.014709
0.214844 0.062256 0.046387 -0.063965
0.165039 -0.253906 0.013672 -0.118652
-0.009521 -0.016479 -0.010803 0.055664
0.129883 0.025513 -0.060547 0.103516
0.124512 0.058594 0.030151 -0.018188
-0.039307 -0.037109 0.015259 -0.002884
-0.138672 -0.025024 -0.104980 0.015869
0.308594 0.094238 -0.003601 0.245117
0.077637 -0.081543 0.066895 -0.043213
0.031738 -0.026001 -0.003464 0.050781
-0.034424 -0.022827 0.056396 -0.027588
0.209961 0.186523 -0.114746 -0.021118
0.083008 0.010437 0.031738 -0.097656
0.041748 0.037598 0.014648 0.000797
-0.003677 0.063477 -0.030396 0.008301
0.111328 0.104004 -0.067871 0.021851
0.099121 -0.032715 0.104980 0.036865
0.157227 -0.093750 -0.065430 0.156250
-0.030273 -0.006531 0.069336 -0.037842
0.115723 -0.038818 0.024292 -0.062988
-0.048828 0.006683 0.101074 0.059570
0.022583 -0.002701 0.065430 0.016968
-0.154297 -0.030640 -0.105469 0.045166
0.056152 0.105957 -0.032227 -0.015991
-0.007202 -0.091797 -0.115723 0.040039
0.117676 0.064941 -0.008301 -0.059326
-0.009521 0.062988 -0.070801 0.008240
0.201172 0.200195 -0.077637 0.006714
-0.013794 0.115234 -0.014954 -0.108887
0.023560 0.011658 0.046631 0.037598
-0.216797 -0.072754 -0.137695 0.057373
0.157227 0.051270 0.100098 0.052979
-0.174805 -0.091797 0.025635 -0.084961
0.130859 0.103027 0.000317 -0.027100
-0.017944 -0.042725 0.044189 0.025757
-0.083984 0.139648 -0.206055 -0.141602
0.023071 0.195312 -0.041016 -0.073242
-0.014587 0.058350 -0.026245 0.040527
-0.000942 -0.008606 -0.059570 0.020508
0.021851 0.114258 0.048096 -0.056641
-0.035645 0.261719 0.162109 -0.026489
-0.057373 -0.015564 -0.077148 -0.044434
-0.030762 0.043213 0.059326 0.004089
-0.036621 0.010559 -0.091797 -0.002945
0.021973 0.080566 0.039307 -0.021729
-0.003189 0.032471 -0.018311 -0.038330
-0.118164 0.028442 -0.059082 -0.005524
0.000782 0.038330 -0.097656 0.126953
-0.013916 -0.073730 0.082031 -0.061523
0.049561 0.166992 -0.043945 0.028198
-0.007477 0.081543 0.074707 -0.125000
-0.069824 0.192383 0.022705 0.154297
0.058594 0.040771 -0.081543 -0.051270
-0.042236 -0.042725 -0.004517 -0.035400
-0.030396 0.050049 -0.119141 0.013794
-0.146484 -0.015747 -0.169922 -0.010071
0.015869 -0.080078 0.169922 -0.021606
-0.153320 -0.085449 -0.082520 -0.086426
0.012085 0.055664 -0.015747 -0.094238
0.019897 -0.152344 -0.163086 0.171875
-0.040039 -0.034424 0.083008 0.011108
-0.036865 0.035645 0.022217 -0.027100
-0.077148 0.140625 -0.244141 -0.053955
0.024170 -0.061523 0.070312 0.059814
0.009155 0.100586 -0.027832 -0.085449
-0.056396 0.035156 -0.069824 0.085938
0.053467 0.035889 -0.024292 -0.151367
0.138672 -0.024170 -0.019897 0.024536
0.043945 0.036133 -0.106934 0.194336
0.224609 0.039062 -0.115234 0.057373
0.207031 -0.020264 -0.155273 0.082520
0.192383 -0.125977 -0.058838 0.042725
-0.089844 -0.075195 -0.074219 0.016724
0.103027 0.123047 0.026733 0.049316
-0.079590 -0.046631 0.039551 0.011292
0.120117 0.132812 -0.234375 0.180664
0.075195 -0.043213 -0.065430 -0.071289
0.057373 0.095703 0.004944 0.221680
-0.057129 0.059814 0.010254 0.148438
-0.045654 0.023438 -0.057861 -0.006897
-0.053711 -0.162109 0.038330 -0.064941
0.029785 0.039062 0.119141 -0.077148
-0.026245 -0.196289 0.014587 -0.089844
0.135742 0.018555 0.086426 -0.101074
-0.098145 0.009277 -0.059570 0.201172
-0.048340 -0.026611 -0.079102 -0.148438
-0.059082 0.156250 -0.019043 -0.196289
0.127930 -0.026611 0.055420 0.083008
-0.085449 -0.200195 0.084961 -0.043945
-0.064453 -0.245117 0.054932 -0.016602
0.085938 -0.188477 -0.312500 0.123535
0.008301 -0.216797 0.012390 -0.125000
-0.134766 -0.064453 -0.083496 0.062012
0.016724 0.097168 0.037598 -0.065918
0.310547 0.040283 0.247070 0.033203
0.036377 0.025879 0.079590 -0.053223
-0.062012 -0.169922 -0.072266 -0.148438
0.053955 -0.090332 -0.003387 0.157227
-0.100098 -0.000858 0.158203 0.110840
0.079590 0.013062 0.116211 0.125977
0.061279 -0.018188 0.101562 0.059082
-0.034912 0.075195 0.081543 -0.059814
0.100098 -0.166016 0.046631 -0.087402
-0.092285 0.157227 -0.086914 -0.122070
-0.101074 -0.296875 -0.234375 0.057129
-0.034424 0.011658 -0.199219 0.149414
0.013000 0.036133 0.046387 0.114258
0.005280 0.051025 0.113770 -0.034668
0.099121 -0.067871 0.163086 -0.075684
0.081543 0.102539 -0.033203 -0.046631
0.078613 0.002472 -0.012390 -0.163086
0.096191 -0.156250 -0.137695 -0.072754
-0.194336 -0.134766 -0.105469 -0.053711
0.050781 0.020142 0.082031 0.118652
-0.185547 -0.148438 0.225586 -0.072266
-0.010498 0.067383 0.108398 -0.067871
0.012329 -0.088379 -0.085449 -0.148438
-0.063477 0.015198 -0.176758 0.099121
-0.178711 0.025391 -0.039551 0.148438
-0.093262 0.040771 0.025391 0.064941
-0.176758 -0.012573 0.036133 0.140625
-0.065918 0.054688 0.028320 -0.131836
0.062500 0.059814 -0.076172 -0.000919
-0.032715 0.099609 0.061768 -0.042236
-0.054199 -0.027222 -0.024536 0.079102
-0.073730 -0.031738 -0.110352 -0.054688
-0.251953 0.062500 -0.018677 -0.117188
-0.251953 -0.109863 -0.316406 -0.077637
-0.300781 0.149414 0.045166 0.173828
-0.045654 0.166016 0.071777 -0.087402
0.010315 -0.039551 -0.021484 -0.172852
-0.060303 -0.160156 -0.001694 -0.135742
-0.386719 0.092285 0.064453 -0.058594
0.008728 -0.121094 -0.056152 0.024292
-0.010681 0.092773 0.166992 -0.047607
-0.034424 -0.074707 -0.166992 -0.029419
-0.053223 0.139648 0.096680 0.022583
0.078613 0.180664 -0.110352 -0.003510
-0.078613 0.041504 0.265625 -0.080078
0.137695 -0.042480 0.071777 -0.289062
-0.224609 0.015625 0.184570 -0.152344
-0.126953 0.034668 0.058105 -0.038330
0.052490 0.072266 0.129883 -0.031494
0.036377 0.055176 0.025024 -0.013672
0.003830 -0.031494 0.048828 0.055664
0.109375 0.046143 0.172852 -0.026245
-0.198242 -0.047607 -0.123047 -0.187500
0.166016 0.059570 -0.249023 0.176758
-0.136719 0.039062 -0.061523 0.037354
-0.057373 -0.195312 -0.032471 -0.096191
0.130859 0.062500 0.002579 0.155273
0.197266 0.072754 -0.042480 0.216797
0.023071 0.049072 -0.083496 0.046875
0.055908 -0.073242 0.126953 -0.026001
-0.187500 -0.195312 0.003723 -0.192383
0.037598 0.128906 0.015259 0.080566
-0.215820 -0.071289 -0.058350 -0.118652
-0.279297 -0.269531 0.060303 0.094238
0.022339 -0.038574 -0.192383 -0.021606
0.106934 0.121582 -0.072266 0.111328
0.031128 0.011475 -0.061523 0.052246
-0.028687 -0.068848 0.137695 0.054199
-0.072266 -0.057617 0.067383 0.099121
0.010620 -0.052246 -0.024658 -0.112305
-0.139648 -0.059082 0.152344 -0.099121
-0.158203 -0.157227 -0.016602 -0.163086
0.065918 0.097168 0.082520 0.095703
-0.038574 0.132812 0.030151 0.019531
-0.060303 0.070312 0.083496 0.005310
-0.065430 -0.071777 -0.080078 -0.062012
-0.074219 -0.111816 0.060791 0.150391
-0.061279 -0.145508 0.069336 -0.069824
-0.004974 -0.125977 -0.040527 -0.083984
-0.099609 -0.203125 0.000091 0.015625
0.126953 0.045166 0.027588 0.022461
0.027710 0.132812 0.027344 0.053223
0.009949 0.030762 -0.037354 0.054443
-0.034912 -0.228516 -0.136719 -0.154297
-0.125000 -0.125977 -0.014954 0.023804
0.040527 -0.180664 -0.088379 -0.164062
-0.193359 -0.103516 -0.021606 0.086426
-0.255859 -0.123535 0.135742 0.008789
-0.143555 -0.032471 -0.056885 -0.122070
-0.017090 0.088379 0.028198 0.032959
0.078613 0.110840 0.053955 -0.019531
-0.164062 0.172852 0.072266 0.007935
-0.265625 -0.265625 0.002899 0.060059
0.130859 -0.155273 0.095703 -0.181641
-0.149414 -0.157227 -0.078125 0.124023
-0.287109 0.032471 0.006989 -0.002594
-0.013733 -0.095215 -0.250000 0.001411
0.024658 0.197266 -0.109863 0.105957
0.041992 0.045898 -0.123535 0.000717
-0.031738 -0.138672 0.187500 -0.047607
0.128906 -0.008179 0.057861 0.094238
-0.169922 0.019653 0.206055 0.114258
-0.112793 -0.089844 0.046631 -0.120605
-0.183594 0.156250 0.057617 0.112793
-0.124512 -0.112793 -0.126953 0.008850
-0.090332 -0.023071 0.013123 0.033691
0.031006 0.018921 -0.043213 -0.048584
0.021484 -0.141602 0.193359 0.031982
0.162109 0.115234 0.078125 0.020874
-0.084961 0.038086 0.017212 0.106934
-0.155273 -0.013855 0.016602 0.061768
-0.107910 0.163086 -0.130859 0.078125
-0.067383 0.048096 0.152344 0.159180
-0.007935 0.065918 0.034668 0.117676
0.011353 -0.016357 0.071777 0.012390
-0.053467 0.193359 0.042969 0.006012
0.094238 0.141602 0.065918 -0.230469
0.111328 -0.054932 0.106445 -0.199219
-0.059082 0.126953 -0.032227 -0.050049
0.020996 0.004089 -0.151367 0.126953
-0.140625 0.040527 -0.083008 0.012756
0.017334 0.059326 -0.110840 -0.245117
0.145508 0.151367 -0.133789 -0.098633
0.038574 -0.100586 0.130859 0.011719
-0.020630 0.098633 0.105957 0.162109
-0.146484 -0.106445 -0.285156 -0.065430
-0.014709 0.003128 -0.025269 0.004974
0.012817 -0.076660 0.077148 -0.147461
-0.122559 -0.089355 0.021240 -0.135742
-0.133789 -0.017456 -0.125977 -0.152344
0.074219 0.074707 -0.094727 -0.089355
-0.043213 0.088867 -0.078125 -0.011475
-0.167969 -0.105957 0.130859 -0.071289
-0.004608 -0.067871 -0.074219 -0.104980
-0.005432 0.055908 0.001266 0.056396
-0.091797 -0.232422 -0.048828 -0.015198
-0.151367 -0.221680 -0.074219 0.038330
-0.117188 0.145508 0.072754 0.006195
-0.013062 -0.002823 0.112793 -0.104980
0.015991 0.078613 -0.011230 -0.114746
-0.161133 -0.091797 -0.091309 0.064453
0.088379 -0.058105 -0.160156 -0.173828
0.032471 0.091309 -0.075195 -0.020630
0.047607 -0.005615 0.023193 0.083984
0.005341 -0.064453 -0.073242 0.055664
-0.167969 -0.231445 -0.159180 -0.023804
-0.005646 -0.285156 0.131836 -0.000292
0.020020 0.060059 -0.103516 -0.122070
0.007690 0.009155 0.015259 -0.000629
-0.075195 -0.112793 0.130859 -0.046387
0.018921 -0.039062 -0.005371 -0.010071
0.001251 -0.083984 -0.055664 -0.040771
-0.143555 -0.078125 -0.099609 0.093262
-0.182617 0.029785 0.049805 0.123047
0.015198 -0.209961 -0.079590 0.047852
-0.121582 0.082520 -0.059814 -0.038086
-0.151367 -0.140625 -0.008057 -0.178711
0.023804 -0.085938 0.120117 -0.033936
-0.023926 0.008911 -0.032227 -0.043457
-0.020630 -0.140625 0.056641 -0.049805
-0.068359 -0.179688 0.012085 -0.056885
-0.148438 -0.070801 -0.125977 0.082031
0.013733 -0.133789 0.007568 -0.224609
0.014404 0.232422 0.046875 0.078125
-0.083008 0.116699 0.106934 0.003265
-0.117188 -0.138672 0.052246 -0.078613
0.006287 -0.099609 -0.062500 0.083984
0.003555 0.070801 -0.033936 -0.021484
0.028931 -0.004669 0.022461 -0.166992
0.004730 -0.070312 0.015381 -0.020264
-0.228516 -0.068848 0.170898 0.220703
0.026978 0.190430 0.011169 0.145508
-0.168945 0.123535 0.013245 0.026611
0.031128 0.160156 -0.032959 0.057129
0.017334 -0.055664 -0.071289 0.048584
-0.003448 -0.161133 -0.038086 -0.016357
0.063477 -0.036133 -0.016602 -0.070801
0.024780 0.111328 0.022705 0.029053
-0.298828 0.113281 0.116699 0.093262
0.158203 0.123047 0.036133 0.219727
-0.099609 -0.014160 -0.032959 -0.028442
-0.094238 0.181641 0.190430 0.062012
-0.020630 0.006165 0.051025 -0.011169
0.123047 -0.106445 0.106934 -0.308594
0.084961 0.222656 0.122070 -0.246094
0.166016 0.178711 -0.153320 -0.037598
-0.300781 -0.143555 0.070312 -0.231445
0.228516 0.049805 -0.035400 -0.017334
-0.081543 -0.039307 -0.223633 0.088379
-0.174805 -0.008667 0.292969 -0.180664
0.001442 0.089355 0.051758 0.058105
-0.058105 -0.137695 0.004211 -0.139648
-0.089844 -0.053467 -0.104492 -0.236328
0.089355 0.054932 0.164062 0.019775
-0.010498 0.232422 -0.004486 -0.304688
-0.005768 -0.041992 0.054932 -0.133789
-0.021606 0.006989 -0.149414 0.038086
-0.092773 -0.018555 0.004303 -0.035889
-0.038086 -0.118164 -0.116699 -0.012817
-0.071777 0.052246 0.061768 0.112793
-0.098145 -0.144531 -0.075684 -0.120117
0.127930 -0.011475 0.124512 -0.185547
0.103516 -0.035156 0.031494 -0.047119
-0.121094 -0.000530 0.009583 -0.082031
0.064941 -0.005463 0.219727 0.125000
-0.131836 -0.071777 0.034912 -0.092773
-0.181641 -0.080078 -0.043701 -0.047119
0.133789 -0.081543 -0.206055 0.169922
-0.166016 0.019531 0.042480 -0.003433
0.068359 -0.109863 0.012146 -0.136719
0.130859 0.011108 -0.120605 -0.138672
-0.018921 -0.075195 -0.134766 0.100098
0.097656 0.129883 0.120117 0.027466
-0.101562 -0.023926 -0.036133 -0.020752
-0.024780 -0.112793 -0.025024 0.146484
-0.000364 0.003220 0.116699 -0.030151
-0.216797 -0.167969 -0.186523 0.015076
0.019531 -0.023682 -0.239258 -0.233398
0.124023 -0.131836 -0.316406 -0.060547
0.038086 -0.149414 -0.163086 -0.015076
-0.086426 0.028931 -0.146484 -0.006775
0.017700 -0.105957 -0.069336 0.130859
0.035156 -0.030029 -0.026001 -0.093750
0.072266 0.055664 0.043213 0.011536
-0.134766 -0.012512 0.069336 0.060547
-0.014709 -0.095215 -0.231445 -0.035889
-0.051514 0.090820 0.061035 -0.072754
-0.109863 0.011475 -0.175781 -0.019775
-0.046387 0.082520 -0.040771 -0.043213
-0.124512 -0.042725 -0.077148 -0.012268
0.053955 0.050049 -0.106445 0.030884
-0.246094 -0.142578 0.133789 -0.107910
0.040283 0.008484 -0.043945 0.146484
-0.275391 0.017700 -0.249023 0.070801
0.035889 0.064941 0.036621 0.066895
-0.110840 0.003342 0.163086 -0.125977
0.031128 0.086914 -0.084961 -0.010132
-0.088379 -0.222656 0.087891 0.061035
0.067383 0.021484 -0.009644 -0.022339
0.143555 0.044189 -0.049561 -0.049561
0.035400 -0.074707 -0.069824 -0.211914
-0.125977 0.103516 0.025879 -0.093750
0.079102 -0.055908 -0.112793 -0.095215
0.005951 0.000465 0.032715 -0.296875
0.098633 -0.016235 -0.157227 0.045166
-0.033447 -0.207031 -0.041016 0.023071
0.089844 0.000034 0.038086 -0.078613
-0.026245 0.085449 0.044189 -0.077637
0.004669 0.062988 -0.181641 -0.102051
-0.070312 -0.018799 0.061768 0.114258
-0.030151 0.083984 0.061279 -0.109863
0.031982 0.101074 -0.065430 -0.071777
0.143555 0.040527 -0.008850 0.064453
-0.045410 -0.069336 -0.040283 -0.049805
0.082520 0.070312 0.060303 -0.071289
-0.025024 -0.074219 0.153320 -0.057861
0.160156 0.117188 -0.021118 -0.169922
0.084473 0.114258 -0.161133 0.054688
0.061768 0.132812 0.085449 -0.128906
0.010010 0.253906 -0.027100 -0.145508
-0.074707 0.023682 -0.163086 0.132812
-0.056396 0.135742 -0.104980 0.038086
-0.136719 0.147461 0.097656 -0.050781
0.205078 -0.018311 -0.068848 -0.019043
-0.093750 -0.017212 0.103027 0.130859
-0.019775 0.142578 -0.169922 -0.062988
0.018921 0.123047 -0.112793 0.090332
-0.035889 0.029663 0.000045 0.000372
0.005646 0.125000 0.105469 0.277344
0.203125 -0.078613 -0.183594 -0.145508
-0.029663 0.036377 0.161133 -0.040283
-0.025513 -0.006775 -0.178711 -0.157227
-0.076172 -0.069336 0.036377 -0.036377
0.124023 0.197266 -0.314453 0.092773
0.042480 -0.059814 -0.083984 -0.019043
0.019897 -0.061768 -0.011536 -0.009338
0.007477 -0.068359 0.151367 0.160156
-0.009277 -0.133789 -0.159180 -0.047119
0.011597 0.059814 -0.054199 0.024414
-0.119629 0.004395 -0.116699 -0.196289
-0.126953 0.039307 0.086426 -0.088867
-0.053955 0.244141 -0.306641 -0.008606
0.027466 0.143555 -0.084473 -0.129883
-0.017090 -0.037354 0.090820 -0.029053
-0.018921 0.016846 0.002960 0.036377
-0.033447 -0.120117 -0.031250 0.051758
-0.061768 0.071777 0.098633 0.092773
0.031128 0.025879 -0.013733 -0.062988
-0.137695 0.007935 0.047119 0.107910
0.047363 -0.033203 0.055908 -0.004700
0.041016 0.125000 -0.015625 0.131836
0.072754 0.030518 -0.043945 0.050781
0.152344 0.353516 0.052002 0.183594
0.047852 -0.082520 -0.083008 -0.170898
0.075684 0.019775 -0.141602 -0.093750
-0.014587 0.042969 -0.035400 -0.124023
0.023926 -0.106445 0.016846 -0.135742
-0.041992 0.050537 -0.016235 0.029541
0.097656 0.087891 -0.090820 -0.069824
0.032715 0.026733 -0.039551 0.024414
-0.067383 -0.013550 0.269531 0.048096
-0.053223 -0.078613 -0.057129 -0.040771
0.024658 0.174805 -0.222656 -0.032227
-0.063477 -0.166992 0.149414 0.048828
-0.136719 -0.259766 0.255859 -0.174805
0.080078 0.304688 -0.168945 0.234375
-0.097656 0.351562 -0.131836 -0.089844
0.058105 -0.070312 0.061523 0.014771
-0.082031 0.063477 -0.064453 -0.049316
-0.068848 0.300781 -0.088379 0.061768
0.187500 0.014343 -0.183594 0.161133
-0.199219 0.043457 0.092773 -0.044189
-0.029907 -0.153320 -0.007935 0.061279
-0.070801 -0.053223 0.007996 -0.007294
-0.084473 -0.136719 0.047852 0.109375
0.055664 0.002823 -0.020020 -0.017944
0.101074 0.292969 0.000706 0.245117
0.056885 -0.069336 0.073242 -0.094238
0.026489 -0.100098 -0.119141 -0.296875
0.052490 0.132812 -0.090820 -0.128906
0.061279 -0.170898 -0.045166 -0.199219
0.040039 -0.049316 0.148438 -0.053955
-0.076172 -0.079590 -0.021118 -0.188477
0.041260 -0.035400 0.025391 -0.075195
-0.036621 0.014587 0.023804 0.134766
0.043945 0.116211 0.133789 -0.019531
-0.080566 0.097168 -0.025757 -0.126953
-0.043457 -0.076660 -0.102539 -0.103516
0.144531 -0.172852 0.114746 -0.163086
-0.105469 -0.058838 0.137695 0.062988
-0.198242 -0.083984 0.093262 -0.098145
0.050537 -0.040527 0.036621 -0.060791
0.083008 0.046387 -0.107910 -0.023071
0.014221 0.161133 -0.017578 0.164062
-0.314453 0.090820 -0.068848 -0.067383
-0.104004 -0.035156 -0.090332 -0.085449
0.049316 0.014038 -0.197266 -0.165039
0.002182 -0.036865 -0.174805 0.006622
0.011536 0.043945 -0.057129 0.005615
0.025146 0.063965 0.087402 0.075195
-0.004211 0.061768 0.023804 0.190430
0.008728 0.000984 0.089844 -0.059082
0.111328 -0.076172 0.053467 0.037598
-0.016968 0.003128 -0.080566 0.080566
0.229492 0.111816 -0.240234 0.118164
-0.070312 -0.063965 -0.185547 -0.077148
0.167969 -0.058105 0.087891 0.004761
0.018433 -0.046631 -0.010010 0.022583
0.015076 -0.086914 -0.042725 0.016724
-0.090332 0.027222 0.014648 0.040283
0.036377 0.138672 0.026123 -0.181641
0.059326 -0.002945 -0.043945 0.018311
0.127930 0.235352 -0.231445 0.031494
0.009338 -0.067383 -0.048340 0.084473
0.166992 0.249023 -0.050781 0.063477
0.087402 0.080078 -0.063477 -0.004700
-0.156250 0.086914 0.064453 -0.186523
-0.076660 0.003937 0.087891 -0.002274
-0.081055 -0.078125 0.125977 -0.089355
0.056641 -0.024536 0.010071 -0.027344
0.023193 -0.166992 -0.087891 -0.206055
-0.016724 -0.095703 0.038574 -0.118652
0.020508 0.026978 0.032959 -0.047607
-0.163086 0.110352 0.023804 -0.101562
0.026367 0.051758 0.149414 0.194336
-0.006592 0.010925 -0.040771 -0.063965
-0.042725 0.018921 0.024536 -0.034912
0.105957 0.036621 0.032959 0.196289
-0.000999 -0.088379 -0.054932 0.011963
0.157227 0.001526 -0.031250 -0.092285
0.020142 0.017700 0.011230 -0.210938
0.068359 -0.062500 -0.016235 0.018799
0.210938 0.028320 0.014343 -0.027100
0.030640 -0.139648 0.025879 0.000292
0.125977 0.125000 -0.068848 -0.084473
0.046875 0.155273 -0.156250 0.167969
0.099609 0.163086 -0.147461 0.086914
-0.044189 0.113281 0.003586 0.176758
-0.261719 0.114746 -0.020142 -0.128906
0.031250 0.011292 0.027710 -0.092773
-0.229492 -0.113770 0.277344 -0.141602
0.010742 0.025635 -0.122559 0.116211
-0.041504 -0.294922 0.191406 -0.202148
-0.083496 -0.027222 0.018555 -0.132812
-0.011230 -0.076172 -0.011658 -0.104492
0.066895 -0.097168 0.109863 -0.144531
0.031128 -0.103027 0.005219 0.031738
-0.022217 0.111816 -0.160156 0.126953
-0.039551 -0.005035 0.104004 0.209961
-0.000112 0.172852 0.017944 -0.019409
-0.112793 -0.110840 0.008911 -0.037842
-0.159180 0.089844 0.188477 -0.023682
0.035889 -0.138672 -0.015320 -0.126953
0.139648 0.138672 0.160156 0.092285
-0.149414 -0.158203 0.012451 -0.185547
0.047852 -0.130859 -0.029785 -0.023926
0.062500 0.030640 -0.182617 0.033691
-0.203125 -0.103027 0.035400 -0.052490
0.127930 -0.102051 -0.006958 -0.187500
-0.148438 0.053955 0.110352 0.027832
-0.253906 -0.036133 0.126953 0.062500
0.047363 0.053711 -0.099609 0.204102
-0.316406 -0.139648 -0.001396 -0.075195
-0.074219 -0.129883 0.029541 -0.123047
-0.091309 -0.137695 -0.019653 -0.115234
-0.002472 0.091797 -0.051758 -0.057373
0.164062 -0.261719 0.004364 -0.112793
-0.029297 0.032715 0.044434 -0.034668
0.118164 -0.067383 0.316406 0.110840
-0.133789 -0.040039 0.271484 0.072754
0.029541 -0.102539 0.076172 0.144531
0.107910 -0.004517 0.029907 0.112793
-0.147461 -0.053467 -0.000282 0.039062
-0.103027 0.029663 0.090820 -0.020142
-0.085449 -0.052979 0.157227 -0.012146
0.164062 0.042725 0.023804 0.071777
0.078125 -0.120117 0.192383 0.104492
0.096680 0.022217 0.127930 0.110352
-0.048584 -0.059814 0.010376 0.024414
0.082520 -0.154297 0.058594 -0.052979
-0.035889 -0.043701 0.020386 0.119629
-0.062988 -0.018677 -0.103516 0.024780
-0.072754 0.038574 -0.009277 -0.090332
0.056152 0.197266 -0.015137 0.058350
0.041992 -0.074219 0.170898 -0.051270
-0.030029 0.017822 0.108887 -0.032715
-0.133789 -0.000198 0.094238 0.024048
0.068848 0.114258 -0.099121 0.087891
-0.219727 -0.022095 -0.064453 0.166992
-0.155273 -0.027954 -0.078613 0.185547
0.004639 -0.029541 0.008240 0.021729
0.114258 0.064941 0.082520 -0.131836
0.068359 0.013733 0.162109 0.024536
0.026123 0.077637 -0.042969 -0.082520
0.033203 -0.062500 0.083984 -0.093262
-0.048096 0.104004 -0.008972 -0.138672
0.144531 0.077637 0.007935 0.111816
-0.057617 -0.005951 0.016235 -0.154297
0.036621 -0.008057 -0.165039 -0.287109
0.048340 0.020752 -0.066406 -0.077148
0.031494 -0.042236 0.154297 0.046875
-0.022461 0.114746 0.044189 -0.052979
0.005402 0.175781 0.047607 0.250000
0.028931 0.003464 0.043457 0.025146
-0.044434 0.012085 -0.097168 0.109863
0.006958 0.025024 0.057373 -0.078613
0.068359 0.065918 -0.016724 -0.102539
-0.037842 0.302734 -0.152344 -0.137695
-0.013184 -0.044922 0.010925 -0.251953
0.021729 0.037598 -0.068848 -0.166016
-0.036621 0.040771 -0.088867 -0.042236
-0.014587 0.066406 0.054443 -0.063477
0.001472 0.186523 -0.099609 0.154297
0.043457 -0.092773 -0.241211 0.102051
-0.010620 0.069336 -0.132812 0.094727
0.096191 -0.104492 -0.169922 0.179688
-0.005737 -0.137695 -0.087891 0.083008
0.048340 0.031494 -0.036377 -0.056152
-0.013855 0.083008 -0.005310 -0.013428
-0.006958 0.050049 -0.114746 0.058838
0.001244 0.080078 0.043945 0.228516
-0.019043 0.015991 0.034180 -0.092285
0.043457 -0.039307 0.012268 -0.220703
0.092773 -0.083984 -0.030884 -0.138672
0.123047 -0.104004 0.025513 0.033936
-0.089355 0.065918 -0.012268 -0.123535
-0.020386 0.047852 -0.057861 0.058838
0.119629 -0.103516 0.002670 -0.066895
-0.161133 0.114746 0.181641 0.000511
-0.090332 0.020386 -0.017212 -0.010986
0.154297 -0.167969 -0.110840 -0.074219
-0.265625 -0.227539 -0.077148 -0.084473
0.064453 0.096680 0.092773 0.034424
-0.066895 0.000664 -0.069336 -0.095215
0.014221 0.220703 -0.056641 0.031128
-0.178711 -0.204102 0.005737 -0.084473
-0.098145 0.310547 0.075195 0.068848
-0.034424 0.271484 -0.089844 0.057617
0.074219 0.141602 -0.080078 0.101562
-0.044434 0.007874 0.044678 -0.001633
0.033936 0.263672 -0.251953 -0.053467
0.169922 0.159180 0.094238 0.150391
0.078125 -0.023926 0.070801 -0.033691
0.062256 -0.049805 0.188477 -0.014160
-0.026367 -0.013306 0.018677 -0.010376
0.054688 -0.027710 0.138672 0.092285
0.008179 -0.129883 0.081055 -0.105469
-0.038574 -0.028442 -0.025635 -0.003906
-0.018311 0.104980 -0.218750 0.066895
0.071289 0.003662 0.037598 0.169922
0.214844 -0.019409 0.061768 -0.083984
-0.209961 -0.125000 0.118164 0.196289
0.013062 -0.004486 -0.031982 0.038818
-0.001114 -0.009949 0.228516 -0.073730
0.139648 0.169922 -0.021729 -0.058838
0.018066 -0.036377 0.086914 0.053711
-0.021118 0.060303 -0.289062 0.052002
-0.027710 -0.007538 0.205078 -0.099609
-0.120117 0.107910 0.236328 -0.074219
0.012390 -0.064941 -0.030762 -0.090332
-0.102539 -0.043213 0.033447 0.064941
-0.056641 -0.068359 0.039062 -0.007385
0.049561 0.167969 0.033936 0.283203
-0.029541 -0.001450 0.041016 -0.010010
0.117676 0.087891 -0.099121 -0.000561
-0.088379 0.220703 0.021362 0.098633
0.069336 -0.111328 -0.060547 -0.229492
0.081543 0.037598 0.144531 0.215820
0.005768 0.006134 0.050293 0.009888
-0.034424 0.302734 0.111328 -0.031982
0.057861 -0.019653 0.045654 -0.053955
0.049805 0.060791 0.027954 0.017822
0.123535 -0.090820 -0.135742 0.056885
0.106445 0.011658 -0.065430 -0.041016
0.041260 0.040283 -0.114746 -0.122559
0.017944 -0.203125 0.259766 0.018433
-0.071777 -0.023438 -0.034912 -0.019043
0.009827 0.054443 0.122070 0.147461
0.045654 0.033203 -0.131836 -0.168945
0.040283 0.012207 0.021362 0.030273
0.111328 0.255859 -0.185547 0.102539
-0.204102 -0.017334 0.275391 -0.068848
0.127930 -0.020752 -0.259766 0.068848
-0.032227 -0.125977 0.147461 -0.207031
0.037598 0.009094 -0.063477 0.053467
0.031494 -0.010803 -0.047852 -0.163086
0.116699 0.055664 -0.244141 -0.111816
-0.060303 0.010376 -0.075195 0.085938
0.102051 -0.182617 0.008606 -0.011963
-0.064941 0.132812 0.045166 0.279297
-0.002975 -0.138672 0.037842 -0.109375
-0.061035 0.087402 -0.002640 0.287109
0.047363 0.018921 0.027344 -0.047607
-0.018433 0.078125 -0.084473 0.196289
0.089844 -0.060059 -0.089844 -0.195312
0.054932 -0.015991 -0.025269 0.044678
-0.073242 -0.057861 0.061523 0.072754
0.185547 0.047852 -0.057861 -0.092285
-0.114258 0.000119 0.009277 -0.033936
0.033691 -0.075684 0.053711 -0.054199
-0.100098 0.056396 0.080078 0.033691
0.128906 -0.062256 0.124512 0.032959
-0.033203 -0.081543 0.028564 0.053955
-0.043457 0.018188 0.076172 0.025757
-0.081543 -0.148438 0.076660 0.001923
0.060059 -0.283203 0.179688 -0.044434
-0.238281 0.049805 -0.100098 0.023315
0.062500 -0.105957 0.026978 -0.142578
-0.016113 0.104492 -0.098633 0.050537
-0.062988 -0.128906 0.016357 -0.203125
-0.086914 -0.159180 -0.064941 0.000050
0.249023 -0.115234 0.094238 0.020874
0.292969 0.004456 -0.025024 0.137695
0.027954 0.149414 0.134766 0.154297
0.022217 -0.004578 -0.119141 0.073730
-0.054199 0.117676 0.152344 -0.041260
0.093262 0.094727 0.040039 -0.049316
-0.040527 -0.182617 0.243164 0.053711
0.135742 0.045410 -0.000862 0.050537
-0.037598 0.098145 -0.023071 -0.117188
-0.222656 0.085449 0.073242 -0.114258
-0.138672 0.003113 0.163086 0.225586
0.078613 0.216797 -0.210938 0.118652
0.011169 0.032227 -0.031006 0.098633
0.024048 -0.051270 0.045654 -0.014832
0.055664 0.019409 0.088379 0.060791
0.061768 0.007263 0.044434 -0.093750
0.046875 0.057373 0.078125 -0.032959
0.049316 -0.255859 0.139648 0.053467
-0.008179 -0.048828 0.027588 0.068848
-0.079102 0.233398 -0.265625 0.172852
-0.092285 0.043213 -0.029907 0.251953
-0.240234 -0.136719 0.085449 0.086426
-0.025024 -0.005798 -0.059326 -0.010254
-0.035400 -0.200195 0.018188 0.106445
0.047852 -0.010071 0.026978 -0.170898
0.104492 -0.035400 0.015625 -0.248047
0.029663 0.149414 0.116211 0.068359
-0.168945 -0.066895 -0.030762 -0.087402
0.039795 -0.011597 -0.094727 -0.005432
0.013489 0.089844 -0.006836 0.013611
-0.029297 -0.074219 0.088867 -0.010986
0.201172 0.001778 0.041504 -0.071289
0.151367 0.128906 -0.013855 -0.033447
0.044189 0.120605 0.108398 -0.080078
-0.038086 -0.080078 0.144531 0.081543
0.060791 -0.012878 -0.038818 -0.148438
-0.076660 -0.059082 -0.102539 -0.059326
-0.027832 -0.040039 -0.132812 0.003784
-0.202148 0.092285 0.096191 0.080078
0.093750 0.077148 -0.121094 -0.104004
-0.079590 -0.181641 -0.021118 -0.103516
-0.139648 -0.388672 0.279297 0.016602
0.015747 -0.116699 0.152344 -0.027100
-0.087402 0.142578 -0.094238 0.184570
0.083008 -0.125000 -0.181641 0.131836
0.102051 0.077148 -0.097656 -0.020142
0.001785 -0.036133 -0.154297 0.035645
-0.070312 -0.013306 0.271484 -0.035156
0.062988 -0.076660 -0.015198 -0.068359
-0.124512 -0.113770 0.186523 -0.086914
-0.029053 0.110840 0.046143 0.160156
0.107422 -0.041016 -0.030884 -0.102051
0.119629 0.117676 0.081055 -0.121582
-0.164062 0.041504 0.062988 0.114258
0.067871 0.042480 0.085449 -0.031006
-0.161133 -0.023071 0.151367 -0.032959
-0.005951 -0.079102 -0.035645 -0.108398
0.046875 -0.032471 -0.054932 -0.048340
0.074707 -0.044678 0.033203 0.119629
0.065918 0.140625 -0.089355 0.026245
-0.083496 0.003403 0.067383 0.013550
-0.143555 -0.055908 0.073242 -0.133789
-0.100586 -0.036133 -0.140625 -0.100098
0.062500 0.128906 -0.004944 -0.034180
-0.154297 -0.083008 -0.076660 -0.016968
0.007996 -0.335938 0.107910 -0.083496
0.037109 -0.011780 0.072266 -0.183594
-0.030396 0.059082 -0.111328 0.114258
-0.139648 0.136719 -0.062256 -0.096191
-0.060791 0.225586 -0.141602 0.058350
0.016235 0.080566 -0.065918 -0.021851
-0.048096 -0.000549 -0.010681 0.065918
0.037354 0.056396 -0.038574 -0.068848
0.245117 0.072754 0.211914 0.062988
0.072266 0.023438 0.017700 0.123047
0.059326 -0.022949 0.011414 0.114746
0.078613 -0.011230 0.062500 -0.053955
-0.106934 0.111328 -0.058594 0.047607
0.012268 -0.035156 0.140625 0.142578
-0.162109 -0.014099 -0.090820 -0.103027
-0.041748 0.122070 -0.213867 -0.023315
0.088867 -0.074707 0.061035 0.165039
-0.148438 0.001694 -0.011169 0.101562
0.100586 -0.050049 0.004364 0.040283
0.214844 0.032959 0.032227 -0.195312
-0.062500 0.032959 -0.199219 0.059814
-0.097656 -0.071777 0.042969 -0.043213
0.120117 0.058350 -0.075195 0.125977
-0.014343 0.094238 -0.243164 0.028809
0.008606 0.082520 0.085449 -0.095703
-0.009766 0.073242 0.169922 -0.020508
0.087891 0.012878 0.055664 0.032715
-0.068359 0.253906 0.039062 0.002991
-0.173828 0.056396 -0.141602 0.016235
0.060547 -0.005829 0.029419 -0.138672
0.243164 0.122559 -0.212891 0.060059
-0.182617 -0.005890 -0.039062 -0.159180
0.102051 0.147461 -0.053711 0.269531
-0.031494 0.164062 -0.070801 0.127930
-0.011597 0.125977 0.055420 0.053955
-0.033936 -0.056396 -0.089844 -0.151367
0.061768 0.095215 0.023926 0.061768
-0.030518 0.168945 -0.012817 -0.069824
0.005371 0.091309 0.057129 0.014038
0.156250 0.117676 -0.156250 -0.042236
0.148438 0.088379 -0.004517 0.017334
0.106445 0.034912 -0.049316 -0.000408
0.000847 0.083496 -0.072266 -0.005219
-0.025391 -0.050781 -0.132812 -0.116699
0.014954 0.063477 -0.083008 0.070801
0.063965 -0.005463 0.042725 -0.020630
0.050293 -0.035889 0.024414 0.142578
0.149414 0.296875 -0.253906 0.215820
0.053955 -0.126953 0.169922 -0.109863
-0.123535 0.036377 0.124512 -0.227539
-0.025635 -0.041992 0.026245 -0.033936
0.214844 -0.104980 -0.205078 0.089355
-0.000984 0.120605 0.019287 0.032471
-0.057861 0.004730 -0.141602 -0.009094
0.067383 0.198242 -0.235352 0.217773
-0.015564 -0.028564 0.006470 -0.003723
-0.086914 0.072754 -0.012878 0.197266
0.036865 0.068359 0.054688 0.273438
-0.021729 0.081543 -0.012939 0.078613
0.008484 -0.090820 -0.081055 -0.324219
-0.006897 -0.000832 0.084473 -0.047607
0.049561 0.149414 0.001183 -0.116699
0.009094 0.094727 -0.032959 0.000645
-0.073730 0.007233 0.025391 0.000828
0.196289 0.052246 0.028687 0.043945
0.095703 -0.051758 -0.103516 -0.111328
0.044434 0.032227 -0.050049 0.015381
-0.007446 -0.083984 -0.079590 -0.101562
-0.073730 0.039551 0.002121 -0.020508
0.075684 -0.060547 -0.096680 -0.011475
-0.074219 -0.096191 0.216797 -0.043701
0.067871 0.193359 -0.168945 0.267578
0.223633 -0.191406 0.002090 -0.103516
-0.044922 -0.233398 0.085449 -0.054199
-0.004639 -0.030151 0.039551 -0.025757
-0.244141 0.091309 -0.163086 0.021362
0.075684 0.087891 0.041016 -0.074219
0.081543 -0.028931 -0.029053 0.070312
-0.093750 0.022583 0.058105 0.192383
-0.050049 0.052979 0.148438 0.200195
-0.165039 0.003540 -0.029419 -0.104492
0.041992 -0.028687 -0.104980 -0.004883
0.075684 0.108887 -0.041016 0.057861
0.048828 -0.065430 0.046875 0.041260
-0.034424 0.057617 -0.036865 0.107910
0.114746 0.012146 -0.061523 0.122070
0.020508 -0.035400 -0.029053 0.026123
0.004425 0.162109 0.106445 0.031982
0.026611 0.033447 -0.261719 0.142578
0.135742 0.091309 -0.153320 0.119141
-0.124512 -0.032959 0.157227 0.071777
0.255859 -0.111328 -0.112305 0.002960
0.031494 -0.023315 -0.156250 -0.093262
-0.024292 -0.041748 -0.152344 -0.061035
-0.014648 -0.041992 -0.056641 -0.045410
-0.004822 -0.034912 -0.072266 -0.010925
-0.253906 -0.011780 -0.102539 0.193359
0.147461 0.150391 -0.190430 0.067871
-0.034424 -0.064453 -0.086914 0.013794
0.215820 0.181641 -0.072266 0.015564
0.002731 0.038086 -0.133789 0.054932
-0.037598 -0.003235 -0.113281 -0.040283
0.037354 -0.061279 -0.043945 -0.029785
0.014893 0.104492 0.046387 0.032715
-0.016357 0.017944 0.041748 0.005341
0.114746 -0.161133 0.087402 -0.062500
0.054199 0.007996 -0.102051 -0.253906
0.036865 0.045410 0.023926 -0.111328
0.033936 -0.015198 -0.065430 -0.077148
-0.031738 -0.008789 0.107422 0.080078
-0.051270 0.003937 0.049561 0.048340
-0.000353 0.052979 0.097168 -0.010620
0.021973 -0.016479 -0.093750 0.057373
0.027588 -0.086426 0.025879 0.083496
0.015503 0.006592 -0.071289 -0.279297
0.018066 0.051270 0.003082 0.018311
0.109375 0.120117 -0.056152 0.109863
0.196289 -0.013916 -0.048584 -0.160156
-0.028564 0.012024 -0.015869 -0.045166
-0.065430 0.001480 -0.137695 0.034912
0.082031 -0.028320 -0.211914 0.146484
0.084961 0.053223 -0.155273 0.281250
-0.046875 0.051758 -0.016724 0.095215
0.029419 0.106445 -0.173828 -0.008789
0.135742 0.292969 -0.069336 0.073242
-0.172852 0.027100 0.214844 -0.057617
-0.123047 -0.078125 0.093262 -0.031250
-0.019043 0.182617 0.027588 -0.013000
0.027466 -0.073730 0.198242 -0.166016
-0.084473 -0.055176 0.112305 -0.117676
0.014893 -0.011658 0.239258 -0.053711
0.082520 0.011902 -0.002090 0.092285
-0.072266 -0.024048 0.007385 0.044434
-0.004883 0.074219 0.095215 0.146484
0.017212 0.053223 0.037598 0.037842
-0.164062 0.010681 0.032715 -0.038574
-0.226562 0.010986 0.088379 0.031738
-0.139648 0.053711 0.218750 0.018555
0.006226 0.229492 -0.004700 0.005402
0.027222 -0.075195 0.061523 0.008057
0.122559 0.015625 -0.014343 0.047607
0.040527 0.165039 0.060791 0.039795
0.048340 0.011902 -0.042480 -0.026978
-0.044189 0.049072 -0.140625 0.018555
-0.082031 0.140625 0.072754 -0.062500
-0.233398 0.184570 0.104004 0.101562
-0.028320 0.099121 -0.078613 0.150391
-0.333984 -0.084473 -0.038818 -0.183594
-0.029297 0.059326 -0.117188 0.184570
-0.089844 0.034424 0.046387 -0.125977
0.083008 -0.015747 -0.070312 -0.031250
0.170898 0.003098 0.031494 0.029419
-0.111328 -0.070801 -0.013794 -0.096191
0.016113 -0.007172 -0.061279 0.011597
0.188477 -0.073242 -0.083496 -0.107910
-0.068359 -0.001625 0.100586 -0.078125
0.068359 -0.047119 0.061035 -0.000736
0.025269 -0.076172 -0.105469 -0.037598
0.068359 -0.115234 0.135742 -0.063477
0.047852 -0.131836 -0.059082 0.097656
0.069336 0.058350 -0.068848 0.077148
0.287109 0.018433 -0.179688 -0.103516
0.263672 -0.250000 -0.153320 -0.193359
0.003632 -0.021118 -0.102051 0.027344
0.024292 0.095215 -0.060791 -0.017334
0.002518 0.031494 0.003067 -0.080078
0.137695 0.091797 -0.016724 0.016724
-0.155273 0.085449 -0.039062 0.113770
0.031250 0.132812 -0.251953 0.056152
-0.034180 0.135742 -0.107422 -0.188477
-0.027588 0.234375 0.048340 0.037842
-0.120117 0.031494 -0.010071 0.138672
-0.132812 0.176758 0.017212 0.110352
0.057861 -0.124023 0.087891 0.035889
-0.066406 0.085938 0.008911 0.111816
-0.063477 0.013794 0.076660 0.088379
0.054443 -0.113770 0.066406 -0.114746
-0.153320 -0.017456 0.005768 -0.180664
0.034668 0.008728 -0.190430 -0.200195
-0.010376 -0.079102 -0.094727 -0.040283
-0.002472 -0.059570 0.051270 0.046631
-0.033936 0.062012 -0.109375 0.122559
0.062256 0.011536 0.015076 0.043213
-0.042969 -0.042236 0.087402 0.037598
-0.012878 0.016968 -0.066406 0.082520
0.048584 -0.131836 -0.218750 -0.096191
0.043945 0.026245 -0.208008 -0.178711
0.000835 -0.019775 -0.105469 0.014954
0.081543 0.082520 0.018555 -0.146484
0.092773 -0.065430 -0.103027 -0.067383
-0.077148 -0.153320 0.042480 -0.012085
-0.019531 0.126953 0.060791 -0.063477
-0.029907 0.225586 -0.152344 0.343750
0.081543 0.016479 -0.302734 0.062012
-0.047363 0.061768 -0.210938 0.175781
0.002319 0.069336 -0.127930 0.194336
-0.042969 -0.153320 -0.048340 -0.251953
0.006622 -0.008362 0.020264 0.019165
-0.085938 0.062988 -0.032227 -0.087402
-0.008118 0.105957 -0.004181 0.243164
-0.086426 0.079590 0.087891 0.068359
0.077148 -0.072754 -0.096191 -0.209961
0.055908 -0.222656 0.049561 -0.200195
0.071777 -0.003052 0.081055 -0.228516
0.188477 -0.106445 0.012207 0.095703
-0.058594 0.114746 0.022583 -0.041748
0.050293 0.231445 0.005463 -0.089844
0.036621 0.100098 0.161133 0.020630
-0.180664 0.071777 0.178711 0.018066
-0.050293 0.013245 0.015991 -0.005798
-0.035400 -0.154297 0.063965 -0.198242
-0.123535 0.058594 0.083984 -0.126953
-0.042969 -0.115723 -0.019775 -0.122070
-0.106445 -0.145508 0.026855 -0.069824
-0.333984 0.104980 0.035156 -0.002380
0.028442 0.021729 -0.073242 -0.090820
-0.283203 0.314453 0.180664 -0.020142
0.027466 0.086426 -0.117188 0.105469
-0.291016 -0.003967 -0.053223 0.017822
-0.269531 0.060791 0.052002 -0.104004
0.020752 -0.112793 -0.078125 -0.063965
-0.060547 0.004059 0.083008 0.004700
-0.195312 0.147461 -0.273438 -0.079102
0.012268 -0.038574 -0.033447 0.003464
0.045410 0.041992 -0.013184 -0.020874
-0.026855 -0.026978 0.025879 0.026001
-0.063965 -0.070312 0.040771 0.001404
-0.032471 0.029175 -0.065430 -0.017822
0.150391 -0.019775 -0.019897 0.015869
0.012207 -0.111328 -0.083008 -0.098145
-0.057617 0.013245 -0.000366 -0.111328
