-0.051514 0.026123 0.097656 -0.087402
0.046875 -0.040527 0.037109 -0.250000
-0.027832 -0.061279 -0.076172 0.144531
0.053711 -0.051758 -0.126953 -0.021851
0.023560 -0.059326 -0.002121 -0.064453
0.024414 -0.022095 -0.015625 0.193359
0.021606 0.037842 0.021118 0.086914
-0.269531 0.005432 0.033936 0.088867
-0.009094 0.021484 0.161133 0.186523
-0.067871 -0.000656 0.051514 0.038086
-0.045410 0.011292 -0.053711 0.026367
-0.010376 -0.015137 -0.035889 -0.140625
-0.027222 -0.050293 0.023193 0.039795
0.124023 -0.060547 0.139648 -0.122070
0.040771 -0.032715 0.125977 0.163086
-0.023804 -0.005127 -0.050049 0.117188
0.162109 0.022583 0.126953 0.002869
0.032715 -0.014526 0.115723 0.001701
0.004242 0.037109 0.094727 0.028320
0.209961 -0.031250 -0.125977 0.170898
0.067871 -0.043701 0.044922 0.003555
-0.114258 0.045166 -0.136719 -0.044678
-0.004364 0.026245 0.158203 -0.058105
0.008545 0.018311 0.029541 0.092773
0.021362 0.028564 -0.044434 -0.096680
-0.190430 0.013306 -0.052002 -0.006287
-0.031738 -0.003632 0.064453 0.022827
-0.131836 -0.042236 0.007416 -0.132812
-0.003281 0.031006 -0.049805 0.006561
0.162109 0.026733 -0.091797 -0.121582
-0.029053 -0.000832 0.162109 0.066895
-0.146484 -0.051270 -0.030396 0.139648
-0.007721 0.023071 0.089355 0.098633
-0.057373 -0.006256 0.000173 0.108887
-0.030640 -0.057373 -0.001396 0.159180
-0.128906 0.013245 -0.064453 0.094238
-0.039307 0.027832 -0.020996 -0.040283
0.090332 -0.022217 0.118164 -0.361328
0.082031 -0.009521 -0.017334 0.084473
-0.033691 0.031738 0.071777 0.151367
-0.051758 -0.033691 0.211914 0.091797
0.173828 -0.026001 0.221680 0.044922
0.015198 -0.040039 0.137695 0.076172
-0.072266 0.016113 -0.072266 0.101074
0.075684 0.050049 0.093262 0.071289
0.128906 0.042480 -0.112793 -0.117676
0.031128 -0.056396 0.135742 -0.121582
0.102051 0.026855 -0.126953 -0.039551
-0.094727 -0.059082 -0.006683 -0.052979
-0.086426 -0.068359 -0.096191 0.102539
-0.066895 -0.032471 -0.014648 -0.132812
-0.153320 0.047607 -0.048584 0.095215
-0.016968 -0.002090 0.006744 0.034424
0.001869 -0.042236 -0.086914 -0.314453
0.011841 0.049805 0.172852 -0.080078
-0.085449 0.043945 -0.032959 -0.173828
0.119141 -0.038330 -0.081055 0.033447
-0.010803 0.017090 -0.120117 0.087891
0.081543 -0.019653 -0.000828 -0.099609
-0.111816 -0.038818 0.087402 0.007172
-0.011292 0.003433 0.010437 0.037842
-0.013489 -0.047852 0.047607 0.000086
0.073242 -0.031738 0.116699 -0.143555
-0.111328 -0.058105 0.097656 -0.308594
-0.015564 -0.058105 -0.045410 0.216797
0.165039 -0.010315 -0.099609 0.047852
0.096191 0.036865 0.111816 -0.023804
-0.110352 0.024414 0.048584 0.036621
0.097656 -0.032715 0.014832 -0.013245
0.038818 -0.003616 -0.007812 0.036621
0.116211 0.046875 0.174805 0.166992
-0.024048 -0.037109 0.182617 -0.115234
-0.058838 -0.065430 0.045410 0.042480
-0.111816 0.034668 -0.020996 0.086914
0.015381 0.001137 -0.026978 0.096680
-0.058350 0.033691 -0.077637 -0.034424
0.036621 0.017822 -0.106445 0.104492
0.116699 0.040283 0.075195 -0.134766
-0.168945 -0.038574 0.006744 0.161133
-0.061035 0.045166 0.042236 -0.153320
-0.026611 0.013855 -0.085938 -0.019287
-0.031128 -0.055908 -0.151367 -0.021240
0.075684 -0.011841 0.188477 0.075195
0.022217 0.022339 -0.043701 -0.111816
0.150391 -0.001038 -0.021729 -0.053223
0.084473 -0.011719 -0.001358 0.030640
0.025757 -0.010742 0.052246 -0.033936
-0.002792 -0.037842 -0.162109 0.004639
0.128906 0.004761 0.047363 0.255859
0.026733 0.005310 -0.175781 -0.023926
0.041992 -0.046875 0.226562 -0.150391
0.056885 -0.039062 -0.194336 0.057617
0.036377 -0.061279 -0.207031 -0.009216
0.136719 -0.030640 0.237305 0.060303
0.015015 0.021606 0.110840 0.117676
0.240234 -0.026855 -0.041504 0.218750
-0.107422 0.001823 0.129883 0.093750
-0.163086 0.028931 0.139648 0.030273
-0.066895 0.026855 0.058105 0.012085
-0.068848 -0.007233 0.160156 -0.234375
0.140625 -0.001030 0.079102 0.050293
-0.067871 -0.053467 -0.077148 -0.214844
0.015869 0.036133 -0.012390 -0.129883
-0.047852 0.029053 0.134766 0.065918
-0.051025 0.041992 0.062988 0.130859
-0.073242 -0.016357 0.166992 0.129883
-0.054932 -0.003555 -0.112793 -0.061279
-0.121094 -0.007111 0.084961 0.140625
0.034912 0.020386 0.198242 -0.145508
0.013855 -0.053223 -0.212891 -0.148438
0.148438 -0.044678 -0.032715 -0.063965
0.026733 -0.051514 -0.028809 -0.081055
-0.019531 -0.050537 0.068359 0.082031
-0.141602 0.000006 0.060059 0.056152
-0.111816 -0.006622 -0.013184 -0.136719
-0.156250 -0.037842 0.091797 -0.023560
0.051514 0.024414 -0.145508 0.020142
0.130859 0.034180 0.188477 -0.004913
0.130859 -0.041016 -0.117188 -0.255859
0.047852 0.031006 0.126953 0.122070
-0.172852 -0.002014 -0.106445 -0.074707
-0.225586 -0.018677 0.166992 -0.055908
0.048340 -0.018555 0.144531 0.053955
-0.134766 0.034912 -0.075684 0.139648
0.035645 0.001900 0.009399 -0.041260
-0.017822 -0.010925 -0.175781 -0.064941
-0.077637 0.059326 -0.150391 -0.314453
-0.146484 -0.010925 0.026245 0.071289
0.012024 0.036865 0.129883 -0.061768
-0.004852 -0.033691 -0.002960 -0.039795
0.127930 -0.017700 0.072754 -0.083984
-0.226562 -0.015137 -0.054932 0.046631
-0.247070 -0.034180 -0.022583 0.069336
0.082031 0.046875 -0.165039 0.096191
-0.068359 -0.034180 0.052246 -0.145508
0.071289 -0.064453 0.086914 0.063965
0.070801 -0.027954 0.119629 -0.000748
-0.000443 -0.062500 0.118652 0.002869
0.269531 0.006927 0.178711 0.235352
0.011047 0.038818 0.046631 -0.010864
-0.023193 -0.032715 -0.045410 0.012817
0.098145 -0.041992 -0.049316 0.051270
0.048096 -0.027344 0.090820 -0.196289
-0.016968 0.021973 -0.084961 0.054199
-0.057373 -0.059326 -0.097168 -0.021118
0.087891 -0.024902 0.114258 -0.057129
-0.120117 -0.014648 0.067383 0.059326
0.015198 -0.052490 0.062012 0.049805
0.031982 -0.013123 -0.001099 0.110840
-0.060547 0.047119 -0.029663 0.039062
-0.045410 -0.004395 0.046875 0.118164
-0.067871 -0.045898 -0.130859 0.183594
-0.005493 -0.023071 0.038818 -0.073730
0.159180 0.055908 0.190430 -0.120117
-0.003555 0.020386 0.085449 -0.163086
0.074219 -0.009766 0.030396 0.155273
0.157227 -0.040283 -0.072754 0.079590
-0.039307 0.025635 0.062500 -0.039551
-0.009949 -0.056152 -0.041260 -0.025513
0.057373 0.010010 0.179688 -0.165039
-0.118164 0.000725 -0.190430 0.107422
-0.039062 -0.006592 0.091309 -0.021606
0.017334 -0.040039 0.103516 0.119629
-0.029053 0.030640 0.078125 0.018433
-0.014771 -0.014771 -0.038330 -0.097656
-0.043701 -0.002518 -0.022339 0.122559
0.059814 -0.038818 0.017456 0.008667
0.033691 0.023560 -0.009583 0.005127
-0.064941 0.004913 -0.094727 -0.257812
-0.027588 -0.010254 0.089844 -0.183594
0.045654 -0.013245 -0.036621 -0.111816
-0.027222 0.045166 0.010986 -0.096191
0.025269 -0.053711 -0.071289 0.083496
-0.007294 0.051025 0.018188 -0.012573
-0.093750 0.024414 -0.011780 0.032227
-0.105469 0.014832 -0.126953 -0.014221
0.020020 -0.040771 -0.001801 -0.025024
0.113281 -0.020020 0.149414 -0.085449
0.133789 -0.052246 0.132812 -0.283203
0.031494 0.040283 -0.127930 -0.294922
-0.096680 -0.012085 0.089355 -0.176758
0.081543 -0.022949 -0.147461 -0.094727
0.114746 -0.046387 -0.038818 -0.005219
0.027344 -0.004791 -0.004700 -0.007599
-0.095215 -0.025269 0.077637 0.009094
0.078125 0.041260 -0.042480 -0.114746
0.031738 -0.026611 0.002090 -0.216797
0.073242 -0.036865 -0.061768 0.027710
0.036133 0.010254 -0.166016 0.118164
-0.061768 0.022583 -0.060059 0.010193
0.020996 -0.025757 0.024048 0.024658
0.074219 -0.015015 -0.098633 -0.253906
-0.105469 -0.017578 -0.155273 0.084961
-0.057373 0.051270 -0.067383 -0.042236
0.014771 -0.043701 0.014893 -0.173828
0.040527 0.032715 0.006561 -0.231445
-0.052734 -0.056152 0.036865 0.020630
-0.037842 0.011902 -0.044434 -0.247070
-0.017456 0.056396 -0.045654 -0.255859
-0.004852 0.034668 0.149414 -0.052734
-0.045898 0.002228 -0.133789 0.146484
0.087891 -0.048584 0.037842 0.062256
0.030518 -0.053467 0.213867 -0.212891
0.046875 -0.042969 -0.142578 -0.123047
-0.155273 0.046631 -0.005035 -0.094238
-0.119629 0.048340 0.040527 0.106445
-0.008972 -0.029663 0.091797 -0.171875
0.194336 0.033447 -0.166016 -0.141602
0.080566 -0.052246 0.049316 -0.049072
0.055664 -0.059570 0.009399 -0.046143
-0.149414 -0.006683 0.030273 -0.285156
0.093750 -0.017700 -0.077148 -0.029907
0.119141 0.023926 0.049561 0.045166
0.168945 -0.040039 0.139648 -0.048096
-0.016479 0.025879 0.099609 -0.230469
0.042725 0.048340 0.004913 -0.225586
-0.049072 -0.013550 0.058594 -0.011047
-0.083984 0.014832 -0.173828 0.015442
0.069336 0.043457 -0.022339 -0.076660
-0.298828 0.029907 0.030273 -0.153320
-0.014526 0.048828 0.075684 -0.058350
-0.016479 0.014893 0.044922 -0.037598
0.038330 -0.044189 -0.157227 0.113281
-0.244141 0.040527 0.026855 -0.083496
-0.006805 -0.064941 0.002151 -0.039551
0.111816 -0.014465 0.190430 -0.060791
0.100098 0.035156 -0.058105 -0.035156
-0.071289 -0.035156 -0.008057 0.133789
0.044922 0.022095 0.100098 -0.000961
0.035889 -0.055176 -0.003830 0.073242
0.154297 0.019409 0.091309 -0.062256
-0.072754 -0.001663 -0.013000 0.129883
0.004822 -0.038330 0.028320 0.043945
0.047607 -0.062500 -0.017334 -0.177734
0.017090 0.012878 0.116211 0.036865
-0.074219 -0.010742 -0.001549 0.150391
0.007935 -0.071777 -0.111816 -0.000721
-0.076172 -0.001167 0.044678 0.018311
-0.160156 -0.009766 -0.085938 -0.048584
-0.092285 0.044189 -0.233398 0.141602
-0.024658 -0.017334 0.022461 -0.087891
-0.075195 0.007050 -0.100586 -0.110352
-0.031738 0.030151 -0.062012 -0.143555
-0.099121 0.055420 0.121094 0.222656
-0.043945 0.014832 -0.098145 -0.120605
-0.088379 0.043945 0.009033 0.059814
0.072754 -0.058838 -0.092773 -0.070312
-0.109863 -0.019531 0.089355 0.182617
0.008362 -0.062256 -0.012329 0.005432
0.030518 0.031006 -0.101562 -0.055664
-0.021240 -0.057373 -0.092773 -0.100098
-0.016479 0.027344 0.029541 0.116699
-0.115234 0.035889 -0.037598 -0.141602
-0.065430 0.015869 -0.032227 0.015625
-0.062256 0.000307 0.092773 -0.109375
0.021973 -0.025757 0.135742 -0.082520
0.016846 -0.030273 0.018799 0.062256
-0.063477 -0.033691 0.017700 -0.007019
0.066406 -0.003525 0.015991 -0.148438
-0.071289 0.028564 -0.099121 0.131836
0.176758 -0.005524 -0.059570 -0.160156
-0.007477 -0.041992 -0.043213 0.001251
-0.012695 0.032959 -0.191406 0.020508
0.025879 -0.010376 -0.306641 0.012573
0.020752 -0.060059 0.029175 -0.039795
-0.063477 0.010376 0.122070 -0.026733
-0.154297 -0.051270 -0.167969 -0.025146
-0.090820 -0.064941 0.081055 -0.107910
0.025146 0.011963 -0.133789 -0.131836
-0.016357 -0.068848 -0.022705 -0.109863
-0.048340 -0.051514 0.000017 0.016113
-0.032715 0.023438 0.116699 0.044922
0.025635 -0.040039 -0.011719 0.059814
0.061768 0.014648 -0.019287 -0.026489
-0.047607 0.012146 -0.095215 0.271484
-0.227539 -0.000706 0.203125 -0.212891
-0.092773 0.023315 -0.267578 0.198242
-0.035889 -0.057373 0.052002 -0.041260
-0.172852 -0.055420 -0.136719 0.189453
-0.063477 -0.019043 0.238281 -0.111816
0.043945 -0.045654 -0.035400 0.052002
-0.011841 -0.023315 0.236328 0.074707
0.210938 -0.058838 -0.110840 0.168945
-0.079590 -0.001793 0.009277 0.052979
0.052002 -0.063477 0.044189 0.190430
0.019531 0.031982 -0.013733 -0.021729
0.084961 0.030151 -0.144531 0.015747
-0.116699 -0.044189 -0.090820 0.054443
-0.007050 -0.023193 -0.111328 -0.184570
0.041016 0.017090 0.028564 -0.037354
0.083008 0.045410 -0.013123 0.069336
-0.128906 0.051514 -0.104492 0.058105
-0.150391 -0.033447 0.018311 0.150391
-0.017456 -0.051025 0.123047 0.019897
-0.066406 -0.051514 0.115234 0.044678
-0.005493 0.038086 0.027588 0.132812
-0.005890 -0.065430 -0.006714 0.002243
0.057617 0.017578 0.110840 0.040771
0.151367 -0.061279 0.189453 0.019043
0.000391 0.054199 -0.113770 0.015442
-0.007996 0.029297 -0.050293 -0.015625
0.009399 -0.028564 0.097656 -0.023926
0.085449 -0.009216 0.190430 -0.179688
0.078613 -0.005676 0.112793 0.059570
0.052979 0.049805 -0.053467 0.023804
-0.006531 0.043945 0.065430 0.160156
-0.049072 -0.001823 -0.086914 0.007141
0.075684 -0.051025 0.038574 0.043213
-0.144531 0.011658 0.074219 0.122070
0.141602 0.046387 0.020508 0.116211
-0.092773 -0.008789 -0.031494 -0.052002
0.175781 0.052002 0.002411 -0.098145
-0.173828 -0.009766 0.049805 0.029297
0.018066 0.000851 0.042480 -0.063477
0.039062 -0.028076 -0.065430 -0.000071
0.060059 0.040771 0.023560 -0.014404
0.003143 0.052246 -0.048584 0.119629
-0.021484 -0.063965 -0.127930 0.069824
0.037598 -0.010986 0.000690 -0.147461
-0.041504 -0.011719 0.001068 0.153320
0.022705 -0.002075 -0.155273 -0.010376
0.057861 -0.016235 -0.103516 0.010315
0.146484 0.025879 0.149414 -0.126953
-0.061523 -0.043945 0.002136 -0.029419
0.193359 0.007233 0.145508 -0.000515
0.113770 -0.017822 -0.033203 -0.107422
0.126953 0.040283 0.098145 -0.273438
0.122559 0.023682 -0.103516 -0.039062
0.011230 -0.022339 -0.033691 -0.020630
0.098633 -0.062988 0.259766 0.015991
0.076172 0.033203 -0.063477 -0.113281
-0.054688 -0.041748 0.136719 -0.009094
0.060547 -0.002609 -0.075195 -0.203125
0.048340 -0.061523 0.083496 -0.010986
0.045166 -0.010742 -0.002548 -0.251953
-0.027466 -0.050049 0.050293 -0.058838
-0.173828 0.010864 0.050781 0.178711
0.089355 0.008972 0.204102 0.070312
-0.018188 -0.001343 -0.121094 -0.069824
0.035156 0.021118 0.151367 -0.145508
-0.104980 -0.003540 -0.082520 -0.234375
-0.001617 -0.011414 -0.119141 -0.041504
0.065430 0.019653 -0.025513 -0.172852
0.070801 -0.011475 0.134766 0.036133
-0.032471 0.023193 -0.002029 0.047852
0.133789 -0.021118 0.042480 0.047607
-0.153320 -0.024902 0.011353 0.027710
0.062256 0.002563 -0.000675 -0.183594
-0.001251 0.050781 0.178711 -0.136719
0.109863 0.017700 0.178711 0.167969
0.037842 -0.018555 0.003784 -0.324219
0.083496 -0.020020 0.039795 0.027954
-0.049805 0.047607 -0.206055 0.055420
0.166992 0.038086 -0.208984 0.197266
0.001045 0.045898 -0.054688 0.058838
-0.006775 -0.039795 0.206055 0.019287
0.065430 -0.017944 0.164062 -0.095215
0.168945 -0.049316 0.083496 0.007111
0.015625 -0.056885 -0.126953 -0.363281
0.146484 0.040039 -0.033203 0.281250
-0.091309 0.049805 -0.200195 0.021606
0.134766 -0.047363 -0.016602 -0.118164
0.020996 0.045410 -0.076172 -0.058594
0.017212 -0.018921 -0.005157 -0.021729
-0.300781 -0.048340 -0.015564 -0.043945
0.015625 0.013367 0.015076 0.193359
-0.012817 0.009033 -0.169922 0.104004
-0.033447 0.038574 -0.096680 0.159180
0.019165 -0.018677 -0.051025 0.036377
0.166016 -0.036133 0.058838 -0.084961
-0.011475 -0.030518 0.012634 -0.009094
0.023071 -0.018433 0.022705 -0.036865
0.039795 0.051758 -0.118652 0.152344
0.065430 0.012939 0.156250 0.070801
0.006409 0.037598 0.228516 -0.098145
-0.016479 -0.000954 -0.060547 0.060547
-0.003967 -0.033447 0.047363 0.011353
-0.018555 -0.001740 0.107422 -0.034912
0.119629 -0.043457 -0.062500 0.026733
0.030273 0.012817 0.036621 0.064941
0.090332 -0.025513 -0.070801 0.079590
0.171875 -0.058594 0.105469 0.033447
0.063477 -0.053467 0.068848 -0.142578
-0.150391 -0.023682 -0.146484 -0.117188
-0.002426 0.010803 -0.017578 0.033447
-0.017090 0.014465 -0.206055 -0.294922
-0.166016 -0.050049 -0.061523 -0.033691
-0.048828 0.017822 0.025269 -0.092773
-0.157227 -0.000519 0.062256 0.135742
-0.035400 0.001152 -0.111328 0.168945
0.056152 -0.001801 -0.157227 -0.115723
0.031738 -0.005646 0.013794 0.092285
-0.080078 -0.022583 0.050537 -0.007629
0.132812 -0.051025 -0.136719 -0.059326
-0.165039 0.036621 -0.043457 -0.070801
-0.012085 -0.053223 -0.042480 -0.080566
-0.013855 -0.050049 0.125000 0.137695
0.058105 0.043701 0.013916 0.050049
-0.023315 -0.059814 -0.145508 -0.089355
-0.065430 -0.027588 -0.046143 -0.128906
-0.105469 0.026855 -0.150391 0.029297
0.052734 -0.050781 0.205078 -0.180664
0.006561 0.021240 0.029175 -0.056885
0.017456 -0.013550 -0.019409 0.018433
0.048584 0.044434 0.063477 -0.000075
-0.029663 0.010742 -0.037109 0.345703
-0.006500 -0.055664 -0.094727 -0.226562
-0.057129 -0.035156 0.033447 -0.093262
-0.019653 -0.013062 0.289062 -0.006287
-0.046631 0.042236 -0.205078 -0.251953
-0.134766 0.025635 -0.096680 0.053223
-0.074219 0.039795 0.010803 0.005280
-0.201172 0.004700 0.044189 -0.030029
0.067383 -0.002563 -0.100586 -0.083984
0.086914 -0.006195 0.065918 -0.008667
-0.023560 -0.011780 0.060059 -0.120605
0.070312 -0.010803 -0.065918 -0.125977
0.121582 -0.002090 -0.095703 0.189453
-0.115234 0.042236 -0.112793 0.157227
-0.084961 -0.067871 -0.012512 0.049072
-0.153320 -0.000839 0.186523 -0.341797
0.065918 -0.021484 0.061523 -0.154297
0.139648 0.030273 -0.073242 -0.192383
-0.053955 0.032227 -0.011597 0.092285
-0.017090 -0.040527 0.049805 0.082031
0.107910 -0.051514 -0.044434 0.073242
0.217773 0.011658 0.041992 0.072754
0.124023 -0.043945 -0.008118 0.005554
-0.078125 -0.059570 -0.019409 -0.124512
0.086426 0.037109 -0.061035 -0.057617
-0.024536 -0.028076 -0.006592 0.013245
-0.049805 0.010254 -0.019287 0.134766
0.008423 -0.007996 -0.125000 0.245117
-0.023804 -0.008179 0.063965 0.084961
-0.142578 -0.016602 -0.010986 0.076172
-0.080078 -0.045898 -0.092285 0.108887
0.115234 -0.038574 -0.285156 0.085938
-0.037354 -0.012878 -0.101562 -0.017212
0.050049 -0.036133 0.122559 0.033936
-0.025879 -0.008667 0.029175 -0.086426
0.096191 -0.050293 0.039062 -0.085449
-0.058350 -0.051270 -0.016846 -0.011353
-0.020142 0.002853 -0.099121 0.088379
0.048340 0.022949 0.094238 -0.032715
0.128906 -0.026123 0.024780 0.010742
0.131836 -0.020508 -0.081543 0.055176
-0.066406 0.054443 0.092773 0.025757
0.064453 0.018433 0.075195 0.037109
-0.059326 -0.016602 0.106445 0.146484
0.039062 -0.054443 0.045410 0.023926
0.045654 0.032227 -0.048096 0.056396
0.060059 0.028442 0.025391 -0.129883
-0.131836 -0.030762 -0.273438 0.002533
-0.013000 -0.001747 -0.206055 0.057129
0.086426 -0.060791 0.249023 0.092773
0.077148 -0.054688 0.039307 0.047607
0.123535 -0.047363 -0.026123 -0.024902
-0.082520 0.021729 0.050293 0.113770
-0.101074 -0.040039 0.076172 0.137695
0.063477 0.008362 0.053223 -0.010437
0.132812 -0.010315 -0.032227 -0.017334
0.024780 0.047607 -0.068848 0.015869
0.107910 0.001495 -0.034424 0.038086
-0.046875 -0.052490 0.025757 0.022095
-0.004700 -0.004089 0.055664 -0.215820
0.034424 -0.012207 -0.062988 -0.044434
0.043457 -0.055664 0.096680 0.075195
0.021973 -0.062988 0.026001 -0.003906
-0.057129 0.029785 0.132812 -0.029541
-0.078613 0.016113 -0.084473 -0.050049
0.127930 0.030762 -0.061523 -0.155273
-0.039062 -0.046387 0.023682 -0.026001
0.006317 -0.045410 -0.028809 -0.051025
-0.084473 0.034912 0.099121 0.059814
-0.058350 0.026489 0.171875 0.080078
0.003616 -0.004944 0.010864 -0.170898
-0.122070 -0.006836 -0.157227 0.012207
0.026001 -0.059570 -0.149414 -0.089844
-0.080078 0.025757 0.069336 0.142578
0.049561 -0.031982 0.054932 -0.012878
0.125977 0.001022 -0.071289 -0.259766
0.048584 -0.034424 -0.066406 -0.058105
-0.041992 -0.032471 0.105957 -0.165039
-0.032471 -0.018066 0.113281 0.043213
-0.030151 -0.019043 -0.027222 -0.052734
0.045654 -0.027954 0.137695 -0.106445
-0.090820 -0.040283 -0.067383 -0.029663
-0.069336 -0.046143 -0.020630 -0.024902
-0.020874 0.052246 -0.014221 -0.216797
0.039551 0.033936 0.166992 0.039307
0.002792 -0.052490 0.071289 -0.019409
0.068848 0.009338 0.076660 -0.147461
-0.088867 -0.059082 0.032715 -0.001907
-0.079590 0.030518 -0.077148 -0.109863
0.062500 0.054688 -0.083496 0.006653
-0.020508 0.044189 -0.081543 -0.027466
-0.068848 -0.056152 0.075684 -0.066895
0.073242 -0.059326 0.222656 -0.147461
0.172852 0.015991 0.146484 0.083984
0.034912 -0.038086 0.098633 0.108398
0.104004 -0.066895 -0.054443 0.077148
0.016113 -0.053223 0.116699 -0.090820
0.000368 -0.069336 -0.019165 0.147461
0.049561 -0.019531 0.010315 -0.004181
-0.002441 -0.007324 -0.058838 -0.011108
-0.104980 -0.064453 0.017212 0.008728
-0.320312 0.050049 -0.085938 0.015259
-0.085938 0.002670 -0.237305 -0.156250
-0.156250 -0.033936 -0.126953 -0.050049
-0.104004 -0.066406 -0.030640 -0.174805
-0.073242 -0.063477 -0.003647 -0.006317
-0.110840 -0.020752 0.083984 -0.090820
-0.057129 -0.000526 -0.028809 -0.058105
-0.119141 -0.014404 -0.054199 0.074219
0.100098 0.011780 -0.143555 -0.068359
0.066406 -0.021851 -0.128906 0.116211
-0.052734 -0.029785 0.079590 0.091309
-0.102051 -0.025024 -0.096680 0.006378
0.075195 -0.051270 0.025513 0.086914
0.020386 -0.050293 0.064453 0.106445
0.021729 0.022095 0.001610 0.084473
-0.065918 0.000479 0.035889 -0.037598
0.069336 -0.001228 -0.099121 0.022827
0.036865 0.050049 -0.025513 0.062256
0.013367 0.015259 0.016724 0.102051
0.051514 -0.056396 -0.092773 -0.031128
0.103516 -0.013611 0.157227 0.000049
0.014038 0.029297 -0.042480 0.166016
0.029419 0.020630 -0.209961 -0.070801
-0.230469 -0.044922 0.095703 0.107422
-0.100098 -0.019409 0.157227 0.131836
-0.189453 -0.011292 0.095703 0.048096
-0.102539 0.008484 -0.150391 0.065430
-0.289062 -0.052490 0.018677 0.127930
-0.145508 0.030029 0.017578 0.042725
-0.246094 0.038574 -0.092773 0.035156
0.054688 -0.002899 -0.157227 -0.229492
0.091797 -0.040527 0.052002 0.040283
-0.150391 0.027588 0.082031 0.081543
-0.017334 0.008057 0.001236 0.267578
0.105469 0.026489 0.070801 0.080566
-0.158203 -0.002441 0.017090 0.102051
0.036865 -0.049561 -0.042725 0.088867
-0.037842 -0.014526 -0.064941 0.035889
0.087891 0.045410 0.095215 -0.159180
-0.008789 -0.049316 0.137695 0.037109
-0.084473 0.007935 -0.086914 0.102051
-0.086426 -0.061279 0.020752 0.052246
-0.073242 0.019653 0.113770 -0.041016
0.083984 0.014771 -0.105957 0.031738
-0.030396 0.032471 0.051270 0.045166
0.016602 -0.063477 -0.040771 -0.065430
0.034424 0.031128 -0.143555 -0.196289
0.021851 -0.063477 -0.005829 -0.257812
-0.089844 0.043457 0.243164 0.014709
-0.106934 -0.005066 0.055664 -0.029175
-0.079590 0.009705 -0.000385 -0.244141
-0.080566 -0.018799 -0.110840 0.181641
-0.125977 -0.061279 -0.091309 -0.064941
-0.063965 0.011169 -0.133789 -0.084473
-0.124512 0.022217 -0.002563 0.188477
-0.024780 0.009094 0.082520 -0.062988
-0.087402 -0.059082 0.087891 -0.119629
-0.152344 0.043701 0.143555 -0.133789
-0.002930 0.045654 0.054443 -0.061768
-0.120117 0.023926 0.017334 -0.009216
0.059570 -0.034180 0.083496 -0.045410
-0.122559 0.034668 0.025879 -0.039795
-0.026855 0.044434 0.120605 0.107910
0.025879 0.016235 0.136719 0.067383
-0.135742 0.047363 0.041992 -0.153320
-0.083984 0.001251 0.030518 0.083496
-0.002762 0.006653 0.176758 0.052002
0.108887 0.013367 -0.148438 0.169922
0.022217 -0.024048 0.054932 -0.020752
-0.103027 0.026489 -0.015503 0.097656
-0.087891 0.000683 -0.083008 0.042480
-0.031738 -0.089355 -0.043945 0.167969
-0.032227 -0.020264 0.022095 -0.165039
-0.179688 0.125977 -0.087891 -0.006592
-0.088379 -0.056152 -0.036133 0.039795
0.102051 -0.093262 -0.042480 -0.137695
-0.095703 0.087891 0.071777 -0.155273
-0.042480 0.146484 -0.006500 0.108887
-0.120117 -0.070801 -0.048096 -0.119629
-0.036621 -0.101074 -0.107422 -0.048340
-0.195312 0.030884 0.055176 -0.067383
-0.012451 0.125977 -0.067383 0.122070
0.035400 -0.021118 0.014404 0.015991
0.013550 -0.084961 -0.072266 0.090820
-0.217773 -0.012817 0.092285 -0.083008
-0.025757 -0.053467 0.013123 -0.063477
-0.112305 -0.025635 0.020020 -0.044678
0.008240 0.112793 0.052734 -0.172852
-0.174805 0.040039 0.003906 0.188477
-0.034912 -0.079590 -0.052246 0.087891
-0.104004 0.053955 0.003418 0.046387
0.195312 -0.025879 -0.047852 -0.204102
-0.201172 -0.032227 -0.058594 0.224609
-0.051025 0.004730 0.053223 -0.088867
-0.033691 -0.089355 -0.015259 -0.122559
-0.179688 -0.044678 -0.057129 0.175781
0.067383 -0.102539 -0.069336 0.049561
-0.001213 0.085938 -0.083008 -0.114258
0.000141 0.010742 0.033936 -0.004303
0.016846 -0.025146 -0.039062 -0.007202
0.002716 -0.031250 -0.043457 -0.097656
0.076660 -0.054443 0.031738 -0.061035
-0.128906 -0.153320 0.032471 0.053711
-0.154297 -0.006927 -0.011658 0.078613
0.029175 -0.072266 -0.110352 0.012573
0.018677 -0.116699 0.025146 -0.016602
-0.007446 0.057373 0.046875 -0.005829
0.074707 0.158203 -0.051025 -0.053955
-0.183594 -0.043701 -0.027832 0.006989
0.199219 -0.019897 0.075195 -0.122070
-0.158203 0.037109 -0.063965 -0.089844
-0.060303 -0.043213 0.057129 -0.123535
0.231445 -0.139648 0.005219 0.044922
0.030273 0.023926 -0.076172 0.009521
-0.023193 -0.038330 -0.031128 0.044922
0.175781 0.019775 -0.040039 -0.056641
0.077148 -0.082520 -0.076172 -0.035645
0.044678 -0.012878 0.013733 0.074219
-0.009033 -0.137695 -0.028198 0.011841
-0.069336 -0.001190 0.031982 -0.019775
0.066406 0.092773 -0.066406 0.081055
-0.039062 0.029175 -0.057861 -0.279297
0.000418 0.070801 -0.005646 -0.004059
-0.130859 0.018311 -0.050293 -0.129883
0.165039 0.003815 -0.029541 0.214844
0.232422 -0.102539 0.021118 -0.148438
0.018799 -0.058350 0.007935 -0.009888
0.124512 -0.106934 -0.015747 -0.053467
0.030762 0.090332 -0.035400 -0.017334
-0.140625 -0.083008 0.030273 -0.111328
0.018921 0.060547 0.022095 -0.027588
0.081543 -0.037109 -0.061035 0.044189
0.139648 -0.027222 -0.008606 -0.058350
0.050781 -0.009399 0.013184 0.016113
0.073242 0.026611 -0.030884 -0.098633
0.021851 -0.240234 -0.002426 0.007935
-0.015991 0.079102 0.121094 -0.223633
-0.127930 -0.113770 -0.072754 -0.170898
0.013489 0.036865 -0.040771 -0.065430
0.091797 -0.023926 -0.010620 0.077148
0.108887 0.123535 0.048584 0.001602
-0.016968 -0.118164 0.021851 0.035889
-0.072266 0.198242 -0.001007 -0.106445
0.009949 0.121094 -0.006378 -0.259766
-0.113281 0.008484 0.008423 -0.021484
-0.116211 0.044678 -0.037598 0.093750
-0.130859 0.024414 -0.029297 0.014160
-0.007446 0.016357 0.010803 0.168945
-0.029907 0.015503 0.022217 0.035645
-0.251953 0.016357 -0.104004 0.145508
-0.082520 0.052979 0.009949 0.032959
-0.103027 0.083008 0.053711 -0.085449
-0.074707 -0.070312 0.081543 0.050293
-0.021973 0.022827 -0.036377 0.003357
0.022095 0.003464 -0.044434 0.031494
0.068848 -0.073242 0.026978 0.040771
0.120117 0.096191 -0.030762 0.132812
-0.021851 -0.203125 -0.028320 0.132812
-0.171875 -0.182617 -0.002625 0.099121
-0.105957 -0.296875 0.058350 0.133789
-0.222656 0.148438 -0.021240 0.152344
-0.067871 -0.159180 -0.016602 -0.101562
0.029541 -0.239258 -0.003998 -0.209961
-0.020386 0.152344 0.001450 -0.037109
-0.060791 -0.050781 -0.015564 0.022095
-0.071289 0.104004 0.155273 -0.332031
0.075684 0.028198 -0.011902 -0.051270
-0.008606 -0.014832 -0.032471 -0.083984
0.089844 0.034912 -0.031982 -0.004913
-0.003433 -0.025269 -0.029663 -0.082031
-0.121582 0.053955 -0.034180 -0.008301
-0.123047 0.102539 0.030518 0.064453
0.120117 -0.060791 0.017456 0.087402
-0.103027 -0.139648 0.011841 0.044434
0.083008 -0.102051 0.014587 0.009766
-0.004517 -0.153320 -0.008423 -0.113281
-0.153320 -0.036377 0.017822 -0.057373
0.057861 0.064453 -0.011963 -0.048340
-0.061279 -0.073242 -0.057129 0.086426
0.054932 0.026733 -0.015198 0.152344
0.032959 0.119141 0.053711 0.012024
-0.017822 0.002548 -0.007233 0.019775
0.125000 0.047852 0.029663 0.165039
0.038818 -0.131836 -0.019409 0.013672
0.047852 -0.070312 -0.094727 0.031250
-0.172852 0.087891 -0.110840 -0.193359
-0.089355 -0.083984 0.010193 -0.052734
0.016235 0.002106 0.027222 -0.093262
0.104004 -0.039307 0.059814 0.055420
-0.065918 0.045654 0.084473 -0.036865
-0.055908 -0.019165 -0.066406 0.093750
0.185547 0.069336 0.015503 -0.060791
0.058105 -0.074707 -0.091797 0.092773
0.021240 0.129883 -0.083984 -0.211914
-0.027222 0.130859 -0.052246 -0.180664
0.059570 0.076172 -0.031494 0.100586
0.008606 -0.096191 -0.053467 -0.052490
-0.119141 -0.064453 -0.037842 -0.034424
-0.139648 -0.057129 0.053711 -0.060303
-0.083496 0.039307 0.024658 0.088379
0.050781 0.046631 0.063477 -0.057129
-0.030273 0.057617 -0.065430 -0.039307
0.149414 0.202148 -0.015137 0.009583
0.021240 -0.119629 -0.064453 0.017822
0.022095 -0.064453 -0.063477 0.003021
0.054932 -0.099121 -0.017334 -0.077637
0.005524 0.014160 -0.036865 -0.127930
-0.112305 -0.076660 0.020996 -0.269531
0.156250 0.070801 0.011658 0.117188
-0.250000 -0.022339 -0.064453 -0.166992
0.068848 0.068359 -0.046387 0.051270
-0.033447 -0.173828 -0.045166 -0.012512
-0.128906 -0.099121 -0.030396 0.031738
0.008667 -0.207031 0.070312 0.056396
0.017822 0.155273 -0.066895 0.023438
0.020752 -0.142578 -0.047363 0.098145
-0.018677 0.028320 -0.034668 0.066895
0.091797 0.001892 0.010864 0.042725
-0.003571 -0.119141 -0.059326 0.159180
-0.005524 0.087891 -0.037354 -0.213867
0.018677 0.057617 -0.001701 0.037109
-0.029175 -0.095215 -0.064453 0.041748
0.042480 0.131836 0.029175 0.050293
0.161133 -0.155273 -0.058105 0.042480
0.025391 -0.069336 -0.032959 0.146484
-0.092773 0.060547 0.018799 -0.050781
-0.046387 0.006378 0.013794 0.097168
-0.242188 0.066406 -0.055420 0.114258
-0.164062 0.096191 -0.077148 -0.012695
0.064453 0.067871 -0.013062 0.020508
-0.059570 -0.010376 0.021973 -0.047852
0.056641 0.070312 -0.008057 -0.147461
-0.033203 -0.053223 -0.011353 -0.082031
-0.040527 0.165039 -0.088867 0.090332
-0.055664 -0.333984 -0.003876 -0.153320
-0.119629 -0.091309 -0.028687 0.023804
-0.189453 -0.070312 -0.016357 0.112305
-0.040283 0.118652 0.004272 0.008789
0.030518 -0.150391 -0.051270 0.287109
-0.010315 -0.115234 0.008850 0.100586
0.237305 -0.007080 -0.027832 0.084473
0.134766 0.168945 -0.017944 0.076172
-0.034180 0.005707 -0.037354 -0.007507
0.094727 0.150391 -0.062988 0.017822
0.081055 0.041016 -0.027344 0.032227
0.022583 0.095703 -0.015198 0.010742
0.021729 -0.061523 -0.001541 -0.142578
0.062500 0.028687 -0.050781 -0.023438
0.132812 0.247070 -0.049316 -0.046387
0.034424 0.060791 -0.015625 0.080566
-0.085449 -0.045654 -0.025146 -0.071289
-0.007996 0.029785 -0.047607 -0.018677
-0.062012 -0.068359 0.033936 -0.016602
0.002594 0.074707 -0.060303 -0.082031
-0.024658 0.065918 -0.064453 -0.085449
0.077637 0.039551 -0.035400 -0.063477
0.064453 0.038818 -0.024658 -0.012695
-0.008301 -0.003525 -0.015137 0.071289
-0.108398 -0.082031 -0.067383 -0.022095
0.007721 0.019409 0.041748 0.098145
0.004211 -0.029785 0.030273 0.104492
-0.107910 -0.146484 0.063477 0.089844
-0.221680 -0.004028 0.012634 -0.220703
-0.000161 -0.151367 -0.023071 0.115234
0.024170 -0.150391 -0.054443 -0.064941
0.007812 0.096191 -0.021606 0.041260
0.031494 0.125977 -0.057129 -0.134766
-0.078613 0.054688 -0.066406 0.037598
0.036865 -0.210938 -0.006042 -0.022583
0.173828 -0.077637 -0.048340 0.040771
0.101074 0.021240 0.003555 0.033203
0.101074 -0.040527 -0.011841 0.134766
-0.030884 -0.042236 -0.047363 -0.037598
0.053711 -0.112305 -0.003326 0.054443
0.149414 0.108398 -0.034912 0.039307
-0.050049 -0.066895 -0.065918 0.116211
0.096680 -0.130859 -0.055908 -0.149414
0.149414 -0.147461 -0.073242 0.032227
-0.054199 -0.134766 -0.030762 -0.102539
-0.098145 -0.058838 -0.066406 -0.016602
-0.098145 -0.094727 -0.056396 -0.001007
0.111816 -0.046387 0.014832 -0.038818
-0.128906 0.094238 0.014832 0.196289
0.085938 -0.031250 -0.053223 -0.105957
-0.002380 0.097168 -0.053223 -0.121094
-0.019409 -0.188477 0.044922 -0.054688
-0.015991 0.017334 0.021851 -0.048340
-0.132812 0.020630 0.042480 -0.139648
-0.095215 0.225586 0.013550 0.150391
-0.120605 0.094727 -0.051514 -0.058105
-0.032471 0.060303 0.015076 -0.083984
-0.058594 0.116211 -0.032959 -0.114746
-0.125977 -0.065430 -0.010681 -0.136719
-0.129883 -0.109863 -0.006836 -0.022583
0.016113 0.065918 -0.002701 0.003143
-0.070312 0.084961 0.068359 0.041016
-0.111816 -0.184570 -0.058838 0.068359
-0.111328 -0.104004 0.056152 0.018066
0.015076 -0.083496 0.021851 0.120117
-0.030884 0.055420 -0.061523 0.033936
0.015015 -0.145508 0.013184 -0.044189
-0.128906 -0.005005 -0.012024 -0.103027
0.010437 0.004913 0.015137 0.012207
-0.131836 -0.188477 -0.060547 0.034912
0.105957 0.106934 0.061768 -0.185547
-0.068848 -0.227539 0.004547 -0.056152
0.083984 0.060791 -0.057861 -0.118164
-0.099121 0.093262 -0.037842 0.013184
0.093262 -0.003448 -0.037842 -0.086426
-0.052490 -0.124023 0.000797 -0.250000
0.010620 0.019287 -0.011047 0.045654
0.063965 0.000093 0.002106 -0.163086
-0.095215 0.060059 -0.079102 0.166016
0.119629 -0.186523 0.012573 -0.080078
-0.073730 0.038574 -0.048828 0.131836
0.072754 -0.028442 0.042969 -0.063477
-0.172852 -0.155273 0.009460 0.016113
-0.172852 -0.058350 -0.092285 -0.124512
0.053955 0.065918 0.023682 0.050537
-0.034912 -0.090332 -0.081055 -0.034180
-0.079102 -0.045410 -0.028809 0.136719
0.103516 -0.179688 0.139648 0.042236
-0.001099 0.000744 -0.062500 0.166992
0.077148 0.079102 0.029785 0.013428
0.027222 0.010315 0.020386 0.034668
-0.024658 0.076660 0.007812 -0.132812
0.019775 0.033447 -0.043701 -0.018433
0.063477 -0.115723 -0.107422 -0.052490
0.018799 0.157227 0.029175 -0.118164
0.052002 -0.085449 -0.053955 0.023193
0.166992 0.068848 -0.008545 -0.004639
0.024292 0.105957 -0.047119 -0.030762
-0.062012 0.057373 -0.010254 -0.022827
-0.129883 -0.108398 0.009399 -0.216797
-0.001770 0.064453 -0.014099 0.050781
0.013184 0.022827 -0.013916 -0.002106
-0.039551 -0.043945 -0.029297 0.097168
0.028442 -0.085938 -0.057617 -0.179688
-0.096191 -0.156250 -0.050049 0.005463
-0.070312 -0.083984 -0.043457 -0.010010
-0.152344 0.068359 -0.000713 -0.197266
0.013367 -0.017456 -0.013611 -0.097656
-0.047363 0.070801 -0.008972 0.007874
-0.071289 -0.113770 0.005066 0.064453
0.063477 0.049805 -0.085449 0.152344
-0.054443 -0.088867 -0.028809 -0.187500
0.108398 -0.178711 0.019409 0.137695
-0.076172 -0.065430 -0.022095 -0.019043
0.126953 0.022827 -0.074707 -0.062256
-0.041016 0.077637 -0.031250 -0.094238
-0.059082 -0.014099 -0.016113 -0.006073
-0.055664 0.091797 0.089355 -0.179688
0.067383 -0.006287 0.059082 0.050293
-0.067871 -0.054688 -0.063965 -0.142578
0.053711 0.013733 -0.073730 0.042480
-0.073730 -0.083008 0.001114 -0.028442
-0.000877 0.003998 -0.051514 0.016113
-0.265625 -0.055908 -0.104004 0.124023
-0.042480 0.073242 -0.010315 0.148438
-0.217773 0.025024 0.076172 0.151367
-0.002533 -0.122070 0.018066 -0.114746
-0.014648 -0.064941 -0.019531 -0.184570
-0.051270 0.070801 0.015015 -0.032471
-0.023560 0.093262 -0.027588 -0.132812
0.055664 -0.038330 -0.053467 0.035889
-0.114746 0.174805 0.047119 -0.080566
-0.136719 -0.166992 -0.030518 0.106445
-0.010315 -0.166016 0.014648 -0.064453
-0.026367 -0.000881 -0.071289 0.085938
-0.109375 0.055176 0.036377 -0.052002
0.006775 0.054688 -0.068848 -0.035400
-0.217773 0.043701 0.018433 0.138672
0.067383 -0.023438 0.015015 0.035645
-0.156250 -0.105469 0.012146 -0.031494
0.006653 0.040771 -0.070312 -0.250000
-0.233398 0.120605 -0.011902 -0.072266
0.102051 0.012573 0.028198 -0.130859
-0.112305 0.054199 0.033203 0.115723
-0.000389 -0.036377 -0.036621 -0.082031
-0.150391 0.001122 -0.085449 0.058594
-0.043213 -0.013428 -0.059326 -0.000648
-0.095215 0.146484 -0.026855 0.222656
-0.107422 -0.055176 -0.034180 0.116699
-0.052246 -0.047852 -0.050049 -0.048340
-0.158203 -0.066895 -0.062500 -0.053467
-0.055908 -0.045654 -0.127930 -0.033936
0.050049 -0.104980 -0.017334 -0.004272
0.078613 0.044189 -0.011047 0.042969
0.104492 0.016846 0.039795 0.110840
0.154297 0.043701 -0.043701 -0.064941
-0.004395 0.111816 -0.022461 0.036865
0.100586 -0.023315 0.073730 -0.057617
0.001732 0.029297 -0.030029 0.160156
-0.113770 -0.227539 -0.057861 -0.157227
-0.039062 -0.028198 0.019043 -0.078613
-0.056396 -0.092285 0.066895 -0.004913
0.076172 0.096191 -0.034424 -0.003754
-0.026611 -0.060303 0.072266 0.039062
-0.135742 0.110840 -0.053223 -0.267578
-0.253906 0.012634 -0.037109 -0.017212
0.112793 -0.015259 -0.065918 -0.022095
-0.166016 -0.318359 0.037598 0.001114
0.043457 -0.079590 -0.034912 0.002960
0.066406 0.020752 0.092773 0.056152
0.030151 0.004944 0.026245 -0.050293
-0.060547 0.059082 -0.046143 -0.002609
-0.147461 0.010803 0.017822 -0.072266
-0.123047 -0.070801 -0.072754 0.163086
-0.084961 -0.102051 -0.009399 -0.145508
0.169922 -0.022095 -0.028198 0.013794
0.059570 -0.137695 0.014343 -0.061523
-0.092285 -0.001015 -0.097656 0.071777
-0.036133 0.003555 0.008301 -0.095215
0.010254 -0.024780 -0.053955 0.125977
-0.029907 0.015137 -0.025024 -0.062988
0.079590 0.150391 -0.000584 -0.000813
-0.009705 -0.069336 -0.013855 0.043701
0.056152 -0.127930 0.070801 0.060791
0.047119 -0.074707 0.033936 -0.056641
-0.051270 -0.090820 -0.083496 0.084473
0.035889 -0.085938 0.023926 -0.004578
0.038574 -0.075195 0.049316 0.071289
-0.103027 -0.135742 -0.047852 0.018433
-0.024536 -0.108887 0.016846 -0.175781
0.094727 0.055176 -0.016357 0.025024
-0.016846 -0.067383 0.086914 0.032959
0.092285 -0.169922 -0.006592 -0.020630
0.009766 0.014954 0.000077 -0.075684
-0.067383 -0.084473 0.051270 0.117188
0.166992 0.040527 0.021484 -0.139648
-0.137695 0.062500 -0.020752 -0.155273
0.012390 0.009705 0.008118 0.164062
-0.085938 0.114746 0.017334 0.199219
-0.013611 -0.010010 -0.041504 0.036621
0.028564 0.143555 -0.041016 0.039795
-0.133789 -0.026611 -0.037598 -0.127930
-0.086426 -0.075684 0.023438 0.019531
-0.045410 -0.058350 -0.044678 -0.162109
-0.076660 0.033447 0.014587 0.030029
0.035889 -0.195312 -0.052979 0.099121
-0.114258 -0.119141 -0.050537 0.129883
0.086914 -0.118652 0.015747 0.097656
-0.088379 -0.037354 0.085449 0.058105
-0.129883 0.103027 -0.045898 -0.018555
0.135742 0.086426 -0.050781 0.071777
0.010742 -0.079590 0.004791 0.115723
-0.186523 -0.134766 0.021851 0.077637
0.193359 0.126953 -0.018311 -0.168945
0.093262 0.149414 0.034180 -0.209961
-0.026733 -0.012268 -0.026367 -0.122070
0.038086 -0.185547 0.049561 -0.112305
-0.248047 0.075684 -0.002258 0.076172
0.035156 0.100098 -0.011475 0.015198
-0.056885 -0.230469 0.020996 -0.053955
0.061768 -0.041992 -0.061035 -0.064941
0.031738 -0.026733 -0.053955 0.199219
-0.078125 -0.075195 -0.031250 0.151367
0.031250 -0.009949 -0.016602 0.094238
0.060791 -0.054688 0.007202 -0.208008
0.022217 0.091309 -0.002167 0.001686
-0.032959 0.066406 0.022827 -0.002274
0.099609 -0.035645 0.026733 -0.003906
-0.017578 -0.097656 -0.040283 -0.086426
-0.073730 0.012756 -0.038574 0.000805
-0.027466 0.125000 -0.048828 0.116699
-0.002258 0.087891 -0.017578 0.017700
0.029907 -0.174805 0.102051 -0.062988
0.032471 0.029541 0.062500 0.079102
0.012695 0.048340 -0.097656 -0.117676
0.088379 -0.022583 -0.033936 0.030518
-0.075684 -0.226562 -0.044922 0.058350
0.156250 0.099121 -0.027222 -0.074707
0.015381 0.043945 0.057129 -0.109863
0.023071 0.072754 0.036133 -0.053223
0.044922 -0.128906 0.039551 0.084961
0.110352 0.011414 -0.072266 0.154297
-0.066406 -0.008667 0.050781 0.036377
0.116211 -0.130859 -0.058105 0.102051
0.129883 0.049072 0.025269 0.026001
-0.030396 -0.095215 -0.026733 0.163086
-0.068359 -0.026123 0.023682 0.039551
-0.030518 0.081055 0.025879 0.017212
0.283203 -0.082031 -0.077637 -0.123047
0.027832 0.057617 -0.044434 0.091309
0.039551 -0.092773 -0.053955 -0.027710
0.118652 0.117676 -0.071289 0.146484
-0.000931 0.045166 0.029053 0.023682
0.049316 0.020752 -0.075684 0.036621
-0.098633 -0.025513 -0.045166 -0.014282
-0.030029 0.032715 -0.030273 0.051514
-0.006592 -0.071289 -0.013733 -0.162109
0.017944 -0.013123 0.050293 0.002213
0.137695 -0.217773 -0.005615 -0.064941
0.002090 0.054443 -0.040527 0.045654
0.031006 0.023438 0.008545 0.049072
0.099121 0.057129 0.001823 -0.157227
0.045898 -0.083496 0.013123 0.114258
-0.074219 -0.041016 0.052490 0.007141
-0.010315 0.012573 -0.047852 0.044434
0.046387 -0.010254 0.061279 0.004883
0.112305 -0.184570 -0.008972 0.015503
0.058594 0.184570 0.033691 -0.114258
-0.013428 -0.086426 0.019775 -0.031128
-0.059326 0.228516 -0.002518 -0.028809
-0.153320 0.184570 -0.007629 -0.265625
-0.145508 0.012451 0.024780 0.015869
0.044189 0.002136 0.025024 -0.013977
0.023926 0.041992 -0.080078 0.027100
-0.210938 -0.109375 -0.007477 0.056885
-0.021240 -0.006622 0.039307 0.018066
0.050537 0.072754 -0.051758 0.068359
-0.310547 0.118164 -0.018433 0.026855
-0.265625 0.074707 -0.012390 0.021240
-0.030396 0.031982 0.068848 -0.039551
-0.117188 -0.010315 -0.005371 0.008240
-0.107910 0.076172 0.009338 0.114746
-0.084473 -0.069336 -0.069336 -0.054443
0.046631 -0.063477 -0.018799 0.091797
-0.138672 0.114746 0.025513 -0.103516
-0.283203 -0.036865 -0.117188 0.103516
-0.098145 -0.189453 -0.111816 0.277344
-0.071289 0.055420 0.034180 0.082520
-0.003891 -0.102539 -0.025269 -0.137695
-0.019287 -0.287109 0.022705 0.059326
-0.139648 0.116699 -0.028442 0.108887
-0.068359 0.052002 -0.027832 0.012146
0.024780 0.000839 0.023804 0.150391
-0.015259 -0.045410 -0.061279 0.110352
-0.022827 -0.093262 0.001144 -0.066895
-0.004883 0.017090 -0.034180 -0.022461
-0.030151 -0.109375 -0.048096 0.055420
0.032471 -0.004364 -0.045654 -0.009705
0.103027 0.083008 0.000675 -0.028564
-0.077637 0.026001 -0.060547 0.063965
0.039795 0.080078 -0.005371 -0.089844
-0.062012 -0.013977 0.042480 -0.003784
-0.001007 -0.086914 0.057617 0.131836
-0.084961 -0.095215 0.020996 0.057373
-0.057129 -0.051758 -0.001518 -0.174805
-0.020752 -0.251953 -0.066895 -0.086914
0.043701 -0.102051 0.036133 -0.014160
0.047119 0.009705 -0.016113 0.046875
0.034180 -0.077637 0.107422 0.107422
0.054199 0.026978 0.007935 0.160156
0.136719 -0.090332 0.040527 0.104492
-0.191406 -0.119629 0.016357 0.101074
-0.236328 0.068359 -0.008301 -0.051758
-0.112305 -0.199219 -0.114258 -0.010132
-0.001701 -0.011902 -0.026367 -0.026611
-0.026978 0.019287 -0.048584 -0.062500
-0.079102 -0.085938 -0.019653 -0.095215
-0.092285 -0.010925 -0.015991 0.064941
0.041260 0.149414 -0.026001 0.125000
0.188477 -0.066895 -0.001915 0.059814
0.012939 0.181641 0.031738 -0.089355
0.077148 0.015747 -0.018433 -0.049805
-0.176758 0.103516 -0.072754 0.096191
0.059814 0.016113 0.041016 0.067383
0.094238 -0.253906 -0.029785 -0.038818
0.002823 -0.114746 -0.026245 0.001587
0.098633 -0.000862 -0.034668 -0.024658
0.079590 -0.216797 0.080566 0.025146
0.192383 0.195312 0.007477 -0.054688
0.039307 0.198242 0.014526 -0.051758
0.104492 -0.149414 0.020386 0.060547
0.014954 -0.075195 -0.061523 -0.028442
0.029419 -0.191406 -0.052002 0.022339
-0.071777 0.103027 -0.019653 -0.110352
0.200195 0.016479 0.037354 -0.127930
0.121582 0.027954 0.033203 -0.027588
-0.124023 0.046143 -0.073730 -0.158203
-0.048096 0.060059 -0.052490 0.089355
0.173828 0.045166 -0.034912 -0.007141
0.038330 -0.055176 0.031494 0.006256
0.001823 0.081543 0.023560 -0.118164
-0.064941 0.158203 0.007080 -0.255859
-0.027466 -0.116211 -0.106445 -0.091309
-0.061768 0.193359 -0.066895 0.013611
-0.053467 0.153320 -0.007294 -0.068359
-0.077637 0.036377 0.007538 0.097168
-0.030884 -0.020752 -0.114258 0.012939
0.151367 -0.016479 0.018921 -0.108398
-0.043945 -0.029053 -0.051514 0.043213
-0.310547 -0.028564 0.013855 -0.075195
-0.061279 -0.008972 0.033203 -0.084961
-0.208008 -0.032715 0.043457 -0.076172
-0.277344 0.012268 -0.046631 -0.063477
-0.078125 -0.083984 -0.031250 -0.069336
-0.125977 0.128906 -0.074707 0.034668
0.031250 -0.048096 -0.023438 -0.066406
0.168945 0.120605 -0.009827 0.034668
-0.159180 -0.273438 -0.078125 0.085938
-0.188477 -0.148438 0.062988 0.090332
-0.164062 -0.237305 -0.018677 0.100586
-0.247070 -0.213867 0.023193 0.090332
0.011841 -0.026123 -0.041748 -0.250000
-0.114258 -0.049072 0.006256 0.037354
0.025391 0.027222 -0.103027 -0.020142
0.065430 0.106934 -0.043701 -0.072266
0.103027 -0.016113 -0.082520 0.036621
-0.061279 -0.036133 -0.003098 -0.195312
-0.079102 -0.082520 -0.006348 -0.212891
-0.007294 0.037354 -0.043701 0.031250
-0.164062 -0.071289 -0.040039 0.037598
-0.103027 -0.130859 -0.010376 0.051025
0.062988 -0.002975 -0.076660 -0.030029
-0.072266 -0.063965 -0.024902 0.065918
0.023438 -0.162109 -0.032471 0.061523
-0.259766 -0.119141 0.032227 -0.189453
-0.032471 -0.210938 0.032715 0.033203
0.036621 -0.055664 -0.031494 0.061523
-0.216797 -0.041504 -0.037598 0.053955
-0.082520 -0.035645 0.086914 0.026001
0.003906 0.031250 -0.045166 -0.038818
0.139648 0.131836 0.013550 -0.132812
0.026978 -0.013611 0.041260 0.030518
-0.178711 -0.150391 -0.044434 -0.044189
0.004578 0.055908 0.003357 -0.173828
0.002182 0.019409 -0.032959 0.106934
-0.341797 -0.206055 -0.038818 -0.234375
0.027222 -0.010010 -0.000832 0.172852
-0.022095 -0.126953 -0.007355 -0.128906
-0.130859 -0.031982 -0.043213 -0.018311
0.081055 0.281250 -0.064941 0.013489
0.273438 0.030151 -0.024170 -0.149414
0.065430 -0.050781 -0.037598 -0.184570
0.046387 -0.136719 -0.077637 -0.077637
-0.007477 0.044678 -0.003143 -0.128906
-0.039795 -0.083984 -0.046387 -0.014160
-0.075195 0.209961 0.012329 -0.098145
0.007202 -0.177734 0.005402 0.170898
-0.085938 0.004547 0.009766 -0.062988
-0.050293 0.087402 -0.007294 0.071777
-0.052490 -0.147461 -0.008850 -0.175781
-0.165039 -0.168945 -0.007050 0.008972
0.063965 -0.125977 -0.066406 -0.144531
0.020142 -0.092773 0.010132 0.062500
-0.161133 -0.148438 -0.022217 -0.027832
0.109375 0.040283 -0.108887 -0.143555
0.092285 0.020020 0.032715 -0.255859
0.045654 0.044434 -0.051514 0.105469
-0.032959 -0.025879 -0.014954 -0.320312
-0.056885 -0.233398 -0.018921 -0.139648
-0.064941 -0.265625 -0.048340 0.171875
0.122070 -0.002518 0.094727 -0.073730
-0.031494 -0.102051 -0.050293 0.047852
-0.025146 -0.166992 0.154297 -0.139648
-0.014954 0.048340 0.018066 0.111816
-0.140625 -0.062988 0.060059 0.125977
-0.011108 -0.079590 0.040039 -0.097168
-0.030518 0.022339 0.075684 0.023682
0.120605 -0.075195 -0.136719 -0.247070
-0.147461 -0.137695 0.157227 0.083496
-0.083008 -0.050537 0.049072 -0.092285
0.067383 -0.138672 0.201172 -0.131836
0.028931 0.018188 0.125977 -0.026123
-0.306641 -0.142578 0.157227 0.011841
-0.200195 0.009521 0.098145 0.092285
0.021240 -0.040527 0.103516 0.026367
0.156250 0.036133 -0.016724 -0.087891
-0.155273 -0.166992 0.253906 0.023071
-0.168945 -0.087402 0.107910 0.049072
0.000881 -0.076660 0.074707 0.048828
0.240234 0.008423 0.068848 -0.089355
-0.204102 -0.052490 0.134766 -0.039062
-0.121582 0.118652 -0.000690 -0.062988
-0.008179 -0.030396 0.080078 -0.051270
0.031250 -0.140625 0.011536 0.153320
-0.107910 -0.100586 0.069336 0.158203
-0.080566 0.008301 -0.031128 -0.215820
-0.068359 -0.012207 -0.134766 0.075195
-0.008850 0.154297 0.011414 0.074707
0.005920 0.062012 0.099609 -0.054443
0.017944 -0.117676 0.134766 -0.127930
0.048828 -0.043701 0.019409 -0.020386
0.203125 -0.243164 -0.014282 -0.110840
0.026245 0.116699 -0.059326 0.204102
-0.011047 -0.033691 -0.087891 -0.133789
0.069336 -0.094727 -0.179688 0.045166
-0.099121 -0.115234 -0.095215 -0.104492
0.098145 -0.039062 0.085449 -0.147461
0.014954 -0.089844 0.110352 -0.239258
0.035156 -0.022339 0.047119 0.020020
0.087402 -0.115234 -0.028442 -0.005249
-0.007812 0.004608 -0.159180 0.041504
0.004791 0.024414 -0.023193 0.111328
0.040771 0.129883 0.018677 -0.075684
0.059814 0.074219 0.047363 -0.023682
0.166992 0.038574 -0.113770 -0.210938
0.141602 -0.257812 -0.187500 -0.170898
-0.041748 0.045166 -0.020630 -0.032227
-0.138672 -0.206055 0.050781 0.168945
0.009094 0.038818 -0.191406 -0.183594
0.108398 0.197266 -0.142578 -0.032715
0.076660 -0.140625 -0.020142 0.100098
-0.186523 -0.018799 -0.037354 -0.026245
-0.028687 -0.011414 0.060059 -0.101074
0.032227 0.128906 0.052490 -0.035156
-0.043701 -0.030762 -0.049072 -0.059326
0.083008 -0.096680 -0.075195 -0.156250
-0.014282 -0.089844 0.224609 0.068848
-0.111328 0.074707 0.015625 0.279297
0.126953 -0.114746 -0.068359 -0.059082
0.092773 -0.109375 -0.019897 0.088379
0.101562 0.063477 -0.042969 -0.093262
0.213867 -0.011597 -0.004242 -0.047607
0.017700 -0.073242 0.034424 0.043457
-0.205078 -0.201172 -0.058594 0.091309
0.134766 0.038086 -0.281250 -0.083496
-0.025635 0.091797 -0.005310 0.194336
-0.193359 -0.028809 -0.095703 -0.210938
0.151367 0.079102 0.074707 -0.050537
0.079590 0.001160 -0.238281 -0.128906
0.077148 -0.125000 -0.016602 0.054932
0.022217 0.002243 -0.044189 -0.041260
-0.125977 -0.014587 -0.057617 0.091309
0.033691 0.005157 -0.267578 -0.202148
-0.166992 0.117676 -0.022217 -0.042969
-0.137695 0.093262 0.059814 -0.073242
-0.079590 -0.076660 0.083008 0.032227
-0.210938 -0.010376 0.208008 -0.002960
0.161133 0.027954 -0.012756 0.068848
0.056885 -0.000698 -0.154297 0.098633
-0.006470 0.065430 0.131836 0.172852
0.068359 0.026855 -0.066406 -0.281250
-0.003708 0.144531 0.051025 0.103516
-0.250000 -0.062500 0.058350 -0.122070
-0.197266 -0.022339 0.050537 0.024658
-0.114258 -0.048096 0.304688 0.005066
0.032715 0.115723 0.062988 0.108398
0.007996 0.105469 -0.207031 0.339844
0.014954 -0.030396 0.171875 0.025879
0.045654 -0.124512 0.017944 -0.053711
0.057129 0.052490 -0.143555 0.099121
-0.124023 0.072754 0.105469 -0.102051
-0.199219 -0.047852 -0.008728 0.046143
0.026978 -0.066406 0.176758 0.087402
0.071289 0.064453 -0.154297 0.073242
-0.140625 0.092773 0.117188 0.143555
0.120117 0.003723 0.101074 -0.015198
-0.010071 -0.066406 0.040771 -0.060303
0.247070 -0.006226 -0.248047 0.204102
0.052246 -0.067871 -0.006805 -0.104980
-0.107422 0.025879 -0.018188 0.042969
0.046387 0.092773 -0.221680 0.189453
-0.038818 0.008179 -0.016479 0.083984
-0.078125 -0.003357 0.034912 0.074219
0.118164 0.039795 -0.006226 0.001434
0.009583 -0.113281 -0.197266 0.075684
-0.101562 0.080078 -0.044678 0.078613
0.091797 -0.051270 0.137695 -0.158203
-0.088379 0.079102 0.250000 -0.061768
-0.012451 -0.022461 -0.206055 -0.015137
-0.040039 -0.081543 0.031738 -0.142578
-0.028564 0.106934 0.111328 0.112793
-0.130859 -0.229492 -0.053467 0.082031
0.168945 -0.077148 -0.111328 0.082520
0.014160 -0.109863 -0.181641 -0.023315
0.132812 -0.056885 -0.093262 -0.195312
0.000242 0.042236 -0.129883 -0.283203
0.002838 0.003708 -0.006592 -0.033203
0.052490 -0.142578 0.066895 -0.053223
0.041016 -0.004944 -0.018921 -0.005829
-0.015747 -0.049316 0.038574 -0.004303
0.012634 0.084961 -0.142578 0.025146
-0.059814 0.053223 0.160156 0.066895
0.039551 0.195312 0.034668 0.166992
0.097168 0.006531 0.170898 0.050781
0.054688 -0.152344 0.076172 0.037109
-0.051514 0.198242 0.006500 -0.128906
0.027100 0.187500 -0.116211 -0.072266
-0.074219 0.035156 -0.171875 -0.027100
-0.034180 0.116699 -0.257812 0.191406
-0.271484 -0.003784 -0.048096 0.031982
-0.070312 0.164062 0.008057 0.007263
0.110840 0.029419 -0.016113 -0.066406
0.056152 0.016846 -0.324219 0.118652
0.230469 -0.228516 0.246094 -0.045410
0.011841 0.066895 0.069336 -0.147461
-0.116211 -0.248047 0.099609 0.144531
-0.163086 -0.074219 -0.063965 0.063965
0.078613 0.020996 0.124023 0.033447
-0.083984 0.203125 -0.084473 -0.086914
0.056152 -0.065918 -0.073730 -0.042725
-0.027466 0.019775 -0.236328 -0.289062
0.027710 -0.181641 -0.064453 -0.080566
0.028687 -0.298828 0.129883 0.085449
0.013123 -0.001328 -0.052490 -0.073730
-0.164062 0.063477 -0.102051 0.104492
0.000870 0.119629 0.123535 -0.012390
-0.055908 -0.157227 0.045898 0.008118
0.236328 0.133789 -0.185547 0.153320
0.089844 0.095703 -0.079590 -0.197266
0.153320 0.059326 -0.017578 -0.118652
0.069336 0.064941 -0.069824 0.157227
-0.056885 0.052979 0.150391 0.025146
0.052490 -0.042480 0.135742 -0.126953
0.119629 -0.071289 -0.104980 -0.064941
-0.057373 0.117676 0.082031 0.129883
0.052490 0.123535 0.178711 0.099609
0.034180 -0.029785 0.026367 -0.006805
0.046387 -0.030029 0.170898 -0.019897
-0.011597 0.110352 -0.010742 0.332031
-0.100098 -0.045410 -0.035156 -0.142578
-0.001137 -0.092285 -0.084961 -0.053223
-0.011780 -0.108398 -0.100098 -0.123535
0.041992 0.007812 0.070801 -0.030762
0.119629 -0.103516 0.060791 -0.046143
0.079590 -0.009766 0.053711 -0.077637
-0.006683 -0.009888 0.271484 0.062500
-0.108887 -0.003006 0.151367 0.082520
-0.153320 -0.051025 0.048584 -0.098145
-0.234375 0.006500 0.023193 -0.083008
-0.017944 -0.073730 -0.026733 -0.035400
0.148438 0.010620 0.095215 0.124512
0.113770 0.084961 -0.129883 0.061279
0.181641 -0.032227 -0.171875 -0.022461
0.213867 -0.030762 -0.019531 -0.045410
0.001060 -0.031738 -0.059082 0.050049
-0.070801 -0.104492 0.070801 -0.130859
-0.054932 0.009949 -0.250000 -0.028931
-0.111328 0.030762 -0.333984 0.053955
-0.116211 -0.110352 0.211914 -0.055176
-0.188477 -0.059814 0.137695 0.117676
0.104980 -0.089355 -0.098145 0.093750
0.144531 -0.223633 0.064453 -0.033203
-0.099609 0.147461 0.055664 0.114258
0.102051 -0.065918 -0.127930 0.040283
0.084961 0.046387 -0.172852 0.074707
-0.011353 -0.103516 0.080078 0.183594
-0.100098 0.088379 -0.051025 -0.115723
0.028198 -0.225586 0.028564 0.105469
-0.180664 -0.090332 -0.071777 -0.043945
0.099121 -0.236328 0.119141 0.013000
0.004822 0.003082 -0.072754 -0.096191
-0.003052 -0.113281 -0.068359 0.022705
-0.049561 -0.107910 -0.269531 -0.176758
0.011475 0.199219 -0.068359 0.171875
-0.182617 0.125977 -0.164062 0.022949
-0.076172 0.115234 -0.008789 0.115723
-0.055908 0.080566 -0.164062 0.004730
0.030151 -0.116211 -0.007263 0.117188
0.091797 0.255859 -0.322266 0.025391
-0.037109 0.006073 0.134766 0.034180
-0.034668 0.109863 -0.122559 0.162109
0.014954 -0.020752 -0.142578 0.003342
0.086914 -0.205078 0.077637 -0.324219
-0.068848 -0.328125 0.132812 0.217773
-0.079590 0.160156 -0.158203 0.215820
-0.049805 -0.163086 0.007446 0.077637
0.025024 0.173828 0.059814 -0.037354
-0.190430 -0.025024 -0.080078 -0.039551
0.060303 0.085938 -0.009521 0.017334
-0.078613 0.009766 -0.006714 0.048340
0.134766 -0.119629 -0.036377 0.193359
0.061768 -0.108398 0.005341 0.037842
-0.107422 0.234375 -0.176758 0.130859
-0.033203 0.236328 -0.182617 0.129883
0.052979 -0.181641 0.172852 -0.030151
-0.187500 0.110840 -0.172852 -0.166016
-0.142578 0.263672 -0.158203 0.037109
-0.136719 0.110840 -0.343750 0.118164
0.011719 0.030762 0.013367 0.041992
-0.131836 -0.122070 0.245117 0.129883
0.042480 -0.021606 -0.056641 0.296875
0.084961 -0.109375 -0.000717 -0.036377
0.147461 -0.111816 -0.208984 0.068848
0.040283 0.019775 -0.004669 0.023315
0.092285 -0.125000 -0.044434 -0.064453
0.059082 -0.026733 0.000900 0.125000
0.017212 0.073730 0.045898 0.002151
-0.246094 -0.057861 0.349609 -0.038574
0.095703 -0.089355 -0.181641 0.031128
-0.222656 0.043457 -0.000340 0.141602
0.141602 0.267578 -0.111328 0.058105
0.050293 -0.072266 0.016357 -0.041748
0.148438 0.066895 -0.010315 0.157227
0.080566 0.011047 -0.186523 -0.005066
0.036621 -0.067871 -0.006378 -0.035889
-0.250000 -0.005646 -0.090820 -0.001602
0.150391 0.076660 -0.101562 0.087891
-0.085938 0.102539 -0.273438 -0.126953
0.098633 0.046143 0.103516 0.168945
0.019409 0.000357 0.010864 0.002304
-0.063477 0.041992 0.037598 0.158203
-0.093262 0.059326 0.019287 0.060791
-0.050049 0.013794 0.027954 0.023071
-0.087402 -0.012390 -0.034180 -0.039551
0.073242 0.043457 0.047607 0.153320
-0.118164 -0.029297 -0.035156 -0.065918
0.269531 -0.015625 0.001968 0.091797
-0.004791 -0.045410 0.041260 0.030884
0.145508 0.130859 -0.053711 0.051514
-0.106934 0.011658 -0.193359 -0.048584
-0.038818 -0.002930 0.030518 0.022217
-0.166992 -0.058350 0.076172 -0.210938
-0.128906 -0.011108 -0.149414 0.005890
0.089844 -0.117188 0.022095 -0.100586
0.007355 0.172852 0.004089 0.139648
0.000292 -0.058350 -0.110352 0.021240
-0.053223 0.003784 -0.019653 -0.082031
0.044189 -0.014282 0.001717 -0.054199
-0.048828 -0.091309 0.052246 -0.080078
0.098633 -0.031494 -0.084473 -0.135742
-0.015747 -0.027710 0.022339 -0.010864
0.087891 -0.159180 -0.289062 -0.023560
-0.066406 -0.126953 -0.018066 0.044678
-0.048584 -0.053467 -0.087402 -0.085449
-0.009583 -0.083008 0.067871 -0.005096
0.017334 0.054688 -0.127930 0.078613
-0.060547 -0.000504 -0.062988 0.027344
-0.108887 -0.000146 0.062500 0.153320
-0.091797 0.105469 -0.071777 -0.082520
-0.197266 0.144531 0.091797 0.137695
-0.077148 0.105469 -0.049561 0.019775
0.030518 0.076172 -0.034424 -0.002670
-0.060547 0.253906 -0.096191 -0.094238
-0.110840 -0.009155 -0.056396 -0.034424
0.015747 -0.040771 -0.023193 0.046875
0.052002 0.107910 -0.182617 -0.046387
-0.128906 -0.151367 -0.027588 0.008362
-0.010498 0.223633 0.110840 0.171875
-0.237305 -0.205078 0.004486 0.062256
-0.045166 0.001427 0.000874 0.065918
-0.067383 -0.123535 0.110352 0.021240
-0.068848 0.035889 0.041748 0.176758
0.010254 -0.000965 -0.043701 0.049316
0.025024 0.000123 -0.141602 -0.097656
0.156250 0.053711 0.070312 0.031982
-0.106934 0.104004 -0.038818 0.073242
-0.028198 -0.092285 0.144531 0.108398
-0.085449 0.090820 -0.106445 -0.034668
0.031982 -0.228516 0.096680 0.111816
0.153320 0.166016 0.027100 -0.178711
0.028809 0.059082 0.033447 0.136719
0.041260 -0.030640 0.045410 -0.002167
0.084961 -0.119141 -0.058838 -0.249023
-0.124023 0.008789 0.215820 -0.065430
-0.004028 -0.053955 0.049072 -0.161133
0.024536 0.026245 0.028198 -0.043213
0.153320 0.025269 0.052734 -0.214844
-0.021851 -0.061035 0.012573 -0.044922
0.079102 0.052490 -0.139648 0.098145
0.117676 -0.043457 0.015869 0.035156
0.182617 0.149414 -0.159180 0.152344
-0.142578 -0.184570 0.244141 -0.147461
0.060547 -0.057861 -0.030762 0.029419
-0.051270 0.021851 0.041504 -0.065430
0.049316 -0.023315 0.106934 -0.073242
0.024902 -0.088379 0.105957 0.072754
0.086426 0.019897 -0.020386 0.130859
0.191406 0.012451 -0.002777 0.047607
-0.107910 0.011780 -0.013489 0.209961
-0.116699 -0.074219 -0.108887 -0.110840
-0.075195 0.020264 -0.012268 -0.162109
-0.078125 0.053711 0.125977 0.115723
-0.033936 -0.144531 0.228516 0.014038
0.068359 0.033691 0.156250 0.110352
0.023315 0.028198 0.074219 -0.012024
0.091309 0.216797 -0.133789 0.157227
0.117676 -0.081543 -0.027222 0.063477
-0.263672 0.181641 0.024658 0.014771
-0.059570 0.040527 -0.324219 -0.041260
0.133789 -0.075195 0.014465 -0.002747
0.058350 -0.012573 -0.230469 -0.078125
0.081055 0.148438 0.052979 0.207031
0.000180 0.018311 -0.116211 -0.009277
0.112793 0.073242 -0.117676 0.119141
-0.008606 0.092773 -0.067383 0.084473
-0.224609 0.038330 -0.152344 0.131836
0.152344 0.068359 -0.183594 0.105469
0.048096 -0.099121 -0.168945 0.018188
-0.019897 -0.194336 -0.044922 0.049316
0.025024 0.091797 -0.253906 0.084961
0.036621 -0.115234 -0.126953 0.031982
-0.054932 0.153320 0.292969 0.105469
-0.116211 -0.022461 -0.002563 0.093750
-0.180664 0.165039 -0.072754 0.016968
0.022095 0.088379 -0.271484 -0.086426
-0.126953 -0.029785 -0.099609 -0.089844
-0.213867 -0.129883 -0.003860 0.044678
-0.198242 0.103027 0.030762 0.029785
-0.112793 0.103027 -0.070312 -0.063477
-0.235352 0.082520 -0.033203 -0.067871
-0.103516 0.120117 -0.039307 0.038330
0.040527 -0.051758 0.096191 0.142578
-0.038574 0.064941 -0.073242 0.247070
0.017578 -0.070801 0.033447 0.057373
0.079590 0.100098 -0.198242 0.008179
-0.009827 -0.013367 0.024780 -0.062988
0.083496 -0.018188 0.065918 0.028564
0.142578 -0.087891 -0.230469 -0.168945
-0.146484 0.027100 0.015747 -0.046875
0.096191 0.021973 0.006561 -0.018799
-0.033447 0.096191 -0.007477 0.094238
-0.151367 0.024170 -0.088867 -0.024658
-0.076172 -0.007172 -0.061279 0.185547
0.050049 -0.093750 -0.244141 -0.179688
0.064453 0.121582 0.013367 0.129883
-0.004852 0.013855 -0.002075 -0.121582
-0.062988 -0.229492 0.145508 0.234375
0.012817 0.035645 -0.189453 -0.437500
-0.038330 0.162109 -0.093750 0.057861
-0.046875 0.091309 -0.241211 -0.103027
-0.192383 0.247070 -0.136719 0.208984
-0.176758 -0.078613 -0.330078 -0.318359
-0.124512 -0.082520 0.255859 -0.022339
0.059082 0.034424 -0.083496 0.228516
0.038086 0.003510 0.114746 0.191406
0.003754 0.005341 0.053223 0.032227
0.096680 -0.031982 -0.000809 -0.022339
-0.001488 -0.053467 0.123047 -0.091797
0.075684 0.016968 0.009766 -0.199219
-0.094727 0.014954 -0.110352 0.096680
-0.243164 -0.152344 0.271484 0.103516
0.106445 0.075684 0.041504 -0.040283
0.096191 -0.014038 0.020142 -0.051514
-0.027100 0.053711 -0.012817 0.000801
-0.253906 0.028564 0.048828 0.050049
-0.189453 -0.269531 0.263672 -0.033936
0.081543 -0.104492 0.041260 -0.108887
-0.067871 0.018066 0.155273 -0.010925
-0.217773 -0.078613 -0.043457 0.088867
0.040283 -0.073242 -0.047607 -0.037842
0.137695 0.039795 -0.203125 -0.037109
0.062500 0.002243 -0.047363 -0.070312
-0.033936 0.060791 -0.194336 -0.240234
-0.209961 -0.011536 0.228516 0.035400
-0.118652 -0.275391 0.034912 -0.003296
-0.226562 -0.060791 -0.125977 0.086426
-0.085938 0.235352 -0.070801 0.048828
0.140625 0.099121 -0.048096 0.197266
0.162109 0.066895 0.089844 0.015198
-0.047607 -0.004120 0.082031 0.094727
-0.163086 0.088867 0.033447 -0.137695
0.086914 0.007935 0.031738 -0.097168
-0.097656 0.016602 -0.143555 -0.041992
-0.099609 0.126953 0.034668 0.126953
-0.035400 0.063965 -0.032715 0.073730
-0.150391 -0.115234 0.082031 -0.068359
-0.017700 -0.088379 -0.104980 -0.200195
-0.055176 -0.040771 -0.013672 -0.031494
0.112793 -0.025146 -0.002243 -0.043213
0.199219 -0.090332 -0.102539 -0.015991
-0.015015 -0.146484 -0.014832 0.157227
-0.080078 0.031128 -0.010437 0.123535
-0.137695 0.075195 -0.204102 -0.018799
-0.126953 -0.159180 0.079102 -0.077637
0.003662 0.029663 -0.012085 0.021362
0.026978 -0.004639 0.004791 -0.056152
0.178711 0.027954 -0.183594 -0.007935
-0.058350 -0.115234 -0.085449 -0.203125
-0.045898 0.061523 0.026855 0.104492
-0.022095 -0.027100 -0.095215 0.006134
0.037842 -0.059326 0.031128 0.140625
-0.008118 0.119141 0.110840 0.081055
-0.069336 0.046143 -0.211914 -0.110840
-0.009399 -0.038330 -0.024780 0.041992
-0.164062 0.092285 0.230469 0.178711
-0.059082 -0.117676 0.047119 -0.040771
-0.023315 0.011841 -0.107422 -0.006744
-0.082520 -0.113281 0.096191 -0.032959
0.112305 0.052490 -0.169922 -0.086914
-0.162109 -0.159180 -0.003616 0.040283
-0.030762 -0.087402 0.045166 0.106934
-0.021484 -0.137695 0.035645 0.001335
0.054932 0.199219 0.050537 0.202148
0.083984 0.083984 -0.206055 0.003891
-0.133789 -0.176758 -0.064453 -0.028442
-0.013245 0.166992 0.079102 0.018433
0.006989 0.009155 -0.120117 -0.215820
0.101074 -0.118164 0.004395 0.085938
0.093750 0.063965 0.008850 0.078613
0.097656 0.005737 -0.036621 -0.039551
-0.067383 0.073730 -0.005310 0.041016
-0.008972 0.140625 -0.267578 -0.051025
-0.129883 -0.069824 -0.249023 -0.021606
-0.107422 -0.070312 0.170898 -0.139648
0.069824 0.041748 0.040283 -0.193359
-0.057129 0.052490 0.047363 -0.076660
-0.130859 0.030396 0.039062 -0.060303
-0.006470 -0.128906 0.071289 -0.111328
0.078125 -0.052246 0.022705 0.029907
0.004608 0.078613 0.023071 0.200195
-0.016479 -0.077148 0.121582 -0.108887
-0.053223 -0.015991 0.052979 0.106934
0.005524 -0.225586 0.031250 -0.113281
-0.163086 -0.116699 0.033203 -0.129883
-0.390625 -0.048340 0.056152 0.020874
-0.115234 -0.237305 0.055176 0.019165
0.062256 0.248047 0.014771 0.149414
-0.147461 0.056885 -0.111816 0.240234
-0.026367 0.001022 0.049561 -0.023315
-0.028931 -0.025513 0.113770 -0.073242
-0.079590 -0.161133 0.072754 -0.049561
-0.238281 0.052734 -0.041992 -0.025146
-0.267578 -0.029541 -0.054199 -0.043701
-0.037598 -0.196289 -0.106445 -0.051758
-0.160156 0.186523 0.079102 0.137695
-0.308594 -0.009033 -0.010254 0.164062
0.147461 0.029663 0.180664 0.166016
0.076660 -0.077148 -0.011536 0.066895
0.000542 -0.157227 -0.081543 -0.031006
0.033691 -0.015869 -0.072266 -0.016113
-0.082031 0.105957 0.143555 0.048340
-0.065918 0.231445 -0.166016 0.098633
-0.023560 0.073730 -0.118164 0.113281
-0.061768 -0.040283 -0.077637 0.131836
0.104004 0.021118 -0.003220 0.147461
-0.028442 0.007416 0.020142 0.035400
0.166016 -0.093750 0.027344 0.093262
0.046875 -0.041260 -0.017212 0.028198
0.054443 0.112305 -0.038086 0.000633
-0.119629 -0.031250 -0.099609 0.129883
-0.090820 0.137695 0.084961 -0.063477
-0.202148 0.059570 0.164062 0.226562
0.058594 -0.034912 -0.105957 0.242188
0.035400 -0.095703 -0.008301 -0.048340
-0.006287 -0.020996 -0.098633 0.058594
0.010193 -0.053223 -0.176758 -0.026245
0.092773 0.025635 -0.240234 -0.166016
-0.210938 0.108398 -0.025879 0.128906
0.068359 0.027100 -0.044922 -0.104004
-0.059082 0.021118 0.006500 0.040283
-0.151367 0.030884 0.141602 0.032471
0.011292 -0.023193 0.032959 -0.029541
-0.014648 0.010010 -0.134766 -0.049072
0.008728 -0.050781 -0.014282 0.155273
0.003876 0.054932 0.212891 -0.013977
-0.026367 0.022949 0.115723 0.057373
0.113281 0.232422 -0.132812 -0.101562
0.015320 0.108398 -0.173828 0.043213
0.034424 -0.104004 0.080566 -0.125977
-0.002640 -0.074219 -0.010315 -0.050781
-0.248047 -0.062988 0.005707 0.008118
-0.012756 0.024658 -0.114258 -0.048096
0.106445 0.028320 -0.121582 -0.044678
0.139648 0.126953 -0.184570 -0.107422
0.179688 0.002594 0.169922 -0.116211
-0.043213 0.116699 0.076172 -0.083984
-0.026489 -0.114258 -0.133789 -0.059814
0.032227 -0.044434 -0.039062 0.044434
-0.314453 0.058594 -0.134766 0.110840
-0.059082 0.216797 -0.197266 -0.110352
-0.054688 0.074707 -0.006775 -0.267578
-0.200195 -0.151367 -0.291016 0.001671
0.153320 -0.194336 0.153320 -0.045898
0.077148 -0.053467 0.113770 -0.191406
0.106934 -0.197266 -0.172852 -0.292969
-0.004364 0.009827 -0.055908 -0.028809
-0.044434 -0.113770 -0.005463 -0.055908
-0.163086 0.066895 0.087891 0.054443
-0.073730 0.094727 0.060791 0.036133
-0.035889 -0.046143 0.106934 0.102051
-0.027222 -0.063965 0.099609 0.020630
0.083984 -0.081055 0.033447 0.071289
-0.044678 -0.070312 0.027100 -0.096680
-0.091309 -0.015747 -0.046875 -0.099121
0.049072 -0.018799 -0.036133 0.041992
-0.337891 -0.061523 -0.001099 -0.031250
-0.166016 -0.068359 0.042725 0.062988
-0.289062 0.064453 0.133789 0.069336
-0.177734 -0.090820 0.033936 -0.075195
0.032715 0.049316 0.042480 0.006744
-0.058350 -0.167969 -0.032227 0.005432
0.078125 -0.038086 0.086426 -0.127930
-0.045654 -0.002487 0.052490 -0.070312
-0.257812 0.081543 0.023315 -0.097168
-0.170898 0.081055 0.015564 0.069824
-0.099609 0.055908 -0.166992 0.067871
-0.096191 -0.029053 -0.150391 -0.117676
0.053223 0.018555 -0.162109 -0.063965
-0.148438 0.046631 0.105469 0.088867
0.051025 0.089355 -0.257812 -0.121094
0.112793 -0.119629 -0.054688 0.061035
-0.111816 -0.035889 0.111816 -0.011536
-0.219727 0.117188 -0.041504 -0.042725
-0.051758 -0.028442 0.116699 -0.044922
-0.076660 -0.097656 -0.023682 -0.100586
-0.084473 -0.014099 0.117188 -0.048584
-0.041016 0.090332 0.045166 0.027344
0.010254 -0.214844 0.000134 -0.111328
0.151367 -0.065430 -0.128906 0.039551
0.097656 0.080078 0.079590 0.008545
-0.046631 0.156250 -0.026855 -0.009094
-0.001511 -0.145508 -0.000797 -0.343750
0.043945 0.029053 0.014893 -0.043701
0.188477 0.041748 -0.085938 -0.035889
0.007324 -0.022217 0.029297 0.049072
0.021606 0.007080 0.017700 -0.106934
-0.136719 -0.168945 0.078125 -0.040039
0.178711 0.092285 -0.170898 -0.237305
-0.127930 -0.101562 -0.108398 0.011536
0.037354 -0.170898 -0.117676 -0.055176
0.052246 -0.038086 -0.151367 -0.058350
-0.057861 -0.163086 -0.076660 0.011047
-0.131836 -0.053955 -0.104004 -0.098145
0.039551 -0.011108 -0.343750 0.036133
-0.015869 0.011108 0.138672 -0.007507
-0.044189 0.033691 0.162109 0.012268
0.145508 0.036865 0.162109 0.099121
-0.053711 0.116699 0.124023 0.031250
-0.000706 0.178711 0.013367 0.251953
-0.124023 0.020020 -0.127930 -0.075684
-0.109375 -0.046143 -0.004303 -0.007416
0.131836 -0.093750 0.130859 -0.001228
-0.228516 -0.025635 -0.119141 -0.095215
0.027466 0.072266 -0.086426 -0.044678
0.163086 0.034180 0.062988 0.049561
0.246094 0.016235 0.072266 0.184570
0.073730 0.008850 0.076660 0.108398
0.088867 -0.072266 0.139648 0.160156
0.067383 0.042725 -0.084473 0.066406
-0.044922 -0.103027 -0.029297 -0.054932
-0.141602 0.057373 -0.064941 0.008484
-0.135742 0.004578 0.005951 -0.212891
0.037354 0.085449 0.032227 -0.132812
-0.121094 0.057373 -0.155273 0.140625
-0.058350 0.094727 -0.059570 -0.144531
0.063477 -0.025513 -0.064941 -0.043945
0.004364 0.065430 -0.144531 -0.024902
-0.161133 0.059814 -0.184570 0.103516
-0.123047 0.048584 -0.083984 -0.150391
-0.136719 -0.128906 -0.061768 -0.118652
-0.072754 0.161133 -0.047363 0.153320
-0.004913 0.099121 0.093750 0.131836
0.065430 -0.061279 0.029541 -0.006561
0.115234 0.025879 0.145508 0.249023
-0.166992 0.231445 -0.261719 -0.104980
0.004669 0.090820 0.084961 -0.085449
0.078125 0.025879 -0.057861 -0.064941
-0.178711 -0.184570 -0.027954 -0.055420
0.007111 0.131836 0.043213 0.125000
-0.136719 -0.112305 -0.020508 0.055420
0.047363 0.001175 -0.090820 0.018188
0.014832 -0.094727 -0.025269 -0.098633
-0.050537 0.068359 -0.109375 -0.052246
0.062988 0.107422 0.125977 -0.026245
0.163086 0.106934 0.025391 0.088867
-0.005341 0.121582 -0.029419 0.114258
0.061768 0.179688 0.043213 0.169922
0.105957 -0.178711 0.101562 0.128906
0.019409 -0.014099 -0.018799 0.038330
-0.204102 0.018433 0.008728 -0.167969
0.257812 0.159180 -0.063477 0.004822
0.231445 -0.002151 0.013611 0.101074
-0.117676 -0.011963 -0.137695 0.102051
-0.118652 -0.036621 -0.095703 0.049805
0.074219 0.104980 0.146484 -0.132812
-0.136719 0.067871 0.136719 -0.287109
0.056885 -0.045410 0.035889 -0.036865
0.010986 0.052246 0.345703 0.225586
0.289062 0.096191 0.100098 -0.073730
-0.066406 0.141602 0.089844 0.006805
-0.131836 -0.038086 0.007660 0.025391
-0.090332 0.037598 -0.259766 0.013245
0.063965 -0.022095 0.134766 -0.189453
0.003998 0.009583 0.009949 -0.095215
-0.043457 -0.038818 0.014832 0.038574
-0.092285 -0.086426 -0.032227 0.061035
0.161133 0.037354 0.054199 -0.156250
-0.035400 0.046387 0.064941 -0.143555
0.107910 -0.055176 0.043213 -0.102539
0.067383 -0.057617 -0.186523 -0.144531
-0.066406 0.027100 0.158203 0.008057
-0.010681 0.074219 0.015137 0.005341
0.029785 0.037109 0.026978 0.044434
-0.237305 -0.166992 -0.151367 -0.029663
0.083008 0.052490 0.257812 0.102051
-0.119629 0.114258 -0.084961 -0.172852
-0.029785 0.033691 0.037354 0.146484
-0.187500 0.105957 -0.083008 0.168945
-0.118652 -0.021362 0.306641 -0.075195
-0.081055 0.017212 -0.314453 -0.212891
-0.038818 0.048828 0.044189 -0.026978
-0.129883 0.173828 0.062988 0.019043
0.080078 -0.088867 0.190430 -0.007294
0.230469 0.010071 -0.048096 0.134766
-0.058350 -0.068848 -0.075684 0.012024
-0.150391 0.126953 -0.188477 -0.029297
-0.036865 -0.218750 -0.013367 -0.078613
0.107422 0.028320 -0.373047 -0.249023
0.013733 -0.048340 0.023804 -0.030762
-0.032471 0.073730 -0.141602 0.023071
0.063965 -0.084473 -0.020264 0.031006
0.220703 0.318359 0.165039 0.034912
0.009094 -0.031250 -0.085449 -0.015076
0.015991 -0.052246 -0.180664 0.030640
-0.115234 -0.013611 -0.103516 -0.207031
-0.062500 0.095215 -0.296875 -0.168945
0.041992 0.050049 -0.021729 0.051758
-0.126953 0.214844 -0.031738 -0.061523
-0.077637 -0.076660 0.028687 -0.055420
0.125000 0.037598 0.041260 0.002502
-0.106445 0.220703 0.033447 -0.034424
-0.139648 0.132812 -0.081543 0.105957
-0.104004 0.173828 -0.234375 0.038086
-0.128906 -0.016968 0.096680 0.129883
-0.159180 -0.041992 0.239258 0.081543
0.114258 -0.054199 0.114258 0.083008
0.065430 0.072266 0.119141 -0.078613
-0.001160 -0.107422 -0.082031 0.014771
-0.050293 0.127930 -0.036865 0.069824
-0.119141 0.081543 0.010925 0.048340
0.073242 0.045166 -0.174805 -0.004364
-0.021973 -0.199219 -0.100586 -0.102051
-0.169922 -0.112793 -0.112305 -0.124023
0.002899 -0.129883 -0.030640 -0.017090
0.054932 0.138672 -0.056641 -0.057373
-0.107910 -0.011597 0.035400 0.160156
0.211914 0.100098 -0.091309 0.109375
0.011780 0.028442 0.178711 0.169922
0.335938 0.175781 -0.022949 0.053711
0.064941 -0.106445 0.233398 0.223633
-0.052734 -0.192383 -0.057129 -0.031738
-0.067383 -0.134766 -0.118652 -0.077148
0.052734 0.054688 -0.101074 -0.189453
0.004120 -0.089844 0.012878 -0.003143
-0.066895 -0.010864 0.096680 -0.153320
0.116699 0.031128 0.107422 -0.312500
0.269531 0.032471 0.060303 -0.020996
-0.119629 -0.006348 0.118652 -0.194336
0.015198 -0.091309 0.201172 0.116211
-0.158203 0.058105 -0.034180 0.033691
-0.214844 0.054688 0.122559 0.060547
-0.139648 -0.090332 -0.138672 0.125000
-0.168945 -0.023438 0.053711 -0.208008
0.157227 -0.128906 0.101074 -0.172852
0.141602 0.046143 0.098145 -0.066895
0.060547 -0.126953 -0.083984 -0.015747
0.015015 -0.118652 -0.197266 -0.107910
-0.167969 0.013855 -0.015747 0.010864
-0.081055 -0.050537 -0.031738 -0.006409
-0.014954 0.016235 -0.443359 0.058594
-0.098633 0.051758 0.075195 -0.018921
0.056885 0.080566 0.050049 0.131836
0.067871 0.136719 0.211914 -0.007477
0.026367 0.100586 -0.021851 -0.207031
0.158203 0.138672 -0.106445 0.020020
-0.020874 -0.229492 -0.292969 -0.052246
-0.115234 0.019897 -0.128906 -0.025146
0.105957 -0.120605 -0.149414 -0.079590
0.140625 -0.052979 0.128906 0.080078
0.033447 0.090820 0.139648 -0.029541
-0.031006 -0.228516 0.098633 -0.006866
-0.118164 -0.090820 -0.202148 -0.020020
0.026611 0.186523 -0.012817 0.029785
-0.243164 0.033936 -0.019775 0.075195
-0.045654 -0.035156 0.082031 0.169922
0.036377 0.146484 -0.332031 0.169922
-0.006958 -0.077148 -0.081543 0.103516
0.000443 -0.022461 -0.043457 -0.244141
0.032471 -0.113281 0.042969 0.055420
-0.021851 0.132812 -0.343750 -0.209961
-0.020752 0.077148 -0.121094 -0.116699
-0.042725 0.199219 0.036377 0.087402
0.067871 -0.018311 -0.076660 0.062256
-0.000374 0.160156 -0.386719 -0.069824
0.043213 -0.088379 0.046143 -0.039795
-0.143555 -0.069336 -0.250000 -0.057861
-0.136719 -0.110840 0.040039 -0.031006
-0.064453 0.019287 -0.445312 -0.140625
-0.310547 0.155273 -0.015869 -0.090820
-0.015198 -0.031128 -0.124023 -0.017212
0.027344 0.112793 0.147461 0.022827
-0.041748 -0.005219 -0.111328 0.007751
-0.036133 -0.037354 -0.005127 0.056885
0.121094 -0.171875 0.153320 -0.108398
0.163086 -0.043701 0.153320 -0.133789
0.095703 -0.007690 0.101074 -0.125000
-0.107422 -0.114258 0.168945 0.232422
-0.016479 0.063477 0.163086 0.045166
-0.106934 0.002533 -0.000116 -0.111328
0.063965 0.102539 0.147461 -0.055420
0.036621 -0.070801 0.010864 -0.166992
-0.078613 -0.180664 -0.126953 -0.089355
0.069336 0.053955 -0.036621 -0.065918
0.020020 0.033203 -0.033936 0.015747
-0.013184 -0.131836 -0.097656 -0.189453
0.011658 0.035156 -0.110840 0.056396
-0.048828 0.104980 -0.018555 0.029541
0.010986 0.221680 -0.016235 -0.050293
-0.000671 -0.140625 0.099609 0.077148
-0.170898 -0.129883 -0.110840 -0.223633
0.088867 0.006470 -0.235352 -0.085938
-0.098633 -0.009155 -0.206055 -0.277344
-0.033936 -0.022217 -0.146484 0.152344
-0.153320 -0.028564 -0.066406 -0.187500
0.024536 0.032715 -0.030273 -0.054199
-0.036133 0.021484 -0.168945 -0.215820
-0.298828 -0.046631 0.036621 -0.168945
-0.122559 -0.044434 0.169922 0.037354
-0.137695 0.075195 0.131836 0.069336
-0.044922 0.101074 0.095215 0.114746
-0.018066 0.016479 0.113281 0.061035
0.083008 0.153320 0.157227 0.144531
-0.014465 0.033203 -0.024902 0.150391
-0.022339 0.060059 0.146484 0.086914
-0.067871 -0.169922 -0.041748 -0.013000
-0.061768 -0.084961 -0.162109 0.029175
-0.189453 0.077148 -0.083496 0.182617
0.024048 -0.025513 0.087402 0.132812
-0.065918 0.008179 0.009766 -0.016968
-0.085938 0.089355 0.011230 0.025635
-0.075195 -0.079590 -0.123047 -0.051025
0.031250 0.003128 0.059326 0.189453
0.089355 0.089355 -0.004211 0.135742
-0.166016 -0.017212 -0.178711 -0.091797
-0.091797 0.093262 -0.221680 -0.096680
-0.134766 -0.041748 -0.275391 -0.094238
0.081055 0.052734 0.001266 -0.047119
-0.189453 -0.115723 -0.047852 -0.026001
-0.095703 -0.025513 -0.086914 -0.195312
0.030762 0.174805 0.040283 0.117676
-0.265625 0.097656 -0.160156 -0.050293
-0.076660 0.058350 -0.040527 0.090332
0.047363 -0.155273 -0.052490 -0.010498
-0.160156 0.052979 0.062500 -0.033203
-0.006409 0.114258 -0.021729 -0.034668
-0.101074 0.006287 0.077637 0.009277
0.058350 -0.086426 0.034668 0.149414
0.046387 -0.148438 -0.025391 -0.025391
-0.030151 -0.043213 -0.182617 -0.304688
0.066895 0.111816 0.099609 0.130859
0.245117 0.027588 0.092773 0.085449
-0.028687 -0.063477 0.082520 0.169922
-0.009827 0.051758 -0.224609 -0.169922
-0.023682 -0.062256 -0.072754 0.027344
0.186523 0.189453 -0.001236 -0.021240
0.007294 -0.118652 0.126953 0.115234
-0.075684 0.158203 -0.292969 -0.335938
-0.176758 0.182617 -0.024780 0.072754
0.143555 0.093262 0.097656 -0.060791
-0.145508 0.227539 0.064453 0.152344
0.017578 0.164062 0.050293 -0.140625
0.039062 0.097168 -0.063477 0.021606
-0.073242 0.116699 0.085938 0.021851
0.132812 0.080566 0.103027 0.135742
0.043945 -0.047607 0.072754 0.057617
-0.008667 0.114746 -0.040527 0.273438
0.024536 0.121582 -0.039551 -0.064941
-0.125977 0.010559 -0.023804 -0.167969
0.054199 -0.110352 0.011475 -0.039307
-0.064453 -0.070312 0.016968 -0.047607
-0.159180 -0.127930 -0.026855 0.047363
-0.112793 0.063477 0.044922 0.054688
-0.018066 0.024658 -0.062500 -0.028320
0.136719 -0.008911 -0.015869 0.049072
-0.054932 -0.135742 0.047119 0.025879
0.032227 -0.067871 0.112793 0.003372
0.058594 -0.034180 -0.070801 -0.233398
-0.041992 0.021118 -0.026123 0.008545
-0.217773 -0.123047 -0.102051 -0.010193
-0.023438 0.011841 -0.011719 0.186523
-0.003448 -0.020142 -0.046875 0.052490
0.146484 0.075684 -0.030396 0.105469
-0.104004 -0.117188 -0.037598 0.041748
0.208984 -0.052246 0.061523 0.180664
-0.112305 -0.028687 -0.186523 -0.081055
0.056641 -0.013916 -0.073730 0.021118
-0.106934 -0.115234 -0.039062 0.020020
-0.013794 -0.261719 -0.010803 -0.043945
0.005127 0.014954 -0.027100 0.001381
0.111328 0.143555 0.157227 -0.143555
-0.040527 -0.103027 -0.137695 0.090820
-0.120117 -0.000248 -0.067871 -0.207031
-0.102539 0.015625 0.255859 -0.081543
-0.002060 -0.014282 -0.001083 -0.064941
-0.175781 -0.002792 -0.038330 0.154297
-0.120117 -0.075195 -0.069824 0.000687
0.014709 -0.051514 0.001183 0.016235
-0.058350 0.006378 0.114746 -0.135742
-0.061523 -0.021484 -0.142578 0.218750
0.037842 0.009277 -0.006012 -0.097656
-0.083496 -0.135742 -0.180664 0.014404
-0.035400 0.073242 0.040527 -0.028687
0.022461 0.020874 -0.118652 -0.030518
-0.058350 0.064453 -0.078613 -0.173828
-0.009521 -0.044434 -0.044922 0.045410
0.068359 0.165039 0.255859 0.012268
0.061768 -0.156250 -0.184570 0.060547
-0.033447 0.100098 -0.124023 0.036865
-0.162109 -0.192383 -0.250000 0.031982
-0.066406 -0.026978 -0.121582 0.045898
-0.035645 0.131836 -0.125977 -0.083984
-0.121582 -0.004089 -0.060303 -0.052490
-0.114258 -0.049805 0.049805 -0.014771
0.047363 -0.016602 0.123535 -0.051514
-0.198242 0.129883 -0.039062 0.123047
0.224609 0.109375 -0.067871 0.190430
-0.131836 0.004639 0.031128 0.147461
-0.006958 -0.002426 0.060791 0.034912
-0.099609 0.129883 -0.089355 0.090820
0.028442 0.005066 -0.132812 0.037109
-0.042236 -0.029297 -0.074219 -0.038818
-0.154297 -0.106934 -0.000736 -0.127930
-0.026245 0.128906 -0.141602 -0.010254
0.219727 0.375000 -0.108887 -0.108887
-0.104980 -0.059082 -0.051514 -0.009216
-0.047852 -0.034912 -0.026367 0.055908
0.108887 0.072266 -0.186523 0.013123
0.166016 0.247070 -0.277344 0.005798
-0.054199 -0.032471 -0.062500 -0.036377
-0.242188 -0.018433 -0.044922 -0.132812
0.080078 -0.067871 -0.042236 -0.079102
-0.090332 0.058105 -0.148438 -0.080566
-0.111816 -0.100586 -0.069824 -0.018066
0.005524 -0.018677 0.034668 -0.014526
-0.251953 0.148438 -0.036865 0.022461
0.117676 0.040283 -0.267578 -0.164062
-0.186523 -0.061035 -0.032959 -0.002625
0.049561 0.094238 -0.147461 -0.166016
0.115234 -0.061523 0.128906 0.142578
-0.123047 0.128906 -0.051514 -0.102051
-0.026489 0.049316 0.048828 0.022705
0.098145 0.058594 -0.004883 0.035889
0.069824 -0.022583 0.082031 -0.036133
-0.005371 0.261719 -0.148438 -0.183594
-0.000267 -0.132812 0.159180 0.157227
0.100098 0.044922 0.080566 -0.044189
-0.074219 -0.010071 -0.066406 -0.113281
0.219727 0.009460 0.039795 0.065918
-0.001053 0.138672 0.051025 -0.075195
-0.027710 0.009033 -0.032471 -0.000305
-0.059814 0.065918 -0.065430 -0.059570
0.012390 0.132812 -0.069336 -0.075195
0.062500 -0.015198 0.064941 0.152344
0.085938 0.071289 0.038818 -0.094238
-0.226562 -0.106934 -0.128906 -0.233398
0.259766 0.149414 0.028931 0.017944
0.073730 0.098633 -0.033203 -0.040283
0.008667 -0.101074 -0.068848 -0.185547
-0.085938 0.010864 -0.183594 -0.166016
0.075195 0.152344 -0.068359 -0.179688
-0.041504 -0.047607 0.050537 0.125000
0.047607 -0.035156 -0.020020 0.067871
-0.008484 -0.042480 0.123047 0.302734
0.147461 0.089355 -0.069336 -0.076172
0.007538 -0.005157 0.038818 0.061768
-0.105469 -0.066406 -0.007782 0.089355
-0.148438 0.085449 0.136719 0.120605
0.045410 -0.101562 0.049072 -0.043457
-0.049805 -0.029541 -0.125000 0.076172
0.072754 -0.008850 -0.151367 0.169922
-0.122559 -0.107422 -0.064453 -0.093750
0.005310 -0.025146 0.073730 -0.030884
-0.118652 -0.003830 -0.109863 -0.074219
-0.106934 -0.045898 -0.008484 0.013367
-0.075684 0.052002 -0.005493 0.078613
0.101074 -0.061768 0.140625 0.188477
-0.000481 0.015381 -0.088867 0.078125
0.206055 -0.101562 -0.053467 -0.076172
-0.054199 -0.091797 -0.095703 -0.064453
0.011108 0.135742 0.194336 0.022461
-0.090820 -0.019775 -0.255859 -0.237305
-0.063477 -0.069336 -0.083008 0.063477
-0.117676 0.071289 -0.283203 -0.046387
0.144531 -0.062012 0.072754 0.189453
0.104980 0.126953 -0.318359 0.014954
-0.041504 -0.157227 -0.123047 0.049316
-0.206055 0.092773 0.029053 0.047607
0.044678 -0.009705 0.123535 0.083496
0.300781 0.003769 0.077148 0.273438
-0.047119 0.016235 -0.010254 0.131836
-0.004822 -0.025269 0.006195 0.086914
-0.106445 -0.188477 -0.079102 0.090820
0.096191 0.156250 -0.306641 -0.103516
0.050781 -0.059570 -0.244141 -0.019165
-0.045166 0.114258 -0.226562 0.005951
0.059570 0.073242 -0.032471 -0.016235
0.211914 0.131836 0.133789 -0.007874
0.161133 -0.061035 -0.137695 -0.058838
0.127930 -0.096680 0.146484 0.081543
0.117676 -0.102051 -0.078125 0.061279
0.018677 0.070312 -0.169922 -0.158203
0.002701 -0.097656 -0.006165 -0.067383
-0.222656 0.106934 0.041992 -0.060303
-0.051514 0.024170 -0.008057 -0.020386
0.041992 -0.096680 0.116211 -0.015015
0.002121 0.124512 -0.061035 -0.037354
0.071289 0.144531 0.168945 0.223633
0.108398 -0.029907 -0.043213 0.004242
-0.105957 0.089844 -0.044434 0.190430
0.230469 -0.171875 0.102051 -0.052734
0.067383 -0.225586 -0.002228 0.012207
0.046387 0.025879 0.011902 -0.020874
-0.182617 0.013733 0.033203 -0.095215
-0.055908 0.058838 0.076172 0.164062
0.178711 0.105469 0.058350 0.130859
-0.014160 0.101562 -0.098633 0.098633
0.242188 0.092285 -0.057129 0.156250
-0.016235 -0.006836 -0.025513 0.056152
-0.024048 -0.322266 -0.013672 0.008484
-0.062012 -0.046631 -0.045410 0.004211
0.096191 -0.063477 0.208008 0.056641
-0.168945 0.038330 -0.083008 0.067871
0.106934 0.119141 -0.094238 0.011292
0.015625 0.251953 0.043945 0.029541
0.296875 0.147461 0.015747 0.153320
-0.167969 -0.050293 -0.023682 -0.085938
-0.025024 -0.166992 -0.098633 0.161133
0.012451 0.049805 0.011597 0.071777
0.184570 -0.023193 0.159180 0.130859
0.100586 0.164062 -0.019897 0.012329
-0.019653 -0.001602 -0.231445 -0.147461
0.102051 0.228516 -0.036133 0.144531
0.082031 0.131836 -0.044678 -0.088867
-0.210938 -0.016113 0.090820 0.121582
-0.205078 -0.071289 -0.003510 0.044189
-0.017578 -0.003632 0.007721 0.049805
-0.030762 0.041016 -0.125977 -0.118652
-0.033447 0.127930 0.012695 0.052734
-0.003784 0.172852 0.130859 0.113770
0.176758 0.138672 0.220703 0.042725
0.072266 0.079102 0.130859 -0.092773
-0.132812 0.014587 -0.161133 0.187500
-0.085938 0.039062 -0.156250 0.058838
-0.063965 -0.002014 -0.039307 0.028442
0.069824 0.082031 0.031006 -0.211914
-0.004974 0.145508 -0.014771 0.050049
-0.217773 0.084961 -0.025513 0.102539
0.106934 0.087891 0.083496 0.000248
-0.058594 0.144531 0.246094 -0.006104
-0.037109 -0.129883 -0.232422 0.064453
0.138672 -0.105469 -0.188477 -0.037598
0.052979 0.023193 -0.092773 -0.071777
-0.099121 0.208984 -0.137695 -0.133789
-0.024658 0.010742 -0.026611 -0.168945
0.022461 0.120117 0.000549 -0.000112
-0.161133 0.162109 0.108398 0.020386
0.128906 -0.008911 0.259766 -0.025146
-0.250000 0.139648 -0.092285 0.020142
-0.138672 0.013000 -0.138672 0.199219
-0.053955 -0.019531 -0.031494 -0.059082
0.243164 0.244141 -0.131836 0.209961
-0.087402 -0.138672 0.074707 0.010681
-0.028809 -0.071289 -0.057129 0.112305
-0.059570 0.062988 0.355469 0.001381
0.009827 -0.124512 0.136719 0.062988
-0.088867 0.166992 -0.066406 -0.011902
-0.103027 0.142578 -0.191406 -0.068848
-0.054932 0.100586 -0.127930 -0.050781
0.222656 0.345703 -0.012878 0.053467
0.146484 0.036377 -0.020142 0.110352
-0.035400 0.006958 -0.045166 0.141602
-0.024658 -0.124023 -0.058594 0.103516
-0.145508 -0.025269 0.108398 -0.147461
-0.040527 0.166016 -0.058350 0.078125
0.096191 0.025757 -0.079102 -0.070312
-0.058594 -0.030151 -0.049316 -0.059814
0.038330 0.093262 -0.097656 0.042969
-0.155273 0.067871 -0.107422 -0.074707
0.144531 0.251953 0.097168 -0.011841
-0.015503 -0.029907 -0.081055 -0.080078
0.040283 0.153320 0.108887 0.017822
-0.036865 0.115723 -0.013672 0.008606
-0.024170 0.269531 -0.073730 -0.060547
-0.021606 0.227539 0.039795 0.134766
-0.216797 -0.104004 0.019897 0.001396
-0.003418 0.025757 0.162109 0.322266
0.097168 0.107910 -0.058105 -0.023804
-0.038574 -0.021606 0.054932 -0.045898
0.013916 0.010864 -0.038086 0.022583
-0.036377 0.191406 -0.058105 0.071289
0.045898 0.146484 -0.016724 0.133789
-0.068359 0.021362 -0.053955 -0.082031
-0.001968 -0.004089 -0.119141 -0.010498
-0.021484 0.059570 0.041992 0.107910
-0.002731 0.019653 -0.079590 -0.023682
-0.077637 -0.096191 0.012024 0.022095
-0.020508 -0.143555 -0.207031 -0.099121
0.062500 0.113281 -0.040527 -0.108398
0.177734 0.388672 -0.024170 0.213867
-0.089844 0.101074 -0.155273 -0.273438
0.080566 -0.259766 0.015381 0.200195
0.042480 -0.021606 -0.035400 0.243164
0.105469 0.080078 0.063477 -0.210938
-0.000412 -0.026855 -0.019897 -0.037842
-0.083984 0.167969 0.168945 0.103027
0.031494 -0.096191 0.069824 0.020142
0.054932 -0.116699 0.219727 -0.050049
0.156250 0.140625 0.016968 -0.085938
-0.040527 -0.095703 -0.077148 -0.042480
-0.021240 0.116699 0.068359 0.068359
0.049805 -0.011292 0.115234 0.117188
0.051758 -0.075684 -0.051025 -0.009399
-0.078613 0.134766 -0.028442 0.085449
-0.105469 -0.038330 -0.063477 -0.048096
0.043457 -0.178711 0.101074 -0.063477
0.029663 0.093262 0.124023 0.148438
0.102051 0.044434 -0.026367 -0.031006
0.101562 -0.078125 0.128906 -0.094238
-0.169922 0.031250 0.023071 0.125000
0.012024 0.011536 -0.109375 -0.001984
-0.043457 0.210938 -0.118164 -0.017212
-0.208984 -0.029541 -0.060303 -0.176758
-0.108398 0.083496 0.129883 -0.048340
0.040283 0.166992 0.050537 0.213867
0.142578 0.166016 0.050293 -0.012146
0.094238 0.164062 0.167969 0.265625
0.020508 -0.153320 -0.045410 -0.001724
0.057617 -0.027222 -0.052246 0.016846
-0.046875 0.115234 -0.059082 0.155273
-0.059570 -0.255859 0.007874 -0.072266
0.074219 -0.145508 0.210938 0.004578
-0.001457 -0.233398 -0.013550 0.014160
0.012512 0.177734 0.000816 -0.064453
0.043945 0.084961 0.085938 -0.102051
-0.094238 -0.085938 -0.003738 0.160156
-0.006470 0.025879 0.007111 0.012390
0.095703 0.074219 -0.050049 0.062988
0.037842 -0.058350 -0.033447 -0.026367
0.010620 -0.189453 -0.002396 0.032227
0.076172 0.107910 -0.052734 0.113281
0.115723 0.124512 -0.129883 -0.291016
-0.128906 -0.097168 0.009827 -0.367188
0.094727 -0.007446 -0.028931 -0.119141
-0.034912 0.073242 0.045654 0.026855
0.083984 0.137695 0.108398 0.054443
0.168945 0.167969 0.019043 0.035645
-0.038818 -0.203125 -0.005493 0.124023
0.114258 0.042969 0.090332 0.078613
-0.090332 0.216797 -0.021362 -0.187500
-0.173828 0.168945 0.036377 -0.263672
-0.013794 -0.112793 -0.018311 -0.026489
-0.002930 -0.063477 0.008362 0.029419
0.113281 0.103516 0.035889 0.131836
0.023926 0.281250 -0.091309 -0.199219
-0.228516 -0.154297 -0.003143 -0.043457
-0.271484 0.118164 -0.142578 -0.162109
-0.166016 0.111816 -0.012756 -0.105957
-0.105957 0.016113 -0.120605 -0.062988
-0.075684 -0.007782 -0.118164 0.098633
-0.046631 -0.060059 0.065430 -0.119141
-0.026733 0.125000 0.006653 -0.051758
0.002640 0.104004 0.086914 -0.018921
0.001633 0.073242 -0.011414 0.169922
0.005493 -0.156250 0.024536 -0.003036
0.095703 0.091309 -0.059570 0.001297
-0.061768 -0.144531 0.032959 0.060547
-0.157227 0.132812 -0.061035 -0.061279
-0.000031 -0.015381 -0.005859 0.067871
-0.051025 -0.005829 -0.104492 -0.335938
0.026611 0.304688 0.013916 0.172852
0.068848 -0.091797 -0.073242 0.166016
0.218750 0.054932 0.176758 0.148438
0.133789 0.091309 0.022705 0.055664
0.203125 -0.123535 0.091309 0.090820
0.135742 0.130859 -0.011475 0.012512
0.086914 -0.037354 0.079102 -0.028442
-0.148438 0.014404 0.033447 0.169922
0.010498 -0.119141 0.104980 -0.037354
-0.009277 -0.065430 -0.160156 -0.239258
-0.064453 -0.068359 0.041016 -0.320312
-0.255859 -0.040771 0.162109 -0.091309
-0.150391 -0.005219 -0.121094 0.004944
-0.090820 -0.065430 0.062012 0.109863
-0.127930 -0.047852 0.068359 -0.125000
-0.186523 -0.102539 -0.074219 0.035645
0.107422 0.015198 0.076660 -0.028931
0.124023 0.038330 -0.034912 -0.099121
0.087402 -0.047852 0.136719 0.012390
-0.151367 -0.124023 -0.032227 -0.203125
0.060791 0.058594 -0.241211 -0.081055
-0.021118 -0.216797 -0.027832 -0.036865
-0.125000 -0.047363 -0.157227 -0.226562
-0.120117 -0.085938 -0.205078 0.098145
-0.173828 0.097656 0.062988 0.056152
-0.023315 0.029175 -0.012390 -0.013428
-0.064941 -0.048828 0.013611 -0.012634
-0.199219 0.052979 0.021973 -0.072266
0.056152 -0.020508 -0.161133 -0.007629
-0.132812 -0.062012 0.053467 -0.101562
-0.164062 -0.141602 -0.084473 -0.083984
-0.163086 0.065918 -0.033447 0.054199
0.068359 0.043701 0.310547 -0.037354
0.066895 0.074219 0.062988 -0.097656
0.195312 0.036621 -0.158203 0.030762
0.066895 -0.091309 0.159180 0.110352
-0.002411 0.173828 -0.306641 0.066895
0.056885 -0.008667 0.040771 0.179688
0.014648 0.114746 0.075684 0.071289
0.105469 0.027710 -0.005463 -0.013611
-0.036133 -0.030151 0.040771 0.094727
0.062012 0.015015 0.005188 -0.019531
0.152344 0.320312 -0.117188 -0.110352
-0.004852 -0.068359 0.029663 -0.033936
-0.020386 0.052734 -0.135742 -0.121582
0.021606 -0.034668 -0.028687 0.053955
0.006226 0.031006 -0.044678 0.057373
0.039307 0.055664 -0.077637 -0.062988
0.034668 -0.081055 -0.032227 0.152344
-0.140625 -0.045898 -0.066406 -0.067871
-0.041260 0.055908 -0.269531 -0.006073
-0.011902 -0.095703 -0.128906 -0.127930
-0.032471 0.024292 -0.445312 -0.123047
-0.011230 -0.057617 -0.000357 -0.080566
-0.071289 0.029785 -0.157227 -0.093750
0.006836 0.079590 -0.121582 -0.017334
-0.049316 0.067871 -0.170898 -0.013550
0.184570 0.082520 -0.000881 0.084473
0.138672 0.103516 -0.098633 -0.117676
-0.052246 0.035889 0.005798 -0.019043
0.157227 -0.104980 0.157227 0.116699
0.142578 0.169922 0.018921 -0.035889
0.078613 -0.226562 0.099121 0.028809
0.022217 0.018921 -0.096191 -0.163086
-0.239258 -0.044678 -0.065430 0.003708
0.112305 0.011169 -0.009827 0.035400
-0.234375 -0.058350 -0.104004 -0.043213
-0.080078 -0.049316 -0.007996 0.072266
-0.056152 0.017456 -0.087891 -0.128906
0.187500 -0.062988 -0.050781 -0.014709
-0.193359 -0.125977 0.165039 -0.197266
-0.071289 0.089844 -0.015137 -0.085449
-0.135742 -0.070801 -0.004883 -0.042236
0.108887 -0.061035 -0.112793 0.074219
-0.363281 -0.033691 0.198242 0.093262
-0.028931 -0.002029 -0.000935 0.072754
-0.092773 0.149414 -0.208008 -0.197266
0.115723 0.094238 0.171875 0.142578
-0.187500 -0.010864 0.190430 -0.034180
-0.080078 -0.055664 -0.112793 0.186523
-0.073730 -0.089844 -0.087891 -0.004028
0.051025 -0.120117 0.035156 -0.005035
0.020020 -0.054688 0.115234 -0.302734
0.006287 -0.044434 0.016113 0.009094
0.049805 -0.085449 0.310547 0.017944
-0.044189 -0.085449 0.071777 0.050537
0.116211 0.039795 -0.052246 0.154297
0.052979 -0.004730 -0.123047 0.009399
-0.152344 -0.134766 0.000713 0.006226
-0.018433 0.041748 0.028320 -0.162109
-0.056885 -0.103027 -0.020874 -0.211914
0.032471 -0.002533 0.062012 0.036621
0.036865 -0.088867 -0.084473 0.167969
0.053223 -0.020142 -0.050537 -0.105957
-0.003937 0.026367 -0.172852 -0.056641
0.105469 -0.046631 0.022339 -0.076172
-0.034912 -0.065430 0.109863 0.180664
-0.163086 0.119629 0.061768 -0.392578
-0.369141 0.067383 0.163086 -0.223633
-0.060059 0.011047 0.025635 0.045654
0.042725 -0.065430 -0.171875 0.128906
0.069336 0.166016 0.035156 -0.222656
-0.080566 0.020142 0.003464 -0.095215
-0.126953 -0.029785 -0.105957 0.079102
-0.090820 -0.157227 -0.156250 -0.029053
0.093262 0.073730 -0.271484 -0.073730
0.111816 -0.110840 -0.008057 -0.000195
0.029419 -0.037598 -0.007599 -0.022705
0.167969 -0.074707 0.029663 -0.285156
-0.010498 0.047119 -0.204102 0.237305
-0.092773 0.308594 -0.157227 -0.014893
-0.008789 0.056885 -0.050293 -0.014526
-0.062012 -0.149414 0.123535 0.126953
-0.087891 0.012512 -0.281250 -0.009033
-0.140625 -0.165039 0.018188 -0.195312
-0.029907 -0.031982 -0.035645 0.000137
0.095703 -0.052979 -0.141602 0.273438
0.146484 0.128906 -0.127930 0.001877
0.104492 0.200195 0.070801 0.005646
0.058594 -0.038330 -0.118164 -0.165039
0.219727 -0.125000 -0.128906 -0.065430
-0.216797 -0.037842 -0.162109 0.161133
-0.206055 -0.116699 0.127930 0.116699
-0.021851 0.042480 -0.041016 -0.015625
0.047119 -0.062012 -0.139648 0.180664
0.010254 0.213867 -0.145508 -0.038574
0.011230 0.144531 -0.140625 -0.127930
0.092285 -0.005768 -0.020630 0.109375
0.137695 0.129883 -0.119141 0.019531
0.082031 0.121582 -0.060059 0.074707
0.082520 0.138672 0.016479 -0.083008
0.189453 -0.020996 -0.068848 -0.283203
0.065430 -0.039307 -0.035889 0.003525
0.085449 -0.253906 0.145508 0.226562
-0.192383 0.005493 0.015869 -0.088379
-0.158203 -0.120605 -0.078125 -0.078613
-0.067383 0.081543 -0.026001 0.093262
0.271484 0.026855 -0.066895 -0.016113
-0.416016 0.009277 0.070312 -0.131836
0.060547 0.155273 -0.108887 -0.111816
-0.017212 0.032227 -0.123535 -0.093262
-0.101562 -0.197266 0.043701 -0.064941
-0.263672 0.002090 -0.016357 0.135742
-0.043945 -0.114746 0.172852 -0.059082
-0.037598 -0.066406 0.002151 0.133789
0.150391 0.033691 0.163086 0.027100
-0.474609 0.042480 0.051025 0.178711
-0.147461 0.130859 -0.213867 0.021118
-0.162109 0.069824 -0.043457 0.095703
-0.119141 -0.161133 0.083984 -0.255859
-0.126953 0.152344 -0.103027 -0.045654
0.110352 -0.061035 -0.018555 -0.111328
0.168945 -0.086426 0.109863 -0.194336
-0.043701 0.025146 0.091797 0.019531
0.158203 0.059570 -0.018188 0.003876
0.210938 0.031982 0.337891 0.059082
0.128906 -0.189453 -0.156250 0.151367
0.153320 0.056641 -0.015259 0.056152
-0.111328 -0.083008 0.022705 0.068848
-0.076660 -0.075195 -0.019775 -0.161133
-0.151367 -0.057373 -0.053223 -0.085938
0.143555 0.093262 0.174805 -0.033691
-0.182617 -0.014038 -0.023804 -0.163086
0.027222 -0.020142 0.063477 0.005249
-0.085938 -0.083984 -0.003174 0.077148
0.107422 -0.057617 -0.227539 0.106934
-0.212891 0.161133 0.174805 0.100586
-0.068848 -0.035156 0.092773 -0.123047
-0.212891 0.136719 -0.041748 -0.345703
0.060059 0.097168 -0.044434 -0.128906
-0.410156 0.108887 0.162109 -0.244141
-0.174805 0.014099 -0.026978 -0.133789
-0.048584 -0.148438 0.049316 0.124512
0.091797 -0.082031 -0.091797 0.092773
-0.006195 -0.016479 0.066895 0.104492
0.094238 0.171875 -0.113281 -0.100098
0.100098 -0.008972 -0.261719 0.103516
-0.133789 -0.030273 -0.125977 0.155273
0.023071 -0.165039 -0.082520 -0.023315
0.304688 -0.091797 0.181641 -0.210938
0.172852 -0.113281 -0.064941 0.086426
0.027588 0.273438 -0.029541 -0.069336
-0.054688 -0.092773 0.138672 0.151367
-0.097656 0.028809 -0.090332 0.056885
-0.082031 0.030029 -0.120605 -0.190430
0.201172 0.058350 -0.093750 -0.023682
-0.147461 -0.300781 0.020752 -0.158203
0.070801 -0.140625 0.068359 -0.061523
-0.036621 -0.058838 -0.069824 -0.004486
0.101074 0.147461 -0.020996 0.118164
-0.067383 -0.192383 0.215820 0.019165
-0.068848 -0.000587 -0.092285 0.053955
-0.324219 0.056885 0.040771 0.106934
0.096680 0.123535 -0.026855 -0.142578
-0.220703 -0.100586 0.110352 0.098145
-0.055420 -0.102051 0.067383 0.049072
0.161133 -0.177734 -0.073730 0.036133
-0.062012 0.061035 0.012451 -0.019653
0.126953 -0.133789 -0.108887 -0.175781
0.022461 -0.004608 -0.012146 -0.069336
0.147461 0.018188 0.146484 -0.085938
0.184570 -0.128906 0.170898 0.185547
0.253906 -0.028809 0.273438 0.162109
0.109375 -0.007812 -0.027466 -0.208984
0.056396 -0.023438 0.060791 0.057861
-0.004028 -0.154297 0.125000 0.088379
0.150391 -0.139648 0.073242 0.294922
-0.219727 -0.060547 -0.023560 -0.110840
-0.129883 -0.034180 -0.141602 -0.038574
0.000786 -0.157227 0.094238 0.073730
0.106934 -0.056152 0.024658 -0.139648
0.065918 -0.097168 0.017822 -0.162109
0.176758 -0.118164 0.058838 0.081543
0.034912 0.036865 0.052002 -0.179688
0.071777 -0.145508 0.144531 0.109863
-0.158203 -0.183594 0.101562 0.093262
-0.122070 0.030396 -0.120117 0.061523
-0.031128 -0.033203 0.033936 -0.118652
0.049072 0.007233 -0.006012 -0.047852
-0.050049 0.160156 -0.180664 0.060303
-0.106445 -0.026855 0.061768 -0.119629
-0.027222 -0.049072 0.028809 -0.000477
0.043213 -0.134766 0.033203 -0.138672
0.177734 0.035645 0.083984 -0.045898
0.173828 -0.006256 0.129883 0.166992
0.137695 0.025757 -0.049561 0.205078
0.075684 -0.050781 -0.113770 0.171875
0.136719 0.033203 0.194336 -0.026733
0.113770 0.029907 0.020264 0.016602
0.077637 0.024048 -0.052246 0.089355
0.073730 0.184570 -0.045898 0.077637
-0.056641 -0.080566 0.021973 0.132812
-0.007355 0.004425 -0.147461 0.039551
0.111328 0.001022 -0.166992 0.144531
0.055664 -0.098633 -0.013794 0.226562
0.047363 0.038818 -0.039062 0.000507
-0.011230 0.010010 -0.019653 -0.092773
0.024780 -0.142578 0.030396 -0.010498
0.125000 0.064453 -0.064941 0.233398
-0.215820 0.086914 0.108398 -0.106445
-0.082031 -0.113770 -0.083496 0.113770
-0.017456 -0.145508 -0.050049 -0.094238
0.054443 -0.172852 -0.065918 -0.104980
-0.216797 0.003677 0.016602 -0.224609
-0.007996 -0.066406 -0.012329 0.042969
0.089355 -0.179688 -0.012512 0.024414
0.118164 -0.027222 -0.078613 0.016357
0.084961 -0.051758 -0.035889 0.061523
0.201172 -0.071777 0.129883 0.122070
-0.031494 0.178711 0.042725 -0.104492
0.060791 -0.024048 -0.001907 -0.020874
0.215820 0.014893 0.248047 -0.168945
0.069824 0.007263 0.003326 -0.065430
-0.038086 0.233398 -0.028442 0.014038
0.052246 0.178711 -0.037598 -0.116211
0.002975 -0.066895 0.037598 -0.231445
0.062500 0.002747 0.090332 0.153320
0.187500 0.157227 -0.104492 0.110352
0.007111 -0.037109 -0.220703 0.178711
0.116699 -0.008911 0.125977 -0.062012
-0.091309 0.010742 -0.000942 0.020264
-0.023315 -0.003845 -0.034424 0.158203
0.142578 0.152344 -0.035889 -0.087891
-0.265625 -0.146484 0.113770 -0.265625
0.123047 -0.156250 0.158203 0.208984
0.084473 0.038574 0.006592 0.018311
0.110352 -0.043945 -0.095703 0.079590
-0.127930 -0.105469 0.075684 -0.034180
-0.178711 -0.047119 0.043945 -0.010315
-0.006622 0.045898 -0.109863 -0.098633
-0.076172 0.223633 0.060303 -0.050293
-0.007629 -0.010681 -0.039307 0.070312
0.076660 0.242188 -0.135742 0.125000
0.088867 -0.003082 -0.047363 -0.096191
-0.078125 -0.061768 0.108887 -0.106445
0.174805 -0.099609 0.053955 -0.161133
-0.005371 -0.084961 -0.002365 0.058105
0.003159 -0.095703 0.075684 -0.194336
-0.236328 -0.083008 -0.088379 -0.147461
-0.007050 -0.013123 -0.072754 0.029053
0.071289 -0.098633 -0.025024 0.009155
-0.261719 -0.008606 -0.100098 0.037598
-0.384766 -0.049561 0.121094 0.009094
-0.003937 0.028442 -0.009827 -0.055176
-0.036377 -0.032471 0.047363 0.002853
-0.023682 0.116211 -0.038086 0.062012
-0.151367 0.107422 0.083984 -0.052002
-0.104004 0.024780 -0.030762 -0.031982
-0.041504 -0.079590 0.104492 0.190430
-0.138672 0.070801 0.108398 -0.058105
-0.165039 0.154297 0.153320 0.197266
-0.145508 0.064941 0.075684 0.164062
-0.001526 -0.031738 0.061035 -0.090820
-0.176758 0.052979 -0.130859 0.129883
-0.114746 0.122559 -0.157227 -0.026367
-0.014832 -0.044434 -0.035400 -0.034912
0.081543 -0.009155 0.182617 -0.220703
-0.041504 -0.112793 0.004028 0.050293
0.128906 -0.049561 -0.080078 0.220703
0.279297 -0.000077 0.131836 0.026489
0.082520 -0.005951 -0.030396 0.081055
0.130859 0.005188 0.222656 -0.006927
-0.085938 -0.172852 0.043213 -0.081543
-0.028931 -0.026367 -0.046631 0.001183
-0.037109 -0.054932 0.049316 -0.039062
-0.198242 0.023438 0.079590 0.043457
-0.011475 0.061035 -0.016968 -0.102051
0.023071 -0.104492 -0.216797 0.142578
0.051270 0.012878 -0.076660 -0.004944
0.018921 0.033203 0.073242 0.216797
-0.104492 0.104980 0.173828 -0.047119
-0.031738 -0.052002 0.057129 -0.043457
-0.140625 0.216797 0.007233 -0.326172
-0.157227 -0.009705 -0.016113 0.216797
-0.140625 -0.009827 0.029175 -0.186523
-0.107910 -0.009888 0.038330 0.275391
0.015076 0.020020 0.036621 -0.063477
-0.105957 -0.106934 -0.080078 -0.111816
-0.230469 -0.004761 -0.072754 -0.081543
0.058594 -0.020996 -0.074707 -0.007751
0.093750 0.056152 -0.156250 0.122070
0.042480 -0.283203 0.026855 -0.050049
-0.052490 0.175781 -0.055420 0.096680
0.166992 -0.030518 -0.037598 0.089844
-0.028687 0.057373 -0.013062 0.034180
0.156250 -0.009888 0.149414 -0.090820
0.015381 -0.097656 0.175781 -0.144531
0.043701 0.022095 0.024292 -0.004456
-0.040771 0.093262 -0.118164 0.053711
-0.039795 -0.124023 0.077637 -0.026367
-0.024902 -0.028198 0.117676 0.010864
0.168945 -0.170898 -0.133789 0.137695
0.043457 -0.005402 0.007141 0.016602
0.042725 -0.150391 -0.038818 0.179688
-0.019165 -0.104004 0.184570 0.071777
0.005707 -0.025879 0.052246 -0.043457
-0.208008 0.043457 -0.120117 -0.047852
0.189453 -0.232422 0.013489 0.016235
0.052002 0.085449 -0.005066 -0.018799
0.022339 -0.032471 0.087891 0.035645
0.045654 0.006866 -0.107422 -0.011841
0.054932 -0.183594 0.072266 0.087402
-0.124512 0.014832 0.004089 -0.135742
-0.201172 0.106445 -0.018433 -0.168945
-0.170898 0.149414 -0.026978 0.030151
0.028809 -0.012878 0.160156 -0.183594
0.172852 0.200195 -0.018799 0.127930
-0.010986 -0.144531 0.223633 0.104980
0.048096 -0.101562 -0.011169 0.240234
0.130859 -0.145508 0.122559 0.173828
0.062500 0.042725 0.046143 -0.000085
-0.141602 -0.120117 0.004028 0.128906
-0.008057 -0.010498 -0.043701 0.062256
0.031250 0.075195 -0.045898 -0.129883
0.120605 0.044189 0.040527 0.053711
-0.060791 -0.143555 0.066895 -0.167969
0.047852 -0.055176 -0.040039 -0.033447
0.034668 -0.071777 -0.041992 0.018555
0.184570 -0.029175 0.056152 -0.070801
-0.302734 0.197266 -0.024170 -0.009888
-0.055908 0.164062 -0.132812 -0.055664
-0.211914 0.136719 -0.212891 0.009399
0.001335 -0.090332 0.069824 -0.120605
-0.108887 -0.071777 0.118652 -0.166016
0.002396 -0.104980 0.118164 0.002884
-0.040771 -0.043945 -0.096680 -0.155273
0.017944 0.072754 -0.010071 -0.144531
-0.196289 -0.164062 0.023804 -0.221680
-0.106934 0.050049 -0.020508 0.161133
0.064453 -0.038574 0.204102 -0.120117
-0.062012 0.163086 0.050781 0.054932
0.136719 0.053223 -0.076660 0.079102
-0.042480 -0.078613 -0.090820 0.066895
0.123535 0.021362 -0.091309 0.231445
-0.059570 0.000078 -0.011169 0.126953
-0.057373 0.073730 0.167969 -0.035156
0.209961 0.236328 -0.178711 0.251953
0.003311 -0.014771 -0.060059 0.157227
0.001480 0.062988 -0.006958 0.015991
0.024292 -0.024780 -0.008606 -0.160156
-0.044678 -0.074219 -0.005890 0.062500
0.208984 0.068359 -0.005798 0.091309
0.024414 0.211914 -0.103027 0.025635
-0.251953 0.086914 -0.027954 0.145508
0.045166 -0.033691 0.019775 0.151367
-0.162109 -0.125977 -0.077637 -0.043213
0.069824 0.037842 -0.008240 0.019775
-0.022583 -0.014526 -0.169922 -0.060059
0.085449 -0.084961 0.069824 0.146484
0.045410 -0.209961 -0.045898 0.057617
0.171875 0.248047 0.001732 0.083008
0.033203 -0.101074 0.099609 0.064453
0.069336 -0.069336 -0.079102 0.142578
0.186523 0.040771 0.145508 -0.018311
0.004700 0.059082 -0.199219 -0.046875
-0.034180 0.255859 -0.041992 -0.001984
0.062256 0.048096 0.004883 -0.062988
0.059082 0.220703 -0.000935 -0.047119
0.006409 0.015747 -0.038574 0.140625
-0.246094 -0.028687 0.241211 -0.009705
-0.015503 -0.002228 0.082520 -0.145508
0.124512 -0.173828 -0.032471 0.137695
0.040283 0.164062 -0.261719 -0.064941
0.014648 0.170898 -0.020142 0.173828
0.008301 -0.043701 -0.047607 0.130859
0.183594 0.066406 -0.079102 0.195312
0.047607 -0.088379 -0.040283 0.100586
-0.091797 -0.118652 -0.096191 -0.154297
0.081543 -0.010681 -0.168945 -0.164062
-0.003006 -0.107910 -0.030273 0.079102
-0.064453 0.152344 -0.037598 -0.110352
-0.046387 0.114258 -0.013977 -0.129883
-0.084473 -0.010315 -0.058350 -0.063965
0.110352 0.004211 -0.075684 0.105469
-0.080566 0.100586 -0.100586 -0.160156
0.207031 0.083008 -0.028198 0.125977
0.011536 -0.090332 0.103516 -0.014404
-0.029297 -0.015869 -0.099609 -0.165039
0.037842 -0.000729 -0.078613 -0.012451
-0.020386 -0.067871 0.102051 -0.108398
0.113770 -0.020020 0.087891 0.226562
0.151367 -0.005951 0.181641 0.137695
0.036865 0.095215 0.062988 0.032715
0.253906 0.070312 0.040283 0.116211
-0.131836 0.093262 -0.007721 -0.018188
-0.235352 -0.074219 0.080566 0.044922
-0.036377 -0.012939 -0.090332 0.037842
-0.152344 -0.108887 0.095703 0.019531
0.083008 0.013367 -0.106934 -0.104004
0.184570 0.008179 0.052002 0.107422
-0.038086 -0.061768 0.150391 -0.037598
0.000931 -0.014709 0.130859 0.006500
-0.265625 -0.054688 -0.080078 0.069824
-0.172852 0.006134 0.072754 0.124023
-0.165039 -0.079102 -0.026367 -0.072754
-0.212891 0.100586 0.123047 0.070312
0.066406 -0.005829 -0.047852 -0.001205
0.005890 -0.054932 0.010864 -0.166992
-0.005432 -0.072266 0.015076 0.091309
0.088867 0.185547 0.062012 -0.038086
0.074707 -0.079590 0.024414 0.087402
-0.033203 -0.058594 0.103027 -0.002762
-0.048096 -0.077148 -0.075684 -0.040527
0.036621 -0.094727 -0.071777 0.203125
-0.031494 -0.085938 0.071777 0.163086
-0.020264 0.087402 -0.048828 0.027100
-0.035156 -0.013000 0.117188 -0.132812
0.033447 0.028320 0.092773 -0.036133
-0.166016 -0.045654 -0.082520 0.053223
-0.168945 -0.166016 0.198242 0.006622
-0.045654 -0.049072 0.004089 -0.006409
0.112305 0.046875 0.000538 0.027100
-0.010193 -0.131836 0.060059 0.012695
0.078125 0.011353 -0.122070 0.218750
-0.044189 0.031738 -0.086914 0.082520
-0.015747 0.066406 -0.072266 -0.101562
-0.136719 -0.059570 0.072754 0.148438
-0.139648 -0.095703 0.038330 0.086426
-0.180664 0.035889 -0.006317 -0.010559
-0.178711 0.021729 0.062988 -0.154297
0.065430 -0.067871 0.054688 -0.230469
0.113281 -0.100098 -0.215820 0.207031
-0.217773 0.011719 -0.051758 -0.263672
-0.076660 0.103516 -0.021118 -0.073242
0.163086 -0.075195 -0.075195 0.108398
0.105957 -0.152344 0.028198 0.024170
0.052002 -0.090820 -0.035400 -0.039062
0.017822 0.187500 -0.006927 0.088867
0.093262 0.039795 -0.236328 0.057617
0.002701 0.097656 -0.081543 -0.043701
-0.015747 0.047119 0.113281 -0.055176
0.051758 0.152344 -0.108398 0.032471
-0.022583 0.020386 0.090820 -0.063477
-0.134766 -0.149414 0.143555 0.071777
0.006775 -0.059326 0.102051 -0.027954
-0.026611 0.026733 0.064453 0.043457
-0.062988 -0.200195 -0.222656 0.165039
0.217773 0.157227 -0.107422 0.069336
-0.016724 0.076172 -0.148438 0.012329
-0.033691 0.201172 -0.135742 -0.103027
0.218750 -0.159180 0.079102 0.095703
0.129883 -0.165039 -0.006989 0.031738
-0.099609 0.002350 0.049072 0.068359
0.186523 0.176758 0.086914 0.080566
-0.040771 -0.154297 -0.100586 0.029785
-0.019653 -0.089355 -0.165039 -0.013489
-0.296875 -0.023438 -0.014526 0.017822
0.185547 -0.124512 0.223633 0.253906
0.046387 -0.048096 0.146484 0.111328
0.008911 0.036621 -0.010925 -0.011536
0.114746 0.106934 0.029541 0.113281
0.112793 0.006348 -0.057373 -0.275391
0.273438 0.120117 -0.119629 -0.021851
0.069336 0.035889 -0.009521 -0.007568
0.021973 -0.062500 -0.109863 -0.034424
0.082520 -0.074219 0.025879 -0.061768
0.032715 0.020386 0.145508 -0.079102
0.019043 -0.067383 -0.043701 0.073242
0.162109 -0.095703 0.053223 0.102539
-0.111816 0.033936 0.050537 -0.083496
0.141602 0.067871 -0.048584 -0.109863
0.140625 -0.010986 -0.110352 -0.106445
-0.054199 -0.038330 -0.107422 0.018799
-0.033936 -0.042725 -0.076660 -0.192383
-0.053711 -0.153320 0.124512 -0.080566
0.060791 -0.065430 0.131836 0.024170
-0.035400 -0.126953 0.021606 -0.109863
-0.140625 -0.048828 -0.157227 0.129883
0.167969 -0.131836 0.056885 -0.012878
0.052734 0.053223 0.035645 -0.071777
0.006805 -0.002167 -0.033691 -0.013672
0.078613 -0.041504 0.152344 0.271484
0.089844 0.131836 -0.063965 -0.091309
-0.000340 0.081543 -0.022583 -0.085449
-0.128906 0.071777 -0.034912 -0.016113
0.147461 -0.019897 0.283203 -0.052490
0.084473 0.089355 0.028320 0.040039
0.023193 -0.068359 -0.029419 0.289062
-0.009521 0.027832 0.020996 -0.033203
0.123535 -0.157227 -0.076172 0.113281
0.007568 0.050781 0.061768 -0.071777
-0.035156 0.094727 -0.121582 0.021362
0.185547 -0.010742 -0.048096 0.273438
-0.060547 0.048096 -0.009399 0.052979
-0.111816 -0.023926 0.047852 -0.082520
0.101562 0.145508 -0.091797 0.044678
-0.042725 0.004089 0.048584 -0.020630
0.050293 -0.263672 -0.185547 0.113281
-0.028198 -0.093750 -0.002975 -0.003738
-0.097656 0.134766 0.017578 -0.108887
0.130859 -0.018921 -0.022583 0.167969
-0.324219 0.110840 0.004883 -0.304688
-0.269531 0.045166 -0.073242 -0.010376
0.031128 0.071777 -0.008240 0.031250
0.023438 0.042480 0.001488 -0.013062
0.043457 0.091309 -0.050293 -0.088867
0.109375 0.170898 -0.034424 0.049072
0.112793 0.012329 -0.173828 0.049072
0.008850 -0.045898 -0.069824 0.135742
0.172852 -0.050293 0.127930 -0.125000
0.153320 0.005371 0.053467 -0.294922
0.018555 -0.065918 -0.015015 0.124023
-0.049561 -0.043213 0.033936 0.004974
0.060791 0.135742 -0.116211 0.285156
-0.091797 0.052734 -0.025635 0.109863
-0.113281 -0.034180 -0.189453 0.072266
0.082031 0.197266 -0.185547 -0.039062
-0.063965 -0.065918 -0.019409 -0.084473
0.032227 0.038574 -0.080566 -0.139648
0.006287 -0.195312 -0.090332 0.016602
0.024414 -0.028442 0.014648 -0.039551
0.035400 0.021362 -0.104492 -0.016968
-0.121094 -0.052734 -0.036377 -0.029663
-0.191406 -0.035156 -0.103027 -0.011414
0.007935 0.143555 -0.050537 -0.016113
-0.261719 -0.157227 0.156250 0.144531
-0.341797 0.062500 -0.073242 -0.174805
0.027832 -0.143555 -0.070801 -0.289062
-0.015381 0.014282 -0.052490 -0.067383
0.005280 -0.062988 0.081055 0.029175
-0.128906 -0.005249 0.035645 -0.085938
-0.032959 -0.035156 -0.145508 -0.055664
-0.200195 0.072266 -0.001785 -0.192383
0.041748 -0.045654 0.126953 0.104492
-0.031494 0.006927 0.025757 -0.196289
0.004547 0.020874 -0.014832 0.050537
-0.057129 -0.141602 0.015869 -0.107422
0.041260 0.004456 0.079102 -0.182617
0.008240 -0.079102 0.092285 0.080078
-0.049561 0.120605 -0.165039 0.016113
-0.265625 -0.103516 -0.043945 0.066406
-0.196289 -0.139648 0.116211 -0.011108
-0.153320 -0.095703 0.096680 0.030273
0.037598 -0.038574 -0.081055 -0.092773
-0.191406 -0.123535 0.096680 -0.157227
0.018555 -0.072754 0.074219 -0.084961
0.007538 0.026855 0.054688 -0.025879
0.052734 0.066895 -0.009888 0.182617
-0.314453 0.216797 0.168945 0.071777
-0.150391 -0.092285 0.181641 -0.039551
-0.224609 0.123535 -0.003815 0.032227
-0.017822 -0.150391 0.045898 0.044434
-0.159180 0.120605 0.158203 -0.125977
0.032227 0.003418 -0.019287 -0.026978
0.155273 -0.041260 0.085449 -0.049316
0.016724 0.028931 0.034912 0.068359
0.125000 0.031982 0.104980 -0.137695
0.013000 -0.045410 -0.134766 -0.112793
0.027954 -0.136719 -0.086914 -0.085449
-0.036621 0.053467 -0.019165 0.056152
0.155273 -0.126953 -0.060303 -0.071777
-0.023438 -0.011353 -0.102539 0.116211
-0.129883 0.003998 -0.171875 -0.131836
0.027344 0.076172 0.096680 0.000793
-0.058594 -0.075195 -0.055908 -0.207031
-0.110352 -0.028809 -0.057129 -0.271484
-0.179688 0.066406 0.169922 -0.247070
-0.043457 -0.033691 0.050049 -0.041748
-0.085449 -0.124512 0.007599 -0.030762
-0.045898 -0.001808 0.081543 0.132812
-0.145508 0.189453 -0.056885 -0.104980
-0.051514 0.049805 -0.038330 -0.046143
-0.265625 0.045166 0.013855 -0.197266
-0.203125 0.025635 -0.102051 0.008911
-0.281250 -0.021240 0.057617 0.001244
0.082520 -0.022827 -0.050049 -0.068359
-0.232422 -0.031738 -0.009949 0.138672
0.124023 -0.050781 0.029175 0.038818
0.109863 0.048584 -0.069336 0.018555
-0.058105 0.101562 0.064941 -0.209961
-0.004364 0.039307 -0.003418 0.174805
-0.014648 0.077637 -0.119141 0.050293
-0.041504 -0.098633 -0.011414 -0.057861
-0.001808 0.064453 -0.049316 0.062256
-0.078125 0.132812 -0.013306 0.049072
0.008057 -0.081055 -0.052002 0.072754
-0.182617 0.019409 -0.071777 0.080078
-0.017700 0.109863 -0.020264 0.052734
-0.279297 0.034180 0.039551 -0.125977
-0.089355 -0.022705 -0.120605 -0.062988
-0.157227 -0.168945 0.124512 0.118652
0.059326 -0.066895 -0.081543 0.102051
-0.012207 -0.040771 -0.081055 0.060059
-0.068848 -0.148438 -0.041748 -0.127930
-0.214844 0.042236 -0.149414 0.076660
-0.026489 0.224609 -0.008362 -0.016357
-0.108398 -0.017456 0.081543 0.010437
-0.125977 0.103516 -0.149414 -0.086426
0.018799 -0.078125 -0.104004 -0.070312
-0.098633 0.025391 -0.047607 -0.100098
-0.020508 0.002762 -0.033936 0.011169
-0.057373 -0.066406 0.071777 -0.062256
-0.067871 -0.030151 -0.189453 0.121094
-0.038574 -0.048584 -0.134766 -0.056396
-0.044678 -0.218750 -0.135742 0.236328
0.037354 -0.021362 0.039062 0.028442
0.031250 0.098145 0.055908 -0.029175
-0.011658 -0.018799 -0.139648 -0.245117
-0.011292 -0.075195 -0.157227 -0.089844
-0.022217 -0.132812 0.021484 -0.078613
-0.012878 0.072266 0.019653 -0.006104
-0.069824 -0.057129 -0.211914 0.069824
0.056641 -0.115234 -0.047119 0.163086
-0.038330 -0.026978 0.062012 -0.020142
0.013062 0.109375 -0.012512 -0.038086
0.038574 -0.067871 -0.085449 -0.131836
0.019653 -0.120117 -0.154297 -0.025635
0.011658 -0.298828 -0.149414 -0.126953
-0.020752 -0.104980 -0.102539 -0.085938
0.035156 -0.149414 0.097168 0.046631
0.033691 -0.218750 0.080078 0.089355
-0.027954 0.030273 -0.070801 -0.020020
-0.096680 0.118164 0.127930 0.119629
0.031982 -0.048828 0.040039 -0.040283
-0.027832 -0.179688 -0.095703 0.100098
-0.016479 0.163086 -0.071289 -0.005005
0.015198 0.082520 0.077637 -0.175781
-0.032715 -0.024536 0.050293 0.095703
0.023560 -0.113281 -0.186523 0.073730
-0.029297 -0.050049 -0.008545 0.017456
-0.011414 0.052734 -0.108887 -0.102051
0.002167 0.052490 0.176758 0.053223
-0.007812 0.024414 0.044434 -0.078125
-0.006805 0.069824 -0.015869 0.065430
-0.052002 0.024536 0.127930 -0.064941
-0.022339 -0.072266 0.150391 0.088867
-0.041504 -0.005646 -0.120117 -0.047119
-0.055664 -0.062988 0.010437 0.044434
-0.047119 0.061279 -0.207031 -0.114746
0.037354 0.017334 -0.072754 0.127930
-0.042480 -0.089355 -0.069336 -0.036621
0.055420 -0.061279 -0.133789 0.124512
0.038818 0.061279 -0.007782 0.023560
-0.063477 -0.322266 0.216797 -0.121582
0.025879 -0.056152 0.044434 -0.234375
-0.022339 -0.018066 -0.019165 0.054199
-0.012878 0.119141 -0.067871 0.156250
-0.006500 -0.151367 0.041016 -0.121582
0.032715 0.038818 0.072754 -0.221680
0.047363 0.100098 0.000418 -0.092773
-0.026001 0.125000 0.024780 -0.080078
0.015625 0.104980 -0.085449 0.003754
-0.010986 0.267578 0.087891 0.086426
0.007355 0.040283 -0.043457 -0.058105
0.029297 -0.022339 -0.287109 0.083008
0.053955 0.053711 -0.131836 -0.065430
-0.027344 0.173828 -0.062500 0.330078
-0.060303 -0.082031 0.025757 -0.011414
-0.063965 0.118164 0.145508 -0.088867
0.048096 0.083008 -0.198242 -0.103516
-0.058594 0.244141 -0.003113 0.128906
-0.055176 0.020752 0.003525 -0.049805
0.018677 0.086914 0.015137 -0.093750
0.077637 -0.125000 -0.099121 -0.114746
0.026367 0.119629 -0.163086 0.265625
0.019531 -0.203125 -0.016724 0.036133
-0.013123 0.085449 0.103027 0.007996
0.003464 -0.005951 -0.183594 -0.128906
-0.058594 0.176758 0.001190 0.176758
-0.058105 0.031250 0.013306 -0.044189
-0.096191 0.052734 0.161133 0.038574
-0.011292 -0.259766 0.028809 -0.283203
-0.052246 0.066895 -0.128906 -0.033203
-0.061768 -0.126953 -0.199219 0.167969
0.019409 -0.127930 -0.148438 -0.014771
-0.011963 0.081543 -0.208008 -0.289062
-0.071777 -0.097168 0.007111 0.032715
-0.025635 -0.071289 0.168945 -0.098145
-0.069336 -0.034668 -0.081055 0.088867
-0.014832 0.099609 0.064941 -0.176758
-0.075195 -0.027954 0.032715 -0.050293
-0.002396 -0.259766 -0.007294 0.119629
-0.041748 -0.133789 -0.227539 -0.021362
-0.043701 -0.064941 -0.131836 -0.111328
-0.046631 0.119629 -0.071289 -0.156250
0.018799 0.086426 -0.310547 0.186523
0.045410 0.152344 0.166016 -0.020630
-0.009888 -0.083008 -0.058594 0.047852
-0.020386 0.038330 0.044678 0.024292
-0.027588 -0.199219 0.275391 0.002136
0.058105 -0.111816 0.207031 -0.155273
0.010986 -0.096191 -0.031982 0.073730
-0.063477 0.006348 0.041992 -0.419922
0.033691 0.175781 -0.116699 -0.011963
0.011414 0.032471 -0.062256 -0.102051
0.002991 -0.052490 0.005096 0.041016
-0.056152 -0.012207 0.020874 -0.099609
0.026489 0.050781 0.009216 0.015137
0.039795 -0.100098 -0.166016 0.127930
-0.027832 0.031982 0.056885 0.026733
-0.040771 -0.075684 -0.149414 0.041748
-0.030029 0.038818 -0.238281 0.156250
-0.023071 0.031494 -0.159180 -0.171875
0.022949 0.176758 0.019043 -0.013550
0.004669 -0.094238 -0.102051 -0.047363
-0.042969 -0.271484 0.122070 0.030273
0.039795 0.086914 -0.087891 -0.038086
-0.016113 0.001381 -0.002792 0.100586
0.047119 0.000111 0.018555 -0.130859
0.043457 0.089355 -0.008362 -0.138672
-0.059082 0.120605 0.100098 0.173828
-0.040771 -0.030273 -0.065918 -0.124023
-0.106934 0.050781 -0.053955 -0.083008
-0.053467 -0.229492 0.083008 -0.076660
-0.008118 -0.219727 0.187500 -0.332031
-0.017822 -0.090332 0.009338 -0.069824
0.006714 0.083008 -0.024902 -0.058350
-0.027344 0.071289 0.241211 0.055664
-0.026855 0.024536 -0.142578 0.255859
-0.048828 -0.077148 -0.049072 0.155273
-0.000265 0.184570 -0.046631 -0.057373
-0.007050 0.250000 -0.179688 0.017578
0.053711 0.188477 0.103027 -0.072266
-0.004150 0.011475 -0.122070 -0.182617
-0.041016 0.128906 0.165039 -0.033447
0.005615 -0.003448 0.036621 0.053467
-0.033447 0.192383 -0.073730 0.056152
-0.052246 0.032471 -0.078125 0.106934
-0.006104 0.068359 0.104004 -0.041260
0.043457 0.104492 -0.208984 0.062988
0.058105 -0.006500 -0.086914 0.070312
0.069336 -0.174805 -0.076172 -0.156250
-0.019165 0.150391 0.141602 0.249023
-0.037842 -0.117188 0.283203 0.114746
-0.026123 0.046387 0.060791 -0.052002
0.020630 0.149414 0.018921 0.026123
-0.001457 0.056641 0.255859 0.051270
-0.039551 0.109863 -0.198242 -0.087402
-0.001999 -0.132812 -0.138672 0.146484
-0.046143 -0.197266 0.134766 -0.216797
-0.024536 0.245117 -0.094727 0.232422
-0.002350 -0.098633 0.130859 0.133789
-0.027710 0.096680 0.049805 0.185547
-0.049805 0.188477 -0.116699 -0.181641
-0.016724 0.040039 -0.070801 0.161133
-0.011475 0.039551 -0.017456 0.074707
-0.026245 0.133789 -0.097168 -0.064941
0.023193 0.181641 -0.030396 -0.173828
-0.046875 0.188477 -0.041992 -0.173828
-0.014587 0.044189 -0.045654 -0.152344
-0.054932 -0.018677 -0.056641 -0.093262
0.009827 -0.184570 -0.082520 -0.322266
-0.060547 0.101074 -0.112793 -0.494141
-0.004578 -0.104492 0.066895 0.143555
0.006775 0.178711 0.107910 -0.072754
-0.039062 0.013733 -0.039795 -0.025024
0.012268 0.101562 0.206055 -0.014954
-0.040283 -0.043701 -0.150391 0.124512
0.001816 0.111328 0.087891 0.076172
0.043457 -0.091797 0.070312 0.031738
-0.052002 -0.005096 -0.066406 -0.057129
0.046875 -0.078125 0.104004 0.130859
-0.052002 0.104980 -0.063477 0.116211
-0.054199 -0.055420 -0.034668 0.158203
0.002930 0.003998 0.043945 0.240234
-0.063965 0.059082 -0.014954 0.082520
-0.032959 -0.029419 0.183594 0.019653
0.061768 -0.053223 -0.009705 0.087891
0.022461 -0.046631 -0.000282 -0.051514
0.015442 0.163086 -0.245117 0.147461
-0.032959 0.072266 -0.123047 -0.142578
-0.034668 0.058594 -0.100586 0.007996
0.017334 0.166016 -0.016846 -0.219727
0.000568 -0.138672 -0.038086 -0.126953
-0.065430 0.023438 0.143555 -0.022827
0.030029 0.042725 0.073730 -0.201172
-0.031982 0.097656 -0.100586 0.100586
-0.030640 0.050049 -0.041016 -0.101562
-0.021851 0.126953 -0.034424 0.140625
-0.006409 0.033691 -0.152344 0.034180
-0.029541 -0.083984 0.012878 0.157227
-0.069824 0.026733 -0.068848 -0.231445
-0.039062 -0.049805 0.029297 -0.009888
-0.020752 -0.007874 -0.032715 0.001945
0.025391 0.182617 -0.048340 -0.108398
-0.004730 -0.069824 -0.101074 -0.192383
-0.003265 0.091797 -0.094238 0.330078
0.038330 0.067871 -0.012024 0.040771
-0.095703 -0.167969 -0.021606 0.245117
-0.047852 0.004395 0.117188 0.065918
-0.030640 -0.067383 0.147461 0.098633
-0.068359 -0.123535 0.218750 0.101074
-0.055420 0.068359 0.030762 0.115234
-0.049316 -0.036865 0.107422 -0.117188
0.049072 0.132812 0.105469 -0.101074
-0.044922 0.102539 -0.100586 0.253906
0.014709 0.115234 -0.014343 0.096680
-0.028442 0.019775 -0.151367 -0.200195
0.048584 -0.025635 -0.277344 0.147461
0.022217 0.127930 -0.076172 0.132812
-0.055420 -0.063477 -0.151367 0.119141
-0.018188 0.121094 0.302734 0.086914
0.015198 -0.098633 0.118164 0.098145
-0.056396 0.088379 -0.049316 0.085938
0.019653 0.135742 -0.005280 -0.020996
-0.020142 -0.075195 0.202148 0.153320
-0.031006 0.052246 -0.198242 0.042969
-0.041992 0.072754 -0.126953 -0.068359
-0.006989 -0.034180 -0.048096 0.068359
0.001945 0.198242 0.149414 0.306641
0.037842 0.198242 0.077637 0.072754
0.035156 0.343750 -0.168945 -0.150391
-0.068359 0.228516 -0.019897 0.040283
-0.009766 -0.141602 0.219727 0.180664
0.023804 0.143555 -0.003967 -0.050049
-0.043945 0.216797 -0.057617 -0.091309
0.013611 0.067871 -0.037354 -0.095703
0.019165 0.058594 -0.079102 -0.009338
-0.043457 -0.137695 -0.230469 -0.166016
-0.002075 -0.016479 0.071289 0.056641
-0.055176 -0.087891 -0.128906 -0.062988
-0.046631 0.020508 -0.037354 0.179688
-0.037598 -0.023071 -0.104004 -0.083984
0.030029 -0.156250 0.014709 0.057129
-0.052002 -0.000751 -0.000923 0.126953
0.022461 0.063477 -0.009583 0.003479
0.034912 -0.251953 -0.212891 -0.121094
-0.006744 0.248047 0.090332 -0.053711
0.019531 -0.088379 0.002914 0.071777
-0.073730 0.121094 0.147461 0.237305
0.014160 -0.102539 0.015625 0.046875
0.000225 0.065430 -0.119141 -0.106934
-0.039551 -0.132812 -0.171875 0.035400
-0.003067 -0.062256 0.016968 0.038086
-0.026978 0.076660 0.088867 -0.136719
0.041016 0.219727 0.055664 0.041748
-0.019409 -0.031738 0.035645 0.083984
0.027710 0.172852 0.131836 0.182617
0.040527 -0.153320 0.070312 0.042480
0.025024 0.113770 -0.100098 -0.057861
-0.000345 -0.123047 -0.028931 -0.127930
-0.050537 0.074219 -0.031494 -0.022339
-0.041504 -0.039551 -0.026489 0.073242
-0.043213 0.004578 -0.248047 -0.041260
0.072266 -0.060059 0.123535 0.009216
-0.057861 0.156250 -0.131836 -0.012512
-0.016602 0.014832 0.073730 -0.020996
-0.039307 -0.100586 -0.203125 -0.094727
-0.026001 -0.229492 -0.059082 -0.036377
0.043701 -0.016235 -0.043945 -0.034912
0.013123 -0.057373 0.051514 0.062988
-0.046631 0.129883 0.009521 0.100098
-0.007751 -0.086914 -0.029297 -0.062988
-0.035156 0.108887 -0.022705 -0.146484
0.048340 0.026489 0.021362 -0.042480
0.003220 0.041748 0.002121 -0.233398
0.007599 -0.031494 -0.036133 -0.205078
-0.051025 -0.019043 -0.019287 0.007233
0.020508 -0.296875 0.094238 -0.359375
0.045410 0.093262 -0.021729 0.037354
-0.018066 -0.023804 -0.007660 -0.033447
0.007599 0.095703 -0.003006 0.155273
-0.051025 -0.091797 0.040771 0.039062
-0.039062 0.121582 0.095215 0.001556
-0.045166 0.025146 0.084473 -0.234375
-0.047363 -0.031494 -0.011353 0.021729
-0.045898 -0.008911 0.026123 -0.152344
0.021606 -0.075684 0.014099 0.021118
-0.016479 0.228516 0.160156 0.285156
-0.060059 0.084473 -0.159180 -0.027710
-0.041992 0.097656 -0.060791 0.171875
0.042725 -0.107910 0.038330 -0.011292
0.012878 0.161133 0.014954 -0.007294
0.015869 0.007935 -0.026611 -0.004364
0.001442 -0.028687 -0.000492 0.016968
0.011292 -0.115723 0.261719 -0.072266
-0.030273 0.184570 0.054443 0.130859
-0.009399 0.181641 0.159180 -0.195312
-0.048096 0.136719 -0.111328 0.044678
-0.054443 0.030762 0.457031 -0.054443
-0.057861 0.072754 0.149414 0.227539
-0.051758 0.058105 0.067383 0.052979
0.017212 -0.145508 0.157227 0.034668
0.036133 0.015503 0.086914 0.148438
-0.005066 0.144531 -0.086426 0.073730
-0.041748 0.031128 0.208008 0.292969
-0.052246 0.036865 -0.041260 -0.068359
-0.000009 0.106445 0.114258 0.090332
0.000755 0.037109 0.031250 0.221680
0.013855 -0.147461 0.074707 0.025513
-0.083984 0.100098 0.030273 -0.041992
-0.042480 0.056396 0.101074 0.110352
0.038330 -0.107910 -0.108887 -0.043701
0.013672 -0.031982 -0.023438 -0.052246
-0.030151 0.027588 0.070312 -0.141602
0.003632 0.269531 -0.201172 -0.253906
-0.031006 0.085938 0.013672 -0.141602
-0.052246 0.121094 0.042725 0.144531
0.062988 0.166016 0.049805 0.041504
0.052490 0.123535 -0.104004 0.016968
-0.032227 -0.159180 -0.154297 -0.120605
0.034180 -0.104492 -0.176758 0.091797
0.015869 0.109375 0.178711 0.106445
-0.056641 -0.059570 0.021362 0.085449
0.021362 0.115234 0.045166 0.030518
0.014160 0.044189 0.086914 0.002930
0.070312 -0.133789 0.085449 -0.004456
-0.003967 0.093750 0.000957 0.047852
0.052979 -0.242188 -0.086426 -0.191406
-0.041504 -0.057129 -0.014526 0.065430
-0.036865 -0.064941 -0.152344 0.120117
-0.069824 -0.006744 -0.064453 0.123047
0.076172 -0.263672 0.045166 0.102539
-0.041260 -0.017212 -0.052734 0.037842
0.029175 0.152344 0.023682 0.001068
0.012390 0.022095 -0.076660 0.045166
-0.012939 0.084961 -0.051270 0.109863
0.048584 0.032715 0.139648 -0.154297
-0.018188 0.079102 0.078613 -0.141602
0.046143 0.076172 0.027832 -0.134766
-0.053711 0.029053 0.204102 -0.018555
0.009949 0.029297 -0.206055 -0.251953
0.003235 0.193359 0.022461 0.017822
-0.067871 0.133789 0.017578 -0.210938
0.071777 0.148438 -0.056396 0.005219
0.004211 -0.004242 -0.049805 -0.192383
0.013794 0.003036 0.125000 0.142578
-0.024048 -0.085449 -0.141602 -0.000193
-0.072754 0.023560 -0.003738 0.043457
-0.066406 0.231445 -0.010315 -0.141602
-0.033691 0.068359 -0.017456 0.039062
0.040283 0.130859 -0.028198 0.024048
0.046387 -0.041748 -0.001053 -0.181641
-0.020142 0.101074 0.072754 -0.107422
0.013550 -0.029419 0.115723 0.218750
0.019531 -0.088379 -0.096191 0.094238
0.062988 -0.072754 -0.047119 -0.115723
-0.001930 0.059082 0.073242 -0.094238
0.066895 -0.161133 -0.073242 -0.095703
0.032471 -0.102539 -0.163086 -0.023193
-0.011841 0.010071 -0.142578 -0.001907
-0.033447 0.082031 -0.079590 0.101074
0.009460 -0.000763 -0.224609 0.132812
-0.034180 0.072266 -0.154297 0.132812
-0.024780 -0.147461 -0.130859 -0.049072
-0.037598 0.115723 0.062988 0.056641
0.019409 -0.154297 0.122070 -0.114258
0.033447 0.024902 0.192383 -0.166016
0.010498 -0.064941 0.007507 0.069336
0.001389 0.106445 0.023804 -0.024414
-0.062500 0.094727 -0.060303 -0.224609
-0.025635 0.029785 -0.096191 -0.024414
0.055176 -0.206055 -0.021362 -0.343750
-0.025269 0.207031 0.078125 0.141602
0.006653 -0.190430 -0.003052 -0.003448
0.035400 0.029297 0.221680 -0.014893
0.036865 -0.129883 0.055664 -0.094238
-0.016968 0.161133 -0.087402 -0.070801
-0.019653 0.187500 -0.182617 -0.031738
-0.045654 0.151367 -0.192383 -0.086914
0.070312 -0.251953 -0.108398 -0.166016
-0.038574 -0.073730 -0.104980 -0.341797
-0.044189 0.075684 -0.117676 0.043457
0.015869 -0.112793 0.018555 0.142578
0.014893 0.051514 0.039062 0.058105
-0.018433 -0.105957 -0.059814 -0.039307
-0.049561 -0.013367 -0.078613 -0.158203
-0.013794 -0.098145 0.020752 -0.265625
0.027344 -0.060303 -0.029297 -0.079590
-0.019775 -0.175781 -0.118652 -0.255859
0.026489 0.103027 0.263672 -0.016479
0.016968 -0.014526 0.083008 0.065918
-0.058350 0.116211 0.069824 0.009460
-0.039795 -0.083984 -0.076172 0.021606
-0.070801 -0.091309 -0.136719 0.053467
-0.002823 0.112305 -0.100586 -0.326172
-0.007233 -0.292969 0.036133 -0.062988
-0.009827 -0.275391 0.029907 -0.027588
0.015198 0.332031 -0.032471 -0.107422
-0.078613 0.097168 -0.003067 -0.163086
-0.062500 0.068359 -0.072754 0.008850
-0.038818 -0.071289 -0.145508 0.057129
0.053955 -0.214844 -0.048096 0.088379
0.006958 -0.000087 -0.038574 0.082520
0.013794 -0.224609 0.170898 0.014648
-0.047852 -0.036865 -0.120117 -0.004517
0.028076 0.079590 -0.279297 -0.024780
0.014526 -0.003769 -0.112305 0.014648
0.019531 0.019775 -0.074707 -0.030029
0.093750 -0.017212 -0.016113 0.124512
-0.075195 0.115723 0.154297 -0.170898
-0.058350 0.045654 0.008240 0.043701
-0.030273 -0.023193 0.076660 -0.075684
0.025269 -0.029541 -0.094238 -0.120117
0.019165 0.059326 0.044189 0.122559
0.025635 -0.036621 -0.131836 0.007629
-0.022583 0.015442 -0.006866 0.048584
-0.029907 0.081055 -0.098145 -0.048584
-0.071289 -0.140625 0.124023 0.160156
0.034668 0.009827 -0.068359 0.062988
0.007996 0.109375 -0.091797 0.008240
-0.052734 -0.038330 0.096680 -0.255859
-0.016846 0.148438 -0.100586 0.204102
-0.046631 0.194336 -0.020020 -0.051758
-0.003387 -0.021362 -0.071777 -0.062256
-0.056396 0.010376 0.064453 -0.002487
-0.054932 -0.248047 0.147461 0.073242
0.001305 0.086426 -0.048340 0.104980
0.029419 -0.015991 0.294922 -0.183594
0.033936 -0.003815 -0.073730 -0.056641
0.007477 0.121094 0.010132 0.083008
0.027832 0.127930 0.035156 -0.050781
-0.004913 0.048340 -0.012329 -0.074219
-0.034180 0.160156 0.021606 0.233398
0.029419 0.165039 -0.083496 0.045898
0.001770 -0.200195 -0.053223 0.101074
-0.067871 0.030396 -0.217773 -0.125000
-0.042725 -0.169922 -0.089355 -0.024536
-0.069824 -0.153320 0.248047 0.029907
0.004333 -0.022461 0.178711 0.047363
-0.013672 -0.032471 0.053467 0.051270
0.012512 0.106445 0.075195 0.185547
-0.041260 0.219727 -0.101074 -0.190430
-0.060303 -0.051025 0.057861 0.025757
-0.012756 -0.174805 -0.153320 -0.218750
0.025146 -0.190430 0.142578 -0.300781
0.048096 -0.024170 0.223633 0.141602
-0.015869 0.186523 0.090820 0.155273
0.032227 0.074219 0.049561 0.083008
0.031494 0.123047 0.009949 0.041016
0.023804 0.039062 0.069336 0.066895
-0.025146 0.208984 -0.046875 -0.030396
-0.009521 -0.078125 0.129883 0.093750
0.028198 -0.012390 -0.025757 -0.243164
-0.041260 -0.113281 0.016968 -0.241211
-0.042969 -0.103027 -0.121582 0.029297
0.042969 -0.021729 -0.141602 -0.164062
0.013245 -0.188477 0.098633 0.046143
0.025513 0.025513 0.056152 -0.226562
0.017456 0.145508 0.089355 -0.155273
-0.053223 0.024414 -0.025146 0.043945
0.033203 0.025879 -0.027100 -0.038330
0.007477 -0.133789 0.005310 0.159180
0.008240 -0.112793 0.013672 -0.045654
0.005524 0.105957 0.032227 -0.179688
-0.050537 -0.030151 -0.200195 0.137695
-0.024170 -0.191406 -0.120117 0.124023
0.035889 0.118652 0.141602 0.007996
-0.056885 0.059082 -0.038818 0.041016
-0.058594 -0.128906 0.083496 0.129883
-0.046143 -0.219727 0.039062 0.053711
-0.003616 -0.151367 0.250000 -0.050293
-0.013794 -0.015381 0.051270 0.114746
-0.021118 0.079590 -0.000759 -0.154297
-0.019653 -0.048096 -0.185547 0.201172
0.012512 -0.036621 0.022217 -0.001175
-0.023560 -0.068848 -0.023926 -0.078125
-0.051514 0.125977 0.108398 -0.052490
-0.004089 0.014526 0.127930 -0.109375
0.014648 -0.039551 0.114746 0.161133
-0.029785 0.053955 -0.011475 0.076660
-0.011047 0.063477 -0.176758 -0.013611
-0.023804 -0.115234 -0.235352 -0.140625
0.003464 -0.050537 0.026489 -0.014343
0.038818 0.050049 -0.029663 -0.017090
-0.009460 0.017578 -0.143555 -0.112305
-0.058594 -0.105469 -0.020874 0.053955
0.047363 -0.080566 0.106445 -0.034668
0.035400 0.029297 0.046143 0.025146
-0.030884 0.076172 -0.017456 -0.251953
-0.019531 -0.000896 -0.166016 -0.128906
-0.037109 0.101562 0.037842 0.131836
0.010559 0.011292 -0.014709 0.077637
0.039062 -0.057861 0.060303 0.219727
0.023804 -0.109863 0.195312 0.002319
-0.041016 -0.126953 0.144531 -0.153320
-0.027222 -0.034668 0.060791 0.006165
0.007050 0.063477 0.067383 -0.070312
0.030151 0.028198 0.163086 -0.318359
-0.024780 0.004761 -0.022095 0.240234
-0.033447 0.015869 -0.020142 0.069336
0.041748 -0.041748 -0.040039 0.328125
0.030396 0.192383 -0.071777 0.035400
0.012085 -0.006927 -0.283203 0.033691
-0.041260 -0.048096 -0.160156 -0.020386
-0.030518 -0.062500 -0.000584 -0.111328
0.042480 0.036133 -0.217773 -0.088867
-0.009705 0.030518 -0.140625 0.025635
-0.064453 0.057129 -0.065430 -0.030151
-0.010071 0.135742 -0.066895 0.179688
-0.036621 0.039307 -0.131836 -0.023193
0.047607 -0.003067 -0.202148 -0.042725
0.053955 -0.181641 -0.035645 -0.010315
-0.016724 -0.014160 0.226562 0.033936
-0.020874 -0.168945 0.000091 -0.041748
-0.009949 -0.020996 0.069824 -0.198242
0.041260 -0.035400 -0.017578 -0.002731
-0.066895 0.216797 -0.070312 -0.036865
-0.014587 0.094727 -0.066406 0.016235
0.031982 -0.039307 -0.074219 -0.068848
-0.030640 -0.154297 -0.000126 -0.161133
-0.068359 -0.057861 0.009888 0.251953
-0.044189 -0.052246 0.155273 -0.003860
0.027344 -0.231445 0.103027 0.039551
-0.042725 -0.026367 -0.078125 0.010620
0.010498 -0.028931 -0.001968 -0.199219
0.021606 -0.160156 -0.107910 0.113770
-0.005402 -0.031250 0.017212 -0.018555
-0.027100 -0.131836 -0.085449 0.161133
-0.052002 -0.085449 -0.130859 0.050781
-0.065430 -0.200195 -0.035889 0.213867
0.033691 -0.026978 -0.072266 -0.095215
-0.067383 -0.088867 0.028564 0.022461
-0.034424 0.133789 0.108398 0.072754
0.055420 -0.158203 -0.013000 0.137695
-0.061768 -0.121094 -0.161133 -0.024902
0.089355 -0.112305 -0.108887 0.048340
-0.048096 -0.166016 -0.092285 0.058105
0.066406 0.051514 -0.025757 0.069336
-0.059082 -0.132812 0.038818 -0.050537
0.032959 -0.142578 0.049805 0.099609
-0.003708 0.077148 0.166016 0.092773
-0.040039 -0.131836 0.177734 -0.106934
0.015015 0.004913 -0.201172 -0.172852
0.069336 -0.094727 -0.059814 -0.213867
0.055664 -0.241211 0.192383 -0.061035
0.012695 0.031982 -0.117188 -0.239258
0.078125 -0.098145 0.023438 0.004364
0.039062 -0.130859 0.119629 -0.088379
0.055176 0.028564 -0.117676 -0.068848
-0.032715 0.080078 0.194336 0.091797
-0.010559 -0.054688 -0.075684 -0.083496
-0.041748 -0.068359 0.109375 -0.047119
-0.020386 -0.143555 0.122559 -0.089844
-0.017944 -0.037354 0.093262 -0.036377
0.012573 0.002029 0.041016 -0.109375
0.034180 0.165039 0.036133 -0.031494
-0.034424 0.065430 0.009155 -0.042236
0.012329 -0.153320 0.007996 -0.051270
-0.023438 -0.004730 -0.085449 -0.085449
-0.010498 -0.014771 -0.027710 -0.166016
0.031982 -0.161133 0.001007 -0.111816
-0.013489 -0.083008 -0.079590 -0.174805
0.009827 -0.046143 0.085449 0.028076
-0.052979 -0.026123 -0.163086 0.002869
0.043945 -0.029053 0.090820 0.189453
-0.062988 -0.133789 0.052734 -0.241211
0.046387 0.124512 0.065430 -0.148438
0.007385 -0.100586 -0.090332 -0.165039
0.005127 -0.109863 0.058838 -0.138672
0.028198 0.192383 -0.002930 -0.242188
-0.068359 -0.104980 0.003448 -0.068848
-0.061768 0.173828 -0.181641 -0.219727
-0.025024 0.031494 -0.141602 0.180664
-0.032471 -0.014465 -0.253906 0.091309
0.006927 0.126953 0.065430 0.009460
-0.057617 0.189453 0.110352 0.029053
-0.017700 0.310547 -0.012024 0.007935
0.023438 0.185547 0.162109 -0.046387
-0.011658 -0.070801 0.004303 -0.072754
-0.058105 -0.064941 0.007660 0.138672
0.029419 -0.078613 0.007935 -0.185547
-0.017700 0.067871 -0.225586 0.047852
-0.061279 -0.030884 -0.115234 0.004456
-0.068359 0.143555 -0.053223 0.197266
-0.058838 0.179688 -0.083496 0.154297
-0.083496 0.091309 0.071777 0.129883
-0.010193 0.092285 -0.038574 -0.130859
-0.005432 0.141602 -0.166992 0.188477
0.002533 0.021851 -0.028320 0.118652
-0.036133 0.032227 -0.006744 -0.107910
-0.000713 -0.219727 0.045898 0.006897
-0.075195 0.162109 -0.113281 0.071289
-0.016479 0.089355 -0.034668 -0.000170
-0.052490 0.201172 0.118164 0.148438
0.007477 -0.041992 -0.090820 -0.052490
-0.052979 0.203125 -0.121094 -0.055176
-0.094727 -0.201172 0.076660 0.024780
-0.052979 0.160156 0.163086 -0.020508
-0.069824 -0.222656 0.054688 -0.135742
0.032959 0.055176 0.035889 -0.091797
0.033203 -0.026855 -0.015076 0.010376
0.144531 -0.126953 0.234375 -0.033936
-0.016357 -0.267578 -0.094727 0.014099
-0.005646 0.075684 -0.111328 -0.099121
-0.019165 -0.069824 -0.100586 0.053467
-0.002670 0.029053 -0.038086 0.148438
-0.015137 -0.273438 0.085449 0.062988
0.097656 0.032715 0.050049 -0.064453
-0.013184 0.002304 0.023560 0.028076
-0.018555 -0.112793 0.101562 0.000851
0.079102 -0.137695 0.074707 0.103027
0.020508 0.060059 0.042725 0.015442
0.113770 0.075684 -0.101074 -0.016602
0.175781 -0.025024 -0.179688 -0.073730
-0.034424 -0.026123 0.143555 0.001678
0.040771 0.078613 -0.053711 0.056152
0.058594 -0.079102 -0.068359 -0.034180
-0.047363 -0.234375 -0.024414 0.159180
0.184570 -0.085449 -0.066895 0.034912
0.050049 0.085449 0.144531 0.003372
-0.102051 -0.166992 0.122070 0.006561
-0.209961 -0.025513 0.158203 -0.011536
-0.109863 -0.189453 -0.035889 -0.071289
0.120117 0.207031 -0.130859 -0.020752
-0.032227 0.022217 0.002106 -0.002625
0.011108 -0.051025 -0.033203 -0.094238
-0.012207 -0.291016 0.070801 -0.151367
-0.007233 -0.036621 -0.008850 -0.137695
-0.087891 -0.085449 0.066895 -0.030151
-0.104492 -0.064453 0.210938 0.122559
0.011230 0.030151 0.174805 -0.063965
-0.016357 0.132812 -0.008484 -0.063965
0.007294 0.036621 0.008606 -0.002441
0.041992 0.001808 -0.111816 -0.105469
-0.099609 -0.236328 0.095215 -0.077148
-0.022461 -0.210938 0.033447 -0.085449
0.117188 -0.055176 -0.000969 -0.050049
-0.010681 -0.248047 0.044189 0.005402
0.013123 0.007935 0.035645 -0.021240
0.066895 0.267578 -0.030640 0.064941
0.035889 -0.030029 -0.068848 -0.045410
-0.091309 -0.037598 -0.058105 0.066895
0.012939 -0.023804 -0.048584 0.060059
-0.246094 0.071289 -0.012207 0.021729
0.025269 0.142578 -0.158203 -0.016113
-0.121094 -0.093262 0.098633 0.044189
-0.061768 0.016479 0.027100 -0.036377
-0.107910 -0.125000 -0.047363 -0.036133
-0.007721 0.017090 -0.041260 0.026855
0.082520 0.194336 -0.002640 -0.111328
0.033203 0.005066 0.150391 0.047607
0.036133 -0.168945 -0.066406 -0.188477
0.023682 0.118652 -0.035645 -0.048584
0.032715 0.044922 0.109863 0.071289
0.100586 0.175781 -0.103516 -0.027832
-0.086426 -0.034668 0.021851 -0.108398
-0.004608 0.039062 0.040283 0.000580
-0.076660 0.176758 -0.203125 -0.050293
0.057861 -0.017090 -0.101074 -0.073730
-0.000083 0.050049 0.010315 -0.168945
0.003494 -0.032227 -0.031494 -0.077148
0.031982 -0.039551 -0.010803 -0.002182
0.102539 0.212891 -0.223633 -0.068848
0.073730 0.111328 -0.159180 -0.042725
0.065430 -0.010681 -0.074707 -0.020630
-0.355469 0.018311 -0.055420 0.057617
0.133789 0.010315 -0.115723 -0.081543
-0.042725 0.200195 -0.110352 -0.145508
0.028442 -0.077148 -0.038330 -0.066895
0.005981 -0.104492 0.047119 -0.153320
0.057617 -0.277344 0.001579 -0.010620
0.095215 0.197266 -0.024414 -0.129883
-0.069824 0.043945 -0.089355 -0.048096
0.125000 0.113770 0.151367 -0.041504
-0.038574 -0.105469 0.014282 0.028931
-0.083496 0.039062 0.080566 0.092773
0.082520 0.046143 0.208984 -0.085449
0.065918 0.022705 0.116211 0.030396
0.042969 -0.117188 -0.042236 0.066406
0.108887 0.136719 -0.126953 0.018677
0.002075 0.168945 -0.166992 -0.083496
-0.104980 -0.289062 0.103516 0.163086
-0.059082 0.048584 0.064453 -0.093262
0.105469 0.083984 -0.145508 0.031250
0.186523 0.019287 0.071289 -0.085449
0.067383 0.136719 0.080566 -0.053223
0.034668 -0.012085 -0.015137 0.083984
0.034424 0.153320 0.011902 -0.113770
-0.187500 -0.108887 -0.005157 0.130859
-0.028564 -0.154297 -0.192383 0.064453
-0.054688 0.077637 -0.024902 0.075195
0.047607 -0.200195 -0.231445 -0.029663
-0.047852 0.031494 -0.026245 -0.073242
0.059814 0.012207 -0.237305 -0.096191
-0.043457 -0.250000 -0.000851 -0.169922
0.186523 0.163086 -0.010010 -0.086914
0.102539 0.144531 -0.199219 -0.050537
-0.103516 0.044922 0.081055 -0.081055
0.002823 -0.010315 -0.151367 -0.002747
0.017822 0.005310 -0.014282 0.060059
-0.026733 -0.069824 0.014893 0.046143
0.159180 0.121094 0.018799 -0.174805
-0.031250 -0.196289 0.191406 -0.032715
0.071289 0.024048 -0.047119 0.042969
0.041992 0.090332 -0.165039 -0.082031
-0.071777 -0.018921 0.032715 0.032471
-0.014832 -0.112793 -0.093750 0.029053
0.069336 -0.017212 -0.070801 -0.024048
-0.049072 0.119629 -0.116699 0.025269
0.083984 0.064453 -0.019775 0.027466
0.024048 0.149414 -0.057129 0.041016
0.063965 0.120117 0.001343 -0.072266
-0.044678 -0.053955 0.049072 0.007477
-0.054932 -0.133789 -0.094727 -0.058350
-0.189453 0.019531 0.020508 -0.074219
0.152344 -0.076660 -0.085938 -0.019165
0.014832 -0.023682 0.019775 -0.048828
-0.048340 -0.052002 0.118164 -0.106934
0.173828 0.112305 0.080078 0.041748
-0.213867 -0.010376 0.146484 -0.145508
-0.060547 0.105957 -0.070801 -0.076660
-0.166992 0.062012 -0.034668 -0.139648
0.042969 0.208984 0.005096 -0.031128
-0.195312 0.012268 0.064941 0.027466
0.009827 0.007080 0.042969 -0.133789
-0.070312 -0.057129 -0.015320 -0.020630
0.097168 0.054688 -0.134766 -0.058594
0.031982 -0.068359 0.009583 -0.045654
-0.044922 -0.247070 0.140625 -0.054932
-0.085449 0.192383 0.058594 -0.027832
-0.071777 0.140625 0.107910 -0.144531
-0.118652 -0.179688 0.030884 0.032471
0.026611 0.147461 -0.245117 -0.198242
0.041016 0.153320 -0.308594 -0.043213
0.093262 0.014282 -0.125977 -0.157227
-0.016113 0.228516 -0.114746 -0.084961
0.030518 0.062988 0.038330 0.177734
0.037598 -0.043457 0.065430 -0.223633
-0.175781 0.132812 0.002716 -0.062256
0.060791 -0.235352 0.079102 0.111816
-0.103027 0.093262 0.001144 -0.029419
0.231445 0.291016 -0.078125 -0.093262
0.155273 0.067871 -0.164062 -0.041260
0.122559 -0.105469 -0.026123 0.031250
-0.149414 0.119141 -0.016968 -0.000244
0.030273 -0.195312 0.095703 -0.073242
0.113281 -0.000458 0.075195 -0.035645
0.212891 0.000133 -0.052734 -0.005310
-0.129883 0.070312 0.188477 -0.016479
-0.002792 -0.127930 -0.158203 0.090332
0.025879 0.015076 -0.013550 -0.095215
-0.007660 -0.306641 -0.089844 0.087891
-0.067383 0.067383 0.021851 -0.065918
-0.156250 -0.042480 0.298828 -0.136719
0.122070 -0.025269 -0.118164 0.004120
-0.019165 -0.013733 -0.015198 -0.087402
0.021362 -0.036377 0.110352 -0.088379
-0.150391 -0.285156 -0.042969 0.003754
-0.063477 0.049561 -0.077148 0.013184
-0.108398 -0.220703 -0.104492 0.098145
-0.143555 -0.166016 0.111328 0.059570
0.102051 0.075684 -0.026733 0.166016
0.127930 0.180664 0.015991 -0.052002
-0.126953 0.085449 -0.062012 0.069824
0.054199 0.316406 0.027100 -0.104980
0.077148 0.084473 0.054688 -0.069336
-0.045654 -0.140625 0.056641 -0.014587
0.002289 -0.030029 -0.004089 -0.015015
0.026733 0.108887 -0.177734 -0.060059
-0.002991 -0.218750 0.020630 -0.026733
0.027832 -0.113770 -0.114746 -0.042480
-0.187500 -0.157227 -0.013489 -0.140625
0.136719 0.066895 0.027222 0.045166
-0.060059 -0.242188 -0.077637 0.141602
-0.013733 -0.217773 -0.103027 -0.106445
-0.026123 0.093750 0.090820 0.115723
-0.144531 0.107910 0.010620 -0.060547
0.117188 -0.051270 -0.002075 -0.074219
-0.021606 -0.052246 -0.004913 -0.052490
-0.078613 -0.308594 -0.057617 -0.133789
0.047363 0.105469 0.006012 -0.078613
-0.122070 -0.121094 0.023560 0.054199
-0.080078 0.203125 0.043213 -0.093262
-0.119629 -0.002167 0.024658 0.031006
0.024902 0.043457 0.090332 0.033203
-0.027588 -0.073242 -0.035889 0.046143
-0.257812 -0.051025 0.051270 -0.013794
-0.239258 0.051514 0.128906 0.014648
0.025024 0.196289 0.143555 -0.075195
-0.049316 -0.098633 -0.057861 -0.050537
-0.091797 -0.120605 0.036621 -0.081055
0.021729 0.055176 -0.058838 -0.089844
-0.125000 -0.020630 -0.174805 -0.037354
0.070312 0.160156 0.063477 -0.069336
0.074219 0.233398 0.015503 -0.050293
0.031982 -0.085449 -0.049805 -0.133789
-0.032715 0.092773 0.100586 -0.051270
-0.159180 -0.182617 0.058594 0.126953
-0.098145 -0.032715 0.064941 -0.000246
-0.013977 0.195312 -0.025024 0.094238
-0.009888 -0.271484 0.091309 -0.040039
0.033203 0.176758 -0.095215 -0.104980
0.057129 0.071777 0.082031 -0.050049
-0.066406 0.113770 0.033447 -0.008789
-0.151367 -0.018188 0.031006 -0.125000
0.001648 -0.020508 0.033447 -0.042725
-0.213867 0.139648 -0.026733 -0.140625
-0.165039 -0.041504 -0.035400 -0.021851
0.075684 0.092285 0.028687 0.092773
-0.021484 -0.007111 -0.079590 -0.128906
-0.166992 -0.007812 -0.061035 -0.183594
-0.193359 0.024170 0.027832 0.010986
-0.052002 0.039795 -0.033936 -0.043701
0.014160 -0.124512 -0.033691 -0.016968
0.001945 0.071289 0.144531 -0.093262
0.063477 0.133789 -0.243164 -0.013245
-0.131836 0.090820 -0.081055 -0.024292
0.076172 -0.001442 -0.048096 -0.036133
0.083008 0.037354 0.010681 -0.083984
0.036865 0.180664 -0.022217 -0.014404
-0.018188 -0.011169 0.060547 -0.036133
0.019897 0.032715 0.173828 0.028198
-0.035400 -0.013428 0.024536 0.075195
0.019165 0.210938 -0.142578 -0.052246
-0.022339 0.093262 0.138672 -0.018677
0.049316 0.055420 0.031128 -0.101562
0.046387 0.085938 -0.153320 -0.078125
0.066406 0.200195 -0.133789 -0.078613
0.080566 0.024658 0.000862 -0.006348
0.029175 0.044189 0.125977 0.036865
0.064453 -0.013916 -0.188477 -0.092285
0.193359 0.136719 0.083496 -0.001060
-0.031982 -0.159180 -0.017334 0.096191
0.066895 -0.006500 0.051514 0.031982
-0.066895 -0.064941 0.003967 -0.030396
0.028687 -0.002502 0.267578 -0.056396
0.057617 0.084473 -0.066406 -0.030029
0.041748 -0.051270 -0.052490 -0.027344
0.015869 0.018799 0.127930 -0.101074
0.182617 -0.045654 0.089844 -0.107422
0.104980 0.158203 0.076660 0.014771
-0.003265 -0.056152 -0.040283 -0.094727
0.071777 0.112793 -0.180664 -0.083984
0.165039 0.044922 -0.136719 -0.111328
-0.000209 0.081543 0.075684 0.031006
0.015869 0.077637 0.206055 -0.087402
0.133789 0.059326 -0.089355 0.122559
0.013916 0.056396 -0.083008 -0.145508
-0.079102 -0.023804 0.038574 -0.045166
-0.112305 -0.042725 0.062500 0.001633
0.159180 0.123535 -0.041748 -0.057129
0.166992 0.106445 -0.330078 -0.046875
0.020386 -0.004059 -0.027954 0.049805
0.062256 0.103027 -0.004333 0.129883
0.174805 -0.028076 -0.170898 0.056641
-0.019531 0.078613 -0.182617 0.070312
0.145508 -0.184570 -0.104980 0.125977
-0.032471 0.033447 -0.028442 0.096680
-0.017212 -0.094727 0.158203 0.126953
0.089844 0.035889 -0.022583 -0.131836
-0.037354 0.048340 0.014648 0.036621
-0.049805 -0.071289 -0.136719 -0.144531
-0.099121 0.038086 0.255859 -0.103027
-0.145508 -0.240234 0.157227 -0.089844
0.053955 0.273438 0.135742 -0.032715
0.036377 -0.021240 -0.115723 -0.014587
-0.072754 0.058838 0.027832 -0.122559
-0.061768 -0.041748 -0.016357 -0.166992
0.019287 -0.009216 -0.049072 -0.022949
0.041748 0.049316 -0.078613 -0.108398
-0.162109 0.146484 0.090820 0.037109
-0.086426 -0.170898 0.059570 -0.144531
-0.098633 0.126953 0.063477 -0.028687
-0.026245 0.062988 -0.092773 0.032959
-0.008606 -0.154297 0.077637 -0.037842
-0.005463 -0.119629 -0.124023 -0.025757
0.015747 -0.037842 -0.015320 0.020386
0.106934 0.063477 -0.198242 -0.128906
0.037354 -0.144531 -0.042236 -0.032959
-0.070312 0.118652 -0.208984 -0.007385
-0.132812 -0.051025 0.117676 0.095215
0.021118 0.124512 -0.021606 0.061768
-0.110840 0.033691 -0.018188 0.115234
-0.058838 0.085449 -0.045166 0.138672
-0.125000 0.017822 0.091309 0.015198
-0.208984 -0.253906 0.245117 0.134766
0.113281 -0.022583 0.078613 -0.067871
-0.057373 -0.169922 -0.125977 -0.005859
0.054688 0.029419 0.027954 -0.076172
0.043457 -0.190430 0.251953 0.030640
0.066406 0.065430 -0.102539 0.003250
-0.002792 -0.222656 0.205078 -0.040527
0.045166 0.157227 -0.212891 -0.075195
-0.019165 -0.185547 -0.125000 0.143555
-0.059082 0.111328 -0.069824 -0.063477
-0.031006 -0.093750 -0.013672 -0.050049
0.043213 0.071289 0.038086 -0.075195
0.046143 -0.089844 0.115723 -0.074707
-0.002762 -0.126953 -0.094238 -0.040283
-0.018677 -0.324219 0.180664 0.099609
0.135742 -0.196289 -0.018677 -0.090332
-0.019165 -0.060303 -0.144531 0.021362
-0.139648 -0.071289 -0.074219 0.198242
-0.087402 0.132812 0.020386 0.122070
0.114746 0.191406 0.125000 0.056152
0.029541 0.012695 -0.157227 0.083008
-0.047607 -0.084961 -0.045654 0.062012
-0.011169 0.003555 -0.184570 0.095703
0.083496 0.008545 -0.087891 0.009460
-0.018799 -0.098145 -0.227539 0.033203
0.087402 0.132812 -0.171875 -0.097168
-0.147461 -0.359375 0.052002 -0.141602
0.114746 -0.205078 -0.138672 -0.009583
0.213867 -0.103027 -0.042236 -0.010864
-0.044678 -0.112793 -0.094727 0.000664
0.053711 -0.230469 -0.064453 -0.038818
0.150391 0.091797 -0.148438 0.005646
-0.027344 -0.094727 -0.101074 0.073242
-0.118652 -0.017090 -0.004791 -0.157227
-0.023071 -0.135742 0.061279 -0.028564
-0.124023 -0.122070 0.012756 -0.093262
0.161133 -0.011597 -0.099121 -0.091797
0.046875 -0.146484 -0.134766 -0.059570
-0.102539 -0.067871 -0.063965 0.023193
0.161133 0.090820 0.003006 0.036865
0.180664 -0.077148 -0.084961 -0.086914
-0.182617 -0.106445 0.010071 0.173828
0.104004 0.070801 -0.024658 -0.011475
-0.180664 0.057129 -0.084961 -0.006958
-0.086914 0.020264 -0.066895 -0.021484
-0.145508 0.094727 0.004608 -0.042480
0.098633 -0.118164 -0.240234 -0.062988
-0.117676 -0.020142 0.028320 -0.075684
0.072266 0.200195 0.100586 0.129883
0.104004 0.166016 -0.038574 -0.130859
0.120605 -0.107422 0.080078 -0.029175
0.165039 0.101562 0.088379 -0.125000
0.051758 0.112793 0.064941 -0.108398
-0.039551 0.113770 -0.089355 0.009399
-0.000218 0.112305 0.042480 0.155273
-0.121582 -0.133789 0.018921 -0.047852
-0.026367 0.109375 -0.090820 0.089355
-0.051758 0.011047 0.127930 -0.118164
0.212891 -0.035889 0.001579 -0.028320
0.047607 0.125977 0.084961 0.004333
-0.172852 0.158203 -0.037842 0.006836
-0.076172 0.013855 -0.019653 0.008972
0.095215 0.136719 -0.077148 0.158203
0.067871 0.090332 -0.090820 0.134766
-0.022339 -0.157227 0.034180 0.043945
-0.109863 -0.065918 0.070801 0.096191
0.142578 0.018188 -0.046875 -0.122559
-0.091309 0.128906 -0.037109 -0.126953
-0.148438 -0.061279 -0.094238 -0.141602
-0.308594 0.041260 -0.019531 0.025757
0.100586 -0.037354 0.008057 -0.055908
-0.091309 -0.009583 -0.249023 -0.194336
0.143555 0.247070 -0.021362 -0.035156
0.091797 0.111816 0.112793 0.029297
-0.040283 0.039307 0.041260 -0.024170
0.035156 0.106934 -0.185547 -0.029175
0.065918 -0.267578 0.066895 -0.041016
0.099121 -0.355469 0.015564 -0.009338
-0.005219 -0.034180 0.010986 -0.033936
-0.114258 -0.123535 0.004303 -0.133789
-0.150391 -0.255859 0.139648 0.075684
-0.025391 -0.005005 -0.021240 0.039551
-0.067383 -0.091797 0.091797 0.040039
0.069336 0.206055 -0.198242 -0.041748
-0.045166 -0.216797 0.037598 -0.006744
-0.012390 -0.067383 -0.001114 -0.067383
-0.076660 -0.099609 0.240234 0.007996
-0.130859 -0.031494 0.090820 0.109375
0.011414 -0.157227 -0.090332 0.005219
0.039062 -0.010864 -0.190430 -0.194336
0.010498 -0.031006 -0.058594 -0.043457
0.091797 0.131836 0.082520 0.083984
0.061279 -0.025513 0.032471 0.107910
-0.138672 -0.142578 -0.103516 0.108398
-0.050293 0.044678 0.251953 0.023438
-0.007172 -0.245117 0.096191 -0.103516
-0.074219 0.146484 0.123047 -0.008423
-0.027222 0.087402 0.128906 -0.068359
0.103027 0.104004 0.103516 -0.074219
0.020996 0.005035 0.099121 -0.133789
0.012817 -0.143555 0.170898 -0.030396
-0.162109 -0.187500 -0.054199 -0.164062
0.026855 -0.111816 0.022949 -0.027222
-0.171875 -0.170898 0.363281 -0.163086
-0.023560 -0.092285 0.012329 0.071289
0.015869 0.078613 0.040527 -0.005676
-0.017090 -0.039062 0.014099 0.069336
-0.061768 -0.125977 -0.027832 -0.082520
-0.162109 -0.150391 0.031982 -0.158203
-0.052490 -0.146484 -0.093750 -0.014648
-0.014648 -0.118652 0.214844 -0.004669
-0.035645 -0.016235 0.131836 -0.071289
0.095215 -0.068848 -0.030151 -0.211914
0.161133 -0.090332 -0.187500 0.059082
0.062988 -0.097168 -0.067871 -0.019043
-0.091797 0.010925 -0.012329 0.000908
-0.174805 0.059570 0.167969 0.087891
-0.047119 0.149414 -0.054932 0.033447
0.029419 -0.112793 0.043945 -0.064453
0.082031 -0.041504 0.023193 -0.047363
-0.166016 -0.029053 0.066406 -0.010315
-0.205078 -0.068848 0.180664 -0.111328
-0.034180 0.076172 0.015991 -0.082520
-0.036621 -0.316406 0.039551 -0.184570
-0.007385 0.114258 -0.115234 0.022583
0.126953 0.003510 -0.144531 -0.061035
-0.066895 -0.055420 -0.075684 -0.004852
0.126953 -0.029297 0.029053 -0.103027
-0.034180 0.187500 0.005768 0.182617
-0.196289 0.124023 0.103516 -0.039062
0.026733 0.026489 -0.046143 0.088867
0.011597 -0.119141 -0.073730 -0.146484
0.086426 0.191406 -0.053467 -0.020386
0.005981 0.127930 -0.066895 -0.012207
0.014954 0.027222 -0.054199 -0.117188
0.130859 0.057373 -0.148438 -0.071289
0.052002 -0.001556 0.014648 -0.143555
0.125977 -0.058838 0.060791 -0.086426
0.095215 -0.010376 -0.003876 0.028687
0.142578 0.071777 -0.112305 -0.013428
0.005005 -0.085938 -0.084473 -0.197266
-0.076660 0.036621 -0.001915 -0.084473
0.157227 0.081543 -0.077637 -0.041748
0.093262 -0.106445 0.285156 -0.029053
-0.045654 -0.228516 0.187500 -0.082031
-0.098633 -0.166016 0.015625 -0.121582
0.088867 -0.210938 0.052979 -0.079102
-0.026489 0.187500 -0.090820 -0.145508
-0.087402 0.102051 -0.091797 -0.154297
-0.048340 -0.237305 0.261719 -0.031250
0.041992 -0.051270 0.071289 -0.084473
-0.064941 -0.181641 -0.008240 -0.074707
0.056396 0.067383 0.086914 -0.102051
-0.019409 0.019043 0.285156 -0.043213
0.021606 -0.134766 -0.018066 0.117188
-0.125977 -0.045166 0.042236 -0.071289
-0.118652 -0.027710 0.024414 0.023682
-0.119629 -0.341797 0.121094 0.100098
0.026001 -0.004578 0.080566 0.023438
-0.076172 -0.030518 -0.042725 0.164062
0.125977 0.158203 -0.066406 0.074219
0.087402 0.087891 0.052002 0.101074
-0.107422 0.000395 -0.180664 0.056152
-0.089355 -0.021973 0.059082 -0.079590
-0.153320 0.025757 0.182617 -0.114746
0.071289 0.003494 -0.259766 0.058594
0.049561 -0.083496 -0.074707 -0.068848
0.011353 -0.211914 0.018433 -0.043945
0.031494 -0.046631 -0.066406 0.035400
0.063965 0.001587 -0.105469 0.007874
-0.000467 -0.251953 -0.083008 -0.187500
0.121582 0.186523 -0.115723 -0.055420
0.093262 0.114746 0.041992 -0.061035
0.104004 -0.064941 0.111328 -0.044678
-0.080078 0.065430 0.107910 -0.040283
0.088867 -0.212891 -0.063965 -0.192383
0.041260 -0.069336 0.020996 -0.075684
0.109863 -0.046631 0.133789 -0.127930
-0.131836 -0.277344 0.000102 -0.086914
0.175781 0.033447 0.044189 0.011658
-0.003708 0.109863 0.194336 -0.037598
-0.016724 -0.124512 -0.019409 -0.047607
-0.034180 -0.027344 0.009216 -0.034180
-0.236328 0.080566 -0.029663 -0.004639
-0.117188 0.082031 0.017456 -0.002029
-0.014709 0.005035 -0.118652 0.156250
0.014282 0.030273 -0.150391 -0.060791
0.034180 -0.023926 0.169922 0.011475
-0.021362 0.060303 0.120117 -0.019409
0.205078 0.012512 -0.165039 0.038818
0.033203 -0.000385 -0.033203 0.020264
0.076660 0.115723 -0.092773 -0.152344
0.069824 0.087891 0.004089 -0.138672
-0.132812 -0.012268 0.203125 0.028564
0.043945 0.054932 0.016968 -0.087402
-0.049561 0.089844 -0.062256 -0.002151
0.025391 0.035645 -0.302734 -0.081543
0.011536 0.236328 -0.079590 0.023560
-0.004425 0.012268 0.050781 -0.057129
-0.143555 0.141602 -0.064453 -0.159180
0.047852 0.100586 -0.031250 -0.017944
0.030640 0.128906 -0.042969 -0.091309
-0.019897 0.020142 -0.024658 0.003616
-0.012390 -0.097656 0.061768 0.081055
0.063477 -0.054932 -0.002747 -0.124512
-0.109375 0.194336 0.022949 0.123047
-0.017578 0.024902 -0.022827 -0.048340
-0.248047 0.007477 -0.068848 0.060059
-0.056152 0.098145 -0.182617 -0.180664
0.139648 0.163086 -0.195312 -0.161133
-0.062988 -0.186523 -0.071777 -0.126953
-0.035645 0.233398 -0.097168 0.146484
0.067871 -0.000698 -0.028564 0.003647
-0.044922 -0.098633 0.108398 -0.095215
0.043213 0.068359 -0.043701 0.008789
-0.110840 -0.110352 0.247070 -0.018311
-0.079102 -0.086914 0.062500 -0.079102
0.051025 0.150391 -0.291016 -0.209961
-0.043457 -0.045654 -0.017578 -0.041748
-0.004425 0.005219 -0.110840 -0.062012
-0.042969 0.129883 0.065918 -0.021973
-0.013977 -0.216797 0.104980 0.000488
-0.136719 0.005615 -0.127930 -0.036865
-0.146484 0.023438 0.210938 -0.043457
0.001701 -0.037598 0.245117 -0.137695
0.071777 0.226562 -0.304688 -0.104004
0.115723 0.144531 -0.165039 -0.037842
0.121582 0.059082 0.178711 -0.057373
-0.012146 0.104492 -0.160156 -0.003723
0.074219 -0.099121 0.005432 -0.113281
-0.061523 0.009888 0.142578 -0.059570
0.044922 -0.090332 -0.107910 0.240234
0.052490 0.139648 0.178711 -0.048340
0.035400 0.071289 0.061035 -0.028931
0.269531 0.119629 0.068848 -0.098633
0.140625 0.115723 0.149414 0.096680
0.089844 0.065430 -0.014282 -0.137695
0.102539 0.060059 -0.064941 0.028687
0.052246 0.092773 0.080566 -0.140625
0.142578 -0.044434 0.008118 -0.049072
0.110840 -0.086914 -0.073730 -0.077148
0.034180 -0.135742 0.052002 -0.234375
0.218750 0.053955 -0.120605 -0.124023
-0.001572 0.068848 -0.131836 -0.033691
-0.073242 -0.065918 0.064941 -0.097656
0.057373 0.031006 -0.055420 -0.003265
0.035400 0.025879 -0.057861 -0.153320
0.113281 0.072754 -0.097656 -0.129883
0.036865 -0.078613 0.021484 -0.086914
-0.129883 0.046143 0.055420 -0.220703
-0.029785 0.080078 -0.031250 -0.134766
-0.137695 -0.004578 -0.014648 0.054199
-0.036377 0.059326 -0.096680 0.042969
-0.016602 -0.013916 0.007111 -0.081543
-0.118652 0.008118 -0.084961 -0.110840
0.127930 -0.036621 -0.222656 -0.036133
0.125000 -0.076660 -0.106445 0.066406
-0.001862 -0.053711 0.009094 -0.161133
0.076172 0.065430 -0.034424 0.061768
-0.041504 0.018311 -0.081543 0.104004
-0.076660 0.156250 -0.016357 -0.091309
-0.035889 0.005157 -0.045410 -0.050537
-0.037842 0.029297 -0.121094 -0.138672
0.004761 0.197266 0.019531 -0.022705
0.028076 -0.109863 0.220703 0.024292
0.052734 -0.188477 0.005859 -0.216797
-0.066406 -0.198242 0.139648 -0.080566
0.052734 -0.032471 0.077148 -0.097656
-0.023926 0.040039 -0.007080 -0.015991
0.058105 -0.005890 -0.135742 0.003265
0.073730 -0.038086 -0.052002 -0.092285
-0.120605 0.183594 -0.040527 -0.036621
0.017578 0.108887 -0.030029 0.027222
0.172852 -0.130859 -0.044189 -0.198242
-0.143555 0.054199 0.001816 -0.221680
0.082031 0.106934 0.006226 -0.123535
-0.194336 0.046387 0.167969 -0.057129
0.042480 0.079590 -0.018188 -0.092773
-0.024536 0.200195 -0.092285 -0.186523
-0.144531 -0.141602 -0.054443 0.059326
0.217773 0.143555 -0.130859 -0.090820
0.029785 0.022705 -0.150391 -0.030029
0.003143 0.182617 -0.203125 -0.166992
0.188477 0.169922 -0.132812 -0.155273
0.007141 -0.015564 -0.046387 -0.014038
-0.003784 0.002625 0.063477 -0.102051
-0.010620 0.173828 -0.060791 -0.022217
-0.051025 -0.038086 0.036377 0.076172
-0.019653 0.046387 -0.038330 0.186523
-0.035645 -0.211914 0.134766 0.229492
0.025146 -0.184570 0.081055 0.098145
0.011902 0.026489 0.019897 0.048828
0.007690 -0.027832 -0.068359 -0.040283
-0.019775 -0.129883 0.030273 0.126953
-0.052979 0.037109 0.050293 0.058594
-0.008911 0.119141 0.296875 -0.026367
0.032715 0.064941 0.000206 0.153320
-0.099609 -0.226562 0.116699 0.171875
0.009033 0.022339 0.080078 0.191406
0.029175 0.075684 0.008179 0.009705
-0.032227 0.159180 0.021484 -0.089844
-0.034424 -0.128906 0.144531 -0.125000
-0.069824 0.078125 0.184570 0.161133
0.058838 0.067871 0.037598 0.134766
0.096680 0.034424 -0.048584 0.080566
-0.042480 -0.037109 -0.008301 0.092285
0.086426 0.227539 -0.175781 0.196289
0.044922 -0.003326 -0.015015 -0.053711
-0.043945 0.138672 0.100098 0.013672
-0.081543 -0.178711 -0.026489 -0.145508
-0.002945 0.047852 0.209961 0.064941
0.040039 -0.161133 -0.102051 0.025635
-0.026367 0.003357 -0.138672 0.034668
-0.029053 -0.176758 0.128906 -0.156250
0.004883 0.068848 0.263672 0.125977
-0.013916 0.038574 0.010376 0.035889
-0.056641 -0.172852 -0.199219 0.111328
-0.017944 -0.150391 -0.132812 -0.211914
-0.052979 -0.098633 0.048340 -0.117676
0.064941 -0.116699 -0.012817 -0.195312
0.072266 0.012085 -0.043945 -0.002304
0.036377 0.026245 -0.095215 -0.062988
0.009705 0.229492 0.208984 0.109863
-0.029175 -0.026611 -0.036865 -0.024902
-0.066895 0.045654 -0.124023 0.050049
-0.031006 -0.166992 -0.085449 -0.182617
0.045654 -0.043945 0.037354 -0.162109
-0.006165 -0.045166 0.181641 -0.257812
0.138672 -0.096191 0.161133 -0.220703
-0.006897 0.112793 -0.026245 0.099121
0.017944 0.034668 0.028687 0.166016
0.003998 -0.051025 0.103027 -0.023682
-0.136719 0.083008 0.029419 -0.033447
-0.027222 0.024048 -0.128906 0.129883
-0.031982 0.046631 -0.201172 -0.048828
-0.066406 0.024658 0.185547 0.121094
-0.095703 0.031738 -0.079590 -0.067871
-0.080078 -0.015259 -0.055176 0.058594
-0.073242 -0.059326 -0.119629 -0.142578
-0.072266 0.073242 0.018799 -0.005585
-0.008606 -0.048340 0.023071 0.029785
-0.005127 -0.103027 0.166992 0.036133
-0.059814 -0.172852 -0.106445 0.011597
0.066895 -0.063965 0.035156 0.156250
0.122070 -0.028809 -0.045410 0.072754
0.022827 0.080566 0.013489 -0.011230
-0.020020 -0.062012 0.060303 -0.124512
0.057373 -0.013000 -0.047119 0.078125
0.018188 0.154297 0.009399 0.111328
-0.008057 -0.020020 -0.016357 -0.034912
-0.112793 -0.132812 -0.222656 -0.037598
-0.056885 0.083008 -0.073242 -0.144531
0.080566 0.066895 -0.121094 -0.134766
-0.062500 0.082520 0.079102 0.083984
-0.081543 -0.092773 0.118652 -0.055420
0.046143 0.004822 -0.028931 -0.014832
-0.125000 0.086914 0.049072 0.124023
-0.076660 0.150391 0.082520 -0.002563
-0.047607 0.188477 -0.014893 0.020996
-0.025269 -0.163086 0.202148 0.084961
-0.010437 -0.155273 0.126953 0.143555
0.017334 -0.164062 0.138672 -0.088867
-0.046875 -0.009216 -0.044434 0.003311
-0.034180 -0.040771 -0.219727 -0.034180
-0.014343 0.116699 -0.137695 0.122070
0.048828 0.006592 -0.010498 -0.177734
-0.088379 0.061035 -0.078125 0.162109
-0.049805 0.049072 0.142578 0.207031
-0.061279 -0.281250 -0.063477 0.038086
-0.069336 -0.162109 0.277344 -0.164062
-0.096680 0.081055 -0.201172 0.181641
-0.037109 0.181641 -0.404297 0.130859
-0.050049 0.059082 -0.066406 0.014221
-0.009338 0.123047 0.174805 -0.058838
0.134766 0.102539 -0.259766 0.097168
-0.074707 0.011230 0.085449 0.129883
-0.003632 0.059326 -0.198242 0.090820
-0.096680 -0.198242 0.038574 -0.184570
0.099609 0.122070 -0.156250 0.250000
-0.069336 -0.096191 -0.093262 0.165039
0.107910 0.003967 -0.058350 -0.044189
-0.052979 0.024170 0.171875 0.009277
0.135742 0.008850 -0.206055 -0.038574
-0.039551 -0.041748 -0.021729 -0.080566
-0.041748 -0.116699 0.236328 -0.072266
-0.033447 -0.289062 -0.223633 -0.148438
0.015381 -0.022705 0.062988 0.057861
0.016113 -0.242188 -0.059082 0.203125
0.011719 -0.028931 -0.067383 0.106934
-0.001099 -0.281250 -0.242188 -0.000816
-0.067383 -0.004791 0.042725 0.049316
-0.052734 0.047363 0.095215 -0.156250
-0.017822 0.125977 0.188477 0.007385
0.026611 -0.237305 -0.053223 -0.074219
0.024170 0.058105 0.168945 -0.045654
-0.010925 -0.024902 -0.002991 -0.156250
-0.034912 0.054443 -0.104492 0.004608
0.017334 -0.180664 -0.019531 -0.068359
0.025146 0.045410 0.136719 -0.004150
-0.047852 0.048584 -0.052490 0.070312
-0.095703 0.149414 0.013489 0.103516
-0.099121 0.040283 -0.067383 0.039062
0.001373 -0.029541 0.152344 0.053467
-0.076172 0.049805 0.103516 -0.029907
0.080078 -0.104980 0.104004 -0.306641
-0.088379 -0.041748 0.000660 -0.069824
0.033203 0.045166 0.054199 -0.235352
0.007782 0.097656 -0.106445 0.093262
-0.062988 -0.024292 0.100098 -0.056396
0.025879 -0.046143 0.136719 0.193359
-0.076660 0.021484 0.041748 -0.035400
-0.031982 -0.116211 0.016846 -0.083984
-0.017090 0.145508 0.071777 0.117676
0.003342 -0.121094 -0.082031 0.146484
-0.031982 0.083008 0.019531 0.116699
-0.033203 -0.024536 -0.104492 0.073730
-0.087402 -0.063965 0.044922 -0.241211
0.007568 0.029785 -0.075684 0.125977
-0.035889 0.005768 0.057373 -0.166016
0.000191 -0.097168 0.040283 -0.457031
0.045410 0.136719 0.107910 0.175781
0.001778 0.120117 -0.142578 0.193359
0.110840 -0.125977 0.009766 -0.094238
-0.074219 0.043701 0.061768 -0.023193
-0.100586 0.042480 0.127930 0.050293
0.013672 0.140625 -0.041016 0.013916
-0.013306 -0.112793 0.136719 0.074219
-0.049072 0.098145 0.112793 -0.132812
0.103516 -0.041260 -0.147461 -0.080566
-0.091309 -0.052979 -0.065430 0.099609
-0.031982 -0.167969 -0.138672 -0.160156
0.016235 -0.156250 -0.107910 0.046387
-0.033691 0.133789 -0.232422 0.020752
0.042969 0.071777 -0.088867 -0.086914
0.045410 -0.108398 -0.102051 -0.157227
0.028442 -0.035156 -0.153320 0.164062
-0.055420 -0.164062 0.045898 -0.077148
0.021240 -0.092773 0.018066 -0.033203
-0.080566 -0.010193 -0.111816 -0.142578
-0.069336 0.028442 -0.055664 0.138672
-0.035400 0.152344 -0.107422 -0.061768
-0.002136 0.157227 -0.066895 -0.191406
-0.055420 -0.038330 0.129883 -0.097656
-0.006287 0.092773 -0.191406 -0.011047
0.016846 -0.013184 0.211914 -0.083496
-0.019775 -0.007996 0.134766 0.090820
-0.036865 0.035400 -0.116699 -0.081543
0.074219 -0.027344 -0.092773 0.053223
0.066895 0.038330 -0.012390 -0.004181
0.047119 0.082520 0.188477 0.027710
-0.052490 0.077148 -0.014709 -0.089844
0.040283 -0.052002 -0.085938 0.187500
-0.040527 0.178711 0.139648 -0.087891
-0.030518 0.051514 0.040039 0.134766
-0.004608 0.034668 0.100098 -0.120605
-0.053223 -0.000211 -0.095703 0.062988
-0.067871 -0.079590 -0.250000 -0.007202
-0.025024 -0.192383 -0.056396 -0.164062
-0.020142 -0.108887 -0.117676 0.012939
0.030640 -0.068359 -0.040039 0.079102
-0.042725 -0.249023 -0.169922 -0.114258
0.007782 -0.233398 -0.111816 0.033447
-0.084961 -0.425781 0.045166 -0.073242
-0.041748 0.000523 0.273438 -0.048340
-0.001511 0.007996 -0.035156 -0.147461
-0.056885 -0.244141 -0.088379 -0.223633
-0.060547 0.032959 0.016602 -0.042725
-0.047607 0.031006 -0.034668 0.129883
0.010254 -0.180664 0.042969 0.049805
-0.030396 -0.172852 -0.012268 -0.118652
-0.017700 -0.376953 -0.197266 -0.160156
0.023560 0.087402 0.200195 0.203125
-0.023193 0.023193 0.078125 -0.170898
0.035645 0.183594 -0.077637 -0.104492
-0.089355 0.045166 0.166016 -0.054199
-0.048096 0.023438 0.100586 0.083984
-0.039062 0.065430 0.063477 0.001282
-0.023560 0.047363 -0.003250 -0.140625
0.007507 -0.055420 -0.265625 0.027954
-0.053955 -0.078125 0.033203 -0.009521
-0.013184 -0.108398 0.012451 -0.069824
0.012634 -0.223633 -0.044434 -0.055664
-0.073730 -0.076660 -0.020874 0.091797
-0.034424 -0.119141 -0.072754 -0.067871
-0.081543 0.111816 0.088867 0.179688
-0.025635 -0.102051 -0.226562 0.128906
-0.079590 -0.363281 0.054688 0.051270
0.007385 0.108398 0.023071 -0.063965
-0.036865 -0.097656 0.010681 -0.050293
-0.010071 -0.104980 -0.198242 -0.100098
-0.067383 0.077148 0.049805 0.181641
0.006836 -0.040039 0.132812 -0.283203
0.017944 0.171875 0.145508 0.269531
-0.013855 0.020996 -0.075684 0.039551
-0.110352 -0.097656 -0.221680 0.051270
-0.070312 0.026855 0.185547 0.012695
0.087402 -0.044434 -0.115234 0.163086
-0.024536 -0.076660 -0.106445 -0.164062
0.022705 -0.043457 -0.108887 0.091797
-0.044189 0.181641 0.130859 -0.042725
-0.010254 -0.062988 0.114258 0.059326
-0.076172 -0.040283 -0.114258 0.034180
-0.032471 -0.052734 -0.169922 0.200195
-0.046143 -0.026123 0.032227 -0.042969
-0.023682 -0.343750 -0.013428 0.167969
0.008789 0.155273 -0.175781 0.146484
-0.014526 0.092285 0.099121 0.159180
0.023071 0.038086 0.037842 -0.038086
0.030762 0.060547 0.031982 -0.024048
0.018066 -0.068848 -0.222656 -0.097168
-0.097656 -0.045410 0.189453 -0.075684
-0.031494 0.001190 0.071777 -0.027222
-0.000706 -0.246094 0.095703 -0.022827
0.015564 0.050049 -0.112305 0.075684
0.085449 0.016113 0.061035 0.151367
-0.040283 0.059570 0.032715 -0.045166
-0.064453 0.042236 0.121094 0.022339
0.001709 0.044922 -0.279297 0.089355
0.019531 -0.048828 -0.088379 0.027466
0.013184 -0.016724 0.049561 -0.011169
-0.071289 0.059570 -0.146484 0.107422
0.078613 0.057617 -0.192383 -0.101562
-0.018311 -0.026123 0.002579 0.186523
0.045898 0.002090 -0.089355 -0.194336
-0.001579 0.085938 0.055908 -0.011353
-0.054443 0.060059 -0.064941 0.289062
-0.047607 -0.029175 -0.220703 0.244141
-0.062988 -0.018555 0.019775 0.016602
0.029175 -0.106445 -0.060303 -0.063477
0.025391 0.047363 0.064453 0.180664
-0.014709 -0.024658 0.170898 0.024414
-0.043945 -0.138672 -0.129883 -0.035156
0.006012 -0.100098 0.039551 0.016357
-0.012146 -0.139648 0.006256 0.171875
-0.007721 0.057129 0.173828 0.107422
-0.051514 0.060547 -0.040283 0.088379
-0.064453 0.110840 0.117676 -0.029907
0.033691 -0.027588 -0.007172 0.073242
-0.056641 -0.010925 0.115723 -0.114746
-0.076660 0.062012 -0.255859 0.051270
0.023438 -0.100098 0.024170 -0.003998
-0.105469 0.149414 0.055908 -0.145508
-0.069336 0.143555 -0.052490 0.068359
-0.056885 0.058838 -0.003281 0.044434
-0.129883 0.047852 -0.030396 0.214844
0.111816 0.101074 0.034912 -0.083008
0.017578 0.113770 -0.049805 -0.044189
-0.030762 0.010132 0.056641 -0.093750
0.011353 -0.047363 0.051758 -0.040771
-0.051025 0.183594 0.113770 -0.039795
-0.015503 0.044678 -0.071289 0.078125
0.014404 0.071777 0.006531 0.009521
-0.044434 -0.140625 -0.002106 -0.070312
-0.096191 0.151367 0.003632 0.102051
-0.059814 -0.108887 -0.126953 -0.208008
-0.051514 0.029907 0.013611 0.100586
-0.042480 0.037354 0.023560 -0.005310
0.012146 0.014465 0.094727 -0.062988
-0.067383 -0.032715 -0.028809 0.044189
-0.023926 0.065430 0.057617 0.083984
-0.068359 -0.042236 0.023560 0.076660
0.047607 0.052490 0.120117 0.043213
-0.140625 -0.273438 -0.011780 -0.227539
-0.064453 0.234375 -0.056885 0.131836
-0.052002 0.008179 -0.098145 0.106445
-0.085938 0.039062 0.027954 -0.118652
-0.053223 -0.212891 0.152344 -0.271484
-0.033203 -0.021973 -0.012512 -0.024658
-0.045898 0.173828 0.069336 0.047607
0.175781 -0.104980 -0.067871 -0.212891
-0.119629 0.153320 -0.027466 -0.004303
-0.087891 0.136719 0.002167 0.079102
-0.026611 0.014954 -0.002823 0.108398
-0.027588 0.027710 0.069824 0.051758
-0.019653 0.086426 0.095703 -0.231445
-0.055420 0.090332 0.005524 -0.108398
-0.028320 -0.023926 0.030029 -0.032715
0.018677 -0.087891 -0.194336 -0.075684
-0.065430 0.048828 0.045410 0.075195
-0.085449 -0.031128 0.033936 -0.033691
-0.079102 -0.126953 -0.042969 -0.076660
0.000402 0.060059 -0.037842 -0.149414
-0.047363 -0.050781 0.097168 -0.080078
0.074707 0.004852 -0.304688 0.015015
0.065918 0.004028 -0.000801 -0.054932
-0.008972 0.085449 -0.187500 -0.038330
-0.105469 -0.149414 0.045898 -0.084961
0.026733 0.093262 0.092773 0.029663
-0.040283 -0.013550 -0.071289 -0.052979
0.010254 0.012329 0.061523 -0.097656
0.026855 -0.222656 0.079590 -0.300781
0.072754 0.065918 -0.096680 0.192383
0.120117 0.065918 -0.052734 -0.081055
-0.043945 0.061279 -0.077148 0.064453
-0.029907 -0.145508 -0.024780 0.057861
-0.043457 -0.035400 0.163086 0.026611
0.014587 0.004639 0.044434 0.030151
-0.061768 -0.007812 0.071289 0.083008
0.099121 -0.103516 -0.147461 -0.249023
-0.007782 0.014160 0.156250 0.047607
-0.046631 -0.160156 -0.099121 0.037598
-0.003677 -0.160156 -0.134766 0.005737
0.029663 -0.339844 -0.174805 -0.105469
-0.050049 -0.249023 -0.244141 -0.075684
-0.020264 -0.141602 -0.069824 0.100098
-0.008484 -0.148438 -0.219727 -0.010925
-0.077637 -0.190430 0.058594 0.015442
0.032471 0.078613 0.032959 0.147461
0.067871 -0.040039 -0.347656 0.044189
0.007751 -0.016602 -0.214844 -0.037842
0.053711 -0.162109 0.095215 -0.196289
0.038086 -0.121094 -0.142578 -0.171875
-0.046631 -0.110840 0.072266 0.031738
-0.019775 -0.178711 -0.096191 -0.174805
-0.013184 -0.148438 -0.269531 -0.041016
-0.008606 0.026855 -0.042480 0.128906
-0.069336 -0.036865 -0.058350 -0.145508
-0.131836 0.073730 0.036377 0.102051
0.004333 0.014038 0.079590 0.033203
-0.000025 -0.008789 -0.087402 -0.068848
-0.057373 0.139648 0.053955 -0.180664
-0.035889 0.004974 0.105469 -0.082031
-0.109863 -0.033691 -0.195312 -0.049805
0.011475 -0.049561 0.094238 -0.006531
0.000175 0.054443 0.312500 0.186523
-0.035889 -0.006531 0.150391 -0.028809
-0.067383 -0.190430 0.108398 -0.010803
-0.056641 -0.208984 -0.281250 0.038818
-0.077148 0.209961 0.034668 0.257812
-0.024170 -0.174805 -0.127930 0.074219
-0.009583 0.079590 0.257812 0.114258
-0.018555 -0.097656 0.109863 -0.152344
0.087891 -0.014465 0.125000 -0.004761
-0.100586 0.026001 -0.046631 -0.080078
-0.074219 -0.044189 -0.052734 0.039307
-0.073730 0.001495 -0.137695 -0.039795
0.018555 0.144531 0.275391 0.199219
0.022949 -0.101074 -0.068848 -0.063965
0.090332 0.099609 0.235352 0.043701
-0.006195 -0.128906 -0.083496 0.001854
-0.008850 -0.042725 0.044678 -0.289062
-0.074219 0.116699 0.056396 0.035889
-0.111328 0.117676 -0.099121 0.157227
0.035156 0.030396 -0.129883 -0.017578
-0.039795 -0.043213 0.101074 -0.143555
0.028076 -0.082031 -0.069336 0.045410
0.017212 0.092773 0.131836 -0.074219
-0.107422 -0.118164 0.001770 0.121094
0.027344 0.180664 -0.404297 0.220703
0.035400 0.053711 -0.086426 0.112793
0.021729 0.053467 -0.027588 -0.045654
-0.060303 0.059326 0.118652 0.108398
-0.057861 -0.029053 0.038086 0.142578
-0.064941 -0.038574 -0.157227 -0.125977
0.039062 -0.194336 -0.081543 0.235352
-0.133789 -0.212891 0.013000 -0.123047
-0.072754 0.079590 -0.098633 -0.077148
0.046143 -0.004211 -0.084473 -0.062256
0.047852 -0.078125 -0.077148 -0.026123
0.044434 0.018921 0.066406 0.155273
-0.013794 0.017578 0.094238 0.085449
-0.090332 -0.006439 -0.136719 -0.124023
-0.024048 -0.199219 -0.019409 -0.054932
-0.113281 -0.199219 0.042725 -0.118652
0.034668 0.071777 -0.087891 -0.163086
0.072266 0.041260 -0.175781 -0.023804
0.023560 0.006378 -0.030396 0.026123
-0.028687 0.017456 0.083984 0.181641
-0.073242 0.037109 0.066895 0.027832
-0.062012 0.063477 0.065430 -0.031738
-0.054199 -0.070312 -0.177734 0.016357
-0.079102 -0.320312 -0.017456 -0.185547
-0.009094 0.074219 -0.166016 0.043945
0.008484 0.040283 0.087402 0.086426
-0.061768 -0.007751 0.037354 0.049072
-0.031006 -0.007141 0.140625 -0.064453
-0.027100 -0.142578 -0.079590 -0.019653
-0.085449 -0.378906 -0.117188 0.123047
-0.006317 -0.126953 -0.235352 -0.121094
-0.065430 -0.212891 0.001663 -0.121094
-0.019287 0.062256 -0.059082 0.111328
0.055664 0.047119 0.048828 0.082031
0.034180 0.072266 0.018921 0.081543
0.009521 0.006409 0.034912 -0.173828
0.025879 -0.034180 -0.013184 -0.163086
0.010559 -0.166992 -0.151367 -0.207031
0.003113 -0.113281 0.018677 0.006378
-0.025269 -0.091797 -0.177734 0.089355
-0.023315 0.059082 0.001266 -0.144531
0.108887 -0.085938 0.039307 -0.210938
0.004150 0.049316 -0.002075 -0.028564
-0.043945 0.030884 -0.086914 -0.097168
-0.072266 0.066406 0.140625 0.071289
-0.013367 0.056641 -0.148438 -0.044189
-0.081543 -0.126953 -0.040771 0.025269
0.020752 -0.203125 -0.072266 -0.121094
-0.044434 0.014526 0.020996 -0.020874
-0.019043 0.040771 -0.089355 0.001076
0.003403 0.006134 -0.051758 -0.005371
-0.022339 -0.038086 -0.145508 -0.168945
-0.015503 0.021851 0.074219 0.135742
-0.059570 -0.296875 0.015381 0.156250
-0.022339 -0.023804 -0.007568 0.032715
-0.115723 -0.080566 0.004791 0.044922
0.068848 0.033447 0.144531 0.099609
0.080078 0.052979 0.189453 -0.010864
0.036133 0.044189 0.075195 0.011414
-0.036621 -0.306641 -0.077148 -0.345703
0.000893 0.025391 -0.080566 0.083984
-0.082031 0.011780 -0.075684 -0.018799
-0.007355 0.129883 0.121582 0.125977
-0.061279 0.134766 -0.105469 0.125977
0.059326 0.117188 -0.070801 -0.008484
0.106934 -0.055664 -0.084473 -0.054443
0.063965 0.029785 0.035645 -0.054199
-0.035400 0.129883 -0.094727 0.055908
-0.138672 0.002335 -0.063965 -0.118652
-0.035156 -0.060303 -0.009216 0.263672
-0.016724 0.103027 0.054932 0.073730
0.022949 -0.096680 -0.125977 0.006866
-0.026978 -0.086426 0.049316 -0.060547
0.020874 -0.279297 0.195312 0.128906
-0.006989 -0.042236 -0.045898 -0.203125
-0.069824 -0.083496 -0.080566 -0.055908
-0.073242 -0.027466 -0.069824 0.017578
0.029419 -0.026855 -0.040283 -0.129883
-0.052246 0.015564 -0.008850 0.054932
-0.024170 -0.061035 0.102539 -0.139648
-0.058594 -0.106445 0.114746 0.124512
-0.046875 -0.137695 0.108398 0.086426
-0.042480 -0.192383 -0.098145 -0.246094
-0.027344 0.014099 -0.298828 0.077637
-0.022827 -0.130859 -0.124512 0.086426
0.002884 -0.063965 0.114258 -0.128906
-0.031494 0.076660 -0.003357 0.051758
-0.088867 0.053223 0.300781 -0.026001
-0.032227 0.110840 0.051270 0.110840
-0.081055 -0.069336 -0.048340 -0.003159
0.065430 -0.079590 0.014832 -0.160156
0.058350 0.045410 -0.095703 0.188477
-0.061768 0.060791 -0.163086 -0.019165
-0.032959 0.072266 0.005463 -0.003647
0.058594 0.092285 -0.055420 0.016357
-0.090820 -0.187500 -0.145508 -0.007446
-0.051025 -0.200195 -0.051758 -0.088379
-0.078125 -0.135742 0.010315 -0.030762
-0.053711 -0.361328 -0.101562 -0.114258
0.042480 -0.084961 -0.003403 0.118652
0.037598 -0.049072 0.039795 0.121582
0.034912 -0.161133 -0.027344 0.110352
-0.089844 -0.038574 0.003510 0.001274
-0.031738 -0.166992 -0.148438 -0.080078
0.039062 -0.080566 -0.071289 -0.057129
-0.050781 0.023682 -0.042725 -0.052002
-0.060547 -0.188477 -0.263672 -0.199219
-0.002747 -0.024902 0.100098 -0.055664
-0.014343 -0.012756 0.032227 0.034424
-0.023315 -0.066406 -0.105957 -0.043945
-0.023926 -0.039551 0.072754 0.039307
-0.066406 0.007507 -0.056152 -0.034668
-0.061279 0.022705 0.024414 -0.069824
-0.068848 0.059814 -0.173828 0.144531
-0.020264 -0.024536 -0.310547 -0.007019
-0.077148 0.015625 0.169922 0.059570
-0.018433 0.035156 -0.253906 0.127930
-0.028198 0.060059 0.119141 -0.066406
-0.018555 -0.014709 0.122559 -0.108398
-0.018677 -0.202148 0.087402 0.182617
0.009949 0.144531 -0.057373 0.179688
-0.045898 -0.011169 0.096680 -0.021118
-0.043701 -0.035156 0.185547 0.061035
-0.064453 -0.018433 -0.045654 -0.155273
0.019043 -0.181641 0.010742 0.019287
-0.020020 0.106934 0.208008 0.204102
-0.058594 0.039062 -0.019531 0.069336
-0.119629 0.077637 -0.008972 0.261719
-0.066895 0.085938 0.097168 0.111816
-0.080078 -0.032227 0.097168 0.140625
-0.006653 -0.047119 -0.104004 0.042236
-0.077637 0.083008 0.029297 -0.341797
-0.018555 -0.091797 -0.037354 -0.126953
0.045166 0.049072 0.173828 0.203125
0.071289 -0.034912 0.023315 0.075195
0.002441 0.083496 0.075684 0.199219
-0.068359 -0.105469 0.067871 -0.029175
-0.024292 0.128906 0.034668 0.122559
-0.013916 0.003677 -0.110352 0.072754
-0.035645 0.125977 0.208008 0.003723
-0.045166 0.088379 0.244141 -0.075195
-0.031738 0.010864 -0.040771 -0.083008
0.061035 -0.025879 -0.065430 0.005859
-0.047852 -0.042236 -0.057373 -0.047363
0.014099 -0.184570 0.135742 0.019165
-0.014282 -0.010498 0.192383 0.255859
-0.066406 -0.049561 0.012451 0.089844
-0.075195 -0.023560 0.186523 0.109375
0.002411 -0.025269 0.172852 -0.011108
0.018066 -0.104004 -0.051514 0.136719
-0.042969 -0.081055 0.094727 -0.102051
0.028809 0.043945 0.087402 -0.073242
0.071289 -0.122559 0.247070 0.054199
-0.064941 0.004578 -0.032959 0.015503
-0.015198 0.035400 0.093262 0.046875
0.025513 0.032715 0.261719 0.149414
0.076660 0.048096 0.034180 0.104492
0.010010 -0.066895 0.026367 0.085938
0.030396 -0.029663 0.132812 0.050781
-0.019043 0.088379 0.007080 -0.093262
-0.065918 0.057373 0.049805 -0.018188
-0.054932 -0.049072 -0.173828 0.191406
0.001175 0.115234 -0.087891 0.198242
-0.044189 0.139648 0.039551 -0.008179
0.042969 -0.041260 -0.025635 0.172852
0.012329 -0.023682 0.006775 -0.070312
-0.017700 0.086426 0.149414 0.080078
-0.001183 -0.198242 -0.022583 0.094727
-0.048584 -0.112793 -0.100098 -0.113281
-0.035889 -0.062012 0.098145 -0.023926
-0.039062 0.130859 0.127930 0.237305
0.015137 -0.061523 0.072754 0.023438
-0.033691 -0.026855 0.219727 0.105957
-0.004364 -0.160156 -0.006989 0.011292
-0.063965 -0.078125 0.015564 -0.038818
0.005768 -0.052979 0.024902 0.098145
0.039307 -0.081543 -0.125000 0.035400
-0.004242 0.002487 0.086914 -0.240234
-0.062988 0.165039 0.103027 0.005219
-0.032715 0.090820 0.037598 -0.057129
-0.013306 0.045166 0.097656 0.024658
-0.024536 -0.059082 -0.052246 0.010498
0.031128 -0.021851 0.096191 -0.025391
-0.102539 0.097168 -0.025391 -0.124512
-0.091797 0.035645 -0.020874 0.113770
0.002441 -0.101074 0.119141 -0.025513
-0.091797 0.011536 0.132812 0.156250
-0.024536 -0.092285 -0.013123 0.085449
0.087402 0.028442 0.093750 -0.022461
-0.014160 -0.005646 -0.028687 0.000656
0.044922 -0.027832 0.083984 0.099121
-0.081543 0.209961 0.240234 0.205078
0.012756 0.084961 0.084473 -0.052246
-0.062256 -0.255859 0.001602 -0.241211
-0.005524 -0.144531 -0.020142 -0.197266
-0.015137 -0.094238 -0.122070 -0.040527
-0.055176 0.120605 -0.035645 -0.003525
0.014221 -0.024292 -0.129883 0.165039
-0.095703 -0.116211 -0.038574 -0.039551
-0.006775 0.176758 0.179688 0.150391
0.000168 0.009460 0.011658 0.081543
-0.032471 -0.339844 0.064941 -0.345703
-0.125000 -0.168945 0.161133 -0.206055
-0.052734 -0.057129 0.028320 0.041748
-0.083984 0.008240 0.147461 -0.147461
-0.041748 -0.050537 -0.027710 -0.002075
-0.048340 0.079102 -0.061768 0.122559
-0.098145 0.090332 -0.085449 -0.115723
0.023071 0.150391 0.142578 0.152344
-0.101074 0.040771 -0.123047 -0.032227
-0.035645 0.071777 0.033447 0.125977
-0.008301 -0.001579 0.114258 0.114746
-0.014038 -0.016846 -0.095703 -0.087402
-0.095703 -0.027832 0.076660 -0.167969
-0.040283 0.219727 0.076660 0.185547
0.014221 -0.014038 -0.010986 0.012085
-0.052246 -0.076660 0.029419 -0.015198
-0.083008 -0.053467 -0.041992 -0.069824
-0.099121 0.058350 -0.094727 0.020508
0.020874 -0.006958 -0.026733 0.054932
-0.010071 -0.053955 -0.026489 -0.063477
-0.093750 -0.034180 -0.035645 0.072754
0.174805 -0.033936 -0.009399 -0.035156
