-0.193359 -0.222656 -0.120605 -0.182617
-0.000326 -0.059326 -0.222656 0.024902
-0.308594 0.018311 0.011902 -0.097656
-0.009094 -0.349609 -0.096680 -0.080566
-0.017212 -0.357422 -0.046143 0.001740
-0.001198 0.047852 -0.031982 -0.108398
-0.055664 -0.269531 -0.285156 -0.275391
-0.224609 -0.277344 -0.283203 -0.182617
-0.294922 -0.060791 -0.332031 -0.158203
-0.240234 -0.046143 -0.055908 -0.203125
-0.182617 -0.443359 -0.125977 -0.171875
-0.416016 -0.249023 -0.241211 -0.355469
-0.028809 -0.263672 -0.034668 -0.239258
0.005829 -0.291016 -0.003677 -0.167969
-0.400391 -0.294922 -0.146484 -0.190430
-0.062988 -0.139648 -0.339844 -0.205078
-0.261719 -0.242188 -0.226562 -0.318359
-0.181641 -0.253906 0.026001 -0.124512
-0.096680 -0.243164 -0.038330 -0.179688
0.042480 0.027832 -0.206055 -0.197266
-0.244141 -0.164062 -0.359375 -0.021729
0.010193 -0.029053 -0.351562 -0.158203
-0.188477 -0.081055 -0.179688 -0.215820
-0.229492 -0.168945 -0.208008 -0.057617
-0.151367 -0.281250 -0.302734 -0.195312
-0.237305 -0.228516 -0.095703 -0.257812
-0.194336 -0.227539 -0.048828 -0.029663
-0.008972 -0.122070 -0.104004 -0.126953
-0.067383 -0.376953 -0.168945 -0.145508
-0.100586 -0.059082 -0.141602 -0.212891
-0.078613 -0.453125 -0.066895 -0.154297
-0.273438 -0.298828 -0.287109 -0.059326
-0.207031 -0.090332 -0.271484 -0.316406
-0.021484 -0.222656 -0.191406 -0.055908
-0.232422 0.020996 -0.131836 -0.113770
-0.129883 -0.187500 -0.186523 -0.203125
0.092285 -0.257812 -0.075195 0.013184
0.068848 -0.298828 -0.060791 -0.158203
-0.503906 -0.166992 -0.222656 -0.166992
-0.202148 -0.330078 -0.261719 -0.110840
-0.226562 -0.065430 -0.175781 -0.032471
-0.094727 -0.095215 0.070801 -0.110840
-0.175781 -0.162109 -0.108398 -0.281250
-0.010559 -0.312500 -0.174805 -0.214844
-0.107910 -0.146484 -0.245117 -0.271484
0.037598 -0.339844 -0.090820 -0.235352
-0.212891 -0.318359 -0.110352 -0.063965
0.016846 -0.120605 -0.306641 -0.457031
-0.061523 -0.218750 -0.188477 -0.122070
-0.285156 -0.129883 -0.112793 -0.351562
0.010559 -0.137695 -0.228516 -0.102539
-0.043701 -0.064453 -0.240234 -0.373047
-0.289062 -0.077148 -0.261719 -0.176758
-0.072266 -0.005371 -0.251953 -0.104980
-0.024292 -0.145508 -0.187500 -0.168945
-0.257812 -0.205078 -0.214844 -0.023560
-0.229492 -0.094238 -0.234375 -0.318359
-0.037842 -0.199219 -0.291016 -0.010681
-0.054688 -0.150391 -0.040039 -0.017212
0.001274 -0.187500 -0.341797 -0.243164
-0.086426 -0.289062 -0.425781 -0.158203
-0.298828 -0.131836 -0.234375 -0.294922
-0.158203 -0.365234 0.028931 -0.263672
-0.121094 -0.046143 -0.339844 -0.031250
-0.332031 0.021973 -0.320312 -0.108398
0.037598 -0.100586 -0.219727 0.024170
-0.457031 0.013245 -0.225586 -0.156250
-0.240234 -0.118652 -0.281250 -0.141602
-0.263672 -0.080566 -0.251953 -0.010010
-0.055420 -0.515625 0.067383 0.098145
-0.472656 -0.195312 0.144531 -0.009216
-0.417969 -0.287109 -0.230469 -0.048096
0.024170 -0.038330 -0.121094 0.011780
-0.048584 -0.149414 -0.041992 -0.113770
-0.228516 -0.095703 0.062988 -0.353516
0.011597 -0.351562 -0.291016 -0.076660
0.060303 -0.031738 -0.255859 -0.345703
0.044922 -0.550781 -0.148438 -0.016968
0.024902 -0.151367 -0.269531 -0.057129
-0.005096 -0.109375 -0.057861 -0.255859
-0.035400 -0.053955 -0.300781 -0.255859
-0.034668 -0.073730 -0.160156 -0.196289
-0.237305 -0.222656 -0.359375 -0.103027
0.000357 0.056641 -0.152344 -0.240234
-0.298828 -0.163086 -0.250000 -0.472656
-0.412109 0.005310 -0.052246 -0.353516
-0.113770 -0.204102 -0.304688 -0.120605
-0.132812 -0.339844 -0.231445 -0.031738
-0.085449 -0.135742 -0.062988 -0.074219
-0.150391 -0.217773 -0.145508 0.009033
-0.110840 -0.164062 0.027588 0.051514
0.000679 -0.337891 -0.151367 -0.511719
-0.289062 0.079590 -0.412109 -0.081543
-0.353516 -0.031982 -0.265625 -0.088379
-0.246094 -0.110840 -0.099609 -0.157227
-0.163086 -0.320312 -0.322266 -0.066895
-0.160156 -0.347656 -0.015015 -0.131836
-0.062256 -0.198242 -0.245117 0.038574
-0.375000 -0.018921 -0.141602 -0.205078
-0.144531 -0.182617 -0.106445 -0.131836
-0.229492 -0.271484 -0.164062 0.020386
0.138672 0.033447 -0.003677 -0.155273
-0.283203 -0.339844 -0.324219 -0.417969
0.000504 -0.271484 -0.332031 -0.031250
-0.164062 0.000366 -0.539062 -0.075195
-0.251953 -0.033447 0.021484 0.104980
-0.237305 -0.291016 -0.057861 -0.113281
-0.361328 -0.376953 -0.116699 -0.250000
-0.166016 -0.312500 -0.219727 -0.244141
-0.055908 -0.328125 -0.170898 -0.168945
-0.302734 0.005981 -0.218750 -0.052490
-0.168945 -0.057129 -0.253906 -0.106934
-0.091797 -0.169922 -0.202148 -0.225586
-0.328125 -0.271484 -0.042480 -0.277344
-0.294922 -0.376953 -0.120605 -0.082520
0.013733 -0.070801 -0.169922 -0.211914
-0.232422 -0.337891 -0.396484 -0.208008
0.034668 -0.045898 -0.232422 -0.472656
-0.151367 -0.239258 -0.243164 -0.558594
-0.079102 -0.429688 -0.080566 0.013306
-0.347656 -0.519531 -0.343750 -0.515625
-0.162109 -0.139648 -0.322266 -0.046631
-0.052002 -0.225586 0.047607 0.044922
-0.000086 -0.199219 -0.507812 -0.094238
0.041016 -0.423828 -0.085938 -0.213867
-0.209961 -0.041504 -0.116211 -0.107910
-0.102539 -0.380859 -0.074707 -0.174805
-0.135742 -0.515625 -0.378906 0.066895
-0.214844 -0.361328 -0.365234 -0.222656
-0.006439 -0.046387 0.181641 -0.068359
-0.414062 -0.040039 -0.320312 0.077637
-0.182617 -0.363281 -0.298828 -0.231445
-0.208008 -0.255859 -0.175781 0.029663
-0.029785 -0.044678 -0.011230 -0.103027
-0.184570 -0.169922 -0.123535 -0.308594
-0.275391 -0.332031 -0.160156 -0.210938
-0.078613 0.063477 -0.165039 -0.159180
-0.253906 -0.291016 0.055420 0.029053
-0.148438 -0.097168 -0.214844 -0.160156
-0.237305 -0.200195 -0.084473 -0.122559
0.075195 0.010681 -0.112793 -0.140625
0.019531 -0.233398 -0.464844 -0.277344
-0.195312 -0.201172 -0.429688 -0.074707
-0.050049 -0.183594 -0.277344 -0.261719
-0.043213 -0.214844 -0.259766 -0.195312
-0.300781 -0.198242 -0.117188 -0.218750
-0.261719 -0.218750 -0.177734 -0.098145
-0.014160 -0.071289 -0.345703 -0.230469
-0.097168 -0.361328 -0.065918 -0.159180
-0.129883 -0.010437 -0.217773 -0.214844
-0.125000 -0.449219 -0.416016 -0.195312
-0.219727 -0.188477 -0.535156 0.068359
-0.404297 -0.271484 -0.100098 -0.347656
0.026611 -0.457031 -0.419922 -0.314453
0.056885 -0.189453 -0.009155 0.056641
-0.006470 -0.240234 -0.382812 -0.236328
-0.285156 -0.119141 0.016113 -0.300781
-0.245117 -0.056152 -0.111816 -0.194336
-0.246094 -0.184570 0.152344 -0.031982
0.112793 -0.324219 -0.281250 0.099121
-0.328125 -0.225586 -0.458984 -0.168945
0.013977 0.279297 -0.191406 -0.068359
-0.447266 0.040527 -0.137695 -0.106445
-0.314453 -0.291016 -0.233398 0.025269
-0.197266 -0.232422 -0.115723 0.019653
-0.225586 -0.453125 -0.060791 0.296875
0.032227 -0.193359 -0.069824 -0.243164
-0.451172 -0.546875 0.034424 -0.267578
0.125977 0.064453 0.164062 -0.328125
-0.382812 -0.289062 -0.051758 -0.271484
-0.077148 0.051025 -0.012451 -0.357422
0.163086 -0.269531 -0.339844 -0.101562
-0.082520 -0.232422 -0.072754 -0.222656
-0.070801 -0.410156 -0.179688 -0.076172
0.090820 -0.570312 -0.472656 -0.057617
0.054443 -0.240234 -0.112305 -0.660156
-0.029541 -0.359375 -0.417969 -0.382812
0.062988 -0.209961 -0.215820 -0.115723
-0.156250 -0.086914 -0.177734 -0.163086
-0.048096 0.016235 -0.056641 -0.232422
-0.043457 -0.369141 -0.199219 -0.406250
-0.302734 -0.105469 0.025146 -0.206055
-0.470703 -0.200195 -0.248047 0.049072
-0.236328 -0.042236 -0.289062 -0.004333
-0.053711 -0.011047 -0.058350 0.026611
-0.234375 -0.302734 0.074707 -0.220703
-0.221680 -0.246094 -0.047119 -0.059082
0.006256 -0.180664 -0.000729 -0.367188
-0.527344 0.100586 -0.468750 -0.441406
-0.200195 -0.013123 -0.117188 -0.088379
-0.080566 -0.137695 -0.200195 0.010803
-0.224609 -0.304688 -0.484375 -0.231445
-0.059570 -0.371094 -0.238281 0.035889
0.066406 -0.223633 -0.112793 0.021118
-0.287109 -0.023804 -0.118652 -0.110840
-0.113770 -0.090332 -0.021851 -0.273438
-0.163086 -0.068359 -0.107422 -0.017334
-0.087891 0.072266 -0.054443 -0.049072
-0.046143 -0.214844 -0.128906 -0.337891
-0.255859 -0.207031 -0.166992 -0.121582
-0.101074 -0.046875 -0.546875 -0.281250
-0.173828 -0.008057 -0.078125 0.082520
-0.347656 -0.206055 -0.083984 -0.089844
-0.425781 -0.449219 0.012085 -0.234375
-0.102051 -0.378906 -0.281250 -0.125977
-0.022217 0.011536 -0.241211 -0.251953
-0.198242 0.180664 -0.215820 0.049072
-0.037109 -0.010864 -0.392578 -0.007996
0.002975 -0.033203 0.011108 -0.255859
-0.298828 -0.215820 -0.024170 -0.337891
-0.330078 -0.457031 -0.453125 -0.138672
0.007874 0.024902 -0.067871 0.020020
-0.531250 -0.503906 -0.074219 -0.077148
-0.287109 -0.084473 0.005859 -0.168945
-0.059082 -0.296875 -0.496094 -0.429688
0.130859 -0.417969 -0.017334 -0.039062
-0.492188 -0.250000 -0.227539 -0.503906
-0.000278 0.067383 -0.247070 -0.111816
0.012878 -0.251953 -0.001457 -0.024536
0.035645 -0.179688 -0.449219 -0.034180
-0.024780 -0.296875 -0.015747 -0.093262
-0.118164 -0.141602 -0.164062 -0.056885
-0.204102 -0.247070 -0.107422 -0.070312
-0.210938 -0.351562 -0.294922 -0.169922
-0.199219 -0.447266 -0.174805 -0.143555
0.027710 -0.233398 -0.003296 -0.018921
-0.388672 0.020874 0.062500 -0.102051
0.125000 -0.285156 -0.203125 -0.253906
-0.071289 0.074707 0.062256 0.028198
-0.057861 -0.092773 0.036133 0.063965
-0.086426 -0.045166 -0.132812 -0.192383
-0.195312 -0.232422 -0.096191 -0.041748
-0.056152 0.049805 -0.200195 -0.470703
-0.263672 0.063477 -0.004181 -0.111328
-0.106934 -0.289062 -0.464844 -0.166992
-0.283203 -0.412109 -0.042969 -0.048828
0.076660 0.047363 -0.298828 -0.040771
-0.011658 0.013733 -0.357422 -0.335938
-0.205078 0.097168 -0.652344 -0.038086
-0.060059 -0.116699 -0.324219 -0.217773
-0.002274 -0.229492 -0.285156 -0.063477
-0.400391 -0.071289 -0.038330 -0.310547
-0.224609 -0.263672 -0.369141 -0.113281
0.043213 -0.065918 -0.072266 -0.074707
-0.335938 0.014526 0.038330 0.007294
-0.443359 0.181641 -0.105469 0.090332
0.081543 -0.613281 -0.474609 -0.285156
0.009094 -0.219727 -0.566406 0.000341
-0.400391 -0.263672 -0.294922 -0.192383
0.122559 -0.057373 -0.273438 -0.503906
-0.124023 -0.464844 -0.055176 -0.058105
0.045410 -0.149414 -0.148438 -0.261719
-0.345703 -0.154297 -0.117188 0.102539
0.136719 -0.096680 -0.177734 -0.039307
-0.160156 -0.105469 -0.063965 -0.139648
-0.359375 -0.125000 -0.261719 -0.094238
0.037842 -0.421875 -0.052246 0.026245
0.028931 -0.088379 -0.343750 0.055420
-0.294922 -0.005035 -0.036621 -0.081543
-0.240234 -0.503906 0.058350 -0.174805
0.023926 -0.171875 -0.010864 -0.022705
0.031250 -0.261719 -0.084473 0.080566
0.104004 0.110840 -0.271484 -0.059570
-0.141602 -0.089355 0.004242 -0.230469
0.009644 -0.045410 0.058838 -0.263672
-0.429688 -0.023193 0.054199 -0.433594
0.281250 -0.287109 -0.217773 -0.511719
-0.040771 -0.112793 -0.093262 -0.250000
-0.333984 0.065430 -0.079102 -0.250000
0.010315 -0.241211 -0.292969 -0.127930
0.132812 -0.494141 -0.390625 -0.039307
0.044434 -0.168945 -0.277344 -0.423828
-0.012756 -0.353516 -0.332031 -0.353516
-0.186523 0.089844 -0.099121 -0.535156
0.212891 0.056885 -0.037842 -0.243164
0.041992 0.019531 -0.102539 -0.156250
-0.215820 0.134766 -0.261719 -0.146484
-0.371094 -0.070312 -0.200195 0.035645
-0.218750 -0.106445 -0.283203 -0.098633
-0.251953 0.028931 -0.249023 0.026855
-0.220703 0.057861 -0.345703 0.053955
-0.076660 -0.259766 -0.065430 -0.113770
-0.458984 -0.500000 0.052002 0.037354
0.042236 -0.100586 -0.022461 0.090820
-0.261719 -0.175781 -0.492188 -0.287109
-0.001259 0.082520 -0.416016 0.042725
-0.184570 0.047119 -0.416016 -0.140625
-0.429688 -0.026733 -0.186523 -0.291016
-0.310547 -0.079102 -0.320312 -0.088379
-0.051025 0.057617 -0.031982 0.005219
-0.163086 0.006500 -0.154297 0.008606
-0.161133 -0.378906 -0.394531 -0.107422
-0.416016 -0.304688 -0.119629 0.030518
-0.060059 -0.190430 -0.052246 -0.001389
-0.017090 -0.285156 -0.253906 -0.118164
-0.039062 -0.402344 0.093262 -0.269531
-0.001221 0.051514 -0.104004 -0.164062
-0.408203 -0.123047 0.011780 -0.259766
0.005249 -0.007996 -0.173828 -0.240234
-0.115234 -0.330078 -0.088379 -0.226562
-0.127930 -0.247070 -0.195312 -0.263672
0.028564 0.042969 -0.400391 -0.218750
-0.190430 -0.482422 -0.115234 -0.136719
0.030640 -0.277344 -0.345703 -0.621094
0.103516 -0.073730 -0.314453 -0.241211
-0.085938 -0.196289 0.079102 -0.287109
-0.179688 -0.193359 -0.146484 -0.175781
-0.069824 0.002853 -0.117676 -0.075684
-0.053467 -0.212891 0.003784 -0.355469
-0.285156 -0.102051 -0.242188 -0.115723
-0.298828 -0.104004 -0.296875 -0.175781
-0.185547 0.024414 -0.197266 -0.014404
-0.206055 -0.145508 -0.226562 -0.312500
-0.134766 -0.190430 -0.160156 -0.208984
-0.324219 -0.241211 -0.000161 -0.026489
-0.072754 0.084961 -0.232422 -0.271484
-0.191406 -0.263672 0.114746 -0.320312
-0.078613 0.041504 -0.316406 -0.150391
-0.231445 -0.069336 -0.168945 -0.024170
0.089844 -0.137695 -0.208008 -0.404297
-0.151367 -0.259766 -0.277344 0.006134
-0.034912 0.184570 -0.076172 -0.065430
0.066406 0.036865 -0.250000 -0.202148
-0.291016 -0.170898 -0.129883 -0.087402
-0.140625 -0.227539 -0.079102 0.067383
0.005219 -0.337891 -0.004761 0.017212
-0.024902 -0.080078 -0.343750 -0.316406
0.057617 -0.339844 -0.003830 -0.250000
0.034424 0.047119 -0.353516 -0.132812
-0.128906 -0.458984 0.004730 0.053955
-0.024414 -0.137695 -0.022217 0.057129
-0.162109 -0.398438 0.030396 -0.251953
-0.237305 -0.057129 -0.162109 -0.190430
-0.033691 -0.221680 0.057861 -0.109375
-0.107422 -0.527344 -0.017456 0.052979
-0.015076 -0.145508 -0.406250 -0.285156
-0.002319 -0.026123 -0.216797 -0.339844
-0.073730 -0.047363 -0.112793 -0.134766
0.010559 -0.107910 0.113281 -0.142578
-0.043213 0.017578 -0.230469 -0.115723
-0.066895 0.018311 0.031006 -0.369141
-0.140625 0.009338 -0.057617 -0.058350
-0.359375 -0.024414 -0.257812 -0.312500
-0.289062 0.351562 -0.007202 0.043701
-0.339844 0.055176 -0.145508 -0.203125
-0.108887 0.023438 0.105957 -0.049805
-0.498047 0.011292 -0.064453 0.041260
0.044678 -0.190430 -0.414062 -0.040527
0.016113 -0.223633 -0.219727 -0.269531
0.237305 -0.095703 -0.205078 -0.067871
-0.132812 -0.200195 -0.014832 -0.265625
-0.257812 -0.002747 -0.361328 -0.326172
-0.351562 -0.141602 -0.174805 -0.104980
-0.021362 0.109863 0.177734 0.041748
-0.171875 -0.011780 -0.192383 -0.095703
-0.220703 -0.121094 -0.133789 -0.223633
0.047363 -0.071777 -0.121094 0.067383
0.172852 -0.353516 -0.060059 -0.051514
-0.157227 -0.105469 -0.161133 -0.298828
0.072266 -0.482422 -0.147461 -0.205078
-0.048340 -0.027466 -0.193359 0.093262
-0.251953 -0.261719 0.062988 0.010315
-0.150391 -0.106445 -0.060547 0.015869
-0.107422 -0.498047 0.038818 -0.289062
-0.147461 -0.096191 -0.324219 -0.279297
-0.015564 -0.251953 0.257812 -0.394531
-0.141602 -0.189453 -0.113770 -0.042725
-0.040771 -0.019043 -0.296875 -0.197266
-0.060547 0.146484 -0.108887 -0.328125
-0.251953 -0.034912 -0.156250 -0.298828
0.149414 0.030518 -0.148438 -0.203125
-0.048828 0.036621 -0.233398 -0.177734
0.019165 -0.063477 -0.031982 -0.328125
0.073242 0.009705 -0.076660 -0.138672
-0.267578 -0.173828 -0.375000 -0.084473
-0.032959 0.052002 -0.289062 -0.021729
-0.527344 -0.257812 -0.273438 -0.263672
-0.142578 -0.092773 -0.102539 -0.114258
-0.197266 -0.109863 0.044434 -0.020508
0.059082 -0.078125 -0.558594 -0.136719
-0.149414 -0.019409 -0.168945 -0.172852
0.083496 0.008118 -0.184570 0.086914
-0.031250 -0.328125 0.131836 -0.296875
-0.044434 -0.314453 -0.100098 -0.089355
-0.251953 -0.058838 -0.406250 -0.335938
-0.072754 0.095215 0.009888 -0.041748
-0.164062 0.001534 -0.115723 -0.078613
-0.171875 -0.455078 -0.261719 0.007751
-0.357422 -0.310547 -0.099609 0.027466
0.041260 -0.300781 -0.006592 -0.230469
-0.114258 -0.092773 -0.157227 -0.277344
-0.285156 -0.486328 -0.073242 -0.212891
-0.090820 -0.034424 -0.229492 -0.215820
-0.236328 -0.226562 0.032715 -0.281250
0.224609 -0.281250 -0.341797 -0.453125
-0.216797 -0.279297 -0.195312 -0.198242
-0.141602 -0.126953 -0.187500 -0.349609
0.101562 -0.402344 -0.328125 -0.081055
-0.153320 -0.343750 -0.361328 -0.112793
0.265625 -0.474609 -0.392578 -0.726562
0.285156 -0.273438 -0.203125 -0.202148
0.005219 0.004211 -0.021973 -0.253906
-0.127930 -0.402344 -0.071777 -0.125000
0.065918 0.004913 0.144531 -0.092773
0.024780 -0.096680 -0.169922 -0.283203
-0.246094 -0.093262 -0.312500 -0.096191
-0.110352 -0.316406 -0.287109 -0.318359
-0.439453 -0.030029 -0.398438 -0.027466
-0.367188 -0.308594 -0.238281 -0.292969
-0.138672 -0.386719 0.062988 -0.181641
-0.265625 -0.294922 0.042236 0.027344
-0.020508 0.077148 -0.371094 -0.175781
-0.326172 -0.072754 -0.249023 -0.237305
0.061523 -0.026367 -0.277344 -0.014526
-0.300781 -0.275391 -0.111328 -0.149414
-0.195312 -0.222656 -0.302734 -0.261719
-0.023804 -0.310547 -0.193359 -0.194336
-0.035889 -0.082031 -0.104492 0.000007
-0.171875 0.029663 -0.074219 -0.086914
-0.343750 -0.093750 0.106445 -0.167969
0.045654 -0.116699 -0.128906 0.022217
0.135742 -0.267578 -0.030396 -0.066406
-0.304688 -0.212891 -0.155273 -0.220703
-0.140625 -0.240234 -0.308594 -0.257812
0.073242 -0.039062 -0.343750 0.038574
0.026978 -0.261719 -0.063965 -0.007751
-0.029785 -0.213867 -0.021606 -0.088867
-0.124512 -0.320312 -0.077148 -0.265625
-0.016846 0.052734 -0.031982 -0.316406
-0.027466 -0.287109 0.045654 -0.131836
-0.259766 -0.648438 -0.092773 0.453125
-0.050537 -0.133789 -0.365234 -0.250000
-0.070801 -0.347656 -0.223633 -0.380859
-0.152344 -0.154297 -0.079590 -0.177734
0.155273 -0.259766 -0.088379 -0.328125
0.007599 -0.025757 -0.112793 -0.267578
-0.118652 0.038574 -0.269531 -0.339844
-0.036377 -0.034424 -0.078125 -0.396484
-0.271484 -0.006073 -0.287109 -0.394531
-0.144531 -0.102539 -0.158203 0.074707
-0.343750 -0.066895 -0.040771 -0.314453
-0.013916 -0.210938 -0.170898 -0.133789
-0.192383 -0.012146 0.050537 -0.049805
0.048096 -0.136719 -0.347656 -0.172852
-0.133789 -0.104004 -0.224609 -0.160156
0.106934 -0.103516 -0.197266 -0.093262
-0.231445 -0.394531 -0.124512 -0.259766
-0.185547 -0.300781 -0.306641 -0.300781
-0.249023 -0.365234 -0.339844 -0.257812
-0.066895 -0.023682 -0.227539 0.048340
-0.218750 -0.061279 -0.216797 -0.106934
-0.241211 -0.233398 -0.119629 -0.455078
-0.267578 -0.101562 -0.033447 0.013733
0.283203 -0.396484 0.030640 -0.025391
-0.375000 -0.142578 -0.134766 -0.104492
-0.208008 -0.300781 -0.135742 -0.148438
-0.034668 0.070801 -0.230469 -0.149414
-0.150391 -0.361328 0.021118 0.092285
-0.182617 -0.009888 -0.343750 -0.062500
-0.183594 -0.359375 -0.171875 -0.281250
0.009338 -0.049805 -0.281250 -0.129883
0.003403 -0.217773 -0.190430 -0.433594
-0.225586 -0.125977 -0.230469 -0.033447
-0.040039 0.002319 -0.562500 -0.157227
-0.021362 -0.194336 -0.222656 -0.253906
-0.275391 -0.132812 -0.205078 -0.231445
-0.049805 -0.010803 -0.198242 -0.122070
0.049072 -0.029419 -0.236328 -0.310547
-0.320312 -0.298828 -0.027466 0.006165
-0.041016 0.026611 -0.101074 -0.294922
-0.184570 -0.396484 -0.392578 -0.229492
0.065430 -0.326172 -0.371094 0.057861
-0.326172 -0.255859 -0.330078 -0.000751
-0.314453 -0.306641 -0.392578 -0.198242
-0.168945 -0.060303 -0.071777 -0.027710
-0.018555 -0.248047 -0.113770 -0.289062
-0.128906 -0.116699 -0.166016 -0.176758
-0.153320 0.006287 -0.300781 -0.187500
-0.119141 -0.232422 0.060059 -0.351562
-0.036621 -0.394531 -0.117676 0.033203
-0.219727 -0.283203 -0.198242 -0.174805
0.010925 -0.187500 0.127930 0.030151
-0.114746 -0.052734 0.023682 -0.076660
-0.097168 -0.371094 -0.189453 -0.056885
-0.257812 -0.257812 -0.081543 0.059814
0.000471 -0.101074 -0.034180 -0.165039
-0.109375 -0.190430 -0.219727 -0.161133
-0.287109 -0.429688 0.097656 -0.363281
-0.199219 0.047363 -0.065430 -0.172852
-0.300781 -0.137695 -0.014282 -0.229492
-0.219727 0.049072 -0.324219 -0.271484
0.062500 -0.235352 -0.187500 -0.173828
-0.275391 0.044189 0.009033 -0.219727
-0.038818 -0.180664 -0.133789 -0.121582
-0.113281 -0.328125 -0.347656 -0.108887
0.097168 -0.402344 -0.257812 -0.406250
0.218750 -0.246094 -0.006012 -0.257812
-0.048340 -0.114746 -0.058594 -0.294922
-0.019409 -0.174805 -0.127930 -0.174805
-0.036621 0.002411 -0.038086 -0.193359
-0.001663 -0.172852 0.021851 -0.250000
-0.219727 -0.048340 -0.171875 -0.214844
-0.128906 -0.111328 -0.259766 -0.275391
-0.229492 0.099121 -0.245117 -0.055420
-0.255859 0.073242 -0.147461 -0.115234
-0.088379 -0.222656 -0.078613 -0.273438
-0.285156 -0.390625 -0.049072 -0.043213
-0.046631 -0.153320 -0.020874 -0.203125
-0.378906 0.090332 -0.126953 -0.182617
-0.018066 0.039795 -0.134766 -0.177734
-0.148438 -0.158203 -0.281250 -0.012085
-0.238281 -0.094238 -0.277344 -0.306641
-0.211914 -0.208984 -0.250000 -0.306641
0.036621 -0.218750 -0.116699 0.038818
-0.152344 0.066895 -0.157227 -0.096191
-0.062256 -0.057373 -0.059814 -0.289062
-0.139648 -0.009827 -0.147461 -0.026611
0.221680 -0.073730 -0.042480 -0.036133
-0.146484 -0.196289 -0.041504 -0.351562
-0.146484 -0.302734 -0.261719 -0.310547
0.065430 0.067383 -0.312500 -0.324219
-0.042725 -0.330078 0.004791 -0.197266
-0.332031 -0.127930 -0.217773 -0.133789
-0.202148 -0.531250 -0.167969 -0.179688
0.000469 0.052734 -0.038330 -0.104980
0.000230 -0.175781 -0.068848 -0.150391
-0.246094 -0.355469 -0.294922 0.193359
0.071777 -0.183594 -0.304688 -0.229492
0.011292 -0.451172 -0.113281 -0.137695
-0.251953 -0.166992 -0.122070 -0.310547
-0.120117 -0.062500 -0.326172 -0.294922
0.034668 -0.002426 -0.347656 -0.215820
-0.249023 -0.109375 -0.068848 -0.249023
-0.165039 -0.094727 0.006744 -0.233398
-0.044678 -0.110352 -0.199219 -0.154297
-0.035400 -0.330078 -0.127930 0.043213
-0.239258 0.082031 -0.042480 0.051758
-0.225586 -0.188477 -0.056641 -0.211914
-0.267578 -0.163086 -0.010803 0.067871
0.000603 -0.324219 -0.171875 -0.208984
-0.066895 0.045166 -0.244141 -0.332031
-0.116699 -0.010315 -0.392578 -0.144531
-0.231445 -0.281250 -0.032715 -0.330078
-0.161133 -0.302734 -0.207031 -0.141602
-0.503906 -0.550781 -0.155273 -0.010254
0.042725 -0.137695 0.164062 0.057617
-0.179688 -0.009705 -0.152344 -0.328125
-0.248047 -0.163086 -0.158203 -0.071289
-0.073730 -0.115234 -0.005737 -0.040527
-0.028320 -0.066406 -0.020630 0.034424
-0.175781 -0.046143 -0.085449 -0.304688
-0.312500 -0.250000 -0.093262 -0.164062
-0.076172 0.017334 -0.154297 -0.182617
-0.145508 -0.425781 -0.072754 -0.098145
-0.341797 0.095703 -0.457031 -0.087891
-0.192383 -0.412109 -0.039795 -0.138672
-0.176758 -0.065918 -0.041748 -0.025269
0.027710 -0.034668 -0.408203 -0.519531
-0.192383 0.062500 -0.396484 0.052002
-0.027222 0.050781 -0.316406 0.038330
0.066406 -0.245117 -0.051025 -0.283203
-0.143555 -0.312500 -0.185547 -0.232422
-0.131836 0.025391 -0.382812 -0.104004
-0.076172 -0.025757 -0.267578 -0.183594
-0.255859 -0.263672 -0.081055 0.007660
-0.318359 0.063965 -0.170898 0.050049
0.045654 -0.400391 -0.322266 -0.179688
0.003586 -0.382812 -0.380859 -0.071289
-0.328125 -0.320312 -0.271484 0.048584
-0.078125 -0.195312 -0.148438 -0.298828
-0.261719 -0.332031 -0.048096 -0.050049
-0.041748 -0.259766 -0.010620 -0.163086
-0.062500 -0.229492 -0.123047 0.005005
-0.179688 -0.092285 -0.378906 -0.076172
-0.208008 -0.226562 -0.193359 -0.412109
-0.151367 -0.314453 -0.140625 -0.054932
0.033447 -0.137695 -0.277344 -0.363281
-0.001633 -0.613281 -0.000992 -0.077148
-0.066895 -0.022461 -0.324219 0.083984
-0.159180 -0.316406 -0.542969 -0.230469
-0.318359 -0.164062 -0.173828 0.021973
-0.041016 -0.322266 -0.070801 0.011292
-0.259766 -0.051025 -0.222656 -0.031128
-0.103516 -0.079102 -0.400391 -0.333984
-0.259766 0.030762 -0.084961 -0.267578
-0.105469 -0.037109 0.040771 -0.294922
-0.273438 -0.005493 0.314453 0.133789
-0.116211 -0.151367 -0.113281 -0.002228
0.055664 -0.021606 -0.149414 -0.015198
0.058350 -0.208008 -0.180664 -0.233398
-0.125977 -0.287109 -0.006470 -0.083496
-0.150391 -0.380859 -0.103516 -0.361328
-0.445312 -0.192383 -0.104492 -0.265625
-0.476562 -0.081543 -0.013916 -0.087402
-0.145508 0.045166 -0.359375 -0.287109
-0.017700 -0.073242 -0.259766 -0.378906
-0.248047 -0.034180 -0.464844 -0.072754
-0.166016 -0.107422 -0.472656 -0.249023
-0.096680 -0.086914 -0.033203 -0.044678
-0.283203 -0.058838 -0.106445 -0.067871
-0.145508 -0.068848 -0.406250 -0.251953
-0.081543 -0.164062 -0.515625 -0.139648
-0.294922 -0.008728 0.002838 -0.048340
0.035400 -0.294922 -0.330078 -0.051270
-0.129883 -0.275391 -0.051025 -0.507812
-0.562500 -0.218750 0.267578 -0.125000
-0.082520 -0.131836 0.269531 -0.049561
-0.206055 -0.022583 -0.008911 -0.204102
-0.049072 0.014893 -0.240234 -0.515625
0.025879 -0.208008 -0.147461 -0.062988
-0.099609 -0.050537 -0.229492 0.033447
-0.163086 -0.310547 -0.503906 -0.044434
-0.527344 -0.230469 -0.390625 -0.061035
-0.137695 -0.335938 -0.015564 0.002808
-0.257812 -0.425781 -0.180664 -0.144531
-0.330078 -0.396484 -0.275391 -0.330078
-0.034424 0.006683 -0.016724 -0.402344
-0.128906 -0.036621 0.038818 -0.078613
-0.223633 -0.164062 0.204102 0.076172
-0.023315 -0.257812 -0.159180 -0.108398
-0.067871 0.009888 -0.269531 -0.064941
-0.055176 -0.108887 -0.492188 -0.075195
-0.031738 -0.211914 -0.191406 -0.068359
0.056885 -0.503906 -0.082031 -0.439453
0.031738 -0.222656 -0.022827 -0.153320
-0.400391 -0.107910 -0.041504 -0.027954
-0.285156 0.073242 -0.478516 -0.088867
0.006073 0.010498 -0.144531 -0.225586
-0.279297 -0.271484 -0.145508 -0.187500
-0.229492 -0.029541 -0.235352 -0.394531
-0.244141 -0.104492 -0.067383 -0.143555
-0.320312 -0.212891 -0.045898 -0.001434
-0.082520 -0.036865 -0.251953 -0.166016
-0.157227 -0.165039 -0.390625 -0.068848
-0.183594 -0.173828 -0.060791 0.014099
0.053711 -0.125977 -0.149414 -0.523438
-0.384766 -0.046631 -0.206055 -0.478516
-0.492188 -0.234375 -0.075195 -0.174805
-0.087891 -0.279297 0.043701 -0.105957
-0.078613 0.042725 -0.152344 -0.090820
-0.333984 -0.031006 -0.142578 -0.353516
-0.010925 -0.114258 -0.365234 0.042725
-0.190430 0.020264 -0.207031 0.226562
-0.285156 -0.464844 -0.369141 0.067383
-0.283203 -0.018188 -0.410156 -0.033203
-0.179688 -0.330078 0.064941 -0.053223
-0.219727 -0.324219 -0.139648 -0.332031
-0.330078 -0.460938 -0.137695 -0.464844
0.020020 0.067871 -0.204102 -0.365234
-0.119141 -0.166992 -0.022339 -0.103027
-0.263672 -0.199219 0.076660 -0.257812
-0.241211 -0.296875 -0.198242 0.092285
0.095215 -0.089844 -0.209961 0.021118
-0.051270 0.026001 -0.283203 0.003754
-0.067383 -0.414062 -0.257812 0.002060
-0.044434 -0.414062 -0.099121 -0.500000
-0.024292 -0.287109 -0.127930 -0.283203
-0.359375 -0.164062 -0.123535 -0.104980
-0.394531 -0.253906 -0.306641 -0.257812
-0.038818 0.082031 -0.206055 -0.182617
-0.159180 -0.269531 0.047607 -0.204102
-0.335938 -0.088867 0.013367 -0.292969
-0.337891 0.011353 -0.202148 -0.192383
-0.213867 -0.126953 -0.068359 0.010010
-0.055908 -0.291016 -0.116211 -0.025391
-0.292969 -0.027466 -0.349609 -0.203125
-0.314453 -0.198242 0.047363 0.004639
-0.015076 -0.241211 -0.131836 -0.570312
-0.238281 -0.169922 -0.099609 -0.298828
-0.011414 0.024414 -0.161133 0.080078
-0.104980 -0.375000 -0.145508 0.013550
-0.057617 -0.108398 -0.289062 -0.464844
-0.187500 -0.375000 -0.365234 -0.147461
0.008423 -0.035645 -0.081543 0.042725
-0.106445 0.018921 -0.015869 -0.101074
-0.038818 -0.425781 -0.080078 -0.154297
0.008606 -0.341797 0.086426 -0.052734
-0.082031 0.074707 -0.066406 -0.118652
-0.042725 -0.361328 -0.378906 -0.259766
-0.116211 -0.163086 -0.289062 -0.263672
-0.388672 0.048096 -0.173828 -0.160156
-0.237305 -0.056885 -0.147461 -0.371094
-0.291016 0.012024 0.040527 0.097168
-0.221680 -0.131836 -0.398438 -0.183594
-0.155273 -0.163086 -0.043701 -0.261719
0.071289 -0.149414 -0.250000 -0.375000
-0.318359 -0.494141 -0.316406 -0.312500
-0.140625 -0.457031 -0.204102 -0.349609
-0.277344 -0.417969 -0.251953 -0.230469
-0.287109 -0.217773 -0.005035 -0.067871
-0.163086 0.011475 0.078613 -0.408203
-0.106445 0.056885 -0.201172 -0.046631
-0.053223 -0.140625 -0.265625 -0.060303
0.054932 0.028809 -0.365234 -0.257812
0.234375 -0.194336 -0.011841 -0.079590
-0.460938 -0.059326 -0.351562 0.028931
-0.147461 -0.076172 -0.174805 -0.253906
-0.289062 -0.281250 -0.085938 -0.224609
-0.234375 0.119141 -0.026245 -0.012268
-0.007629 -0.281250 -0.176758 -0.037842
-0.279297 -0.484375 -0.029297 -0.037109
-0.142578 -0.078613 -0.102051 -0.227539
0.120605 -0.216797 -0.035400 -0.004089
0.132812 -0.247070 -0.197266 -0.271484
-0.281250 -0.199219 -0.085938 -0.322266
-0.059326 -0.086914 -0.500000 0.042480
-0.069336 -0.005463 -0.153320 -0.261719
-0.086426 -0.382812 -0.255859 -0.296875
-0.171875 -0.166992 0.056152 0.010742
-0.367188 -0.052734 -0.062500 -0.049316
-0.096680 -0.363281 -0.371094 -0.396484
-0.296875 -0.244141 -0.157227 -0.451172
-0.062012 0.041992 -0.169922 -0.194336
-0.294922 -0.017578 -0.026489 -0.351562
-0.212891 -0.114746 -0.098633 -0.100586
-0.110352 -0.143555 -0.371094 -0.281250
-0.115234 -0.139648 -0.462891 -0.146484
-0.060791 -0.047607 -0.455078 -0.191406
-0.382812 -0.695312 -0.515625 -0.243164
-0.045898 -0.158203 -0.283203 -0.412109
-0.035400 -0.200195 0.000397 -0.160156
-0.239258 -0.312500 -0.141602 -0.138672
0.022217 -0.024170 -0.086426 -0.343750
-0.069336 -0.018066 -0.166016 -0.056396
-0.251953 0.042725 -0.142578 -0.077637
-0.162109 -0.041260 -0.146484 0.099121
-0.026123 -0.249023 -0.189453 -0.174805
-0.310547 -0.289062 -0.194336 -0.022827
-0.114258 -0.072754 -0.052002 -0.241211
-0.378906 -0.076660 -0.235352 -0.259766
-0.369141 -0.123047 0.025879 0.000824
0.046143 -0.145508 -0.104004 -0.036621
-0.214844 -0.192383 -0.160156 0.029419
-0.233398 -0.055420 -0.177734 -0.139648
-0.086914 -0.244141 -0.198242 -0.115234
0.027954 0.014893 -0.160156 -0.259766
-0.542969 -0.253906 -0.109863 -0.156250
-0.051270 -0.125977 0.108887 -0.012512
-0.203125 0.003433 -0.500000 -0.014160
-0.177734 -0.078613 -0.134766 -0.365234
-0.020386 -0.025391 0.034912 -0.042236
-0.115234 -0.024048 0.020386 -0.054199
-0.100098 0.017334 -0.289062 -0.239258
-0.134766 -0.283203 -0.150391 -0.032227
-0.261719 0.033691 -0.078125 -0.292969
-0.104492 -0.152344 -0.036621 -0.318359
-0.020142 0.071777 -0.229492 -0.320312
-0.314453 -0.207031 -0.136719 -0.443359
-0.314453 -0.101074 -0.292969 -0.249023
0.032227 -0.103027 -0.058105 -0.347656
-0.143555 -0.057129 -0.324219 -0.081543
0.002365 -0.086914 -0.194336 -0.320312
-0.038574 -0.241211 -0.107910 -0.255859
-0.333984 -0.068359 -0.472656 -0.255859
-0.081543 -0.046631 -0.250000 -0.203125
-0.008057 -0.068848 -0.052246 -0.217773
-0.369141 0.048340 0.047852 -0.007568
-0.330078 0.017822 -0.112793 0.112305
0.012329 -0.108887 -0.233398 -0.224609
-0.145508 -0.069824 -0.095703 0.051514
-0.153320 -0.085449 -0.361328 0.085449
-0.200195 -0.225586 -0.010559 -0.016479
-0.251953 -0.375000 -0.049561 0.020264
0.024292 -0.200195 -0.029053 -0.104492
-0.167969 -0.200195 -0.246094 -0.043701
-0.053467 0.028564 -0.451172 0.080078
-0.291016 -0.145508 -0.180664 -0.158203
-0.247070 -0.095215 -0.155273 -0.359375
0.137695 -0.574219 -0.110352 -0.332031
-0.073730 -0.332031 -0.511719 -0.021606
-0.298828 -0.039795 0.031738 -0.086914
-0.144531 -0.116211 0.102051 -0.390625
0.104004 -0.249023 -0.217773 -0.044922
-0.012512 -0.062500 -0.026855 -0.472656
-0.308594 -0.220703 -0.209961 -0.035645
-0.112305 -0.189453 -0.466797 -0.093750
-0.296875 -0.061768 -0.345703 -0.012512
-0.089355 0.040771 -0.020386 -0.318359
-0.195312 -0.306641 -0.208984 -0.304688
-0.683594 -0.367188 -0.050049 -0.310547
-0.166016 -0.248047 -0.404297 -0.287109
-0.059570 -0.484375 -0.437500 -0.468750
-0.147461 -0.175781 -0.228516 -0.165039
-0.117676 -0.080566 -0.109863 -0.110352
-0.406250 -0.425781 -0.345703 -0.431641
-0.306641 -0.151367 -0.094238 -0.188477
0.069336 -0.306641 -0.414062 -0.535156
-0.004089 -0.061523 -0.316406 -0.217773
-0.371094 -0.077148 -0.038086 -0.233398
-0.291016 -0.212891 -0.519531 -0.164062
0.087402 -0.224609 -0.339844 -0.359375
-0.011414 -0.429688 -0.468750 -0.069336
-0.503906 -0.225586 -0.488281 -0.332031
0.033691 -0.484375 -0.173828 -0.189453
0.083984 -0.427734 -0.003220 -0.001373
-0.048584 -0.312500 -0.184570 -0.223633
-0.018066 -0.558594 -0.226562 0.030273
-0.275391 -0.192383 -0.335938 -0.458984
-0.025513 -0.330078 -0.133789 -0.126953
-0.090332 -0.417969 -0.310547 0.355469
-0.261719 -0.248047 -0.149414 -0.115234
-0.043701 -0.550781 -0.498047 -0.047607
-0.182617 0.008484 -0.168945 -0.275391
-0.071777 -0.273438 0.066895 -0.328125
-0.145508 -0.171875 -0.172852 0.012451
-0.326172 0.120117 0.003906 -0.373047
-0.194336 -0.032227 -0.048340 -0.060791
-0.229492 -0.200195 -0.302734 -0.007751
-0.172852 0.052246 -0.223633 -0.269531
-0.193359 0.107910 -0.015747 -0.298828
-0.378906 -0.127930 -0.644531 -0.388672
-0.199219 -0.178711 -0.167969 -0.425781
-0.337891 -0.271484 -0.207031 -0.562500
0.056152 -0.263672 -0.609375 -0.265625
-0.267578 -0.045898 -0.349609 -0.308594
-0.041504 -0.004211 -0.079102 -0.208008
-0.048340 -0.279297 -0.210938 -0.416016
-0.455078 -0.133789 -0.142578 -0.251953
-0.112305 -0.087891 -0.345703 -0.421875
-0.009888 -0.002502 -0.242188 -0.130859
-0.546875 -0.129883 -0.277344 -0.084961
-0.687500 -0.037109 -0.398438 0.070312
0.275391 -0.478516 -0.158203 -0.304688
-0.107422 -0.449219 -0.585938 -0.042725
-0.308594 -0.281250 -0.174805 -0.433594
0.029053 -0.339844 -0.237305 0.068848
0.255859 -0.507812 0.037842 -0.014404
0.007294 -0.384766 -0.335938 -0.111816
0.016235 -0.238281 -0.163086 0.115723
-0.433594 -0.289062 -0.312500 -0.304688
-0.145508 -0.326172 -0.138672 -0.298828
-0.318359 -0.247070 -0.125977 -0.072754
-0.523438 -0.281250 -0.165039 -0.394531
0.000179 -0.597656 0.046631 0.037109
-0.050049 0.029175 -0.404297 -0.585938
0.106445 0.008545 -0.148438 -0.458984
-0.116211 0.017456 -0.013000 -0.019043
-0.718750 0.181641 -0.039551 -0.275391
-0.064453 -0.057129 0.192383 -0.157227
-0.400391 0.106934 -0.333984 -0.048096
-0.022949 0.003662 -0.046631 -0.178711
0.165039 -0.096680 -0.027832 -0.322266
0.056641 -0.277344 -0.546875 -0.419922
0.036621 -0.175781 0.055908 -0.218750
-0.421875 -0.044434 -0.195312 -0.291016
0.056396 -0.079102 -0.245117 -0.621094
-0.050049 0.209961 -0.237305 -0.063965
0.010254 -0.010925 -0.357422 -0.003647
0.022583 0.062012 0.004150 -0.049316
-0.016113 -0.106445 -0.390625 -0.353516
-0.093262 -0.139648 -0.582031 -0.235352
-0.002319 -0.052490 -0.170898 -0.162109
-0.550781 0.018188 -0.343750 -0.081543
-0.472656 -0.026611 -0.431641 0.269531
0.153320 -0.519531 -0.160156 -0.135742
-0.192383 -0.341797 -0.091797 0.017334
-0.441406 -0.018066 -0.250000 -0.223633
0.125977 -0.148438 -0.025513 0.045654
-0.036377 -0.652344 0.051025 0.051025
-0.008728 -0.373047 -0.406250 -0.060791
-0.189453 0.071289 -0.150391 -0.056152
-0.535156 0.102539 -0.392578 -0.180664
-0.503906 -0.064453 -0.902344 -0.478516
-0.796875 -0.237305 0.172852 -0.205078
-0.182617 -0.057373 -0.496094 -0.474609
-0.024780 -0.437500 -0.023315 -0.067383
-0.296875 0.025024 -0.304688 -0.185547
-0.259766 -0.271484 -0.550781 0.037842
-0.597656 -0.414062 -0.275391 -0.052002
-0.071777 -0.566406 -0.035889 -0.249023
-0.507812 -0.316406 -0.144531 -0.103516
-0.332031 -0.197266 -0.328125 -0.165039
-0.275391 0.057861 0.107422 -0.143555
-0.357422 -0.045654 -0.014343 -0.201172
-0.289062 -0.039307 -0.041016 -0.388672
0.085938 0.015137 -0.453125 -0.263672
-0.039551 -0.145508 -0.153320 -0.275391
-0.014526 -0.519531 -0.213867 -0.351562
-0.241211 -0.535156 -0.263672 -0.255859
0.034424 -0.757812 -0.026489 -0.527344
-0.215820 -0.279297 -0.318359 -0.110352
-0.316406 -0.257812 0.038818 -0.204102
-0.390625 -0.185547 -0.494141 -0.285156
-0.036133 0.069824 -0.349609 -0.373047
-0.159180 -0.416016 -0.687500 -0.291016
-0.200195 -0.007019 -0.515625 -0.546875
-0.214844 -0.203125 0.085449 -0.033203
-0.476562 -0.314453 -0.101074 -0.032227
0.129883 -0.026489 -0.281250 -0.228516
-0.289062 -0.218750 -0.648438 -0.324219
-0.231445 -0.131836 -0.039551 -0.042969
-0.054443 -0.271484 -0.034668 -0.408203
-0.695312 -0.039551 -0.414062 -0.710938
-0.380859 -0.127930 -0.339844 -0.220703
0.067871 -0.257812 -0.021729 -0.103516
-0.300781 -0.221680 -0.310547 -0.257812
-0.320312 -0.328125 -0.114258 -0.449219
-0.089844 -0.394531 -0.341797 -0.014526
-0.108398 0.033691 -0.294922 -0.078125
-0.255859 -0.132812 -0.625000 -0.253906
-0.425781 0.008057 -0.408203 -0.031128
-0.078613 -0.247070 0.039551 -0.223633
-0.339844 -0.259766 -0.304688 -0.332031
-0.396484 -0.202148 -0.089844 -0.369141
-0.123535 -0.063477 0.039062 -0.108398
-0.365234 -0.099121 0.013855 -0.546875
-0.215820 -0.159180 -0.169922 -0.359375
-0.166992 -0.157227 -0.453125 -0.250000
-0.400391 -0.119629 -0.084961 -0.111816
-0.001823 -0.347656 -0.343750 -0.147461
-0.195312 -0.550781 -0.187500 -0.001717
0.023682 -0.500000 -0.028442 -0.292969
-0.056885 -0.178711 -0.343750 -0.447266
-0.480469 -0.218750 -0.125977 -0.186523
-0.457031 -0.203125 -0.322266 -0.476562
0.034180 -0.033447 -0.388672 -0.130859
-0.361328 -0.500000 -0.096680 -0.347656
-0.443359 -0.011597 -0.287109 -0.173828
-0.445312 -0.172852 0.053711 -0.148438
-0.135742 -0.373047 -0.059326 -0.012817
-0.078613 -0.159180 -0.300781 -0.172852
-0.373047 -0.261719 -0.369141 -0.180664
-0.464844 -0.310547 -0.000332 -0.055420
-0.031250 -0.453125 0.031738 -0.539062
-0.302734 -0.531250 -0.237305 -0.578125
-0.143555 -0.267578 -0.486328 -0.189453
0.066895 -0.404297 -0.020874 -0.330078
-0.390625 -0.204102 -0.050781 -0.310547
-0.316406 -0.202148 0.112305 -0.312500
0.015625 -0.257812 -0.239258 -0.024536
-0.157227 -0.071289 -0.141602 0.036133
-0.457031 -0.050049 -0.386719 -0.384766
-0.138672 -0.092285 -0.382812 -0.070801
-0.138672 0.073730 -0.015442 -0.222656
-0.138672 -0.068359 -0.457031 -0.312500
-0.386719 -0.376953 0.043945 -0.423828
-0.022339 -0.015198 -0.253906 -0.205078
-0.390625 -0.185547 0.020508 -0.273438
-0.070801 -0.390625 -0.071777 -0.203125
-0.259766 -0.138672 -0.437500 -0.458984
-0.306641 -0.181641 -0.310547 -0.214844
-0.047852 -0.047852 -0.289062 -0.243164
-0.203125 -0.261719 -0.214844 0.027344
-0.015991 -0.099609 -0.027222 -0.143555
-0.046143 -0.341797 -0.135742 -0.515625
-0.349609 -0.188477 -0.203125 -0.076660
-0.507812 -0.201172 -0.500000 -0.359375
-0.059814 -0.037598 -0.353516 -0.130859
-0.289062 -0.404297 -0.031738 -0.423828
-0.466797 -0.108398 -0.394531 -0.027832
-0.369141 -0.083984 0.040771 -0.324219
-0.091309 -0.206055 -0.011353 -0.001617
-0.193359 -0.181641 -0.332031 -0.300781
-0.511719 -0.198242 -0.129883 -0.177734
-0.570312 -0.194336 -0.052490 0.061279
0.056641 -0.183594 -0.251953 -0.188477
0.071289 -0.429688 -0.150391 -0.277344
-0.162109 -0.193359 -0.124023 -0.083008
-0.102051 -0.257812 -0.195312 -0.124023
-0.287109 -0.414062 -0.201172 -0.223633
-0.318359 -0.253906 -0.320312 -0.429688
-0.087891 -0.382812 -0.064453 -0.005035
-0.125977 0.055664 -0.275391 -0.243164
-0.119629 0.013062 -0.593750 -0.165039
-0.628906 -0.244141 -0.263672 -0.024902
0.010254 -0.605469 -0.028076 -0.570312
-0.423828 -0.187500 -0.171875 -0.271484
-0.079102 -0.083984 -0.373047 -0.238281
-0.166016 -0.065918 -0.127930 -0.345703
-0.425781 -0.077148 -0.027466 -0.609375
-0.363281 -0.355469 -0.482422 -0.404297
-0.165039 0.010254 -0.261719 -0.019531
-0.318359 -0.032715 -0.269531 -0.253906
0.017578 -0.447266 -0.656250 -0.384766
-0.174805 -0.519531 -0.519531 -0.400391
-0.092285 -0.632812 -0.277344 -0.332031
-0.353516 -0.294922 -0.241211 -0.067383
-0.367188 -0.072266 -0.118652 -0.208008
-0.010864 -0.163086 -0.427734 0.040771
-0.053955 0.051758 -0.378906 -0.451172
-0.462891 -0.231445 -0.173828 -0.178711
-0.041504 -0.006165 -0.237305 -0.277344
-0.145508 -0.466797 -0.425781 0.049805
-0.417969 -0.417969 -0.472656 -0.041992
-0.131836 -0.015869 -0.174805 -0.062012
-0.060791 -0.312500 -0.328125 -0.141602
-0.083984 -0.351562 -0.055664 -0.056152
0.022583 -0.332031 -0.225586 -0.292969
-0.519531 0.167969 -0.376953 -0.326172
-0.312500 -0.087891 -0.300781 -0.065430
-0.144531 -0.304688 -0.251953 -0.435547
-0.225586 0.016724 -0.000931 -0.480469
-0.367188 -0.341797 -0.202148 -0.494141
-0.019653 -0.417969 -0.357422 0.054688
-0.157227 0.008362 -0.316406 0.070312
-0.351562 -0.069336 -0.417969 -0.308594
-0.353516 -0.328125 -0.339844 -0.058350
-0.072754 -0.298828 0.002274 -0.414062
-0.515625 -0.248047 -0.020142 -0.198242
-0.063477 -0.072266 -0.410156 -0.373047
-0.071777 -0.059326 -0.201172 -0.208984
0.018555 -0.261719 -0.050537 -0.328125
-0.204102 -0.302734 -0.357422 -0.562500
-0.308594 -0.161133 -0.205078 -0.211914
-0.585938 -0.209961 -0.243164 -0.349609
0.044189 -0.425781 -0.667969 -0.302734
-0.210938 -0.484375 -0.235352 -0.091309
0.090332 -0.455078 -0.119629 -0.080566
-0.028076 -0.369141 -0.134766 -0.132812
-0.386719 -0.145508 -0.082520 -0.265625
-0.251953 -0.337891 -0.339844 -0.188477
-0.095215 0.002274 -0.416016 -0.490234
-0.546875 -0.291016 -0.122070 -0.115723
-0.384766 -0.042236 -0.320312 -0.192383
-0.132812 -0.177734 -0.218750 -0.153320
-0.255859 -0.417969 -0.392578 0.054443
-0.219727 -0.220703 -0.294922 -0.026978
-0.214844 -0.406250 -0.277344 0.123535
-0.175781 -0.267578 0.049072 0.041260
0.003296 -0.429688 -0.210938 -0.251953
-0.263672 -0.390625 -0.261719 -0.341797
-0.133789 -0.113770 -0.328125 -0.038330
-0.093750 -0.248047 -0.261719 -0.457031
-0.490234 -0.083984 -0.065918 -0.396484
-0.292969 -0.373047 0.023438 -0.245117
-0.076660 -0.275391 -0.294922 -0.010193
0.100098 0.022583 -0.308594 -0.102051
-0.223633 -0.302734 -0.222656 -0.330078
-0.124512 -0.215820 -0.213867 0.068359
-0.144531 -0.138672 -0.012939 -0.308594
-0.464844 -0.378906 0.015869 -0.213867
-0.251953 -0.222656 -0.333984 -0.523438
-0.129883 -0.021118 -0.281250 -0.208008
-0.037842 -0.369141 -0.062012 -0.298828
-0.174805 -0.180664 -0.089355 -0.142578
-0.322266 -0.096191 -0.300781 -0.431641
-0.371094 -0.200195 -0.500000 -0.234375
0.036377 -0.097168 -0.333984 -0.041748
-0.289062 -0.404297 0.000793 0.009705
0.041504 -0.243164 -0.298828 -0.062012
0.002869 -0.152344 -0.032471 -0.324219
-0.155273 -0.201172 0.066406 -0.018921
-0.361328 -0.322266 -0.197266 -0.203125
-0.002823 -0.067383 -0.296875 -0.117188
-0.169922 -0.289062 -0.261719 -0.332031
-0.255859 -0.073242 -0.365234 -0.292969
-0.187500 -0.244141 -0.306641 -0.184570
-0.378906 -0.064941 -0.165039 0.049316
-0.357422 -0.408203 -0.080078 -0.375000
-0.470703 -0.269531 -0.077637 -0.133789
-0.562500 -0.249023 -0.033203 0.047852
-0.018677 -0.141602 -0.246094 -0.141602
-0.101562 -0.421875 0.014893 -0.113770
-0.386719 0.047363 0.008850 -0.273438
-0.304688 -0.289062 -0.363281 -0.320312
-0.269531 -0.289062 -0.179688 -0.335938
-0.359375 -0.558594 -0.098633 0.089355
-0.015442 -0.361328 -0.027100 0.017944
0.037354 0.042236 -0.230469 0.054199
0.091309 -0.233398 -0.416016 -0.589844
-0.667969 -0.281250 -0.333984 -0.046631
-0.110352 -0.271484 0.011658 -0.402344
-0.220703 -0.207031 -0.199219 -0.283203
-0.146484 -0.033691 -0.218750 -0.101074
-0.523438 0.053223 -0.192383 -0.443359
-0.443359 -0.112305 -0.056641 -0.125000
-0.214844 -0.113281 -0.247070 0.006592
-0.056152 -0.159180 -0.130859 0.040527
-0.242188 0.100586 -0.104980 -0.044922
-0.013489 -0.218750 -0.396484 -0.105469
-0.165039 -0.337891 -0.412109 -0.263672
-0.100586 -0.562500 -0.478516 -0.249023
-0.194336 -0.349609 -0.076660 0.020508
-0.474609 0.215820 0.010071 -0.558594
-0.064941 0.053467 -0.367188 0.073242
-0.025757 0.005371 -0.003555 -0.091797
-0.691406 -0.071289 -0.255859 0.009399
-0.013184 -0.078613 -0.416016 -0.209961
-0.171875 -0.281250 -0.253906 0.009460
-0.585938 0.032227 -0.554688 -0.074219
-0.226562 -0.057129 -0.150391 0.052002
-0.024048 -0.234375 -0.386719 -0.341797
-0.147461 -0.625000 -0.011292 -0.045654
-0.005402 -0.231445 -0.020752 -0.140625
-0.490234 -0.265625 -0.244141 -0.180664
-0.112793 -0.115723 -0.049561 -0.271484
-0.476562 -0.063965 -0.169922 0.030396
-0.209961 -0.124023 -0.052490 -0.589844
-0.130859 -0.229492 -0.285156 -0.165039
-0.054443 -0.104980 -0.233398 0.068359
-0.175781 0.046387 -0.224609 -0.013489
-0.131836 -0.398438 -0.593750 -0.339844
-0.390625 -0.578125 -0.427734 0.011230
-0.263672 -0.412109 -0.005981 0.006134
0.105957 -0.431641 0.059570 -0.417969
-0.367188 0.018433 -0.322266 -0.218750
-0.178711 0.020386 -0.157227 -0.462891
-0.511719 -0.240234 0.015625 -0.220703
-0.324219 -0.059570 -0.263672 0.000984
-0.184570 -0.114258 -0.188477 -0.063477
-0.312500 -0.376953 -0.216797 -0.200195
-0.018311 -0.238281 -0.589844 -0.058350
-0.281250 -0.367188 -0.289062 -0.233398
0.014771 -0.531250 -0.133789 -0.202148
-0.087402 -0.214844 -0.291016 0.137695
-0.519531 -0.168945 -0.227539 -0.206055
-0.486328 -0.239258 -0.476562 -0.199219
-0.122070 0.048096 -0.289062 -0.078125
-0.605469 -0.488281 -0.191406 -0.141602
-0.402344 -0.058594 -0.267578 -0.423828
-0.308594 -0.080566 -0.118652 -0.018799
-0.589844 0.015137 -0.656250 -0.047119
-0.011169 -0.208984 -0.030640 -0.101562
-0.183594 -0.126953 -0.445312 -0.445312
-0.332031 -0.531250 0.072754 -0.030762
-0.028931 -0.294922 -0.066895 -0.472656
-0.443359 -0.320312 -0.082031 -0.343750
-0.251953 -0.179688 -0.021851 0.007935
-0.478516 -0.041016 -0.267578 -0.010681
-0.237305 -0.036377 0.029907 -0.462891
0.000854 -0.009460 -0.237305 -0.213867
-0.018799 -0.160156 -0.527344 -0.014709
-0.027222 0.035156 -0.049072 -0.421875
-0.166992 -0.300781 -0.380859 -0.298828
-0.285156 -0.347656 -0.683594 0.013306
-0.345703 -0.289062 -0.006744 -0.267578
-0.322266 -0.474609 -0.141602 -0.578125
-0.062256 -0.392578 -0.345703 -0.765625
-0.204102 0.000938 -0.220703 -0.390625
-0.257812 0.011780 0.040283 -0.263672
-0.515625 -0.406250 -0.003418 -0.085938
-0.154297 -0.161133 -0.451172 -0.316406
-0.253906 -0.367188 -0.147461 -0.259766
-0.031738 -0.203125 -0.296875 0.018677
-0.231445 -0.363281 -0.061279 -0.117676
0.025269 -0.190430 -0.079102 -0.355469
0.059326 -0.382812 -0.103027 -0.312500
-0.359375 -0.322266 0.021240 0.098633
-0.382812 -0.439453 -0.229492 -0.235352
0.035889 -0.064941 -0.341797 -0.000374
-0.136719 -0.628906 -0.257812 -0.695312
-0.523438 -0.210938 -0.209961 -0.439453
-0.625000 -0.079102 -0.018921 -0.225586
-0.357422 -0.166992 -0.229492 -0.066406
-0.108887 -0.204102 -0.034180 -0.259766
-0.335938 -0.196289 -0.539062 -0.429688
-0.515625 -0.123047 -0.048828 0.045166
-0.039795 -0.008301 -0.208008 -0.447266
-0.226562 -0.326172 -0.106934 -0.328125
-0.263672 -0.292969 0.163086 -0.167969
-0.091797 -0.373047 -0.239258 0.080566
0.093262 -0.134766 -0.425781 -0.562500
-0.044189 -0.211914 -0.115234 -0.058594
0.028687 -0.227539 -0.376953 -0.034424
-0.275391 -0.026978 0.078613 -0.056641
-0.109863 -0.201172 -0.037842 -0.298828
-0.203125 0.081055 -0.271484 0.051270
-0.003677 0.056885 -0.026855 0.038330
0.016235 -0.166992 -0.320312 -0.357422
-0.156250 -0.273438 -0.132812 -0.242188
-0.085449 0.051270 -0.203125 -0.196289
-0.214844 -0.103027 -0.004578 -0.074707
-0.396484 -0.550781 -0.096191 -0.060303
-0.468750 -0.281250 -0.062012 -0.179688
0.035645 -0.253906 -0.176758 0.106445
0.002594 -0.018921 -0.192383 -0.202148
-0.292969 -0.188477 -0.392578 -0.222656
-0.037598 -0.114258 -0.218750 -0.248047
-0.412109 -0.125977 -0.116699 -0.382812
-0.398438 -0.285156 0.036621 -0.104004
-0.090820 -0.196289 -0.199219 -0.404297
0.002655 0.014954 -0.105957 0.070801
-0.337891 -0.220703 -0.096191 -0.245117
-0.211914 0.055908 -0.097168 -0.091309
-0.166016 -0.043213 -0.173828 -0.435547
-0.116699 -0.261719 -0.035400 0.000070
-0.257812 -0.281250 -0.129883 -0.114258
-0.072754 0.031494 -0.202148 -0.217773
-0.203125 -0.052246 0.056641 0.036865
0.023682 -0.144531 -0.111816 -0.108887
-0.155273 -0.496094 -0.243164 -0.058838
-0.253906 -0.390625 -0.296875 -0.126953
0.097168 -0.131836 0.026001 -0.204102
0.058105 -0.195312 -0.040283 -0.296875
-0.212891 -0.005798 -0.020142 0.021973
-0.039307 -0.339844 0.112793 -0.045654
-0.084473 0.004700 -0.007141 -0.091309
-0.353516 -0.209961 -0.119629 -0.416016
-0.156250 0.033203 -0.157227 0.036865
-0.022827 -0.099609 0.004669 0.016968
0.091309 -0.032715 -0.134766 -0.324219
-0.126953 -0.449219 0.113770 -0.503906
-0.183594 0.068848 -0.219727 -0.186523
-0.488281 -0.119629 -0.069336 -0.140625
-0.129883 -0.133789 -0.359375 -0.263672
-0.217773 -0.355469 -0.123047 -0.226562
-0.088867 -0.230469 -0.408203 0.083008
0.017700 0.038818 -0.102051 -0.466797
-0.096680 -0.127930 -0.294922 -0.114258
0.017334 -0.083984 -0.404297 -0.205078
-0.046143 -0.251953 -0.283203 -0.246094
-0.048096 -0.124023 -0.123535 -0.320312
-0.141602 -0.353516 -0.094238 -0.020020
-0.058105 0.048828 0.001312 -0.033691
0.039062 -0.148438 0.107422 -0.341797
-0.296875 -0.184570 0.058350 0.088379
-0.443359 -0.253906 -0.609375 -0.263672
-0.110352 -0.273438 -0.246094 0.053955
-0.703125 -0.179688 -0.120605 -0.255859
-0.049072 -0.012634 -0.198242 -0.171875
-0.458984 -0.384766 -0.052246 -0.003677
-0.025269 -0.078613 -0.235352 -0.106445
-0.180664 -0.127930 -0.180664 0.030518
0.211914 -0.117676 -0.373047 -0.018311
-0.080078 -0.078613 0.053467 -0.148438
0.104492 -0.239258 -0.285156 -0.464844
-0.223633 -0.357422 0.075684 0.038330
0.054199 0.291016 -0.347656 0.040039
-0.375000 -0.009033 -0.120605 -0.124023
-0.365234 -0.001656 -0.085449 -0.034912
0.090332 -0.130859 -0.110352 0.001633
-0.224609 -0.302734 0.002701 0.091309
0.091797 0.226562 -0.237305 -0.302734
-0.108398 -0.184570 -0.022705 -0.251953
0.157227 0.032959 -0.367188 -0.196289
-0.423828 -0.455078 0.040771 -0.148438
-0.031738 -0.466797 -0.457031 0.036377
-0.165039 -0.291016 -0.531250 -0.110840
-0.496094 -0.316406 0.056885 -0.376953
-0.053223 -0.221680 -0.243164 -0.341797
0.176758 0.038818 -0.265625 -0.081055
0.016113 -0.063477 -0.453125 0.077637
0.075195 -0.419922 -0.441406 -0.171875
0.135742 -0.200195 -0.220703 -0.261719
0.157227 -0.294922 0.213867 -0.045898
0.061035 0.048340 -0.065430 -0.081055
0.146484 -0.048096 -0.213867 -0.247070
-0.287109 -0.190430 0.080078 -0.230469
-0.296875 -0.146484 -0.687500 -0.226562
0.010620 0.082520 -0.287109 -0.008118
-0.386719 -0.451172 -0.111816 -0.257812
-0.249023 -0.112305 0.110840 -0.131836
-0.628906 -0.457031 0.049316 -0.053223
0.058594 -0.232422 -0.515625 0.100586
-0.104492 -0.255859 -0.400391 0.063477
0.139648 -0.320312 -0.289062 0.142578
-0.441406 0.045898 -0.166016 -0.294922
0.027954 -0.285156 -0.259766 -0.279297
-0.217773 -0.148438 -0.064941 -0.223633
-0.054443 -0.353516 -0.373047 0.007202
-0.040771 -0.014038 -0.023804 -0.153320
-0.197266 -0.253906 -0.218750 -0.449219
0.072266 0.061768 0.037109 0.046875
-0.103027 -0.043701 -0.037354 -0.335938
-0.215820 -0.138672 -0.071777 -0.036865
-0.064941 -0.182617 -0.057129 -0.079102
-0.165039 0.017456 -0.246094 -0.154297
0.088867 -0.016968 0.026855 -0.138672
0.047119 -0.189453 -0.171875 -0.192383
-0.390625 -0.394531 0.012451 -0.460938
-0.053223 -0.128906 -0.367188 -0.218750
0.045898 -0.194336 -0.127930 -0.175781
-0.108887 -0.048340 -0.087402 -0.045654
-0.070801 -0.051514 -0.275391 -0.127930
-0.414062 -0.043701 -0.373047 -0.248047
-0.137695 -0.109375 0.031006 -0.265625
-0.176758 -0.248047 -0.437500 -0.253906
-0.069336 -0.070801 -0.162109 -0.097656
-0.369141 -0.166016 -0.000404 -0.172852
-0.287109 0.114258 -0.204102 0.094727
0.129883 -0.171875 -0.345703 -0.330078
-0.070312 -0.542969 0.131836 -0.038574
-0.392578 -0.322266 -0.203125 -0.202148
-0.250000 -0.048828 -0.096191 -0.104492
-0.237305 -0.183594 0.035156 -0.033447
0.006805 -0.154297 -0.312500 -0.302734
-0.021729 -0.324219 -0.079590 -0.069336
-0.386719 0.018921 -0.287109 -0.287109
-0.209961 -0.118652 -0.010315 -0.064453
-0.175781 -0.289062 -0.132812 -0.326172
-0.361328 -0.176758 -0.087891 -0.159180
0.038574 -0.192383 0.099121 0.060791
-0.049561 0.033691 -0.065430 -0.105469
-0.061035 -0.093262 -0.240234 -0.243164
-0.163086 -0.181641 -0.014526 -0.035400
-0.247070 0.006500 -0.088867 -0.202148
-0.231445 0.072754 -0.197266 0.073730
-0.249023 -0.322266 0.179688 -0.320312
-0.269531 -0.031494 -0.159180 -0.476562
-0.067871 -0.219727 -0.026855 -0.337891
0.263672 -0.235352 -0.453125 -0.291016
-0.285156 -0.215820 -0.093262 -0.361328
-0.054688 -0.127930 -0.250000 -0.232422
0.014526 -0.112793 -0.314453 -0.365234
-0.015503 0.003128 -0.271484 -0.165039
0.058350 0.051758 -0.164062 -0.141602
-0.027954 -0.156250 0.104492 -0.302734
-0.051270 -0.149414 -0.186523 -0.185547
-0.206055 -0.213867 -0.229492 -0.216797
0.021973 -0.063965 0.081543 -0.104980
-0.107910 -0.208984 -0.092285 -0.202148
-0.478516 -0.011841 -0.378906 -0.104980
-0.248047 -0.046631 -0.468750 -0.316406
-0.116699 -0.157227 -0.133789 0.021729
-0.378906 -0.113770 -0.196289 -0.326172
-0.251953 -0.213867 0.180664 -0.238281
-0.390625 -0.215820 -0.057617 -0.039062
0.000168 0.106934 -0.279297 -0.186523
0.046875 -0.042725 -0.277344 -0.139648
0.036621 0.171875 -0.047607 -0.191406
-0.332031 -0.064941 -0.249023 0.015747
-0.353516 -0.231445 -0.326172 -0.131836
-0.322266 -0.462891 -0.189453 0.076660
-0.012939 -0.212891 -0.345703 0.031494
-0.099121 0.038574 -0.142578 -0.049561
-0.027710 -0.183594 0.010193 -0.386719
-0.082520 -0.108398 -0.150391 0.012573
-0.201172 -0.195312 -0.066895 -0.094727
0.033203 -0.011963 -0.177734 0.174805
-0.048340 -0.027832 0.105957 -0.141602
-0.065918 0.018188 -0.292969 -0.097656
0.049072 -0.466797 -0.011841 -0.159180
0.044434 -0.408203 -0.527344 -0.208984
-0.347656 -0.335938 -0.320312 -0.310547
-0.542969 -0.223633 -0.146484 -0.292969
-0.052002 -0.073730 -0.114258 -0.439453
-0.068359 0.041260 -0.199219 0.053711
-0.005493 0.046875 -0.585938 -0.017578
0.049805 -0.043457 -0.229492 -0.312500
-0.094238 -0.142578 -0.206055 -0.464844
0.098633 -0.145508 -0.154297 -0.071777
-0.051758 -0.024048 0.161133 -0.066406
-0.155273 0.121582 -0.357422 -0.209961
-0.208984 -0.124512 -0.203125 -0.035400
-0.068359 0.024170 -0.326172 -0.211914
-0.096191 0.114258 -0.287109 -0.037598
-0.419922 -0.080078 -0.371094 -0.243164
-0.250000 -0.055908 -0.153320 -0.194336
-0.318359 -0.503906 0.008728 -0.016357
-0.010071 -0.056396 -0.227539 -0.107422
-0.021973 -0.345703 -0.157227 -0.384766
0.021729 -0.144531 -0.310547 -0.153320
-0.349609 0.020630 -0.414062 -0.251953
-0.269531 -0.474609 -0.106934 -0.302734
-0.114746 -0.051514 -0.589844 -0.476562
-0.018066 -0.255859 -0.168945 0.035156
-0.292969 0.035400 -0.464844 -0.335938
-0.145508 -0.390625 -0.511719 -0.036377
-0.263672 -0.470703 0.056396 0.007202
0.016724 -0.302734 0.041504 -0.085938
-0.363281 -0.230469 -0.123535 -0.127930
-0.133789 -0.291016 -0.373047 -0.166016
-0.277344 -0.062988 -0.108398 -0.232422
-0.031982 -0.261719 -0.104980 -0.138672
-0.122559 0.033203 0.142578 -0.253906
0.012939 -0.085449 0.010864 -0.201172
-0.030762 -0.219727 -0.026367 -0.228516
-0.091797 -0.535156 -0.137695 -0.054199
-0.388672 -0.367188 0.034668 -0.277344
-0.133789 -0.527344 0.014221 -0.392578
-0.347656 -0.054199 -0.265625 -0.196289
-0.234375 -0.144531 0.077148 0.140625
-0.453125 -0.355469 -0.213867 -0.114746
-0.052002 -0.001923 -0.498047 -0.239258
-0.205078 -0.326172 -0.201172 -0.267578
-0.019531 -0.011108 -0.353516 -0.361328
-0.069336 -0.186523 0.022217 -0.091309
-0.345703 -0.269531 -0.068359 -0.018799
0.041260 -0.021973 -0.182617 -0.228516
-0.104980 -0.326172 -0.386719 -0.163086
-0.067383 -0.030396 -0.018677 0.049316
-0.043457 -0.243164 -0.283203 -0.255859
-0.057373 -0.122559 -0.245117 -0.376953
-0.287109 -0.070801 0.085449 -0.187500
-0.146484 -0.205078 -0.021729 -0.212891
-0.180664 -0.043213 -0.554688 0.080566
-0.371094 0.119141 -0.273438 -0.507812
-0.084473 -0.425781 0.012573 -0.066406
-0.188477 0.061279 -0.482422 -0.203125
-0.062012 -0.246094 -0.416016 0.063477
-0.396484 -0.408203 -0.209961 0.019409
-0.287109 -0.292969 0.044922 -0.519531
-0.593750 -0.196289 -0.135742 -0.166016
-0.050293 -0.279297 -0.165039 -0.343750
-0.294922 -0.031982 -0.273438 -0.057861
-0.007050 0.031738 -0.037598 -0.197266
-0.015747 -0.235352 -0.265625 -0.402344
-0.091309 -0.075195 -0.324219 -0.069336
-0.131836 -0.294922 -0.085938 -0.427734
-0.014648 -0.644531 0.004944 -0.145508
-0.343750 -0.345703 -0.119141 -0.188477
0.050293 -0.484375 -0.071289 -0.531250
-0.012268 -0.028687 -0.061279 -0.191406
0.079102 -0.162109 -0.205078 -0.098145
-0.142578 -0.390625 -0.113770 -0.105957
-0.109863 0.063965 -0.168945 -0.601562
-0.050537 -0.136719 -0.310547 -0.345703
0.028931 -0.028320 -0.312500 -0.263672
-0.316406 -0.271484 -0.110840 -0.245117
-0.386719 -0.433594 0.084473 -0.019409
0.000324 -0.170898 -0.192383 -0.306641
-0.443359 -0.332031 0.057617 -0.009338
-0.621094 0.050293 0.040039 -0.071777
0.056641 -0.269531 -0.355469 -0.161133
-0.265625 -0.137695 -0.265625 -0.110840
-0.221680 -0.027710 -0.130859 -0.123047
-0.068359 -0.386719 -0.218750 -0.484375
-0.416016 -0.416016 -0.345703 -0.066406
-0.396484 -0.218750 -0.187500 -0.466797
0.026978 -0.515625 -0.300781 -0.061768
-0.178711 -0.008667 -0.585938 -0.171875
-0.324219 0.057129 -0.314453 -0.390625
-0.355469 -0.353516 -0.174805 0.043945
-0.271484 -0.138672 -0.109375 -0.367188
-0.445312 -0.261719 -0.193359 -0.002594
-0.312500 -0.067383 -0.390625 0.002411
-0.145508 -0.021606 -0.300781 0.038086
0.061279 -0.453125 0.050293 -0.355469
-0.203125 -0.103516 -0.208984 -0.339844
-0.212891 -0.130859 -0.410156 -0.070312
-0.394531 -0.238281 -0.165039 -0.174805
0.015076 -0.298828 0.067383 -0.396484
-0.229492 -0.298828 -0.062500 -0.089355
0.025146 -0.294922 -0.079590 -0.263672
0.004364 -0.087402 -0.114258 -0.076172
0.026489 -0.216797 -0.351562 -0.273438
-0.328125 -0.158203 -0.255859 -0.172852
-0.073242 0.029175 -0.242188 -0.574219
-0.193359 0.052246 -0.154297 -0.107910
0.072754 -0.129883 -0.243164 -0.351562
-0.091309 -0.216797 -0.055908 -0.101074
-0.175781 -0.386719 -0.015991 -0.033447
-0.335938 -0.224609 -0.535156 -0.353516
-0.388672 -0.324219 -0.047607 -0.031494
0.017090 -0.069336 -0.026367 0.006592
0.068848 -0.333984 -0.291016 -0.355469
-0.040771 -0.227539 -0.275391 -0.617188
-0.462891 -0.036621 -0.406250 -0.153320
-0.220703 -0.304688 -0.328125 -0.539062
-0.550781 -0.472656 -0.117188 -0.002090
-0.077637 -0.222656 -0.265625 -0.038330
-0.056641 -0.359375 -0.312500 -0.052734
-0.135742 -0.017334 0.013672 -0.077148
-0.343750 -0.158203 -0.277344 -0.291016
0.027710 -0.112305 -0.113281 0.060303
-0.105469 -0.079102 0.030884 -0.071777
-0.269531 -0.123047 -0.238281 -0.174805
-0.200195 -0.166016 0.041992 -0.174805
-0.056641 -0.037354 -0.166992 -0.199219
-0.118652 -0.223633 -0.071289 -0.100586
-0.037842 -0.332031 0.006226 0.017212
-0.566406 -0.259766 -0.281250 -0.134766
-0.150391 -0.105957 -0.292969 -0.339844
-0.052734 -0.185547 -0.023804 -0.125000
-0.142578 -0.009399 -0.043457 -0.105469
-0.057373 -0.000288 -0.161133 -0.116211
-0.104980 -0.216797 -0.190430 -0.421875
-0.096191 -0.193359 -0.066406 -0.322266
-0.219727 -0.439453 -0.310547 -0.261719
-0.012634 -0.026978 -0.127930 -0.159180
-0.250000 -0.046631 0.014587 -0.359375
-0.480469 -0.022583 -0.302734 -0.015991
-0.160156 -0.296875 -0.330078 -0.527344
-0.057373 -0.245117 -0.035889 0.056396
-0.322266 -0.328125 -0.072754 -0.191406
0.014404 -0.208984 -0.097168 -0.005066
-0.118164 -0.166016 0.063477 -0.036377
0.028931 -0.088379 -0.271484 -0.361328
-0.028320 -0.527344 -0.075684 -0.265625
-0.324219 -0.124512 -0.200195 -0.050049
-0.375000 -0.054932 -0.065918 -0.200195
-0.066406 -0.486328 -0.328125 -0.157227
0.046631 -0.204102 -0.214844 -0.089355
-0.023193 -0.117188 -0.178711 0.067871
-0.104004 0.030151 -0.174805 0.063965
-0.345703 -0.170898 -0.148438 -0.324219
0.016357 -0.394531 -0.116211 0.061523
-0.028442 -0.203125 -0.044922 -0.196289
-0.535156 -0.271484 -0.128906 -0.134766
-0.030762 -0.028320 -0.357422 0.120605
-0.040039 -0.034668 -0.275391 -0.359375
-0.046387 -0.191406 0.008484 -0.076172
-0.197266 -0.115723 -0.187500 -0.084961
-0.236328 -0.068359 0.107422 0.011047
-0.419922 -0.271484 -0.197266 -0.255859
-0.041260 -0.316406 -0.009216 -0.466797
-0.212891 -0.121094 0.063477 -0.051514
-0.001900 -0.224609 -0.308594 -0.114258
0.078613 0.126953 -0.156250 -0.142578
-0.227539 -0.061279 -0.019043 -0.546875
-0.034912 -0.201172 -0.312500 -0.097168
-0.005829 -0.027100 -0.087402 -0.455078
-0.275391 -0.030762 -0.271484 -0.180664
-0.227539 -0.150391 -0.328125 -0.263672
-0.163086 -0.277344 -0.335938 -0.300781
-0.357422 -0.225586 -0.335938 0.049316
-0.519531 -0.160156 -0.294922 -0.099121
-0.071777 -0.188477 -0.228516 -0.365234
0.021362 -0.212891 -0.063965 0.021606
0.003830 -0.127930 -0.421875 -0.133789
-0.142578 -0.275391 -0.135742 -0.263672
-0.196289 -0.192383 -0.044678 -0.179688
-0.621094 -0.209961 -0.111816 -0.320312
-0.271484 -0.433594 -0.275391 -0.153320
-0.017456 -0.202148 -0.211914 -0.257812
0.007385 -0.182617 -0.201172 0.052490
-0.003891 -0.041504 -0.316406 -0.181641
-0.016602 -0.102051 -0.175781 -0.259766
-0.068359 -0.757812 0.123047 -0.035400
-0.098145 -0.151367 0.015198 -0.201172
-0.527344 -0.213867 -0.117676 0.047607
-0.037354 0.144531 -0.773438 0.160156
-0.083984 -0.045898 -0.402344 -0.294922
-0.030396 -0.460938 -0.011230 -0.189453
0.092285 0.075195 -0.433594 -0.140625
0.150391 -0.012146 0.219727 0.179688
-0.462891 0.085449 -0.117676 -0.375000
-0.072754 -0.404297 0.053711 -0.707031
-0.320312 -0.322266 0.207031 -0.030518
0.024048 -0.332031 -0.365234 -0.094238
0.031494 0.107910 -0.020508 0.045654
-0.196289 0.071289 -0.156250 -0.777344
0.160156 0.034912 -0.222656 0.027466
0.029907 0.047363 -0.167969 -0.750000
-0.341797 -0.063965 -0.507812 0.090820
-0.126953 -0.277344 -0.511719 -0.241211
0.002975 -0.812500 -0.488281 -0.211914
-0.523438 -0.089844 -0.347656 0.022461
-0.404297 0.131836 -0.416016 -0.267578
0.129883 -0.726562 -0.343750 -0.239258
-0.070312 -0.353516 -0.017334 -0.016235
0.014709 -0.376953 -0.404297 -0.020264
-0.173828 -0.132812 -0.369141 -0.423828
-0.349609 -0.144531 -0.027100 -0.109375
-0.691406 -0.148438 -0.089844 -0.710938
-0.519531 0.091797 0.045166 -0.032471
-0.068359 -0.172852 -0.136719 -0.302734
-0.082520 -0.304688 -0.160156 -0.026123
-0.304688 0.030396 -0.036133 -0.146484
-0.155273 -0.283203 -0.357422 -0.337891
-0.269531 -0.000801 -0.039062 -0.063477
-0.112305 -0.375000 -0.001785 -0.067871
-0.355469 -0.078125 -0.207031 0.016724
-0.208008 -0.195312 -0.108887 -0.267578
-0.092285 -0.060059 -0.203125 -0.423828
-0.029663 -0.181641 -0.044434 -0.227539
-0.073242 -0.204102 -0.154297 -0.302734
-0.168945 -0.416016 -0.180664 -0.200195
-0.124512 -0.107422 -0.503906 -0.194336
0.024658 -0.186523 -0.075684 -0.004913
-0.227539 -0.386719 0.021118 -0.073730
-0.064453 -0.235352 -0.312500 -0.086426
-0.130859 -0.238281 0.108398 -0.209961
-0.332031 0.043213 -0.075195 -0.227539
-0.132812 -0.208008 -0.425781 -0.137695
-0.059814 -0.066406 -0.140625 -0.198242
-0.419922 0.023193 -0.281250 -0.117676
-0.351562 -0.002853 -0.250000 0.003998
-0.198242 -0.332031 -0.111328 -0.158203
-0.206055 -0.140625 -0.222656 0.037842
-0.298828 -0.255859 -0.308594 -0.005432
-0.173828 -0.172852 -0.439453 -0.253906
-0.263672 -0.324219 0.052979 0.065430
-0.025513 -0.060791 -0.193359 -0.369141
-0.110352 -0.419922 -0.230469 -0.417969
-0.337891 -0.049805 -0.279297 -0.084473
-0.355469 -0.056152 -0.116211 -0.330078
-0.178711 -0.217773 -0.253906 -0.355469
-0.003143 0.085938 -0.166992 -0.161133
-0.019165 -0.161133 -0.472656 0.010925
-0.269531 -0.042236 -0.202148 -0.225586
-0.292969 -0.176758 -0.234375 -0.151367
-0.408203 -0.261719 -0.380859 -0.068848
-0.112793 -0.316406 0.039551 -0.208008
-0.351562 -0.215820 -0.045410 -0.012329
-0.141602 -0.143555 -0.333984 -0.079102
-0.020386 0.044678 -0.121094 -0.215820
-0.153320 -0.174805 -0.045898 0.020264
-0.201172 -0.190430 -0.279297 -0.263672
-0.029907 -0.197266 -0.130859 -0.169922
-0.107422 -0.238281 -0.271484 -0.289062
0.007233 -0.240234 -0.394531 0.008728
-0.339844 -0.345703 -0.076172 -0.065430
-0.074219 -0.287109 -0.302734 -0.217773
-0.027588 -0.332031 -0.117188 -0.039307
-0.190430 -0.004395 -0.103516 -0.230469
-0.285156 -0.458984 -0.330078 -0.202148
-0.013916 -0.031250 -0.208984 -0.292969
-0.233398 -0.238281 -0.200195 -0.306641
-0.164062 -0.012817 0.007019 -0.332031
-0.125000 -0.199219 -0.102051 -0.121094
-0.296875 -0.102539 -0.474609 0.038086
-0.025269 -0.287109 -0.196289 -0.225586
-0.074219 -0.291016 -0.384766 -0.488281
-0.269531 0.088867 -0.035889 -0.058594
0.022217 -0.289062 -0.273438 -0.320312
-0.251953 -0.122070 -0.061035 -0.259766
-0.238281 -0.096680 -0.125977 -0.049805
-0.298828 -0.394531 -0.122559 -0.006683
-0.161133 -0.077148 -0.271484 -0.204102
0.038330 0.023560 -0.349609 -0.071289
-0.026733 -0.310547 -0.115234 0.050293
-0.245117 0.057373 -0.306641 -0.347656
-0.013489 -0.065430 -0.125000 0.035156
-0.255859 -0.609375 -0.281250 0.051514
-0.067871 -0.251953 0.025146 -0.283203
-0.345703 -0.263672 -0.142578 -0.247070
-0.237305 -0.080078 -0.503906 -0.136719
-0.251953 -0.050537 -0.484375 -0.232422
-0.250000 -0.388672 -0.040527 -0.072754
-0.244141 -0.277344 -0.341797 -0.080078
0.194336 -0.006866 0.108887 0.154297
0.014648 -0.100098 -0.105957 0.043457
-0.031738 -0.427734 -0.198242 -0.257812
-0.182617 -0.187500 0.004456 -0.031250
0.018188 -0.174805 -0.235352 -0.191406
-0.059326 -0.386719 -0.167969 0.035156
-0.144531 -0.051270 -0.157227 -0.253906
-0.300781 -0.219727 -0.017456 0.007507
-0.061035 -0.045654 -0.130859 -0.269531
-0.417969 -0.131836 -0.468750 -0.218750
-0.234375 -0.094238 -0.231445 -0.361328
0.018677 -0.217773 -0.209961 -0.100098
-0.353516 -0.476562 -0.292969 -0.011047
-0.001030 -0.232422 -0.112305 -0.189453
0.111816 -0.476562 -0.175781 -0.283203
0.061035 -0.014343 0.028076 0.046387
0.040283 -0.365234 -0.074707 -0.449219
-0.667969 0.021240 -0.171875 -0.194336
-0.267578 -0.007263 -0.059326 -0.010437
-0.437500 -0.376953 -0.052246 -0.151367
-0.249023 -0.116699 -0.185547 -0.206055
-0.223633 -0.589844 -0.202148 -0.261719
-0.098145 -0.206055 -0.229492 -0.019653
0.019043 0.046387 -0.119629 0.025635
-0.052002 -0.304688 -0.542969 -0.455078
-0.474609 -0.400391 -0.018188 0.007935
-0.083008 -0.412109 -0.051758 -0.333984
-0.208984 -0.416016 -0.186523 0.020996
-0.324219 -0.069336 -0.104004 -0.210938
-0.632812 0.029785 -0.121094 -0.546875
-0.140625 -0.216797 -0.084961 -0.292969
-0.123047 -0.045166 -0.197266 -0.057129
-0.087891 -0.153320 -0.160156 -0.205078
-0.052002 -0.149414 -0.263672 0.059082
-0.079590 0.045166 -0.148438 -0.023071
-0.185547 -0.488281 -0.056885 -0.273438
-0.150391 -0.462891 -0.090820 -0.285156
-0.400391 -0.096680 0.058838 -0.038086
-0.326172 -0.132812 -0.036133 -0.281250
-0.308594 0.039795 -0.250000 -0.314453
-0.025513 0.049316 -0.052002 0.000320
-0.279297 -0.042969 -0.247070 0.066895
-0.168945 -0.131836 -0.503906 -0.175781
-0.241211 0.016479 -0.009705 -0.129883
-0.519531 -0.013000 -0.269531 0.023071
-0.310547 -0.212891 -0.168945 -0.091309
-0.267578 -0.066406 -0.359375 -0.402344
-0.185547 -0.457031 0.036377 0.028320
-0.021118 -0.033447 -0.042480 -0.237305
-0.416016 -0.484375 -0.113770 -0.191406
-0.052734 -0.150391 -0.190430 -0.427734
-0.243164 -0.163086 -0.273438 0.043945
-0.275391 -0.108887 -0.079102 -0.369141
-0.119141 -0.308594 -0.109375 -0.271484
-0.018188 -0.151367 -0.215820 0.065918
-0.136719 0.033203 -0.316406 -0.240234
-0.316406 -0.277344 -0.345703 -0.423828
-0.255859 -0.376953 -0.310547 0.028198
-0.081543 -0.150391 -0.078613 -0.112793
-0.130859 -0.177734 -0.103027 -0.165039
-0.078125 -0.273438 -0.182617 -0.371094
-0.400391 0.021606 -0.060547 -0.699219
-0.263672 -0.140625 0.035889 -0.234375
-0.243164 0.003479 -0.263672 0.097656
-0.091797 -0.115234 -0.410156 -0.208984
-0.111328 -0.197266 -0.101074 -0.069824
-0.061523 -0.130859 -0.474609 -0.115234
-0.292969 -0.546875 -0.300781 -0.158203
-0.016602 -0.503906 -0.170898 -0.339844
-0.029419 -0.320312 -0.053955 -0.289062
-0.292969 -0.271484 -0.096680 -0.176758
-0.242188 -0.063477 -0.333984 -0.159180
-0.038330 0.030396 -0.457031 0.023315
-0.511719 -0.376953 -0.224609 -0.343750
-0.500000 -0.181641 -0.296875 -0.141602
-0.302734 -0.019531 -0.133789 -0.023804
-0.207031 0.007812 -0.500000 -0.034424
0.051514 -0.175781 -0.104004 -0.209961
-0.476562 -0.066406 -0.351562 -0.523438
-0.462891 -0.320312 0.040039 0.012756
0.012512 -0.149414 0.002853 -0.255859
-0.406250 -0.177734 -0.104980 -0.298828
-0.235352 -0.125000 -0.065430 -0.060059
-0.345703 -0.314453 -0.157227 0.033447
0.155273 -0.121582 -0.257812 -0.458984
-0.283203 0.019287 -0.332031 -0.279297
-0.004791 -0.237305 -0.104004 0.068359
-0.373047 0.002777 -0.098633 -0.210938
0.003052 -0.449219 -0.141602 -0.124512
-0.209961 -0.283203 -0.443359 -0.062988
-0.008301 -0.138672 0.063965 -0.095215
-0.127930 -0.292969 -0.253906 -0.212891
-0.275391 -0.435547 -0.180664 -0.285156
-0.255859 -0.030029 -0.111816 -0.437500
-0.283203 -0.016113 0.056396 0.065918
-0.367188 -0.255859 -0.075684 -0.116211
-0.188477 -0.205078 -0.259766 -0.115723
0.040527 -0.221680 -0.016357 -0.128906
0.063477 -0.102539 -0.194336 0.045410
-0.281250 -0.201172 -0.425781 -0.076172
0.039062 -0.287109 -0.087402 -0.562500
-0.059570 -0.376953 -0.251953 -0.221680
-0.175781 -0.253906 -0.011658 0.057373
-0.294922 -0.373047 -0.328125 -0.294922
-0.081055 0.000801 -0.246094 -0.002106
-0.347656 -0.386719 -0.292969 -0.227539
-0.539062 0.015991 -0.163086 -0.206055
-0.166992 -0.052246 0.041016 -0.186523
-0.115234 -0.365234 -0.128906 -0.042480
0.010315 -0.259766 -0.057617 -0.124512
-0.298828 -0.045898 -0.292969 -0.277344
-0.271484 -0.156250 0.009583 0.003998
0.026367 -0.265625 -0.141602 -0.371094
-0.503906 -0.161133 -0.139648 -0.092773
-0.115723 -0.165039 -0.190430 -0.145508
-0.198242 -0.337891 -0.063965 -0.059082
0.080078 -0.105957 -0.294922 -0.231445
0.011963 -0.376953 -0.037598 -0.080078
-0.001915 -0.059570 -0.107910 0.034912
-0.031982 0.004761 -0.148438 0.104004
-0.150391 -0.265625 -0.120117 -0.191406
-0.263672 -0.015442 -0.257812 0.033691
0.002548 -0.267578 0.003220 -0.034668
0.125977 -0.001366 -0.640625 -0.233398
0.098145 -0.289062 -0.099609 -0.182617
-0.138672 0.049805 -0.392578 -0.228516
-0.273438 -0.145508 0.008789 -0.008606
-0.130859 -0.247070 -0.078125 0.057373
-0.449219 -0.341797 -0.062256 -0.225586
0.020020 -0.220703 -0.211914 -0.179688
0.028564 -0.052979 -0.131836 -0.453125
-0.127930 -0.230469 -0.154297 -0.114258
-0.087402 -0.039795 -0.488281 -0.198242
-0.222656 -0.112793 -0.207031 -0.306641
-0.207031 -0.275391 0.008911 -0.088379
-0.210938 -0.066406 0.043213 -0.230469
0.015015 0.038086 -0.234375 -0.248047
0.070801 -0.152344 -0.054688 -0.075195
0.026733 0.003021 -0.127930 -0.179688
-0.369141 -0.060791 -0.312500 -0.314453
-0.168945 -0.144531 0.123535 0.059570
-0.652344 -0.355469 -0.388672 -0.369141
-0.012024 0.098145 -0.106934 -0.071289
-0.193359 -0.098145 -0.013916 -0.058838
0.017212 -0.028564 -0.482422 0.040039
-0.112305 -0.187500 0.091309 -0.126953
0.061768 -0.156250 -0.234375 -0.231445
0.080078 -0.034668 0.130859 -0.188477
-0.118652 -0.228516 -0.178711 -0.224609
-0.205078 -0.455078 0.012268 -0.065918
-0.064453 -0.126953 0.033447 0.049072
0.032715 -0.024292 -0.211914 -0.031128
-0.106445 -0.363281 -0.042725 -0.127930
-0.300781 -0.074707 -0.014221 -0.007355
-0.041504 -0.135742 -0.004852 -0.109375
-0.132812 0.117188 -0.345703 -0.034912
-0.058838 -0.160156 -0.347656 -0.164062
-0.116699 0.033691 -0.421875 -0.259766
-0.500000 -0.361328 0.038330 0.058838
0.069824 0.017700 -0.220703 0.048340
-0.147461 -0.255859 -0.341797 -0.025757
-0.022217 -0.245117 -0.215820 -0.330078
-0.051025 -0.058350 -0.208008 -0.589844
-0.250000 -0.135742 -0.160156 -0.075684
0.036377 -0.095215 -0.617188 -0.176758
0.013123 -0.063477 -0.263672 -0.055664
-0.232422 -0.116699 -0.028198 -0.371094
-0.092773 -0.033936 0.052979 -0.022339
0.000343 0.028931 -0.312500 -0.582031
-0.078613 -0.191406 0.068848 0.064453
-0.152344 -0.009338 -0.283203 0.033447
-0.255859 -0.320312 -0.273438 -0.050049
-0.246094 -0.010010 -0.052490 -0.032471
-0.671875 -0.322266 -0.597656 -0.574219
-0.170898 0.035645 0.026855 -0.156250
-0.136719 -0.324219 0.023193 0.010559
-0.037354 -0.219727 -0.699219 0.085449
-0.010559 -0.312500 0.255859 -0.138672
0.122070 -0.121094 -0.279297 -0.039795
-0.200195 -0.116211 0.082031 -0.218750
-0.090820 -0.120605 -0.111816 -0.404297
-0.229492 -0.241211 -0.107910 -0.371094
-0.079590 -0.236328 0.073242 0.024536
0.023560 -0.006714 -0.423828 0.096191
0.019775 -0.246094 -0.074219 -0.322266
-0.484375 -0.349609 -0.028198 0.007355
-0.082520 -0.026367 -0.089844 -0.191406
-0.271484 -0.050049 -0.187500 -0.306641
-0.055664 -0.091309 -0.392578 -0.208984
-0.071289 0.068359 -0.349609 -0.150391
-0.425781 -0.531250 -0.004089 -0.214844
-0.146484 -0.008667 -0.443359 0.144531
-0.043213 -0.210938 -0.174805 -0.013489
-0.277344 -0.032471 -0.287109 -0.357422
0.062500 0.036133 -0.242188 -0.355469
-0.077148 -0.174805 -0.130859 -0.081055
-0.015625 -0.131836 -0.507812 -0.263672
0.030518 -0.318359 0.009155 0.102051
-0.361328 -0.180664 -0.048828 -0.212891
-0.107422 0.149414 -0.263672 -0.124512
-0.021606 -0.067871 -0.183594 -0.714844
-0.455078 -0.236328 -0.046631 0.208008
-0.134766 -0.112305 -0.378906 0.018311
0.003784 -0.318359 -0.402344 0.096191
-0.369141 0.043213 -0.464844 0.032959
-0.421875 -0.079102 -0.605469 -0.318359
-0.009155 -0.141602 0.040771 -0.371094
-0.232422 -0.421875 -0.077637 0.002411
-0.061035 -0.239258 -0.308594 -0.119629
-0.209961 -0.061279 0.117676 -0.186523
-0.097168 0.030884 0.003128 -0.190430
-0.388672 -0.214844 -0.083496 -0.316406
-0.040771 -0.104004 -0.021118 -0.353516
-0.199219 -0.302734 -0.200195 -0.072754
0.070312 -0.263672 -0.080078 -0.072266
-0.220703 0.021240 -0.104980 -0.085449
-0.168945 -0.151367 -0.124512 -0.308594
-0.025391 -0.154297 -0.197266 0.007233
-0.041260 -0.190430 0.028809 -0.308594
-0.192383 -0.192383 -0.236328 -0.376953
-0.221680 -0.275391 -0.167969 -0.232422
-0.263672 -0.041016 -0.566406 -0.169922
-0.176758 -0.145508 -0.006714 -0.114258
-0.316406 -0.124512 -0.078125 -0.091309
-0.316406 -0.464844 -0.225586 -0.308594
0.019043 -0.300781 -0.008362 -0.237305
0.037842 -0.131836 -0.101562 -0.279297
-0.312500 -0.056641 -0.223633 -0.036377
-0.035889 -0.004364 -0.457031 0.000916
-0.265625 -0.167969 -0.183594 -0.328125
-0.208008 -0.339844 -0.061768 -0.296875
-0.109375 -0.341797 -0.024048 -0.140625
0.000950 0.061279 -0.184570 -0.298828
-0.072754 -0.126953 -0.021606 -0.199219
-0.038086 0.031128 -0.151367 -0.144531
-0.053955 -0.211914 -0.453125 -0.453125
-0.020752 -0.243164 -0.181641 -0.011108
-0.554688 -0.237305 -0.339844 -0.369141
-0.207031 -0.084961 -0.130859 -0.068359
-0.439453 -0.204102 0.023560 -0.077637
-0.026855 -0.241211 -0.425781 -0.112793
-0.081055 -0.241211 -0.107422 -0.023071
0.028687 -0.009766 -0.273438 -0.190430
-0.200195 -0.242188 -0.001457 -0.180664
-0.200195 -0.233398 -0.212891 -0.161133
-0.127930 -0.273438 -0.318359 -0.027954
0.033203 -0.022339 -0.224609 0.065918
-0.226562 0.030884 -0.166992 -0.132812
0.022583 -0.351562 0.036377 -0.110352
-0.075195 -0.091309 0.025269 0.036621
-0.024414 0.001480 -0.023071 -0.330078
-0.106445 -0.111328 -0.138672 -0.211914
-0.162109 -0.066895 -0.296875 -0.062256
0.014160 0.067871 -0.431641 -0.253906
-0.433594 -0.253906 -0.047363 -0.139648
-0.158203 -0.170898 -0.333984 -0.212891
-0.241211 -0.455078 -0.251953 -0.109375
-0.304688 -0.152344 -0.159180 -0.287109
0.022217 -0.265625 -0.343750 -0.281250
-0.367188 0.111816 -0.139648 -0.118164
0.037109 -0.250000 -0.326172 -0.115723
-0.095703 -0.110840 -0.265625 -0.125977
-0.026489 -0.096191 -0.110352 -0.337891
-0.011658 -0.108887 -0.113281 0.003586
0.041260 -0.014648 -0.343750 -0.155273
-0.392578 0.095703 0.002182 -0.032959
-0.130859 -0.035645 -0.024902 -0.161133
0.104492 -0.535156 -0.287109 -0.196289
-0.104004 -0.124512 -0.371094 -0.040527
-0.382812 -0.402344 -0.155273 -0.289062
-0.294922 -0.065430 -0.184570 -0.386719
-0.112793 -0.361328 0.013855 0.033691
0.020020 -0.412109 -0.361328 -0.072754
-0.081055 -0.337891 -0.011169 0.001671
-0.128906 -0.061768 -0.412109 -0.036133
-0.324219 -0.247070 -0.213867 -0.188477
-0.227539 -0.332031 -0.157227 -0.077148
-0.353516 -0.271484 -0.355469 -0.105957
-0.034424 -0.298828 -0.093750 -0.052734
-0.265625 -0.014465 -0.146484 -0.279297
0.021851 -0.241211 0.102539 -0.339844
0.028442 -0.494141 -0.043945 0.041016
-0.183594 0.009949 -0.004059 -0.437500
-0.202148 -0.324219 -0.013123 -0.180664
-0.234375 -0.157227 -0.316406 -0.245117
-0.251953 0.040771 -0.147461 0.078613
-0.261719 -0.090820 -0.005890 -0.152344
-0.145508 -0.228516 -0.414062 -0.031738
-0.328125 -0.162109 -0.168945 -0.122070
-0.048096 0.001190 0.011353 -0.218750
0.011169 -0.343750 -0.380859 -0.053955
-0.320312 0.006714 -0.394531 -0.080566
0.024170 -0.294922 -0.141602 -0.239258
-0.066406 -0.285156 -0.112305 -0.046631
-0.199219 -0.212891 -0.026001 -0.208008
0.060059 -0.105957 -0.304688 -0.118164
-0.062988 -0.029785 0.111816 -0.026978
-0.279297 -0.099121 -0.380859 -0.130859
-0.316406 -0.007996 -0.155273 -0.054443
0.113770 -0.427734 -0.225586 -0.168945
-0.189453 -0.404297 -0.613281 -0.066406
-0.122070 -0.275391 0.015259 -0.144531
-0.390625 -0.283203 -0.261719 -0.652344
-0.121582 -0.382812 -0.044434 0.049561
0.035156 -0.154297 -0.171875 -0.382812
-0.667969 -0.182617 -0.168945 -0.060547
-0.304688 0.022339 -0.203125 -0.190430
-0.535156 -0.320312 -0.300781 -0.107910
-0.011292 -0.085449 -0.205078 -0.204102
-0.425781 -0.213867 -0.265625 -0.271484
-0.066895 -0.129883 -0.157227 0.026001
-0.194336 -0.004089 -0.171875 -0.142578
-0.279297 0.034424 -0.335938 -0.118164
-0.033936 0.021851 -0.248047 0.036133
-0.039795 -0.174805 0.046387 -0.216797
-0.281250 -0.085938 0.001717 -0.449219
-0.209961 -0.142578 -0.175781 -0.225586
-0.153320 0.058105 -0.427734 -0.213867
-0.065918 0.009155 0.008728 -0.191406
-0.131836 -0.259766 -0.076172 -0.188477
-0.531250 -0.400391 -0.145508 -0.087402
-0.140625 -0.162109 -0.061035 -0.229492
0.047363 -0.375000 -0.067871 -0.094238
-0.125977 -0.082031 -0.257812 -0.083496
-0.034424 -0.099609 -0.310547 -0.187500
-0.173828 -0.155273 -0.158203 -0.328125
0.052002 -0.449219 -0.097168 -0.259766
-0.121582 -0.429688 -0.279297 -0.310547
-0.061523 0.013794 -0.265625 -0.095703
-0.376953 -0.269531 -0.243164 -0.443359
-0.332031 -0.082031 -0.094238 -0.269531
-0.139648 -0.128906 -0.578125 -0.531250
-0.154297 -0.402344 -0.109375 0.009460
-0.376953 -0.271484 -0.070312 -0.296875
-0.230469 -0.116211 -0.052979 -0.083008
-0.390625 -0.150391 -0.020874 -0.067871
0.061035 -0.144531 -0.363281 -0.263672
0.022461 -0.330078 -0.277344 -0.289062
-0.106934 -0.004822 -0.472656 -0.193359
-0.265625 -0.195312 -0.121094 -0.123535
-0.055420 -0.421875 -0.221680 -0.099121
-0.253906 -0.470703 -0.199219 -0.032959
-0.036865 -0.212891 -0.265625 -0.073242
-0.464844 0.032227 0.014587 -0.083008
-0.139648 -0.003555 -0.118652 -0.261719
-0.011719 -0.208984 -0.165039 0.028809
-0.226562 -0.239258 0.038330 -0.108887
-0.335938 -0.211914 -0.021240 -0.085449
-0.419922 -0.075195 -0.175781 0.014771
-0.160156 -0.008850 -0.143555 -0.472656
-0.072266 -0.202148 0.024170 0.017456
-0.316406 -0.341797 -0.203125 -0.451172
-0.156250 -0.421875 -0.096191 -0.207031
-0.214844 -0.133789 -0.302734 -0.088867
-0.020264 -0.447266 -0.273438 -0.072266
-0.088379 0.155273 -0.213867 -0.136719
-0.039062 0.036133 -0.108887 0.013916
-0.022339 -0.047363 -0.131836 -0.283203
-0.248047 -0.116699 -0.081055 -0.259766
-0.009399 -0.149414 -0.376953 -0.047119
-0.022339 0.050049 -0.116699 -0.183594
-0.511719 -0.066406 -0.237305 -0.100098
-0.382812 -0.060547 -0.308594 -0.094727
-0.004028 -0.398438 -0.380859 -0.371094
-0.000399 -0.236328 -0.464844 -0.043213
-0.458984 -0.324219 -0.188477 -0.100586
-0.077148 -0.210938 -0.241211 -0.349609
-0.074707 -0.269531 0.056396 0.058105
0.026245 -0.090332 -0.213867 -0.386719
-0.122559 -0.241211 -0.310547 -0.107422
-0.134766 -0.102051 -0.139648 -0.124023
-0.275391 -0.089355 -0.088867 0.004364
-0.285156 -0.248047 -0.175781 -0.076172
-0.000957 -0.234375 -0.104980 -0.172852
-0.046875 -0.261719 -0.417969 0.030396
-0.375000 -0.031250 0.050049 -0.289062
-0.198242 -0.172852 -0.245117 -0.160156
-0.213867 -0.188477 -0.221680 -0.042236
-0.175781 -0.182617 0.019775 -0.180664
-0.159180 -0.193359 -0.077637 -0.044189
-0.289062 -0.158203 -0.237305 -0.214844
-0.063965 0.003250 -0.095703 -0.361328
-0.273438 0.154297 0.042236 -0.220703
-0.147461 -0.402344 -0.209961 -0.585938
-0.263672 -0.159180 -0.136719 -0.259766
-0.048828 -0.170898 -0.271484 -0.179688
-0.004059 -0.570312 -0.259766 -0.205078
0.028931 -0.320312 -0.312500 0.012817
-0.044434 -0.064453 0.002686 -0.203125
0.007599 -0.234375 -0.283203 -0.308594
-0.215820 -0.025391 -0.152344 -0.203125
-0.240234 -0.277344 -0.535156 -0.339844
-0.028931 -0.066406 0.044434 -0.014465
-0.423828 -0.170898 -0.388672 -0.464844
-0.570312 0.061768 -0.375000 -0.253906
-0.213867 -0.236328 -0.202148 -0.281250
-0.220703 -0.369141 -0.343750 -0.001503
-0.178711 -0.211914 -0.077637 -0.108398
0.028564 -0.304688 -0.445312 -0.308594
-0.140625 -0.462891 0.002457 0.034424
-0.067871 -0.170898 -0.189453 -0.384766
-0.289062 -0.197266 -0.484375 -0.214844
-0.142578 -0.025757 -0.109375 -0.067383
-0.032227 -0.074219 -0.435547 -0.043701
-0.345703 -0.332031 -0.351562 -0.036621
-0.031128 -0.052246 -0.380859 -0.065430
-0.035156 -0.384766 -0.214844 0.003281
-0.153320 -0.067871 -0.086914 -0.153320
-0.110352 -0.593750 -0.375000 -0.273438
-0.019653 -0.363281 -0.120605 0.020142
0.028809 -0.361328 -0.005402 -0.373047
-0.265625 -0.271484 -0.012146 0.032715
0.031006 -0.136719 -0.359375 -0.098633
-0.652344 0.016235 -0.193359 -0.406250
0.018799 0.143555 -0.111328 -0.001190
0.029785 -0.082520 -0.135742 -0.267578
-0.037598 -0.062500 -0.090820 -0.197266
-0.037842 -0.178711 -0.075684 -0.018921
-0.023315 -0.287109 -0.087891 -0.047852
-0.398438 -0.404297 0.099609 0.109863
-0.127930 -0.427734 -0.081055 -0.478516
-0.353516 0.026611 -0.029419 -0.124512
-0.279297 -0.040527 -0.002701 -0.127930
-0.472656 -0.115723 -0.326172 -0.100098
0.048096 0.071289 -0.116211 -0.157227
-0.180664 -0.137695 -0.617188 -0.347656
-0.261719 0.041504 -0.578125 -0.228516
-0.188477 -0.090332 0.021606 -0.098145
-0.412109 -0.429688 0.098145 -0.065430
0.009827 -0.079102 -0.002045 -0.032471
-0.251953 0.018188 -0.220703 -0.261719
-0.251953 -0.120605 0.030151 0.042480
-0.053223 0.011719 -0.118164 -0.550781
-0.312500 -0.084961 -0.277344 -0.105469
-0.396484 -0.001213 -0.088867 -0.404297
-0.273438 -0.236328 -0.113281 -0.119629
-0.476562 0.026123 -0.355469 -0.146484
-0.237305 0.056641 -0.279297 -0.398438
0.012512 -0.328125 -0.129883 -0.009705
-0.211914 0.040283 -0.453125 -0.136719
-0.279297 -0.333984 -0.484375 -0.071777
-0.191406 -0.320312 -0.064453 -0.061279
-0.074219 -0.455078 -0.025024 -0.460938
-0.500000 0.092773 -0.121582 0.174805
0.033691 -0.240234 -0.228516 -0.004547
-0.380859 0.067383 -0.102539 -0.320312
0.047119 -0.062500 -0.000591 -0.163086
0.240234 -0.189453 -0.234375 -0.263672
-0.033691 -0.078125 -0.062500 -0.125977
-0.057617 -0.121582 0.051270 -0.110352
0.006744 -0.296875 -0.250000 -0.129883
-0.500000 -0.519531 -0.136719 -0.249023
0.057617 -0.570312 -0.111816 -0.804688
-0.002655 0.056885 -0.071289 -0.291016
0.099121 0.046875 -0.058350 -0.130859
-0.248047 -0.269531 -0.071289 -0.371094
-0.047119 -0.003540 -0.158203 -0.153320
0.015381 -0.080566 -0.308594 -0.253906
0.025879 0.099609 -0.347656 -0.103027
-0.053467 -0.107422 -0.146484 -0.225586
-0.406250 -0.304688 -0.001823 -0.031494
-0.161133 -0.100586 -0.211914 -0.035645
-0.251953 -0.146484 -0.055908 -0.091797
-0.357422 0.060059 0.006744 0.019165
-0.045898 0.031494 -0.008606 -0.492188
-0.167969 -0.244141 -0.482422 -0.146484
-0.498047 0.124023 -0.324219 -0.369141
-0.298828 -0.392578 -0.053955 -0.207031
-0.341797 -0.082031 -0.261719 -0.271484
-0.154297 -0.137695 -0.219727 -0.300781
0.051514 -0.363281 -0.168945 0.020020
-0.191406 0.042969 -0.237305 -0.180664
-0.152344 -0.417969 -0.116211 -0.176758
-0.437500 -0.169922 0.016235 -0.060791
-0.247070 -0.037598 0.035889 -0.292969
-0.363281 -0.152344 -0.106934 0.227539
-0.265625 0.092285 -0.131836 -0.300781
-0.076660 0.010437 -0.238281 -0.035645
-0.063965 -0.122559 -0.036621 -0.172852
0.143555 -0.169922 -0.287109 -0.269531
-0.055908 -0.209961 -0.328125 -0.302734
-0.157227 -0.054688 0.041748 -0.219727
-0.017578 -0.199219 -0.246094 -0.222656
-0.443359 -0.267578 -0.178711 -0.029785
-0.042725 -0.542969 -0.219727 -0.291016
0.012451 -0.216797 -0.112793 -0.306641
0.261719 -0.194336 -0.123047 -0.332031
-0.318359 -0.103027 0.097656 -0.507812
-0.017456 0.072754 -0.017334 -0.099121
-0.144531 -0.083008 -0.121094 -0.174805
0.141602 -0.165039 -0.214844 -0.034180
0.037109 -0.158203 -0.090332 -0.246094
-0.255859 -0.341797 0.037354 -0.068359
-0.098633 -0.337891 -0.103516 -0.210938
-0.212891 -0.277344 0.155273 -0.109863
-0.648438 0.035400 -0.085938 0.003281
0.060059 -0.271484 -0.296875 -0.053955
-0.052002 -0.298828 -0.197266 -0.209961
-0.376953 -0.008240 -0.378906 -0.255859
-0.171875 -0.255859 -0.227539 -0.259766
-0.308594 -0.178711 -0.189453 0.023071
0.090332 -0.096191 -0.242188 -0.248047
-0.121582 -0.447266 -0.316406 -0.051758
-0.177734 0.065918 -0.273438 0.018066
-0.119141 -0.207031 -0.500000 -0.038086
-0.283203 -0.480469 -0.230469 -0.067871
0.050781 -0.464844 0.064941 -0.253906
-0.191406 -0.388672 -0.435547 -0.094238
-0.353516 -0.169922 -0.605469 -0.094727
-0.165039 0.063965 -0.043213 -0.357422
-0.242188 -0.154297 0.106934 -0.136719
-0.219727 -0.211914 -0.038086 -0.204102
-0.136719 -0.164062 -0.277344 -0.117188
-0.078613 -0.291016 -0.192383 0.010254
-0.107910 -0.173828 -0.205078 -0.347656
-0.255859 -0.531250 -0.037842 0.045898
-0.144531 -0.271484 -0.039551 -0.578125
-0.386719 -0.273438 -0.071289 -0.168945
-0.400391 -0.242188 0.027710 -0.108398
-0.515625 -0.182617 0.060059 -0.130859
-0.021118 0.052734 -0.404297 -0.326172
-0.125977 -0.279297 -0.320312 -0.304688
-0.186523 -0.042969 -0.621094 -0.376953
-0.241211 -0.283203 0.020508 -0.216797
-0.359375 -0.103516 -0.062500 -0.031982
-0.162109 -0.180664 -0.261719 -0.414062
-0.231445 -0.281250 -0.707031 -0.152344
-0.328125 -0.133789 -0.019531 -0.075684
-0.046875 -0.445312 -0.051270 -0.241211
-0.369141 -0.181641 -0.135742 -0.242188
-0.273438 -0.147461 -0.096680 -0.110352
-0.157227 -0.076660 0.011047 0.028809
-0.188477 -0.212891 -0.173828 0.002045
-0.114746 -0.263672 0.089844 -0.542969
-0.048828 -0.027832 0.043701 0.064453
-0.007355 0.033691 -0.320312 -0.221680
-0.287109 -0.115234 -0.494141 -0.126953
-0.447266 -0.281250 -0.458984 -0.003967
-0.215820 -0.142578 0.045166 -0.045166
-0.265625 -0.281250 -0.421875 -0.143555
-0.304688 -0.113770 -0.326172 0.031738
-0.193359 -0.027100 -0.062988 -0.232422
-0.170898 -0.028931 -0.068359 -0.250000
-0.265625 0.097656 0.069824 -0.172852
0.078613 -0.257812 -0.125000 -0.036865
-0.203125 -0.171875 0.013855 0.202148
0.042725 -0.400391 -0.359375 -0.249023
0.039551 -0.515625 -0.281250 -0.287109
-0.077148 -0.648438 -0.195312 -0.320312
0.006378 -0.246094 -0.251953 -0.316406
-0.371094 -0.166992 -0.142578 -0.204102
-0.196289 -0.007050 -0.101074 -0.133789
-0.073242 0.010742 -0.687500 -0.150391
-0.221680 -0.392578 -0.255859 -0.229492
-0.076660 -0.022583 -0.230469 -0.353516
-0.357422 -0.067383 -0.222656 -0.157227
-0.142578 -0.177734 -0.398438 0.055176
-0.155273 0.011047 -0.339844 -0.163086
-0.357422 -0.554688 -0.351562 -0.211914
-0.402344 -0.242188 0.021973 -0.023193
-0.048584 -0.300781 -0.087891 -0.045166
-0.433594 -0.111328 -0.131836 -0.273438
-0.132812 -0.229492 -0.223633 -0.062988
-0.055176 -0.207031 -0.050781 -0.092285
0.002563 -0.250000 -0.027588 0.006683
-0.210938 -0.203125 -0.030762 -0.219727
-0.022339 -0.194336 -0.265625 -0.024414
-0.200195 -0.018311 0.127930 -0.067871
-0.302734 0.044189 -0.205078 0.141602
-0.072754 -0.136719 -0.246094 0.026367
-0.349609 -0.001297 -0.041016 -0.069336
-0.194336 -0.289062 -0.193359 -0.155273
-0.298828 -0.192383 -0.164062 -0.279297
-0.089355 -0.000170 -0.333984 0.053711
-0.102051 -0.098145 0.022461 -0.449219
-0.173828 -0.187500 -0.191406 -0.281250
-0.019287 -0.283203 -0.359375 -0.048828
-0.593750 -0.054443 0.166016 -0.136719
0.054688 -0.460938 -0.227539 -0.122070
0.120117 -0.322266 -0.242188 -0.064941
0.039062 -0.296875 -0.138672 0.178711
0.019043 -0.343750 -0.269531 -0.482422
-0.158203 -0.178711 -0.228516 -0.099121
-0.166016 -0.087402 -0.373047 -0.378906
-0.073242 -0.020386 -0.257812 -0.197266
-0.292969 -0.259766 -0.166992 -0.122070
-0.080566 -0.180664 -0.155273 -0.165039
-0.186523 -0.083008 -0.123047 -0.173828
-0.044678 -0.273438 -0.082520 0.052490
-0.069336 0.025513 -0.171875 -0.247070
-0.458984 -0.443359 -0.227539 -0.208008
-0.345703 -0.267578 0.056641 0.035889
0.002396 -0.242188 -0.243164 -0.159180
0.022827 -0.351562 -0.077637 -0.455078
-0.132812 -0.035156 -0.281250 -0.064941
-0.206055 -0.194336 -0.066895 -0.102539
-0.114258 -0.361328 -0.099121 -0.310547
-0.330078 -0.008057 -0.550781 -0.255859
-0.037598 0.154297 -0.039062 -0.031738
-0.215820 0.010315 -0.265625 -0.163086
-0.046631 -0.291016 -0.380859 0.125977
-0.343750 -0.656250 -0.233398 0.057129
-0.010254 -0.562500 -0.032959 -0.160156
0.018921 -0.220703 -0.253906 -0.269531
0.046143 -0.410156 -0.189453 -0.308594
0.072266 -0.057129 -0.363281 -0.099121
-0.406250 -0.300781 0.107422 -0.087402
-0.023560 -0.166992 -0.068359 0.249023
-0.296875 -0.194336 -0.423828 -0.201172
0.045898 -0.128906 0.009766 -0.181641
0.025635 -0.192383 -0.093262 -0.195312
-0.417969 -0.527344 -0.419922 -0.250000
0.048340 -0.511719 -0.427734 -0.824219
-0.265625 -0.328125 -0.349609 0.022339
0.024048 -0.390625 0.058105 0.018311
-0.115723 -0.101562 0.224609 -0.031738
-0.032715 0.067383 -0.335938 -0.057617
0.151367 -0.136719 -0.031982 -0.073730
-0.160156 -0.192383 -0.241211 -0.158203
-0.419922 -0.131836 -0.324219 -0.096680
-0.453125 0.015381 -0.412109 -0.060547
-0.195312 -0.251953 -0.110840 -0.246094
-0.458984 -0.136719 -0.135742 -0.349609
-0.414062 0.161133 0.026855 -0.003357
0.034912 -0.277344 -0.519531 -0.171875
-0.535156 0.090820 0.077148 -0.304688
0.214844 -0.143555 -0.133789 -0.002548
-0.157227 -0.229492 0.239258 -0.158203
0.217773 -0.131836 -0.386719 -0.337891
-0.392578 -0.207031 -0.433594 -0.156250
-0.089355 0.261719 0.037598 0.051025
-0.101074 -0.047607 -0.412109 -0.209961
-0.209961 -0.078613 -0.215820 0.043701
-0.296875 -0.255859 -0.287109 -0.073730
-0.086426 -0.289062 -0.098145 0.098633
-0.269531 -0.166016 -0.535156 -0.263672
-0.019531 -0.367188 -0.145508 -0.380859
0.054688 -0.065918 -0.261719 0.065918
-0.035400 -0.357422 0.021118 -0.137695
-0.182617 -0.263672 -0.197266 0.006348
-0.330078 -0.165039 -0.746094 -0.218750
-0.099121 -0.439453 0.065918 -0.400391
0.030396 -0.429688 0.034668 -0.333984
-0.123047 -0.441406 -0.462891 -0.050537
-0.051514 -0.251953 -0.339844 -0.157227
0.125977 -0.535156 -0.285156 -0.171875
0.154297 -0.371094 -0.140625 -0.066406
0.151367 -0.285156 -0.063477 0.001091
-0.006348 0.037109 -0.267578 -0.437500
-0.006561 -0.150391 -0.076660 -0.097656
0.019897 -0.156250 0.003403 -0.314453
-0.503906 -0.163086 -0.296875 0.010559
-0.310547 -0.128906 -0.160156 -0.040039
-0.218750 -0.253906 -0.431641 -0.333984
-0.585938 -0.255859 0.112305 -0.233398
-0.460938 -0.054443 -0.070801 0.024658
-0.013977 -0.322266 -0.218750 -0.133789
-0.239258 -0.203125 -0.371094 -0.197266
0.085449 -0.265625 -0.511719 -0.157227
-0.104004 -0.443359 0.002762 -0.484375
0.108887 -0.225586 -0.455078 -0.172852
-0.158203 -0.168945 -0.320312 -0.208008
-0.059082 -0.208008 -0.067383 -0.026001
-0.390625 -0.004303 -0.306641 -0.074219
-0.186523 -0.289062 0.096680 -0.114258
-0.067383 -0.249023 0.037354 0.040039
0.257812 -0.339844 0.055420 0.156250
-0.140625 -0.173828 -0.462891 0.142578
-0.018066 -0.386719 -0.351562 0.125977
0.011292 0.060059 -0.566406 0.186523
-0.292969 -0.273438 -0.059570 0.019043
-0.355469 -0.042480 -0.131836 -0.375000
-0.332031 -0.080078 -0.373047 -0.281250
-0.416016 -0.322266 -0.069824 -0.431641
0.001389 -0.357422 0.243164 -0.468750
-0.161133 -0.080078 0.132812 0.132812
-0.032471 -0.142578 -0.208984 -0.202148
0.047119 0.020752 -0.369141 -0.171875
-0.345703 -0.412109 -0.427734 -0.412109
0.021118 -0.120605 -0.125000 -0.087891
-0.001701 -0.032715 -0.380859 -0.640625
-0.183594 -0.155273 -0.390625 -0.084473
0.103516 -0.053467 -0.231445 -0.349609
-0.287109 -0.113281 -0.064453 -0.184570
-0.147461 -0.330078 -0.083008 0.053223
-0.241211 -0.347656 -0.730469 -0.164062
-0.300781 -0.149414 -0.343750 -0.028687
0.025269 -0.113770 -0.065430 -0.027832
-0.040771 -0.251953 -0.224609 -0.181641
-0.190430 -0.562500 -0.231445 -0.199219
-0.155273 -0.104004 -0.173828 0.108887
-0.096191 -0.205078 -0.246094 -0.482422
-0.121094 -0.365234 -0.220703 0.188477
-0.263672 -0.137695 -0.103516 -0.197266
-0.073730 -0.190430 -0.343750 0.031494
0.030640 -0.042969 -0.090820 -0.114746
-0.069824 -0.092773 -0.023926 -0.320312
-0.174805 -0.271484 -0.369141 -0.057373
0.033936 -0.133789 -0.059082 -0.400391
-0.259766 -0.154297 0.011475 -0.484375
-0.093262 -0.147461 -0.170898 -0.267578
-0.390625 -0.057129 -0.231445 -0.067871
-0.261719 -0.162109 -0.089355 -0.017456
-0.410156 -0.308594 -0.244141 -0.129883
-0.126953 -0.119141 -0.126953 -0.124023
-0.143555 -0.324219 -0.285156 -0.097656
-0.002823 -0.406250 -0.318359 0.102051
-0.196289 0.025635 -0.085449 -0.164062
-0.075684 -0.067871 -0.097168 0.050293
-0.093750 -0.187500 -0.120117 -0.154297
-0.139648 -0.337891 0.034668 -0.168945
-0.199219 -0.400391 -0.367188 -0.229492
0.044189 -0.050049 0.125977 -0.237305
-0.281250 -0.273438 -0.314453 -0.180664
-0.255859 -0.124023 -0.261719 -0.412109
-0.349609 -0.014832 -0.251953 -0.318359
-0.005920 -0.271484 -0.255859 0.007233
-0.148438 -0.308594 -0.123535 -0.210938
-0.353516 -0.208008 -0.118164 -0.192383
-0.269531 -0.343750 -0.006775 -0.068359
0.062988 -0.269531 -0.183594 -0.263672
-0.167969 -0.332031 -0.155273 -0.044189
-0.086914 -0.174805 -0.134766 -0.153320
-0.439453 -0.090332 -0.057617 -0.023926
-0.287109 -0.263672 -0.150391 -0.119629
-0.245117 -0.365234 -0.160156 -0.190430
-0.030884 -0.408203 -0.087891 0.059570
-0.353516 0.056152 -0.091797 -0.210938
-0.085938 -0.088867 -0.174805 -0.341797
-0.253906 -0.244141 -0.218750 0.047607
-0.109863 -0.207031 -0.003784 -0.173828
0.013489 -0.175781 -0.076660 -0.357422
-0.406250 -0.174805 -0.155273 -0.175781
-0.333984 0.045166 -0.355469 -0.300781
-0.353516 -0.073730 0.047363 -0.347656
-0.314453 -0.347656 -0.255859 -0.220703
-0.394531 -0.103516 -0.200195 -0.248047
-0.190430 -0.094238 -0.166992 -0.138672
0.048096 -0.249023 -0.203125 -0.046143
-0.108398 -0.012146 -0.287109 -0.200195
0.003113 -0.125000 -0.107910 -0.015442
-0.046387 -0.094238 -0.210938 -0.150391
-0.539062 -0.392578 -0.140625 -0.109375
-0.408203 -0.382812 -0.425781 -0.197266
-0.084961 0.067383 -0.060059 -0.178711
-0.482422 -0.349609 -0.291016 -0.265625
-0.283203 -0.109863 -0.330078 -0.212891
-0.220703 -0.447266 -0.382812 -0.156250
0.008850 -0.425781 -0.417969 0.019409
-0.189453 -0.101562 -0.057617 -0.173828
-0.166016 -0.542969 -0.466797 -0.137695
-0.269531 -0.621094 -0.074219 0.075195
0.014648 -0.238281 -0.073730 -0.010010
-0.355469 -0.255859 -0.200195 -0.320312
-0.007599 -0.075684 -0.079102 -0.200195
-0.180664 -0.072266 -0.126953 -0.093750
-0.335938 -0.251953 -0.162109 -0.148438
-0.106445 -0.388672 -0.179688 -0.161133
0.051758 -0.223633 -0.550781 0.051025
-0.363281 -0.030273 -0.084961 -0.137695
-0.109863 -0.347656 -0.185547 -0.149414
-0.294922 -0.224609 -0.151367 0.069824
-0.021851 -0.180664 0.046387 -0.091797
-0.139648 -0.187500 -0.205078 -0.027100
-0.188477 -0.298828 -0.186523 -0.178711
0.037842 0.013672 -0.106445 -0.277344
-0.455078 -0.034424 -0.048584 -0.550781
-0.128906 -0.211914 -0.304688 -0.539062
-0.248047 -0.054443 -0.435547 -0.365234
-0.451172 -0.300781 -0.207031 -0.289062
0.068359 -0.378906 -0.316406 -0.176758
-0.041504 -0.277344 -0.423828 -0.028564
-0.008240 -0.131836 -0.091309 -0.275391
-0.057373 -0.250000 -0.347656 -0.265625
-0.250000 -0.208984 -0.335938 -0.149414
-0.211914 -0.304688 -0.335938 -0.148438
-0.070801 0.004364 -0.273438 -0.037598
-0.324219 -0.161133 -0.392578 -0.233398
-0.365234 -0.192383 -0.365234 -0.016235
-0.173828 -0.275391 -0.175781 -0.078125
-0.138672 -0.212891 -0.056641 -0.018677
-0.147461 -0.140625 -0.152344 -0.251953
-0.394531 -0.527344 -0.208984 -0.167969
-0.005585 -0.332031 -0.062988 -0.009338
-0.031982 -0.086426 -0.104980 -0.208984
-0.222656 -0.390625 -0.229492 -0.535156
-0.239258 -0.184570 -0.249023 -0.113770
-0.318359 -0.226562 -0.306641 -0.109863
-0.500000 -0.433594 -0.343750 -0.084961
-0.244141 -0.175781 -0.316406 -0.158203
0.006836 -0.057617 -0.404297 -0.067871
-0.083496 -0.013184 -0.205078 -0.134766
-0.349609 -0.188477 -0.142578 -0.373047
-0.205078 -0.421875 -0.027344 -0.004059
-0.285156 -0.320312 0.072266 -0.002441
0.060303 -0.154297 -0.141602 -0.127930
-0.139648 -0.172852 -0.032715 -0.400391
-0.343750 -0.044434 -0.190430 -0.226562
-0.332031 0.020264 0.043701 -0.052979
-0.062500 -0.137695 0.071777 -0.102539
-0.333984 -0.186523 -0.382812 -0.291016
-0.087891 -0.394531 -0.005951 -0.219727
-0.080566 -0.109863 0.050049 0.081055
-0.120605 -0.304688 0.010132 -0.261719
-0.349609 -0.431641 -0.059326 -0.227539
-0.419922 -0.027710 -0.304688 -0.347656
-0.294922 -0.408203 0.026001 0.001953
-0.171875 -0.355469 -0.253906 -0.582031
-0.100098 -0.015747 -0.320312 0.029419
-0.271484 -0.243164 -0.238281 -0.349609
-0.330078 -0.073730 -0.090820 -0.058594
-0.361328 0.312500 0.027100 -0.186523
-0.394531 -0.251953 0.071289 -0.016235
0.058350 -0.241211 0.086426 -0.159180
-0.402344 -0.355469 -0.069336 -0.425781
-0.400391 -0.259766 -0.033447 0.031738
-0.031738 0.054199 -0.046875 -0.289062
-0.267578 -0.500000 -0.233398 -0.593750
-0.144531 0.045166 -0.128906 -0.220703
-0.121582 -0.188477 -0.291016 0.159180
-0.287109 -0.390625 -0.238281 -0.273438
-0.233398 -0.099121 -0.223633 -0.213867
0.027100 -0.427734 -0.478516 -0.031250
-0.145508 0.051270 -0.200195 -0.066406
-0.062256 -0.071289 -0.392578 -0.574219
0.009827 -0.291016 -0.182617 -0.000376
-0.367188 -0.447266 0.018311 -0.468750
-0.246094 -0.134766 -0.171875 -0.367188
0.045654 -0.133789 -0.330078 -0.000257
-0.523438 -0.062500 -0.320312 -0.283203
-0.161133 0.017822 -0.011719 -0.478516
-0.261719 -0.480469 -0.429688 -0.073730
-0.304688 -0.031494 -0.277344 -0.097656
-0.249023 -0.222656 -0.388672 -0.220703
-0.028687 -0.151367 0.005066 -0.500000
-0.223633 -0.349609 -0.099121 -0.441406
-0.036621 -0.241211 -0.285156 -0.071289
0.011780 -0.008728 -0.320312 -0.291016
-0.226562 -0.289062 -0.007599 -0.226562
-0.294922 -0.605469 -0.416016 -0.225586
-0.019775 -0.052246 -0.132812 -0.273438
-0.145508 -0.196289 -0.361328 -0.115723
-0.457031 -0.081543 -0.392578 -0.199219
-0.242188 -0.188477 -0.265625 -0.250000
-0.359375 -0.468750 0.074219 0.020874
-0.302734 -0.212891 -0.339844 -0.152344
-0.187500 -0.050049 -0.179688 -0.016602
-0.237305 -0.322266 -0.047119 0.001335
0.037354 -0.328125 -0.140625 -0.138672
0.011353 -0.427734 -0.326172 -0.523438
-0.098633 -0.008484 -0.193359 -0.242188
-0.218750 -0.181641 -0.380859 -0.221680
-0.220703 -0.275391 -0.157227 -0.404297
-0.099121 -0.349609 -0.087402 -0.289062
-0.017212 -0.298828 -0.408203 0.031128
-0.245117 0.018433 -0.376953 -0.253906
-0.273438 -0.098633 -0.168945 -0.398438
-0.484375 -0.250000 -0.200195 -0.051758
-0.226562 -0.363281 -0.021973 -0.507812
-0.398438 -0.069824 -0.133789 -0.182617
-0.186523 -0.189453 -0.443359 -0.091309
-0.159180 0.043457 -0.119629 -0.429688
-0.147461 -0.371094 -0.019775 -0.425781
-0.074219 -0.337891 -0.229492 -0.380859
-0.209961 0.013794 -0.232422 -0.182617
-0.223633 -0.220703 -0.335938 -0.087402
-0.008179 -0.011597 -0.341797 -0.523438
-0.218750 -0.136719 -0.141602 0.026489
0.026733 -0.159180 -0.283203 -0.201172
-0.054199 -0.257812 -0.112793 -0.135742
-0.182617 -0.033691 -0.235352 -0.382812
-0.273438 -0.365234 -0.211914 -0.052979
-0.065918 -0.061035 -0.429688 -0.458984
-0.292969 -0.233398 -0.310547 -0.330078
-0.390625 -0.095703 -0.437500 -0.246094
-0.300781 -0.349609 -0.110352 -0.257812
-0.376953 -0.208984 -0.212891 -0.024658
-0.332031 -0.318359 -0.296875 -0.384766
0.091309 -0.022217 -0.223633 -0.115234
-0.057861 -0.353516 -0.072266 0.041504
-0.066406 -0.189453 -0.300781 -0.001541
0.025024 -0.406250 -0.261719 -0.061035
-0.470703 -0.182617 -0.050537 -0.158203
-0.209961 -0.132812 -0.507812 -0.304688
-0.349609 -0.040283 -0.149414 -0.013550
-0.250000 0.029663 0.138672 -0.209961
-0.045166 -0.390625 -0.460938 -0.005493
-0.271484 -0.025391 -0.267578 -0.457031
-0.431641 -0.028442 0.060791 -0.535156
-0.136719 -0.182617 -0.200195 0.038574
-0.165039 -0.051270 0.068848 -0.041016
-0.257812 -0.259766 -0.449219 -0.648438
-0.335938 -0.250000 -0.498047 -0.263672
-0.220703 -0.044434 -0.220703 0.052490
-0.361328 -0.127930 -0.029541 -0.269531
-0.464844 -0.237305 -0.292969 -0.285156
-0.468750 -0.503906 -0.224609 -0.187500
-0.227539 -0.384766 -0.441406 -0.656250
-0.015076 -0.283203 -0.300781 -0.482422
-0.322266 -0.138672 -0.066406 0.022705
-0.176758 0.128906 -0.000759 -0.009583
-0.589844 -0.208984 -0.410156 -0.408203
-0.160156 -0.570312 -0.080078 -0.186523
-0.382812 -0.451172 -0.490234 -0.275391
0.043213 0.004852 -0.375000 -0.400391
-0.300781 -0.308594 -0.386719 -0.230469
-0.460938 -0.232422 0.083496 -0.164062
-0.410156 -0.108398 -0.211914 -0.275391
-0.080078 -0.785156 0.071289 0.055176
-0.214844 -0.322266 -0.443359 -0.289062
-0.429688 0.005676 -0.095215 -0.071289
-0.291016 -0.035400 -0.024658 0.032227
-0.001160 -0.406250 -0.351562 -0.019043
-0.074707 -0.361328 -0.357422 -0.265625
-0.412109 -0.128906 -0.617188 -0.044678
0.148438 -0.204102 -0.124023 -0.468750
-0.185547 -0.466797 -0.240234 -0.167969
-0.017212 -0.369141 -0.059570 -0.011597
0.014526 -0.214844 0.119141 -0.063477
-0.326172 -0.008972 -0.170898 -0.275391
-0.326172 -0.183594 -0.055176 -0.562500
-0.069336 -0.042480 -0.357422 0.064453
-0.191406 -0.023926 -0.013489 -0.255859
-0.361328 -0.527344 -0.291016 -0.511719
-0.503906 -0.066406 -0.574219 0.042236
-0.468750 0.058350 -0.193359 -0.120117
-0.285156 -0.427734 -0.032715 -0.071777
-0.527344 -0.214844 -0.092285 -0.281250
-0.400391 -0.206055 0.020874 -0.027100
-0.333984 -0.135742 -0.294922 -0.219727
0.002319 -0.283203 -0.644531 -0.498047
-0.208008 -0.345703 -0.064941 -0.435547
0.019897 -0.107422 -0.223633 0.019775
0.031250 -0.009644 -0.166016 0.018066
-0.656250 -0.060303 -0.011536 -0.298828
-0.593750 -0.333984 -0.291016 0.208008
0.037354 -0.046631 -0.621094 -0.263672
-0.176758 -0.357422 -0.277344 -0.001732
-0.656250 -0.259766 -0.189453 -0.355469
-0.365234 -0.470703 -0.215820 -0.574219
-0.328125 -0.328125 -0.093750 -0.055420
-0.437500 -0.289062 -0.193359 -0.310547
-0.034668 0.040527 -0.621094 -0.404297
0.049805 -0.435547 -0.056152 -0.045166
-0.040527 -0.433594 -0.494141 -0.136719
-0.015381 -0.330078 0.098633 -0.490234
-0.267578 -0.066406 -0.140625 -0.527344
-0.498047 -0.131836 -0.188477 -0.126953
-0.359375 -0.128906 -0.044678 0.054199
-0.098633 -0.201172 -0.279297 0.226562
0.004639 -0.183594 -0.410156 0.047852
-0.055908 0.052246 0.017334 -0.054443
-0.149414 -0.546875 -0.239258 -0.005005
-0.182617 -0.177734 -0.496094 0.020264
-0.243164 -0.361328 -0.063965 -0.345703
-0.419922 -0.546875 -0.169922 -0.388672
-0.061035 -0.072266 -0.185547 -0.275391
0.025269 0.056641 -0.118164 -0.322266
-0.550781 -0.302734 -0.005676 -0.133789
-0.437500 -0.523438 -0.054688 -0.161133
0.039795 -0.206055 -0.017944 -0.000075
-0.190430 -0.176758 -0.294922 0.038086
-0.019531 -0.322266 -0.597656 0.094238
-0.188477 -0.308594 -0.154297 -0.028198
-0.014099 -0.339844 -0.113770 -0.277344
-0.038818 -0.215820 -0.015747 0.151367
-0.445312 -0.251953 0.128906 0.078125
-0.310547 -0.414062 -0.016724 0.047363
-0.030640 0.023315 -0.453125 0.070312
-0.044434 -0.382812 -0.492188 -0.632812
-0.324219 -0.359375 -0.292969 -0.316406
-0.402344 -0.167969 -0.316406 0.000771
-0.404297 0.060791 -0.433594 -0.049316
-0.068359 -0.049316 0.251953 -0.312500
-0.103516 -0.062500 -0.455078 -0.601562
-0.133789 -0.179688 0.025513 0.001152
0.055420 -0.141602 -0.292969 -0.179688
-0.188477 0.099609 0.166016 0.062012
-0.020630 -0.153320 0.040527 -0.187500
-0.287109 -0.104492 -0.020996 0.095215
-0.160156 0.010193 -0.291016 -0.361328
-0.064453 -0.412109 0.056885 -0.335938
-0.023193 0.018066 -0.337891 -0.033936
-0.376953 -0.001831 -0.077148 -0.088379
-0.125977 0.039062 -0.026489 -0.113770
-0.013611 -0.213867 -0.200195 0.050293
-0.069336 -0.170898 0.015747 -0.341797
-0.398438 -0.197266 -0.208008 -0.222656
-0.300781 -0.125000 -0.621094 -0.137695
-0.250000 -0.055664 -0.478516 -0.117676
-0.259766 -0.168945 -0.019165 -0.289062
-0.275391 -0.482422 -0.195312 -0.230469
-0.384766 -0.227539 -0.277344 -0.199219
-0.169922 -0.376953 -0.117676 -0.519531
-0.068359 -0.640625 -0.173828 -0.488281
-0.084473 0.033447 -0.269531 -0.120605
0.050293 -0.001846 -0.069824 -0.073242
-0.378906 -0.239258 -0.378906 -0.151367
-0.157227 -0.406250 0.009644 -0.161133
-0.110352 -0.308594 0.070801 -0.224609
-0.066895 0.002441 -0.273438 -0.656250
-0.045898 -0.079590 -0.474609 -0.171875
-0.129883 -0.163086 -0.061279 -0.396484
0.011658 -0.371094 -0.300781 -0.472656
-0.165039 -0.384766 -0.257812 0.031006
-0.357422 -0.349609 -0.421875 -0.427734
-0.202148 -0.353516 -0.171875 0.053955
0.021973 -0.047852 0.013611 0.044922
0.058838 -0.324219 -0.351562 -0.009155
0.061523 -0.371094 -0.101562 -0.075684
-0.106934 -0.232422 -0.173828 -0.104004
-0.300781 -0.194336 -0.099609 -0.219727
-0.185547 -0.390625 -0.191406 0.064453
0.039551 -0.392578 -0.113770 -0.210938
-0.097168 -0.224609 -0.269531 0.032227
-0.421875 0.026001 0.127930 -0.006500
0.137695 -0.067383 0.109863 -0.102539
-0.024902 -0.519531 -0.088867 -0.030884
-0.043945 0.022827 -0.058350 -0.294922
-0.494141 -0.578125 -0.224609 -0.369141
-0.421875 -0.032471 -0.402344 -0.169922
-0.221680 0.049072 -0.248047 -0.003647
-0.332031 -0.039795 -0.055664 -0.209961
-0.369141 -0.119141 -0.347656 -0.396484
-0.165039 -0.122559 -0.384766 -0.332031
-0.289062 -0.042725 -0.120605 -0.535156
0.062500 -0.757812 -0.261719 -0.277344
-0.166016 -0.117188 -0.421875 -0.159180
0.059814 -0.199219 0.035645 -0.112305
-0.046387 -0.361328 -0.427734 -0.176758
-0.431641 -0.253906 -0.006500 -0.076660
-0.150391 -0.178711 -0.134766 -0.121094
-0.013550 -0.030029 -0.020264 -0.095703
-0.229492 -0.251953 -0.621094 0.065430
-0.018066 -0.227539 -0.298828 -0.578125
0.035156 -0.308594 -0.169922 -0.314453
-0.129883 -0.341797 -0.373047 -0.019775
-0.122070 -0.308594 -0.112793 -0.535156
-0.115234 -0.378906 -0.435547 -0.310547
-0.026611 -0.119629 0.035889 -0.042725
-0.057617 -0.427734 -0.339844 -0.094238
-0.283203 -0.082520 -0.257812 -0.283203
-0.466797 -0.318359 -0.211914 -0.359375
-0.237305 -0.155273 -0.058105 -0.033691
-0.176758 -0.304688 -0.247070 -0.044922
-0.009399 -0.414062 -0.289062 -0.144531
-0.044189 -0.308594 -0.330078 0.070312
-0.285156 0.006714 -0.032227 -0.071777
-0.040039 -0.535156 -0.146484 -0.216797
-0.228516 -0.343750 -0.429688 0.032227
-0.136719 -0.185547 -0.055420 -0.159180
-0.215820 -0.757812 -0.167969 -0.390625
-0.433594 -0.250000 -0.127930 -0.134766
-0.103516 0.027466 -0.141602 -0.172852
-0.043945 0.126953 0.059326 -0.171875
-0.406250 -0.219727 -0.164062 -0.535156
-0.214844 -0.100098 -0.074219 -0.208008
0.031982 -0.201172 -0.104492 -0.063477
-0.015137 -0.460938 -0.298828 -0.191406
-0.507812 -0.453125 -0.304688 -0.036621
0.025269 -0.308594 -0.073730 -0.281250
0.020020 -0.388672 -0.337891 -0.304688
-0.570312 -0.099609 0.042725 -0.175781
-0.423828 -0.251953 -0.388672 -0.209961
-0.059082 -0.070801 -0.051025 -0.030029
-0.458984 -0.351562 -0.345703 -0.439453
-0.241211 0.043457 -0.292969 -0.416016
-0.199219 -0.249023 -0.015503 -0.044678
-0.351562 -0.447266 -0.359375 0.060547
-0.077637 -0.039307 -0.157227 -0.249023
-0.162109 -0.339844 -0.621094 -0.539062
0.014221 -0.129883 -0.041016 0.012329
0.010071 -0.211914 -0.004639 -0.394531
-0.333984 -0.121094 -0.193359 -0.187500
-0.441406 -0.255859 -0.120605 -0.347656
-0.044434 -0.423828 -0.184570 -0.187500
-0.174805 -0.281250 -0.332031 -0.220703
-0.138672 -0.343750 -0.088867 -0.083496
-0.024780 -0.367188 -0.255859 0.066406
-0.198242 -0.068359 0.044434 -0.398438
-0.199219 0.001648 -0.103516 -0.476562
-0.056641 0.000641 -0.143555 -0.057373
-0.042725 -0.088379 -0.009521 -0.416016
-0.261719 -0.054932 -0.013672 0.044678
-0.084473 -0.007812 -0.423828 0.007874
0.022583 0.069336 -0.308594 -0.265625
-0.107910 -0.026733 -0.002594 -0.143555
-0.251953 -0.250000 -0.308594 -0.384766
-0.384766 -0.451172 -0.122070 -0.140625
-0.107910 -0.111816 -0.143555 -0.193359
0.033691 -0.289062 -0.249023 -0.355469
-0.076660 0.069824 -0.202148 -0.192383
-0.117676 -0.042236 -0.157227 0.054688
-0.136719 -0.050293 -0.369141 -0.233398
-0.239258 -0.232422 -0.001930 -0.255859
-0.177734 -0.363281 -0.589844 -0.168945
-0.023560 -0.049316 0.068359 -0.406250
-0.410156 -0.367188 -0.414062 -0.384766
-0.511719 -0.150391 -0.206055 -0.441406
-0.213867 -0.322266 -0.605469 -0.248047
0.071289 -0.695312 -0.371094 -0.020508
-0.371094 -0.109375 -0.168945 -0.225586
0.020996 -0.112305 -0.535156 -0.037354
-0.015015 -0.617188 0.020874 0.049316
0.045654 -0.164062 -0.443359 -0.196289
-0.030884 -0.152344 -0.100098 -0.058594
-0.213867 -0.228516 -0.201172 -0.269531
-0.349609 -0.100098 -0.314453 -0.312500
-0.605469 -0.154297 -0.215820 0.047852
0.091309 -0.194336 -0.253906 0.038086
-0.063965 -0.443359 -0.211914 -0.033936
-0.380859 0.037109 0.139648 -0.267578
-0.167969 -0.089844 -0.174805 -0.069824
-0.386719 -0.259766 -0.102539 -0.056152
-0.012939 -0.117676 -0.050049 -0.294922
-0.238281 -0.121094 0.101074 -0.118652
-0.096191 -0.188477 -0.111328 -0.414062
-0.139648 0.057617 -0.359375 -0.330078
-0.109863 -0.212891 0.019043 -0.006317
-0.196289 -0.269531 -0.197266 -0.188477
-0.318359 -0.186523 -0.235352 -0.249023
-0.106445 -0.099609 -0.392578 -0.137695
0.024292 -0.429688 -0.221680 -0.174805
-0.105469 -0.004517 -0.029907 -0.225586
-0.054688 -0.050293 -0.244141 -0.055664
0.017578 -0.154297 -0.419922 -0.223633
0.023682 -0.082031 -0.058350 -0.255859
-0.219727 -0.212891 -0.296875 -0.189453
0.021729 -0.035156 0.061523 -0.287109
-0.113281 -0.447266 -0.324219 -0.191406
-0.490234 -0.043945 -0.441406 -0.107910
-0.190430 -0.257812 -0.110840 -0.208008
0.026489 -0.291016 -0.063965 -0.003845
-0.082031 -0.140625 -0.127930 -0.114258
-0.111816 -0.220703 -0.165039 -0.150391
-0.114258 -0.458984 -0.008789 -0.017212
0.063965 -0.123047 -0.149414 -0.056396
-0.275391 -0.217773 -0.243164 -0.080078
-0.127930 -0.128906 -0.011536 -0.263672
-0.388672 -0.081055 -0.382812 -0.161133
-0.378906 -0.244141 -0.507812 -0.208984
-0.043457 0.017090 -0.172852 -0.351562
0.003159 -0.322266 -0.261719 -0.007080
-0.443359 -0.043213 -0.144531 -0.134766
-0.371094 -0.248047 -0.231445 -0.384766
-0.147461 -0.122070 -0.279297 0.066406
-0.021606 -0.271484 -0.095215 -0.239258
-0.300781 -0.380859 -0.363281 -0.273438
-0.163086 -0.386719 -0.187500 -0.458984
-0.182617 0.055176 -0.133789 -0.250000
-0.039307 0.007568 -0.054443 -0.225586
-0.249023 -0.320312 0.007935 -0.216797
-0.308594 -0.144531 -0.257812 -0.496094
-0.122070 -0.343750 -0.507812 -0.306641
0.019531 -0.322266 -0.273438 -0.289062
-0.371094 -0.478516 -0.080078 0.003403
-0.014282 -0.129883 -0.185547 -0.478516
-0.037598 -0.197266 -0.215820 -0.474609
-0.308594 -0.294922 -0.277344 -0.172852
-0.275391 -0.267578 -0.261719 -0.396484
-0.060791 0.046387 -0.245117 -0.245117
-0.168945 -0.496094 -0.067871 -0.335938
-0.164062 -0.108887 -0.128906 -0.251953
-0.558594 -0.037842 -0.049805 -0.220703
-0.129883 -0.433594 -0.158203 -0.015869
-0.143555 -0.291016 -0.174805 -0.202148
-0.055420 -0.116211 -0.206055 -0.109863
-0.261719 -0.024414 0.015015 0.027832
0.052002 -0.135742 -0.273438 -0.357422
-0.198242 -0.265625 -0.298828 -0.229492
-0.265625 -0.076660 -0.053955 -0.198242
-0.019653 -0.431641 -0.341797 -0.253906
-0.102539 -0.271484 -0.380859 -0.001442
-0.018799 -0.008057 -0.558594 -0.255859
-0.034424 -0.053711 -0.167969 -0.011536
-0.275391 0.025269 -0.287109 -0.164062
-0.390625 -0.511719 -0.707031 -0.128906
-0.271484 -0.484375 -0.234375 0.022705
-0.003387 -0.488281 0.030273 -0.083008
-0.232422 -0.068359 -0.114746 0.075195
-0.017578 -0.195312 -0.191406 -0.184570
-0.236328 -0.036865 -0.012390 -0.482422
-0.102539 -0.245117 0.015869 -0.096191
0.077148 -0.181641 -0.017578 -0.296875
-0.043945 0.083008 -0.292969 -0.072754
-0.084473 -0.159180 0.000183 -0.378906
-0.067383 -0.339844 0.038574 0.051270
-0.431641 -0.511719 -0.030884 -0.178711
-0.223633 -0.613281 -0.337891 -0.310547
-0.013489 0.086426 -0.224609 -0.072754
-0.168945 -0.086426 -0.087402 -0.039795
-0.453125 -0.343750 -0.157227 -0.008118
0.045898 0.045166 -0.437500 -0.373047
-0.028198 -0.079102 -0.570312 -0.179688
-0.298828 -0.168945 -0.367188 -0.277344
-0.318359 -0.283203 0.057617 -0.026123
-0.445312 -0.357422 -0.025635 -0.054688
-0.020142 -0.142578 -0.180664 -0.124512
-0.232422 -0.306641 -0.507812 -0.224609
-0.492188 -0.255859 0.001953 0.059814
0.057129 -0.149414 -0.150391 -0.242188
-0.287109 -0.131836 -0.220703 -0.535156
-0.185547 -0.259766 -0.072754 -0.275391
-0.511719 -0.098145 -0.369141 -0.156250
-0.425781 0.004761 -0.455078 -0.439453
-0.211914 -0.040527 -0.088867 -0.566406
0.070312 -0.146484 -0.386719 -0.009521
-0.028320 -0.043701 -0.601562 -0.125977
-0.216797 -0.104980 -0.656250 0.063965
-0.500000 -0.644531 -0.203125 0.018311
-0.285156 -0.546875 0.024902 -0.318359
-0.625000 -0.250000 -0.019775 0.064941
-0.146484 -0.402344 0.024536 -0.484375
-0.221680 0.056641 -0.267578 -0.035889
-0.201172 -0.460938 -0.036865 -0.143555
0.022095 -0.126953 -0.077148 -0.148438
0.044434 -0.249023 -0.160156 -0.369141
-0.210938 -0.198242 -0.029541 -0.156250
-0.069824 -0.130859 0.070801 -0.150391
-0.204102 -0.318359 -0.124512 -0.269531
-0.034912 -0.597656 -0.112305 -0.562500
-0.044678 -0.157227 0.100098 -0.273438
0.093262 -0.015564 -0.150391 -0.179688
-0.326172 -0.103027 0.061523 -0.365234
0.017578 -0.004150 -0.094238 -0.341797
0.016724 -0.339844 -0.291016 -0.570312
0.160156 -0.104004 -0.057373 -0.445312
-0.292969 -0.088379 0.006989 -0.235352
-0.308594 0.076172 -0.004456 -0.005127
-0.033447 -0.000614 -0.306641 0.011597
-0.343750 -0.175781 -0.032715 -0.029053
-0.535156 -0.015259 0.035889 -0.009766
0.066895 0.023071 -0.215820 -0.250000
-0.226562 -0.056885 -0.433594 -0.363281
-0.145508 -0.182617 -0.074219 0.063477
-0.300781 -0.378906 -0.110352 -0.199219
-0.320312 -0.392578 -0.291016 -0.429688
-0.585938 -0.004852 -0.193359 -0.404297
-0.047363 -0.151367 -0.320312 0.009338
-0.049561 -0.044922 -0.609375 -0.053711
-0.394531 -0.041016 -0.333984 -0.320312
-0.515625 0.028320 -0.445312 -0.005157
-0.335938 -0.071289 -0.063965 -0.273438
-0.474609 -0.294922 -0.181641 -0.277344
-0.198242 -0.546875 -0.145508 -0.396484
-0.064941 -0.057861 -0.542969 -0.019897
0.010986 -0.410156 0.052002 -0.228516
-0.376953 -0.003876 -0.223633 -0.019653
-0.177734 -0.423828 -0.683594 -0.215820
-0.298828 -0.308594 -0.416016 -0.369141
0.054443 0.013733 -0.312500 -0.314453
-0.349609 -0.302734 -0.183594 -0.140625
-0.065918 -0.359375 -0.388672 -0.141602
-0.052490 -0.363281 -0.095703 -0.601562
-0.044434 -0.429688 -0.382812 -0.224609
-0.322266 -0.091309 -0.112793 -0.445312
-0.071777 -0.052246 -0.055664 -0.349609
-0.039307 -0.478516 0.171875 -0.296875
0.069336 -0.156250 0.201172 -0.135742
-0.388672 -0.077148 -0.310547 -0.486328
-0.108398 -0.142578 0.011902 0.017822
-0.283203 -0.566406 -0.365234 -0.394531
-0.447266 -0.308594 -0.000622 -0.201172
-0.439453 0.013855 0.026367 -0.036377
0.021973 -0.363281 -0.494141 -0.271484
-0.104004 -0.351562 -0.160156 -0.511719
-0.279297 -0.241211 -0.343750 -0.188477
0.024292 -0.566406 -0.034180 -0.419922
-0.116211 -0.585938 -0.209961 -0.300781
-0.310547 -0.166992 -0.245117 -0.032471
-0.122559 -0.173828 -0.236328 -0.197266
-0.007446 -0.150391 0.000000 0.000000
0.000000 0.000000 0.000000 0.000000
