-1.7578125e+00 -1.7578125e+00 -1.7578125e+00 -1.7578125e+00
-1.7578125e+00 -1.7578125e+00 -1.7578125e+00 -1.7578125e+00
-1.7578125e+00 -1.7578125e+00 -1.7578125e+00 -1.7578125e+00
-1.7578125e+00 -1.7578125e+00 -1.7578125e+00 -1.7578125e+00
-1.7578125e+00 -1.7578125e+00 -1.7578125e+00 -1.7578125e+00
-1.7578125e+00 -1.7578125e+00 -1.7578125e+00 -1.7578125e+00
-1.7578125e+00 -1.7578125e+00 -1.7578125e+00 -1.7578125e+00
-1.7578125e+00 -1.7578125e+00 -1.7578125e+00 -1.7578125e+00
-1.7578125e+00 -1.7578125e+00 -1.7578125e+00 -1.7578125e+00
-1.7578125e+00 -1.7578125e+00 -1.7578125e+00 -1.7578125e+00
-1.7578125e+00 -1.7578125e+00 -1.7578125e+00 -1.7578125e+00
-1.7578125e+00 -1.7578125e+00 -1.7578125e+00 -1.7578125e+00
-1.7578125e+00 -1.7578125e+00 -1.7578125e+00 -1.7578125e+00
-1.7578125e+00 -1.7578125e+00 -1.7578125e+00 -1.7578125e+00
-1.7578125e+00 -1.7578125e+00 -1.7578125e+00 -1.7578125e+00
-1.7578125e+00 -1.7578125e+00 -1.7578125e+00 -1.7578125e+00
-1.7578125e+00 -1.7578125e+00 -1.7578125e+00 -1.7578125e+00
-1.7578125e+00 -1.7578125e+00 -1.7578125e+00 -1.7578125e+00
-1.7578125e+00 -1.7578125e+00 -1.7578125e+00 -1.7578125e+00
-1.7578125e+00 -1.7578125e+00 -1.7578125e+00 -1.7578125e+00
-1.7578125e+00 -1.7578125e+00 -1.7578125e+00 -1.7578125e+00
-1.7578125e+00 -1.7578125e+00 -1.7578125e+00 -1.7578125e+00
-1.7578125e+00 -1.7578125e+00 -1.7578125e+00 -1.7578125e+00
-1.7578125e+00 -1.7578125e+00 -1.7578125e+00 -1.7578125e+00
-1.7578125e+00 -1.7578125e+00 -1.7578125e+00 -1.7578125e+00
-1.7578125e+00 -1.7578125e+00 -1.7578125e+00 -1.7578125e+00
-1.7578125e+00 -1.7578125e+00 -1.7578125e+00 -1.7578125e+00
-1.7578125e+00 -1.7578125e+00 -1.7578125e+00 -1.7578125e+00
-1.7578125e+00 -1.7578125e+00 -1.7578125e+00 -1.7578125e+00
-1.7578125e+00 -1.7578125e+00 -1.7578125e+00 -1.7578125e+00
-1.7578125e+00 -1.7578125e+00 -1.7578125e+00 -1.7578125e+00
-1.7578125e+00 -1.7578125e+00 -1.7578125e+00 -1.7578125e+00
-1.7578125e+00 -1.7578125e+00 -1.7578125e+00 -1.7578125e+00
-1.7578125e+00 -1.7578125e+00 -1.7578125e+00 -1.7578125e+00
-1.7578125e+00 -1.7578125e+00 -1.7578125e+00 -1.7578125e+00
-1.7578125e+00 -1.7578125e+00 -1.7578125e+00 -1.7578125e+00
-1.7578125e+00 -1.7578125e+00 -1.7578125e+00 -1.7578125e+00
-1.7578125e+00 -1.7578125e+00 -1.7578125e+00 -1.7578125e+00
-1.7578125e+00 -1.7578125e+00 -1.7578125e+00 -1.7578125e+00
-1.7578125e+00 -1.7578125e+00 -1.7578125e+00 -1.7578125e+00
-1.7578125e+00 -1.7578125e+00 -1.7578125e+00 -1.7578125e+00
-1.7578125e+00 -1.7578125e+00 -1.7578125e+00 -1.7578125e+00
-1.7578125e+00 -1.7578125e+00 -1.7578125e+00 -1.7578125e+00
-1.7578125e+00 -1.7578125e+00 -1.7578125e+00 -1.7578125e+00
-1.7578125e+00 -1.7578125e+00 -1.7578125e+00 -1.7578125e+00
-1.7578125e+00 -1.7578125e+00 -1.7578125e+00 -1.7578125e+00
-1.7578125e+00 -1.7578125e+00 -1.7578125e+00 -1.7578125e+00
-1.7578125e+00 -1.7578125e+00 -1.7578125e+00 -1.7578125e+00
-1.7578125e+00 -1.7578125e+00 -1.7578125e+00 -1.7578125e+00
-1.7578125e+00 -1.7578125e+00 -1.7578125e+00 -1.7578125e+00
-1.7578125e+00 -1.7578125e+00 -1.7578125e+00 -1.7578125e+00
-1.7578125e+00 -1.7578125e+00 -1.7578125e+00 -1.7578125e+00
-1.7578125e+00 -1.7578125e+00 -1.7578125e+00 -1.7578125e+00
-1.7578125e+00 -1.7578125e+00 -1.7578125e+00 -1.7578125e+00
-1.7578125e+00 -1.7578125e+00 -1.7578125e+00 -1.7578125e+00
-1.7578125e+00 -1.7578125e+00 -1.7578125e+00 -1.7578125e+00
-1.7578125e+00 -1.7578125e+00 -1.7578125e+00 -1.7578125e+00
-1.7578125e+00 -1.7578125e+00 -1.7578125e+00 -1.7578125e+00
-1.7578125e+00 -1.7578125e+00 -1.7578125e+00 -1.7578125e+00
-1.7578125e+00 -1.7578125e+00 -1.7578125e+00 -1.7578125e+00
-1.7578125e+00 -1.7578125e+00 -1.7578125e+00 -1.7578125e+00
-1.7578125e+00 -1.7578125e+00 -1.7578125e+00 -1.7578125e+00
-1.7578125e+00 -1.7578125e+00 -1.7578125e+00 -1.7578125e+00
-1.7578125e+00 -1.7578125e+00 -1.7578125e+00 -1.7578125e+00
-1.7578125e+00 -1.7578125e+00 -1.7578125e+00 -1.7578125e+00
-1.7578125e+00 -1.7578125e+00 -1.7578125e+00 -1.7578125e+00
-1.7578125e+00 -1.7578125e+00 -1.7578125e+00 -1.7578125e+00
-1.7578125e+00 -1.7578125e+00 -1.7578125e+00 -1.7578125e+00
-1.7578125e+00 -1.7578125e+00 -1.7578125e+00 -1.7578125e+00
-1.7578125e+00 -1.7578125e+00 -1.7578125e+00 -1.7578125e+00
-1.7578125e+00 -1.7578125e+00 -1.7578125e+00 -1.7578125e+00
-1.7578125e+00 -1.7578125e+00 -1.7578125e+00 -1.7578125e+00
-1.7578125e+00 -1.7578125e+00 -1.7578125e+00 -1.7578125e+00
-1.7578125e+00 -1.7578125e+00 -1.7578125e+00 -1.7578125e+00
-1.7578125e+00 -1.7578125e+00 -1.7578125e+00 -1.7578125e+00
-1.7578125e+00 -1.7578125e+00 -1.7578125e+00 -1.7578125e+00
-1.7578125e+00 -1.7578125e+00 -1.7578125e+00 -1.7578125e+00
-1.7578125e+00 -1.7578125e+00 -1.7578125e+00 -1.7578125e+00
-1.7578125e+00 -1.7578125e+00 -1.7578125e+00 -1.7578125e+00
-1.7578125e+00 -1.7578125e+00 -1.7578125e+00 -1.7500000e+00
-1.7500000e+00 -1.7500000e+00 -1.7500000e+00 -1.7500000e+00
-1.7500000e+00 -1.7500000e+00 -1.7500000e+00 -1.7500000e+00
-1.7500000e+00 -1.7500000e+00 -1.7500000e+00 -1.7500000e+00
-1.7500000e+00 -1.7500000e+00 -1.7500000e+00 -1.7500000e+00
-1.7500000e+00 -1.7500000e+00 -1.7500000e+00 -1.7500000e+00
-1.7500000e+00 -1.7500000e+00 -1.7500000e+00 -1.7500000e+00
-1.7500000e+00 -1.7500000e+00 -1.7500000e+00 -1.7500000e+00
-1.7500000e+00 -1.7500000e+00 -1.7500000e+00 -1.7500000e+00
-1.7500000e+00 -1.7421875e+00 -1.7421875e+00 -1.7421875e+00
-1.7421875e+00 -1.7421875e+00 -1.7421875e+00 -1.7421875e+00
-1.7421875e+00 -1.7421875e+00 -1.7421875e+00 -1.7421875e+00
-1.7421875e+00 -1.7421875e+00 -1.7421875e+00 -1.7421875e+00
-1.7421875e+00 -1.7343750e+00 -1.7343750e+00 -1.7343750e+00
-1.7343750e+00 -1.7343750e+00 -1.7343750e+00 -1.7343750e+00
-1.7343750e+00 -1.7343750e+00 -1.7343750e+00 -1.7343750e+00
-1.7265625e+00 -1.7265625e+00 -1.7265625e+00 -1.7265625e+00
-1.7265625e+00 -1.7265625e+00 -1.7265625e+00 -1.7187500e+00
-1.7187500e+00 -1.7187500e+00 -1.7187500e+00 -1.7187500e+00
-1.7187500e+00 -1.7109375e+00 -1.7109375e+00 -1.7109375e+00
-1.7109375e+00 -1.7109375e+00 -1.7109375e+00 -1.7031250e+00
-1.7031250e+00 -1.7031250e+00 -1.7031250e+00 -1.6953125e+00
-1.6953125e+00 -1.6953125e+00 -1.6953125e+00 -1.6875000e+00
-1.6875000e+00 -1.6875000e+00 -1.6875000e+00 -1.6796875e+00
-1.6796875e+00 -1.6796875e+00 -1.6718750e+00 -1.6718750e+00
-1.6718750e+00 -1.6640625e+00 -1.6640625e+00 -1.6640625e+00
-1.6562500e+00 -1.6562500e+00 -1.6484375e+00 -1.6484375e+00
-1.6406250e+00 -1.6406250e+00 -1.6328125e+00 -1.6328125e+00
-1.6250000e+00 -1.6250000e+00 -1.6171875e+00 -1.6171875e+00
-1.6093750e+00 -1.6093750e+00 -1.6015625e+00 -1.5937500e+00
-1.5937500e+00 -1.5859375e+00 -1.5781250e+00 -1.5781250e+00
-1.5703125e+00 -1.5625000e+00 -1.5546875e+00 -1.5546875e+00
-1.5468750e+00 -1.5390625e+00 -1.5312500e+00 -1.5234375e+00
-1.5156250e+00 -1.5078125e+00 -1.5000000e+00 -1.4921875e+00
-1.4843750e+00 -1.4765625e+00 -1.4687500e+00 -1.4609375e+00
-1.4453125e+00 -1.4375000e+00 -1.4296875e+00 -1.4140625e+00
-1.4062500e+00 -1.3984375e+00 -1.3828125e+00 -1.3750000e+00
-1.3593750e+00 -1.3437500e+00 -1.3359375e+00 -1.3203125e+00
-1.3046875e+00 -1.2890625e+00 -1.2812500e+00 -1.2656250e+00
-1.2500000e+00 -1.2265625e+00 -1.2109375e+00 -1.1953125e+00
-1.1796875e+00 -1.1562500e+00 -1.1406250e+00 -1.1250000e+00
-1.1015625e+00 -1.0781250e+00 -1.0625000e+00 -1.0390625e+00
-1.0156250e+00 -9.8828125e-01 -9.6484375e-01 -9.4140625e-01
-9.1406250e-01 -8.8671875e-01 -8.5937500e-01 -8.3203125e-01
-8.0078125e-01 -7.7343750e-01 -7.4218750e-01 -7.0703125e-01
-6.7578125e-01 -6.4062500e-01 -6.0546875e-01 -5.7031250e-01
-5.3125000e-01 -4.9218750e-01 -4.5117188e-01 -4.1015625e-01
-3.6718750e-01 -3.2226562e-01 -2.7734375e-01 -2.3046875e-01
-1.8261719e-01 -1.3183594e-01 -8.0566406e-02 -2.7221680e-02
1.6357422e-02 4.9316406e-02 8.2031250e-02 1.1474609e-01
1.4746094e-01 1.8066406e-01 2.1386719e-01 2.4609375e-01
2.7929688e-01 3.1250000e-01 3.4570312e-01 3.7695312e-01
4.1015625e-01 4.4335938e-01 4.7656250e-01 5.0781250e-01
5.4296875e-01 5.7421875e-01 6.0937500e-01 6.4062500e-01
6.7187500e-01 7.0703125e-01 7.3828125e-01 7.7343750e-01
8.0468750e-01 8.3593750e-01 8.7109375e-01 9.0234375e-01
9.3750000e-01 9.6875000e-01 1.0000000e+00 1.0312500e+00
1.0703125e+00 1.1015625e+00 1.1328125e+00 1.1640625e+00
1.1953125e+00 1.2343750e+00 1.2656250e+00 1.2968750e+00
1.3281250e+00 1.3593750e+00 1.3984375e+00 1.4296875e+00
1.4609375e+00 1.4921875e+00 1.5234375e+00 1.5625000e+00
1.5937500e+00 1.6250000e+00 1.6562500e+00 1.6875000e+00
1.7265625e+00 1.7578125e+00 1.7890625e+00 1.8203125e+00
1.8515625e+00 1.8906250e+00 1.9218750e+00 1.9531250e+00
1.9843750e+00 2.0156250e+00 2.0468750e+00 2.0781250e+00
2.1250000e+00 2.1562500e+00 2.1875000e+00 2.2187500e+00
2.2500000e+00 2.2812500e+00 2.3125000e+00 2.3437500e+00
2.3750000e+00 2.4062500e+00 2.4531250e+00 2.4843750e+00
2.5156250e+00 2.5468750e+00 2.5781250e+00 2.6093750e+00
2.6406250e+00 2.6718750e+00 2.7031250e+00 2.7343750e+00
2.7812500e+00 2.8125000e+00 2.8437500e+00 2.8750000e+00
2.9062500e+00 2.9375000e+00 2.9687500e+00 3.0000000e+00
3.0312500e+00 3.0625000e+00 3.1093750e+00 3.1406250e+00
3.1718750e+00 3.2031250e+00 3.2343750e+00 3.2656250e+00
3.2968750e+00 3.3281250e+00 3.3593750e+00 3.3906250e+00
3.4375000e+00 3.4687500e+00 3.5000000e+00 3.5312500e+00
3.5625000e+00 3.5937500e+00 3.6250000e+00 3.6562500e+00
3.6875000e+00 3.7343750e+00 3.7656250e+00 3.7968750e+00
3.8281250e+00 3.8593750e+00 3.8906250e+00 3.9218750e+00
3.9531250e+00 3.9843750e+00 4.0312500e+00 4.0625000e+00
4.0937500e+00 4.1250000e+00 4.1562500e+00 4.1875000e+00
4.2500000e+00 4.2812500e+00 4.3125000e+00 4.3437500e+00
4.3750000e+00 4.4062500e+00 4.4375000e+00 4.4687500e+00
4.5000000e+00 4.5312500e+00 4.5625000e+00 4.5937500e+00
4.6250000e+00 4.6562500e+00 4.6875000e+00 4.7187500e+00
4.7500000e+00 4.7812500e+00 4.8125000e+00 4.8750000e+00
4.9062500e+00 4.9375000e+00 4.9687500e+00 5.0000000e+00
5.0312500e+00 5.0625000e+00 5.0937500e+00 5.1250000e+00
5.1562500e+00 5.1875000e+00 5.2187500e+00 5.2500000e+00
5.2812500e+00 5.3125000e+00 5.3437500e+00 5.3750000e+00
5.4062500e+00 5.4375000e+00 5.4687500e+00 5.5312500e+00
5.5625000e+00 5.5937500e+00 5.6250000e+00 5.6562500e+00
5.6875000e+00 5.7187500e+00 5.7500000e+00 5.7812500e+00
5.8125000e+00 5.8437500e+00 5.8750000e+00 5.9062500e+00
5.9375000e+00 5.9687500e+00 6.0000000e+00 6.0312500e+00
6.0625000e+00 6.0937500e+00 6.1250000e+00 6.1875000e+00
6.2187500e+00 6.2500000e+00 6.2812500e+00 6.3125000e+00
6.3437500e+00 6.3750000e+00 6.4062500e+00 6.4375000e+00
6.4687500e+00 6.5000000e+00 6.5312500e+00 6.5625000e+00
6.5937500e+00 6.6250000e+00 6.6562500e+00 6.6875000e+00
6.7187500e+00 6.7500000e+00 6.7812500e+00 6.8437500e+00
6.8750000e+00 6.9062500e+00 6.9375000e+00 6.9687500e+00
7.0000000e+00 7.0312500e+00 7.0625000e+00 7.0937500e+00
7.1250000e+00 7.1562500e+00 7.1875000e+00 7.2187500e+00
7.2500000e+00 7.2812500e+00 7.3125000e+00 7.3437500e+00
7.3750000e+00 7.4062500e+00 7.4687500e+00 7.5000000e+00
7.5312500e+00 7.5625000e+00 7.5937500e+00 7.6250000e+00
7.6562500e+00 7.6875000e+00 7.7187500e+00 7.7500000e+00
7.7812500e+00 7.8125000e+00 7.8437500e+00 7.8750000e+00
7.9062500e+00 7.9375000e+00 7.9687500e+00 8.0000000e+00
8.0625000e+00 8.0625000e+00 8.1250000e+00 8.1250000e+00
8.1875000e+00 8.1875000e+00 8.2500000e+00 8.2500000e+00
8.3125000e+00 8.3125000e+00 8.3750000e+00 8.3750000e+00
8.3750000e+00 8.5000000e+00 8.5000000e+00 8.5625000e+00
8.5625000e+00 8.6250000e+00 8.6250000e+00 8.6875000e+00
8.6875000e+00 8.7500000e+00 8.7500000e+00 8.8125000e+00
8.8125000e+00 8.8750000e+00 8.8750000e+00 8.9375000e+00
8.9375000e+00 9.0000000e+00 9.0000000e+00 9.0625000e+00
9.0625000e+00 9.1250000e+00 9.1250000e+00 9.1875000e+00
9.1875000e+00 9.2500000e+00 9.2500000e+00 9.3125000e+00
9.3125000e+00 9.3750000e+00 9.3750000e+00 9.4375000e+00
9.4375000e+00 9.5000000e+00 9.5000000e+00 9.5625000e+00
9.5625000e+00 9.6250000e+00 9.6250000e+00 9.7500000e+00
9.7500000e+00 9.8125000e+00 9.8125000e+00 9.8750000e+00
9.8750000e+00 9.9375000e+00 9.9375000e+00 1.0000000e+01
1.0000000e+01 1.0062500e+01 1.0062500e+01 1.0125000e+01
1.0125000e+01 1.0187500e+01 1.0187500e+01 1.0250000e+01
1.0250000e+01 1.0312500e+01 1.0312500e+01 1.0375000e+01
1.0375000e+01 1.0437500e+01 1.0437500e+01 1.0500000e+01
1.0500000e+01 1.0562500e+01 1.0562500e+01 1.0625000e+01
1.0625000e+01 1.0687500e+01 1.0687500e+01 1.0750000e+01
1.0750000e+01 1.0812500e+01 1.0812500e+01 1.0875000e+01
1.0875000e+01 1.0937500e+01 1.0937500e+01 1.1062500e+01
1.1062500e+01 1.1125000e+01 1.1125000e+01 1.1187500e+01
1.1187500e+01 1.1250000e+01 1.1250000e+01 1.1312500e+01
1.1312500e+01 1.1375000e+01 1.1375000e+01 1.1437500e+01
1.1437500e+01 1.1500000e+01 1.1500000e+01 1.1562500e+01
1.1562500e+01 1.1625000e+01 1.1625000e+01 1.1687500e+01
1.1687500e+01 1.1750000e+01 1.1750000e+01 1.1812500e+01
1.1812500e+01 1.1875000e+01 1.1875000e+01 1.1937500e+01
1.1937500e+01 1.2000000e+01 1.2000000e+01 1.2062500e+01
1.2062500e+01 1.2125000e+01 1.2125000e+01 1.2187500e+01
1.2187500e+01 1.2250000e+01 1.2250000e+01 1.2375000e+01
1.2375000e+01 1.2437500e+01 1.2437500e+01 1.2500000e+01
1.2500000e+01 1.2562500e+01 1.2562500e+01 1.2625000e+01
1.2625000e+01 1.2687500e+01 1.2687500e+01 1.2750000e+01
1.2750000e+01 1.2812500e+01 1.2812500e+01 1.2875000e+01
1.2875000e+01 1.2937500e+01 1.2937500e+01 1.3000000e+01
1.3000000e+01 1.3062500e+01 1.3062500e+01 1.3125000e+01
1.3125000e+01 1.3187500e+01 1.3187500e+01 1.3250000e+01
1.3250000e+01 1.3312500e+01 1.3312500e+01 1.3375000e+01
1.3375000e+01 1.3437500e+01 1.3437500e+01 1.3500000e+01
1.3500000e+01 1.3562500e+01 1.3562500e+01 1.3687500e+01
1.3687500e+01 1.3750000e+01 1.3750000e+01 1.3812500e+01
1.3812500e+01 1.3875000e+01 1.3875000e+01 1.3937500e+01
1.3937500e+01 1.4000000e+01 1.4000000e+01 1.4062500e+01
1.4062500e+01 1.4125000e+01 1.4125000e+01 1.4187500e+01
1.4187500e+01 1.4250000e+01 1.4250000e+01 1.4312500e+01
1.4312500e+01 1.4375000e+01 1.4375000e+01 1.4437500e+01
1.4437500e+01 1.4500000e+01 1.4500000e+01 1.4562500e+01
1.4562500e+01 1.4625000e+01 1.4625000e+01 1.4687500e+01
1.4687500e+01 1.4750000e+01 1.4750000e+01 1.4812500e+01
1.4812500e+01 1.4937500e+01 1.4937500e+01 1.5000000e+01
1.5000000e+01 1.5062500e+01 1.5062500e+01 1.5125000e+01
1.5125000e+01 1.5187500e+01 1.5187500e+01 1.5250000e+01
1.5250000e+01 1.5312500e+01 1.5312500e+01 1.5375000e+01
1.5375000e+01 1.5437500e+01 1.5437500e+01 1.5500000e+01
1.5500000e+01 1.5562500e+01 1.5562500e+01 1.5625000e+01
1.5625000e+01 1.5687500e+01 1.5687500e+01 1.5750000e+01
1.5750000e+01 1.5812500e+01 1.5812500e+01 1.5875000e+01
1.5875000e+01 1.5937500e+01 1.5937500e+01 1.6000000e+01
1.6000000e+01 1.6125000e+01 1.6125000e+01 1.6125000e+01
1.6125000e+01 1.6250000e+01 1.6250000e+01 1.6250000e+01
1.6250000e+01 1.6375000e+01 1.6375000e+01 1.6375000e+01
1.6375000e+01 1.6500000e+01 1.6500000e+01 1.6500000e+01
1.6500000e+01 1.6625000e+01 1.6625000e+01 1.6625000e+01
1.6625000e+01 1.6750000e+01 1.6750000e+01 1.6750000e+01
-1.7578125e+00 -1.7578125e+00 -1.7578125e+00 -1.7578125e+00
-1.7578125e+00 -1.7578125e+00 -1.7578125e+00 -1.7578125e+00
-1.7578125e+00 -1.7578125e+00 -1.7578125e+00 -1.7578125e+00
-1.7578125e+00 -1.7578125e+00 -1.7578125e+00 -1.7578125e+00
-1.7578125e+00 -1.7578125e+00 -1.7578125e+00 -1.7578125e+00
-1.7578125e+00 -1.7578125e+00 -1.7578125e+00 -1.7578125e+00
-1.7578125e+00 -1.7578125e+00 -1.7578125e+00 -1.7578125e+00
-1.7578125e+00 -1.7578125e+00 -1.7578125e+00 -1.7578125e+00
-1.7578125e+00 -1.7578125e+00 -1.7578125e+00 -1.7578125e+00
-1.7578125e+00 -1.7578125e+00 -1.7578125e+00 -1.7578125e+00
-1.7578125e+00 -1.7578125e+00 -1.7578125e+00 -1.7578125e+00
-1.7578125e+00 -1.7578125e+00 -1.7578125e+00 -1.7578125e+00
-1.7578125e+00 -1.7578125e+00 -1.7578125e+00 -1.7578125e+00
-1.7578125e+00 -1.7578125e+00 -1.7578125e+00 -1.7578125e+00
-1.7578125e+00 -1.7578125e+00 -1.7578125e+00 -1.7578125e+00
-1.7578125e+00 -1.7578125e+00 -1.7578125e+00 -1.7578125e+00
-1.7578125e+00 -1.7578125e+00 -1.7578125e+00 -1.7578125e+00
-1.7578125e+00 -1.7578125e+00 -1.7578125e+00 -1.7578125e+00
-1.7578125e+00 -1.7578125e+00 -1.7578125e+00 -1.7578125e+00
-1.7578125e+00 -1.7578125e+00 -1.7578125e+00 -1.7578125e+00
-1.7578125e+00 -1.7578125e+00 -1.7578125e+00 -1.7578125e+00
-1.7578125e+00 -1.7578125e+00 -1.7578125e+00 -1.7578125e+00
-1.7578125e+00 -1.7578125e+00 -1.7578125e+00 -1.7578125e+00
-1.7578125e+00 -1.7578125e+00 -1.7578125e+00 -1.7578125e+00
-1.7578125e+00 -1.7578125e+00 -1.7578125e+00 -1.7578125e+00
-1.7578125e+00 -1.7578125e+00 -1.7578125e+00 -1.7578125e+00
-1.7578125e+00 -1.7578125e+00 -1.7578125e+00 -1.7578125e+00
-1.7578125e+00 -1.7578125e+00 -1.7578125e+00 -1.7578125e+00
-1.7578125e+00 -1.7578125e+00 -1.7578125e+00 -1.7578125e+00
-1.7578125e+00 -1.7578125e+00 -1.7578125e+00 -1.7578125e+00
-1.7578125e+00 -1.7578125e+00 -1.7578125e+00 -1.7578125e+00
-1.7578125e+00 -1.7578125e+00 -1.7578125e+00 -1.7578125e+00
-1.7578125e+00 -1.7578125e+00 -1.7578125e+00 -1.7578125e+00
-1.7578125e+00 -1.7578125e+00 -1.7578125e+00 -1.7578125e+00
-1.7578125e+00 -1.7578125e+00 -1.7578125e+00 -1.7578125e+00
-1.7578125e+00 -1.7578125e+00 -1.7578125e+00 -1.7578125e+00
-1.7578125e+00 -1.7578125e+00 -1.7578125e+00 -1.7578125e+00
-1.7578125e+00 -1.7578125e+00 -1.7578125e+00 -1.7578125e+00
-1.7578125e+00 -1.7578125e+00 -1.7578125e+00 -1.7578125e+00
-1.7578125e+00 -1.7578125e+00 -1.7578125e+00 -1.7578125e+00
-1.7578125e+00 -1.7578125e+00 -1.7578125e+00 -1.7578125e+00
-1.7578125e+00 -1.7578125e+00 -1.7578125e+00 -1.7578125e+00
-1.7578125e+00 -1.7578125e+00 -1.7578125e+00 -1.7578125e+00
-1.7578125e+00 -1.7578125e+00 -1.7578125e+00 -1.7578125e+00
-1.7578125e+00 -1.7578125e+00 -1.7578125e+00 -1.7578125e+00
-1.7578125e+00 -1.7578125e+00 -1.7578125e+00 -1.7578125e+00
-1.7578125e+00 -1.7578125e+00 -1.7578125e+00 -1.7578125e+00
-1.7578125e+00 -1.7578125e+00 -1.7578125e+00 -1.7578125e+00
-1.7578125e+00 -1.7578125e+00 -1.7578125e+00 -1.7578125e+00
-1.7578125e+00 -1.7578125e+00 -1.7578125e+00 -1.7578125e+00
-1.7578125e+00 -1.7578125e+00 -1.7578125e+00 -1.7578125e+00
-1.7578125e+00 -1.7578125e+00 -1.7578125e+00 -1.7578125e+00
-1.7578125e+00 -1.7578125e+00 -1.7578125e+00 -1.7578125e+00
-1.7578125e+00 -1.7578125e+00 -1.7578125e+00 -1.7578125e+00
-1.7578125e+00 -1.7578125e+00 -1.7578125e+00 -1.7578125e+00
-1.7578125e+00 -1.7578125e+00 -1.7578125e+00 -1.7578125e+00
-1.7578125e+00 -1.7578125e+00 -1.7578125e+00 -1.7578125e+00
-1.7578125e+00 -1.7578125e+00 -1.7578125e+00 -1.7578125e+00
-1.7578125e+00 -1.7578125e+00 -1.7578125e+00 -1.7578125e+00
-1.7578125e+00 -1.7578125e+00 -1.7578125e+00 -1.7578125e+00
-1.7578125e+00 -1.7578125e+00 -1.7578125e+00 -1.7578125e+00
-1.7578125e+00 -1.7578125e+00 -1.7578125e+00 -1.7578125e+00
-1.7578125e+00 -1.7578125e+00 -1.7578125e+00 -1.7578125e+00
-1.7578125e+00 -1.7578125e+00 -1.7578125e+00 -1.7578125e+00
-1.7578125e+00 -1.7578125e+00 -1.7578125e+00 -1.7578125e+00
-1.7578125e+00 -1.7578125e+00 -1.7578125e+00 -1.7578125e+00
-1.7578125e+00 -1.7578125e+00 -1.7578125e+00 -1.7578125e+00
-1.7578125e+00 -1.7578125e+00 -1.7578125e+00 -1.7578125e+00
-1.7578125e+00 -1.7578125e+00 -1.7578125e+00 -1.7578125e+00
-1.7578125e+00 -1.7578125e+00 -1.7578125e+00 -1.7578125e+00
-1.7578125e+00 -1.7578125e+00 -1.7578125e+00 -1.7578125e+00
-1.7578125e+00 -1.7578125e+00 -1.7578125e+00 -1.7578125e+00
-1.7578125e+00 -1.7578125e+00 -1.7578125e+00 -1.7578125e+00
-1.7578125e+00 -1.7578125e+00 -1.7578125e+00 -1.7578125e+00
-1.7578125e+00 -1.7578125e+00 -1.7578125e+00 -1.7578125e+00
-1.7578125e+00 -1.7578125e+00 -1.7578125e+00 -1.7578125e+00
-1.7578125e+00 -1.7578125e+00 -1.7578125e+00 -1.7578125e+00
-1.7578125e+00 -1.7578125e+00 -1.7578125e+00 -1.7578125e+00
-1.7578125e+00 -1.7578125e+00 -1.7578125e+00 -1.7578125e+00
-1.7578125e+00 -1.7578125e+00 -1.7578125e+00 -1.7500000e+00
-1.7500000e+00 -1.7500000e+00 -1.7500000e+00 -1.7500000e+00
-1.7500000e+00 -1.7500000e+00 -1.7500000e+00 -1.7500000e+00
-1.7500000e+00 -1.7500000e+00 -1.7500000e+00 -1.7500000e+00
-1.7500000e+00 -1.7500000e+00 -1.7500000e+00 -1.7500000e+00
-1.7500000e+00 -1.7500000e+00 -1.7500000e+00 -1.7500000e+00
-1.7500000e+00 -1.7500000e+00 -1.7500000e+00 -1.7500000e+00
-1.7500000e+00 -1.7500000e+00 -1.7500000e+00 -1.7500000e+00
-1.7500000e+00 -1.7500000e+00 -1.7500000e+00 -1.7500000e+00
-1.7500000e+00 -1.7421875e+00 -1.7421875e+00 -1.7421875e+00
-1.7421875e+00 -1.7421875e+00 -1.7421875e+00 -1.7421875e+00
-1.7421875e+00 -1.7421875e+00 -1.7421875e+00 -1.7421875e+00
-1.7421875e+00 -1.7421875e+00 -1.7421875e+00 -1.7421875e+00
-1.7421875e+00 -1.7343750e+00 -1.7343750e+00 -1.7343750e+00
-1.7343750e+00 -1.7343750e+00 -1.7343750e+00 -1.7343750e+00
-1.7343750e+00 -1.7343750e+00 -1.7343750e+00 -1.7343750e+00
-1.7265625e+00 -1.7265625e+00 -1.7265625e+00 -1.7265625e+00
-1.7265625e+00 -1.7265625e+00 -1.7265625e+00 -1.7187500e+00
-1.7187500e+00 -1.7187500e+00 -1.7187500e+00 -1.7187500e+00
-1.7187500e+00 -1.7109375e+00 -1.7109375e+00 -1.7109375e+00
-1.7109375e+00 -1.7109375e+00 -1.7109375e+00 -1.7031250e+00
-1.7031250e+00 -1.7031250e+00 -1.7031250e+00 -1.6953125e+00
-1.6953125e+00 -1.6953125e+00 -1.6953125e+00 -1.6875000e+00
-1.6875000e+00 -1.6875000e+00 -1.6875000e+00 -1.6796875e+00
-1.6796875e+00 -1.6796875e+00 -1.6718750e+00 -1.6718750e+00
-1.6718750e+00 -1.6640625e+00 -1.6640625e+00 -1.6640625e+00
-1.6562500e+00 -1.6562500e+00 -1.6484375e+00 -1.6484375e+00
-1.6406250e+00 -1.6406250e+00 -1.6328125e+00 -1.6328125e+00
-1.6250000e+00 -1.6250000e+00 -1.6171875e+00 -1.6171875e+00
-1.6093750e+00 -1.6093750e+00 -1.6015625e+00 -1.5937500e+00
-1.5937500e+00 -1.5859375e+00 -1.5781250e+00 -1.5781250e+00
-1.5703125e+00 -1.5625000e+00 -1.5546875e+00 -1.5546875e+00
-1.5468750e+00 -1.5390625e+00 -1.5312500e+00 -1.5234375e+00
-1.5156250e+00 -1.5078125e+00 -1.5000000e+00 -1.4921875e+00
-1.4843750e+00 -1.4765625e+00 -1.4687500e+00 -1.4609375e+00
-1.4453125e+00 -1.4375000e+00 -1.4296875e+00 -1.4140625e+00
-1.4062500e+00 -1.3984375e+00 -1.3828125e+00 -1.3750000e+00
-1.3593750e+00 -1.3437500e+00 -1.3359375e+00 -1.3203125e+00
-1.3046875e+00 -1.2890625e+00 -1.2812500e+00 -1.2656250e+00
-1.2500000e+00 -1.2265625e+00 -1.2109375e+00 -1.1953125e+00
-1.1796875e+00 -1.1562500e+00 -1.1406250e+00 -1.1250000e+00
-1.1015625e+00 -1.0781250e+00 -1.0625000e+00 -1.0390625e+00
-1.0156250e+00 -9.8828125e-01 -9.6484375e-01 -9.4140625e-01
-9.1406250e-01 -8.8671875e-01 -8.5937500e-01 -8.3203125e-01
-8.0078125e-01 -7.7343750e-01 -7.4218750e-01 -7.0703125e-01
-6.7578125e-01 -6.4062500e-01 -6.0546875e-01 -5.7031250e-01
-5.3125000e-01 -4.9218750e-01 -4.5117188e-01 -4.1015625e-01
-3.6718750e-01 -3.2226562e-01 -2.7734375e-01 -2.3046875e-01
-1.8261719e-01 -1.3183594e-01 -8.0566406e-02 -2.7221680e-02
1.6357422e-02 4.9316406e-02 8.2031250e-02 1.1474609e-01
1.4746094e-01 1.8066406e-01 2.1386719e-01 2.4609375e-01
2.7929688e-01 3.1250000e-01 3.4570312e-01 3.7695312e-01
4.1015625e-01 4.4335938e-01 4.7656250e-01 5.0781250e-01
5.4296875e-01 5.7421875e-01 6.0937500e-01 6.4062500e-01
6.7187500e-01 7.0703125e-01 7.3828125e-01 7.7343750e-01
8.0468750e-01 8.3593750e-01 8.7109375e-01 9.0234375e-01
9.3750000e-01 9.6875000e-01 1.0000000e+00 1.0312500e+00
1.0703125e+00 1.1015625e+00 1.1328125e+00 1.1640625e+00
1.1953125e+00 1.2343750e+00 1.2656250e+00 1.2968750e+00
1.3281250e+00 1.3593750e+00 1.3984375e+00 1.4296875e+00
1.4609375e+00 1.4921875e+00 1.5234375e+00 1.5625000e+00
1.5937500e+00 1.6250000e+00 1.6562500e+00 1.6875000e+00
1.7265625e+00 1.7578125e+00 1.7890625e+00 1.8203125e+00
1.8515625e+00 1.8906250e+00 1.9218750e+00 1.9531250e+00
1.9843750e+00 2.0156250e+00 2.0468750e+00 2.0781250e+00
2.1250000e+00 2.1562500e+00 2.1875000e+00 2.2187500e+00
2.2500000e+00 2.2812500e+00 2.3125000e+00 2.3437500e+00
2.3750000e+00 2.4062500e+00 2.4531250e+00 2.4843750e+00
2.5156250e+00 2.5468750e+00 2.5781250e+00 2.6093750e+00
2.6406250e+00 2.6718750e+00 2.7031250e+00 2.7343750e+00
2.7812500e+00 2.8125000e+00 2.8437500e+00 2.8750000e+00
2.9062500e+00 2.9375000e+00 2.9687500e+00 3.0000000e+00
3.0312500e+00 3.0625000e+00 3.1093750e+00 3.1406250e+00
3.1718750e+00 3.2031250e+00 3.2343750e+00 3.2656250e+00
3.2968750e+00 3.3281250e+00 3.3593750e+00 3.3906250e+00
3.4375000e+00 3.4687500e+00 3.5000000e+00 3.5312500e+00
3.5625000e+00 3.5937500e+00 3.6250000e+00 3.6562500e+00
3.6875000e+00 3.7343750e+00 3.7656250e+00 3.7968750e+00
3.8281250e+00 3.8593750e+00 3.8906250e+00 3.9218750e+00
3.9531250e+00 3.9843750e+00 4.0312500e+00 4.0625000e+00
4.0937500e+00 4.1250000e+00 4.1562500e+00 4.1875000e+00
4.2500000e+00 4.2812500e+00 4.3125000e+00 4.3437500e+00
4.3750000e+00 4.4062500e+00 4.4375000e+00 4.4687500e+00
4.5000000e+00 4.5312500e+00 4.5625000e+00 4.5937500e+00
4.6250000e+00 4.6562500e+00 4.6875000e+00 4.7187500e+00
4.7500000e+00 4.7812500e+00 4.8125000e+00 4.8750000e+00
4.9062500e+00 4.9375000e+00 4.9687500e+00 5.0000000e+00
5.0312500e+00 5.0625000e+00 5.0937500e+00 5.1250000e+00
5.1562500e+00 5.1875000e+00 5.2187500e+00 5.2500000e+00
5.2812500e+00 5.3125000e+00 5.3437500e+00 5.3750000e+00
5.4062500e+00 5.4375000e+00 5.4687500e+00 5.5312500e+00
5.5625000e+00 5.5937500e+00 5.6250000e+00 5.6562500e+00
5.6875000e+00 5.7187500e+00 5.7500000e+00 5.7812500e+00
5.8125000e+00 5.8437500e+00 5.8750000e+00 5.9062500e+00
5.9375000e+00 5.9687500e+00 6.0000000e+00 6.0312500e+00
6.0625000e+00 6.0937500e+00 6.1250000e+00 6.1875000e+00
6.2187500e+00 6.2500000e+00 6.2812500e+00 6.3125000e+00
6.3437500e+00 6.3750000e+00 6.4062500e+00 6.4375000e+00
6.4687500e+00 6.5000000e+00 6.5312500e+00 6.5625000e+00
6.5937500e+00 6.6250000e+00 6.6562500e+00 6.6875000e+00
6.7187500e+00 6.7500000e+00 6.7812500e+00 6.8437500e+00
6.8750000e+00 6.9062500e+00 6.9375000e+00 6.9687500e+00
7.0000000e+00 7.0312500e+00 7.0625000e+00 7.0937500e+00
7.1250000e+00 7.1562500e+00 7.1875000e+00 7.2187500e+00
7.2500000e+00 7.2812500e+00 7.3125000e+00 7.3437500e+00
7.3750000e+00 7.4062500e+00 7.4687500e+00 7.5000000e+00
7.5312500e+00 7.5625000e+00 7.5937500e+00 7.6250000e+00
7.6562500e+00 7.6875000e+00 7.7187500e+00 7.7500000e+00
7.7812500e+00 7.8125000e+00 7.8437500e+00 7.8750000e+00
7.9062500e+00 7.9375000e+00 7.9687500e+00 8.0000000e+00
8.0625000e+00 8.0625000e+00 8.1250000e+00 8.1250000e+00
8.1875000e+00 8.1875000e+00 8.2500000e+00 8.2500000e+00
8.3125000e+00 8.3125000e+00 8.3750000e+00 8.3750000e+00
8.3750000e+00 8.5000000e+00 8.5000000e+00 8.5625000e+00
8.5625000e+00 8.6250000e+00 8.6250000e+00 8.6875000e+00
8.6875000e+00 8.7500000e+00 8.7500000e+00 8.8125000e+00
8.8125000e+00 8.8750000e+00 8.8750000e+00 8.9375000e+00
8.9375000e+00 9.0000000e+00 9.0000000e+00 9.0625000e+00
9.0625000e+00 9.1250000e+00 9.1250000e+00 9.1875000e+00
9.1875000e+00 9.2500000e+00 9.2500000e+00 9.3125000e+00
9.3125000e+00 9.3750000e+00 9.3750000e+00 9.4375000e+00
9.4375000e+00 9.5000000e+00 9.5000000e+00 9.5625000e+00
9.5625000e+00 9.6250000e+00 9.6250000e+00 9.7500000e+00
9.7500000e+00 9.8125000e+00 9.8125000e+00 9.8750000e+00
9.8750000e+00 9.9375000e+00 9.9375000e+00 1.0000000e+01
1.0000000e+01 1.0062500e+01 1.0062500e+01 1.0125000e+01
1.0125000e+01 1.0187500e+01 1.0187500e+01 1.0250000e+01
1.0250000e+01 1.0312500e+01 1.0312500e+01 1.0375000e+01
1.0375000e+01 1.0437500e+01 1.0437500e+01 1.0500000e+01
1.0500000e+01 1.0562500e+01 1.0562500e+01 1.0625000e+01
1.0625000e+01 1.0687500e+01 1.0687500e+01 1.0750000e+01
1.0750000e+01 1.0812500e+01 1.0812500e+01 1.0875000e+01
1.0875000e+01 1.0937500e+01 1.0937500e+01 1.1062500e+01
1.1062500e+01 1.1125000e+01 1.1125000e+01 1.1187500e+01
1.1187500e+01 1.1250000e+01 1.1250000e+01 1.1312500e+01
1.1312500e+01 1.1375000e+01 1.1375000e+01 1.1437500e+01
1.1437500e+01 1.1500000e+01 1.1500000e+01 1.1562500e+01
1.1562500e+01 1.1625000e+01 1.1625000e+01 1.1687500e+01
1.1687500e+01 1.1750000e+01 1.1750000e+01 1.1812500e+01
1.1812500e+01 1.1875000e+01 1.1875000e+01 1.1937500e+01
1.1937500e+01 1.2000000e+01 1.2000000e+01 1.2062500e+01
1.2062500e+01 1.2125000e+01 1.2125000e+01 1.2187500e+01
1.2187500e+01 1.2250000e+01 1.2250000e+01 1.2375000e+01
1.2375000e+01 1.2437500e+01 1.2437500e+01 1.2500000e+01
1.2500000e+01 1.2562500e+01 1.2562500e+01 1.2625000e+01
1.2625000e+01 1.2687500e+01 1.2687500e+01 1.2750000e+01
1.2750000e+01 1.2812500e+01 1.2812500e+01 1.2875000e+01
1.2875000e+01 1.2937500e+01 1.2937500e+01 1.3000000e+01
1.3000000e+01 1.3062500e+01 1.3062500e+01 1.3125000e+01
1.3125000e+01 1.3187500e+01 1.3187500e+01 1.3250000e+01
1.3250000e+01 1.3312500e+01 1.3312500e+01 1.3375000e+01
1.3375000e+01 1.3437500e+01 1.3437500e+01 1.3500000e+01
1.3500000e+01 1.3562500e+01 1.3562500e+01 1.3687500e+01
1.3687500e+01 1.3750000e+01 1.3750000e+01 1.3812500e+01
1.3812500e+01 1.3875000e+01 1.3875000e+01 1.3937500e+01
1.3937500e+01 1.4000000e+01 1.4000000e+01 1.4062500e+01
1.4062500e+01 1.4125000e+01 1.4125000e+01 1.4187500e+01
1.4187500e+01 1.4250000e+01 1.4250000e+01 1.4312500e+01
1.4312500e+01 1.4375000e+01 1.4375000e+01 1.4437500e+01
1.4437500e+01 1.4500000e+01 1.4500000e+01 1.4562500e+01
1.4562500e+01 1.4625000e+01 1.4625000e+01 1.4687500e+01
1.4687500e+01 1.4750000e+01 1.4750000e+01 1.4812500e+01
1.4812500e+01 1.4937500e+01 1.4937500e+01 1.5000000e+01
1.5000000e+01 1.5062500e+01 1.5062500e+01 1.5125000e+01
1.5125000e+01 1.5187500e+01 1.5187500e+01 1.5250000e+01
1.5250000e+01 1.5312500e+01 1.5312500e+01 1.5375000e+01
1.5375000e+01 1.5437500e+01 1.5437500e+01 1.5500000e+01
1.5500000e+01 1.5562500e+01 1.5562500e+01 1.5625000e+01
1.5625000e+01 1.5687500e+01 1.5687500e+01 1.5750000e+01
1.5750000e+01 1.5812500e+01 1.5812500e+01 1.5875000e+01
1.5875000e+01 1.5937500e+01 1.5937500e+01 1.6000000e+01
1.6000000e+01 1.6125000e+01 1.6125000e+01 1.6125000e+01
1.6125000e+01 1.6250000e+01 1.6250000e+01 1.6250000e+01
1.6250000e+01 1.6375000e+01 1.6375000e+01 1.6375000e+01
1.6375000e+01 1.6500000e+01 1.6500000e+01 1.6500000e+01
1.6500000e+01 1.6625000e+01 1.6625000e+01 1.6625000e+01
1.6625000e+01 1.6750000e+01 1.6750000e+01 1.6750000e+01
-1.7578125e+00 -1.7578125e+00 -1.7578125e+00 -1.7578125e+00
-1.7578125e+00 -1.7578125e+00 -1.7578125e+00 -1.7578125e+00
-1.7578125e+00 -1.7578125e+00 -1.7578125e+00 -1.7578125e+00
-1.7578125e+00 -1.7578125e+00 -1.7578125e+00 -1.7578125e+00
-1.7578125e+00 -1.7578125e+00 -1.7578125e+00 -1.7578125e+00
-1.7578125e+00 -1.7578125e+00 -1.7578125e+00 -1.7578125e+00
-1.7578125e+00 -1.7578125e+00 -1.7578125e+00 -1.7578125e+00
-1.7578125e+00 -1.7578125e+00 -1.7578125e+00 -1.7578125e+00
-1.7578125e+00 -1.7578125e+00 -1.7578125e+00 -1.7578125e+00
-1.7578125e+00 -1.7578125e+00 -1.7578125e+00 -1.7578125e+00
-1.7578125e+00 -1.7578125e+00 -1.7578125e+00 -1.7578125e+00
-1.7578125e+00 -1.7578125e+00 -1.7578125e+00 -1.7578125e+00
-1.7578125e+00 -1.7578125e+00 -1.7578125e+00 -1.7578125e+00
-1.7578125e+00 -1.7578125e+00 -1.7578125e+00 -1.7578125e+00
-1.7578125e+00 -1.7578125e+00 -1.7578125e+00 -1.7578125e+00
-1.7578125e+00 -1.7578125e+00 -1.7578125e+00 -1.7578125e+00
-1.7578125e+00 -1.7578125e+00 -1.7578125e+00 -1.7578125e+00
-1.7578125e+00 -1.7578125e+00 -1.7578125e+00 -1.7578125e+00
-1.7578125e+00 -1.7578125e+00 -1.7578125e+00 -1.7578125e+00
-1.7578125e+00 -1.7578125e+00 -1.7578125e+00 -1.7578125e+00
-1.7578125e+00 -1.7578125e+00 -1.7578125e+00 -1.7578125e+00
-1.7578125e+00 -1.7578125e+00 -1.7578125e+00 -1.7578125e+00
-1.7578125e+00 -1.7578125e+00 -1.7578125e+00 -1.7578125e+00
-1.7578125e+00 -1.7578125e+00 -1.7578125e+00 -1.7578125e+00
-1.7578125e+00 -1.7578125e+00 -1.7578125e+00 -1.7578125e+00
-1.7578125e+00 -1.7578125e+00 -1.7578125e+00 -1.7578125e+00
-1.7578125e+00 -1.7578125e+00 -1.7578125e+00 -1.7578125e+00
-1.7578125e+00 -1.7578125e+00 -1.7578125e+00 -1.7578125e+00
-1.7578125e+00 -1.7578125e+00 -1.7578125e+00 -1.7578125e+00
-1.7578125e+00 -1.7578125e+00 -1.7578125e+00 -1.7578125e+00
-1.7578125e+00 -1.7578125e+00 -1.7578125e+00 -1.7578125e+00
-1.7578125e+00 -1.7578125e+00 -1.7578125e+00 -1.7578125e+00
-1.7578125e+00 -1.7578125e+00 -1.7578125e+00 -1.7578125e+00
-1.7578125e+00 -1.7578125e+00 -1.7578125e+00 -1.7578125e+00
-1.7578125e+00 -1.7578125e+00 -1.7578125e+00 -1.7578125e+00
-1.7578125e+00 -1.7578125e+00 -1.7578125e+00 -1.7578125e+00
-1.7578125e+00 -1.7578125e+00 -1.7578125e+00 -1.7578125e+00
-1.7578125e+00 -1.7578125e+00 -1.7578125e+00 -1.7578125e+00
-1.7578125e+00 -1.7578125e+00 -1.7578125e+00 -1.7578125e+00
-1.7578125e+00 -1.7578125e+00 -1.7578125e+00 -1.7578125e+00
-1.7578125e+00 -1.7578125e+00 -1.7578125e+00 -1.7578125e+00
-1.7578125e+00 -1.7578125e+00 -1.7578125e+00 -1.7578125e+00
-1.7578125e+00 -1.7578125e+00 -1.7578125e+00 -1.7578125e+00
-1.7578125e+00 -1.7578125e+00 -1.7578125e+00 -1.7578125e+00
-1.7578125e+00 -1.7578125e+00 -1.7578125e+00 -1.7578125e+00
-1.7578125e+00 -1.7578125e+00 -1.7578125e+00 -1.7578125e+00
-1.7578125e+00 -1.7578125e+00 -1.7578125e+00 -1.7578125e+00
-1.7578125e+00 -1.7578125e+00 -1.7578125e+00 -1.7578125e+00
-1.7578125e+00 -1.7578125e+00 -1.7578125e+00 -1.7578125e+00
-1.7578125e+00 -1.7578125e+00 -1.7578125e+00 -1.7578125e+00
-1.7578125e+00 -1.7578125e+00 -1.7578125e+00 -1.7578125e+00
-1.7578125e+00 -1.7578125e+00 -1.7578125e+00 -1.7578125e+00
-1.7578125e+00 -1.7578125e+00 -1.7578125e+00 -1.7578125e+00
-1.7578125e+00 -1.7578125e+00 -1.7578125e+00 -1.7578125e+00
-1.7578125e+00 -1.7578125e+00 -1.7578125e+00 -1.7578125e+00
-1.7578125e+00 -1.7578125e+00 -1.7578125e+00 -1.7578125e+00
-1.7578125e+00 -1.7578125e+00 -1.7578125e+00 -1.7578125e+00
-1.7578125e+00 -1.7578125e+00 -1.7578125e+00 -1.7578125e+00
-1.7578125e+00 -1.7578125e+00 -1.7578125e+00 -1.7578125e+00
-1.7578125e+00 -1.7578125e+00 -1.7578125e+00 -1.7578125e+00
-1.7578125e+00 -1.7578125e+00 -1.7578125e+00 -1.7578125e+00
-1.7578125e+00 -1.7578125e+00 -1.7578125e+00 -1.7578125e+00
-1.7578125e+00 -1.7578125e+00 -1.7578125e+00 -1.7578125e+00
-1.7578125e+00 -1.7578125e+00 -1.7578125e+00 -1.7578125e+00
-1.7578125e+00 -1.7578125e+00 -1.7578125e+00 -1.7578125e+00
-1.7578125e+00 -1.7578125e+00 -1.7578125e+00 -1.7578125e+00
-1.7578125e+00 -1.7578125e+00 -1.7578125e+00 -1.7578125e+00
-1.7578125e+00 -1.7578125e+00 -1.7578125e+00 -1.7578125e+00
-1.7578125e+00 -1.7578125e+00 -1.7578125e+00 -1.7578125e+00
-1.7578125e+00 -1.7578125e+00 -1.7578125e+00 -1.7578125e+00
-1.7578125e+00 -1.7578125e+00 -1.7578125e+00 -1.7578125e+00
-1.7578125e+00 -1.7578125e+00 -1.7578125e+00 -1.7578125e+00
-1.7578125e+00 -1.7578125e+00 -1.7578125e+00 -1.7578125e+00
-1.7578125e+00 -1.7578125e+00 -1.7578125e+00 -1.7578125e+00
-1.7578125e+00 -1.7578125e+00 -1.7578125e+00 -1.7578125e+00
-1.7578125e+00 -1.7578125e+00 -1.7578125e+00 -1.7578125e+00
-1.7578125e+00 -1.7578125e+00 -1.7578125e+00 -1.7578125e+00
-1.7578125e+00 -1.7578125e+00 -1.7578125e+00 -1.7578125e+00
-1.7578125e+00 -1.7578125e+00 -1.7578125e+00 -1.7578125e+00
-1.7578125e+00 -1.7578125e+00 -1.7578125e+00 -1.7500000e+00
-1.7500000e+00 -1.7500000e+00 -1.7500000e+00 -1.7500000e+00
-1.7500000e+00 -1.7500000e+00 -1.7500000e+00 -1.7500000e+00
-1.7500000e+00 -1.7500000e+00 -1.7500000e+00 -1.7500000e+00
-1.7500000e+00 -1.7500000e+00 -1.7500000e+00 -1.7500000e+00
-1.7500000e+00 -1.7500000e+00 -1.7500000e+00 -1.7500000e+00
-1.7500000e+00 -1.7500000e+00 -1.7500000e+00 -1.7500000e+00
-1.7500000e+00 -1.7500000e+00 -1.7500000e+00 -1.7500000e+00
-1.7500000e+00 -1.7500000e+00 -1.7500000e+00 -1.7500000e+00
-1.7500000e+00 -1.7421875e+00 -1.7421875e+00 -1.7421875e+00
-1.7421875e+00 -1.7421875e+00 -1.7421875e+00 -1.7421875e+00
-1.7421875e+00 -1.7421875e+00 -1.7421875e+00 -1.7421875e+00
-1.7421875e+00 -1.7421875e+00 -1.7421875e+00 -1.7421875e+00
-1.7421875e+00 -1.7343750e+00 -1.7343750e+00 -1.7343750e+00
-1.7343750e+00 -1.7343750e+00 -1.7343750e+00 -1.7343750e+00
-1.7343750e+00 -1.7343750e+00 -1.7343750e+00 -1.7343750e+00
-1.7265625e+00 -1.7265625e+00 -1.7265625e+00 -1.7265625e+00
-1.7265625e+00 -1.7265625e+00 -1.7265625e+00 -1.7187500e+00
-1.7187500e+00 -1.7187500e+00 -1.7187500e+00 -1.7187500e+00
-1.7187500e+00 -1.7109375e+00 -1.7109375e+00 -1.7109375e+00
-1.7109375e+00 -1.7109375e+00 -1.7109375e+00 -1.7031250e+00
-1.7031250e+00 -1.7031250e+00 -1.7031250e+00 -1.6953125e+00
-1.6953125e+00 -1.6953125e+00 -1.6953125e+00 -1.6875000e+00
-1.6875000e+00 -1.6875000e+00 -1.6875000e+00 -1.6796875e+00
-1.6796875e+00 -1.6796875e+00 -1.6718750e+00 -1.6718750e+00
-1.6718750e+00 -1.6640625e+00 -1.6640625e+00 -1.6640625e+00
-1.6562500e+00 -1.6562500e+00 -1.6484375e+00 -1.6484375e+00
-1.6406250e+00 -1.6406250e+00 -1.6328125e+00 -1.6328125e+00
-1.6250000e+00 -1.6250000e+00 -1.6171875e+00 -1.6171875e+00
-1.6093750e+00 -1.6093750e+00 -1.6015625e+00 -1.5937500e+00
-1.5937500e+00 -1.5859375e+00 -1.5781250e+00 -1.5781250e+00
-1.5703125e+00 -1.5625000e+00 -1.5546875e+00 -1.5546875e+00
-1.5468750e+00 -1.5390625e+00 -1.5312500e+00 -1.5234375e+00
-1.5156250e+00 -1.5078125e+00 -1.5000000e+00 -1.4921875e+00
-1.4843750e+00 -1.4765625e+00 -1.4687500e+00 -1.4609375e+00
-1.4453125e+00 -1.4375000e+00 -1.4296875e+00 -1.4140625e+00
-1.4062500e+00 -1.3984375e+00 -1.3828125e+00 -1.3750000e+00
-1.3593750e+00 -1.3437500e+00 -1.3359375e+00 -1.3203125e+00
-1.3046875e+00 -1.2890625e+00 -1.2812500e+00 -1.2656250e+00
-1.2500000e+00 -1.2265625e+00 -1.2109375e+00 -1.1953125e+00
-1.1796875e+00 -1.1562500e+00 -1.1406250e+00 -1.1250000e+00
-1.1015625e+00 -1.0781250e+00 -1.0625000e+00 -1.0390625e+00
-1.0156250e+00 -9.8828125e-01 -9.6484375e-01 -9.4140625e-01
-9.1406250e-01 -8.8671875e-01 -8.5937500e-01 -8.3203125e-01
-8.0078125e-01 -7.7343750e-01 -7.4218750e-01 -7.0703125e-01
-6.7578125e-01 -6.4062500e-01 -6.0546875e-01 -5.7031250e-01
-5.3125000e-01 -4.9218750e-01 -4.5117188e-01 -4.1015625e-01
-3.6718750e-01 -3.2226562e-01 -2.7734375e-01 -2.3046875e-01
-1.8261719e-01 -1.3183594e-01 -8.0566406e-02 -2.7221680e-02
1.6357422e-02 4.9316406e-02 8.2031250e-02 1.1474609e-01
1.4746094e-01 1.8066406e-01 2.1386719e-01 2.4609375e-01
2.7929688e-01 3.1250000e-01 3.4570312e-01 3.7695312e-01
4.1015625e-01 4.4335938e-01 4.7656250e-01 5.0781250e-01
5.4296875e-01 5.7421875e-01 6.0937500e-01 6.4062500e-01
6.7187500e-01 7.0703125e-01 7.3828125e-01 7.7343750e-01
8.0468750e-01 8.3593750e-01 8.7109375e-01 9.0234375e-01
9.3750000e-01 9.6875000e-01 1.0000000e+00 1.0312500e+00
1.0703125e+00 1.1015625e+00 1.1328125e+00 1.1640625e+00
1.1953125e+00 1.2343750e+00 1.2656250e+00 1.2968750e+00
1.3281250e+00 1.3593750e+00 1.3984375e+00 1.4296875e+00
1.4609375e+00 1.4921875e+00 1.5234375e+00 1.5625000e+00
1.5937500e+00 1.6250000e+00 1.6562500e+00 1.6875000e+00
1.7265625e+00 1.7578125e+00 1.7890625e+00 1.8203125e+00
1.8515625e+00 1.8906250e+00 1.9218750e+00 1.9531250e+00
1.9843750e+00 2.0156250e+00 2.0468750e+00 2.0781250e+00
2.1250000e+00 2.1562500e+00 2.1875000e+00 2.2187500e+00
2.2500000e+00 2.2812500e+00 2.3125000e+00 2.3437500e+00
2.3750000e+00 2.4062500e+00 2.4531250e+00 2.4843750e+00
2.5156250e+00 2.5468750e+00 2.5781250e+00 2.6093750e+00
2.6406250e+00 2.6718750e+00 2.7031250e+00 2.7343750e+00
2.7812500e+00 2.8125000e+00 2.8437500e+00 2.8750000e+00
2.9062500e+00 2.9375000e+00 2.9687500e+00 3.0000000e+00
3.0312500e+00 3.0625000e+00 3.1093750e+00 3.1406250e+00
3.1718750e+00 3.2031250e+00 3.2343750e+00 3.2656250e+00
3.2968750e+00 3.3281250e+00 3.3593750e+00 3.3906250e+00
3.4375000e+00 3.4687500e+00 3.5000000e+00 3.5312500e+00
3.5625000e+00 3.5937500e+00 3.6250000e+00 3.6562500e+00
3.6875000e+00 3.7343750e+00 3.7656250e+00 3.7968750e+00
3.8281250e+00 3.8593750e+00 3.8906250e+00 3.9218750e+00
3.9531250e+00 3.9843750e+00 4.0312500e+00 4.0625000e+00
4.0937500e+00 4.1250000e+00 4.1562500e+00 4.1875000e+00
4.2500000e+00 4.2812500e+00 4.3125000e+00 4.3437500e+00
4.3750000e+00 4.4062500e+00 4.4375000e+00 4.4687500e+00
4.5000000e+00 4.5312500e+00 4.5625000e+00 4.5937500e+00
4.6250000e+00 4.6562500e+00 4.6875000e+00 4.7187500e+00
4.7500000e+00 4.7812500e+00 4.8125000e+00 4.8750000e+00
4.9062500e+00 4.9375000e+00 4.9687500e+00 5.0000000e+00
5.0312500e+00 5.0625000e+00 5.0937500e+00 5.1250000e+00
5.1562500e+00 5.1875000e+00 5.2187500e+00 5.2500000e+00
5.2812500e+00 5.3125000e+00 5.3437500e+00 5.3750000e+00
5.4062500e+00 5.4375000e+00 5.4687500e+00 5.5312500e+00
5.5625000e+00 5.5937500e+00 5.6250000e+00 5.6562500e+00
5.6875000e+00 5.7187500e+00 5.7500000e+00 5.7812500e+00
5.8125000e+00 5.8437500e+00 5.8750000e+00 5.9062500e+00
5.9375000e+00 5.9687500e+00 6.0000000e+00 6.0312500e+00
6.0625000e+00 6.0937500e+00 6.1250000e+00 6.1875000e+00
6.2187500e+00 6.2500000e+00 6.2812500e+00 6.3125000e+00
6.3437500e+00 6.3750000e+00 6.4062500e+00 6.4375000e+00
6.4687500e+00 6.5000000e+00 6.5312500e+00 6.5625000e+00
6.5937500e+00 6.6250000e+00 6.6562500e+00 6.6875000e+00
6.7187500e+00 6.7500000e+00 6.7812500e+00 6.8437500e+00
6.8750000e+00 6.9062500e+00 6.9375000e+00 6.9687500e+00
7.0000000e+00 7.0312500e+00 7.0625000e+00 7.0937500e+00
7.1250000e+00 7.1562500e+00 7.1875000e+00 7.2187500e+00
7.2500000e+00 7.2812500e+00 7.3125000e+00 7.3437500e+00
7.3750000e+00 7.4062500e+00 7.4687500e+00 7.5000000e+00
7.5312500e+00 7.5625000e+00 7.5937500e+00 7.6250000e+00
7.6562500e+00 7.6875000e+00 7.7187500e+00 7.7500000e+00
7.7812500e+00 7.8125000e+00 7.8437500e+00 7.8750000e+00
7.9062500e+00 7.9375000e+00 7.9687500e+00 8.0000000e+00
8.0625000e+00 8.0625000e+00 8.1250000e+00 8.1250000e+00
8.1875000e+00 8.1875000e+00 8.2500000e+00 8.2500000e+00
8.3125000e+00 8.3125000e+00 8.3750000e+00 8.3750000e+00
8.3750000e+00 8.5000000e+00 8.5000000e+00 8.5625000e+00
8.5625000e+00 8.6250000e+00 8.6250000e+00 8.6875000e+00
8.6875000e+00 8.7500000e+00 8.7500000e+00 8.8125000e+00
8.8125000e+00 8.8750000e+00 8.8750000e+00 8.9375000e+00
8.9375000e+00 9.0000000e+00 9.0000000e+00 9.0625000e+00
9.0625000e+00 9.1250000e+00 9.1250000e+00 9.1875000e+00
9.1875000e+00 9.2500000e+00 9.2500000e+00 9.3125000e+00
9.3125000e+00 9.3750000e+00 9.3750000e+00 9.4375000e+00
9.4375000e+00 9.5000000e+00 9.5000000e+00 9.5625000e+00
9.5625000e+00 9.6250000e+00 9.6250000e+00 9.7500000e+00
9.7500000e+00 9.8125000e+00 9.8125000e+00 9.8750000e+00
9.8750000e+00 9.9375000e+00 9.9375000e+00 1.0000000e+01
1.0000000e+01 1.0062500e+01 1.0062500e+01 1.0125000e+01
1.0125000e+01 1.0187500e+01 1.0187500e+01 1.0250000e+01
1.0250000e+01 1.0312500e+01 1.0312500e+01 1.0375000e+01
1.0375000e+01 1.0437500e+01 1.0437500e+01 1.0500000e+01
1.0500000e+01 1.0562500e+01 1.0562500e+01 1.0625000e+01
1.0625000e+01 1.0687500e+01 1.0687500e+01 1.0750000e+01
1.0750000e+01 1.0812500e+01 1.0812500e+01 1.0875000e+01
1.0875000e+01 1.0937500e+01 1.0937500e+01 1.1062500e+01
1.1062500e+01 1.1125000e+01 1.1125000e+01 1.1187500e+01
1.1187500e+01 1.1250000e+01 1.1250000e+01 1.1312500e+01
1.1312500e+01 1.1375000e+01 1.1375000e+01 1.1437500e+01
1.1437500e+01 1.1500000e+01 1.1500000e+01 1.1562500e+01
1.1562500e+01 1.1625000e+01 1.1625000e+01 1.1687500e+01
1.1687500e+01 1.1750000e+01 1.1750000e+01 1.1812500e+01
1.1812500e+01 1.1875000e+01 1.1875000e+01 1.1937500e+01
1.1937500e+01 1.2000000e+01 1.2000000e+01 1.2062500e+01
1.2062500e+01 1.2125000e+01 1.2125000e+01 1.2187500e+01
1.2187500e+01 1.2250000e+01 1.2250000e+01 1.2375000e+01
1.2375000e+01 1.2437500e+01 1.2437500e+01 1.2500000e+01
1.2500000e+01 1.2562500e+01 1.2562500e+01 1.2625000e+01
1.2625000e+01 1.2687500e+01 1.2687500e+01 1.2750000e+01
1.2750000e+01 1.2812500e+01 1.2812500e+01 1.2875000e+01
1.2875000e+01 1.2937500e+01 1.2937500e+01 1.3000000e+01
1.3000000e+01 1.3062500e+01 1.3062500e+01 1.3125000e+01
1.3125000e+01 1.3187500e+01 1.3187500e+01 1.3250000e+01
1.3250000e+01 1.3312500e+01 1.3312500e+01 1.3375000e+01
1.3375000e+01 1.3437500e+01 1.3437500e+01 1.3500000e+01
1.3500000e+01 1.3562500e+01 1.3562500e+01 1.3687500e+01
1.3687500e+01 1.3750000e+01 1.3750000e+01 1.3812500e+01
1.3812500e+01 1.3875000e+01 1.3875000e+01 1.3937500e+01
1.3937500e+01 1.4000000e+01 1.4000000e+01 1.4062500e+01
1.4062500e+01 1.4125000e+01 1.4125000e+01 1.4187500e+01
1.4187500e+01 1.4250000e+01 1.4250000e+01 1.4312500e+01
1.4312500e+01 1.4375000e+01 1.4375000e+01 1.4437500e+01
1.4437500e+01 1.4500000e+01 1.4500000e+01 1.4562500e+01
1.4562500e+01 1.4625000e+01 1.4625000e+01 1.4687500e+01
1.4687500e+01 1.4750000e+01 1.4750000e+01 1.4812500e+01
1.4812500e+01 1.4937500e+01 1.4937500e+01 1.5000000e+01
1.5000000e+01 1.5062500e+01 1.5062500e+01 1.5125000e+01
1.5125000e+01 1.5187500e+01 1.5187500e+01 1.5250000e+01
1.5250000e+01 1.5312500e+01 1.5312500e+01 1.5375000e+01
1.5375000e+01 1.5437500e+01 1.5437500e+01 1.5500000e+01
1.5500000e+01 1.5562500e+01 1.5562500e+01 1.5625000e+01
1.5625000e+01 1.5687500e+01 1.5687500e+01 1.5750000e+01
1.5750000e+01 1.5812500e+01 1.5812500e+01 1.5875000e+01
1.5875000e+01 1.5937500e+01 1.5937500e+01 1.6000000e+01
1.6000000e+01 1.6125000e+01 1.6125000e+01 1.6125000e+01
1.6125000e+01 1.6250000e+01 1.6250000e+01 1.6250000e+01
1.6250000e+01 1.6375000e+01 1.6375000e+01 1.6375000e+01
1.6375000e+01 1.6500000e+01 1.6500000e+01 1.6500000e+01
1.6500000e+01 1.6625000e+01 1.6625000e+01 1.6625000e+01
1.6625000e+01 1.6750000e+01 1.6750000e+01 1.6750000e+01
-1.7578125e+00 -1.7578125e+00 -1.7578125e+00 -1.7578125e+00
-1.7578125e+00 -1.7578125e+00 -1.7578125e+00 -1.7578125e+00
-1.7578125e+00 -1.7578125e+00 -1.7578125e+00 -1.7578125e+00
-1.7578125e+00 -1.7578125e+00 -1.7578125e+00 -1.7578125e+00
-1.7578125e+00 -1.7578125e+00 -1.7578125e+00 -1.7578125e+00
-1.7578125e+00 -1.7578125e+00 -1.7578125e+00 -1.7578125e+00
-1.7578125e+00 -1.7578125e+00 -1.7578125e+00 -1.7578125e+00
-1.7578125e+00 -1.7578125e+00 -1.7578125e+00 -1.7578125e+00
-1.7578125e+00 -1.7578125e+00 -1.7578125e+00 -1.7578125e+00
-1.7578125e+00 -1.7578125e+00 -1.7578125e+00 -1.7578125e+00
-1.7578125e+00 -1.7578125e+00 -1.7578125e+00 -1.7578125e+00
-1.7578125e+00 -1.7578125e+00 -1.7578125e+00 -1.7578125e+00
-1.7578125e+00 -1.7578125e+00 -1.7578125e+00 -1.7578125e+00
-1.7578125e+00 -1.7578125e+00 -1.7578125e+00 -1.7578125e+00
-1.7578125e+00 -1.7578125e+00 -1.7578125e+00 -1.7578125e+00
-1.7578125e+00 -1.7578125e+00 -1.7578125e+00 -1.7578125e+00
-1.7578125e+00 -1.7578125e+00 -1.7578125e+00 -1.7578125e+00
-1.7578125e+00 -1.7578125e+00 -1.7578125e+00 -1.7578125e+00
-1.7578125e+00 -1.7578125e+00 -1.7578125e+00 -1.7578125e+00
-1.7578125e+00 -1.7578125e+00 -1.7578125e+00 -1.7578125e+00
-1.7578125e+00 -1.7578125e+00 -1.7578125e+00 -1.7578125e+00
-1.7578125e+00 -1.7578125e+00 -1.7578125e+00 -1.7578125e+00
-1.7578125e+00 -1.7578125e+00 -1.7578125e+00 -1.7578125e+00
-1.7578125e+00 -1.7578125e+00 -1.7578125e+00 -1.7578125e+00
-1.7578125e+00 -1.7578125e+00 -1.7578125e+00 -1.7578125e+00
-1.7578125e+00 -1.7578125e+00 -1.7578125e+00 -1.7578125e+00
-1.7578125e+00 -1.7578125e+00 -1.7578125e+00 -1.7578125e+00
-1.7578125e+00 -1.7578125e+00 -1.7578125e+00 -1.7578125e+00
-1.7578125e+00 -1.7578125e+00 -1.7578125e+00 -1.7578125e+00
-1.7578125e+00 -1.7578125e+00 -1.7578125e+00 -1.7578125e+00
-1.7578125e+00 -1.7578125e+00 -1.7578125e+00 -1.7578125e+00
-1.7578125e+00 -1.7578125e+00 -1.7578125e+00 -1.7578125e+00
-1.7578125e+00 -1.7578125e+00 -1.7578125e+00 -1.7578125e+00
-1.7578125e+00 -1.7578125e+00 -1.7578125e+00 -1.7578125e+00
-1.7578125e+00 -1.7578125e+00 -1.7578125e+00 -1.7578125e+00
-1.7578125e+00 -1.7578125e+00 -1.7578125e+00 -1.7578125e+00
-1.7578125e+00 -1.7578125e+00 -1.7578125e+00 -1.7578125e+00
-1.7578125e+00 -1.7578125e+00 -1.7578125e+00 -1.7578125e+00
-1.7578125e+00 -1.7578125e+00 -1.7578125e+00 -1.7578125e+00
-1.7578125e+00 -1.7578125e+00 -1.7578125e+00 -1.7578125e+00
-1.7578125e+00 -1.7578125e+00 -1.7578125e+00 -1.7578125e+00
-1.7578125e+00 -1.7578125e+00 -1.7578125e+00 -1.7578125e+00
-1.7578125e+00 -1.7578125e+00 -1.7578125e+00 -1.7578125e+00
-1.7578125e+00 -1.7578125e+00 -1.7578125e+00 -1.7578125e+00
-1.7578125e+00 -1.7578125e+00 -1.7578125e+00 -1.7578125e+00
-1.7578125e+00 -1.7578125e+00 -1.7578125e+00 -1.7578125e+00
-1.7578125e+00 -1.7578125e+00 -1.7578125e+00 -1.7578125e+00
-1.7578125e+00 -1.7578125e+00 -1.7578125e+00 -1.7578125e+00
-1.7578125e+00 -1.7578125e+00 -1.7578125e+00 -1.7578125e+00
-1.7578125e+00 -1.7578125e+00 -1.7578125e+00 -1.7578125e+00
-1.7578125e+00 -1.7578125e+00 -1.7578125e+00 -1.7578125e+00
-1.7578125e+00 -1.7578125e+00 -1.7578125e+00 -1.7578125e+00
-1.7578125e+00 -1.7578125e+00 -1.7578125e+00 -1.7578125e+00
-1.7578125e+00 -1.7578125e+00 -1.7578125e+00 -1.7578125e+00
-1.7578125e+00 -1.7578125e+00 -1.7578125e+00 -1.7578125e+00
-1.7578125e+00 -1.7578125e+00 -1.7578125e+00 -1.7578125e+00
-1.7578125e+00 -1.7578125e+00 -1.7578125e+00 -1.7578125e+00
-1.7578125e+00 -1.7578125e+00 -1.7578125e+00 -1.7578125e+00
-1.7578125e+00 -1.7578125e+00 -1.7578125e+00 -1.7578125e+00
-1.7578125e+00 -1.7578125e+00 -1.7578125e+00 -1.7578125e+00
-1.7578125e+00 -1.7578125e+00 -1.7578125e+00 -1.7578125e+00
-1.7578125e+00 -1.7578125e+00 -1.7578125e+00 -1.7578125e+00
-1.7578125e+00 -1.7578125e+00 -1.7578125e+00 -1.7578125e+00
-1.7578125e+00 -1.7578125e+00 -1.7578125e+00 -1.7578125e+00
-1.7578125e+00 -1.7578125e+00 -1.7578125e+00 -1.7578125e+00
-1.7578125e+00 -1.7578125e+00 -1.7578125e+00 -1.7578125e+00
-1.7578125e+00 -1.7578125e+00 -1.7578125e+00 -1.7578125e+00
-1.7578125e+00 -1.7578125e+00 -1.7578125e+00 -1.7578125e+00
-1.7578125e+00 -1.7578125e+00 -1.7578125e+00 -1.7578125e+00
-1.7578125e+00 -1.7578125e+00 -1.7578125e+00 -1.7578125e+00
-1.7578125e+00 -1.7578125e+00 -1.7578125e+00 -1.7578125e+00
-1.7578125e+00 -1.7578125e+00 -1.7578125e+00 -1.7578125e+00
-1.7578125e+00 -1.7578125e+00 -1.7578125e+00 -1.7578125e+00
-1.7578125e+00 -1.7578125e+00 -1.7578125e+00 -1.7578125e+00
-1.7578125e+00 -1.7578125e+00 -1.7578125e+00 -1.7578125e+00
-1.7578125e+00 -1.7578125e+00 -1.7578125e+00 -1.7578125e+00
-1.7578125e+00 -1.7578125e+00 -1.7578125e+00 -1.7578125e+00
-1.7578125e+00 -1.7578125e+00 -1.7578125e+00 -1.7578125e+00
-1.7578125e+00 -1.7578125e+00 -1.7578125e+00 -1.7578125e+00
-1.7578125e+00 -1.7578125e+00 -1.7578125e+00 -1.7500000e+00
-1.7500000e+00 -1.7500000e+00 -1.7500000e+00 -1.7500000e+00
-1.7500000e+00 -1.7500000e+00 -1.7500000e+00 -1.7500000e+00
-1.7500000e+00 -1.7500000e+00 -1.7500000e+00 -1.7500000e+00
-1.7500000e+00 -1.7500000e+00 -1.7500000e+00 -1.7500000e+00
-1.7500000e+00 -1.7500000e+00 -1.7500000e+00 -1.7500000e+00
-1.7500000e+00 -1.7500000e+00 -1.7500000e+00 -1.7500000e+00
-1.7500000e+00 -1.7500000e+00 -1.7500000e+00 -1.7500000e+00
-1.7500000e+00 -1.7500000e+00 -1.7500000e+00 -1.7500000e+00
-1.7500000e+00 -1.7421875e+00 -1.7421875e+00 -1.7421875e+00
-1.7421875e+00 -1.7421875e+00 -1.7421875e+00 -1.7421875e+00
-1.7421875e+00 -1.7421875e+00 -1.7421875e+00 -1.7421875e+00
-1.7421875e+00 -1.7421875e+00 -1.7421875e+00 -1.7421875e+00
-1.7421875e+00 -1.7343750e+00 -1.7343750e+00 -1.7343750e+00
-1.7343750e+00 -1.7343750e+00 -1.7343750e+00 -1.7343750e+00
-1.7343750e+00 -1.7343750e+00 -1.7343750e+00 -1.7343750e+00
-1.7265625e+00 -1.7265625e+00 -1.7265625e+00 -1.7265625e+00
-1.7265625e+00 -1.7265625e+00 -1.7265625e+00 -1.7187500e+00
-1.7187500e+00 -1.7187500e+00 -1.7187500e+00 -1.7187500e+00
-1.7187500e+00 -1.7109375e+00 -1.7109375e+00 -1.7109375e+00
-1.7109375e+00 -1.7109375e+00 -1.7109375e+00 -1.7031250e+00
-1.7031250e+00 -1.7031250e+00 -1.7031250e+00 -1.6953125e+00
-1.6953125e+00 -1.6953125e+00 -1.6953125e+00 -1.6875000e+00
-1.6875000e+00 -1.6875000e+00 -1.6875000e+00 -1.6796875e+00
-1.6796875e+00 -1.6796875e+00 -1.6718750e+00 -1.6718750e+00
-1.6718750e+00 -1.6640625e+00 -1.6640625e+00 -1.6640625e+00
-1.6562500e+00 -1.6562500e+00 -1.6484375e+00 -1.6484375e+00
-1.6406250e+00 -1.6406250e+00 -1.6328125e+00 -1.6328125e+00
-1.6250000e+00 -1.6250000e+00 -1.6171875e+00 -1.6171875e+00
-1.6093750e+00 -1.6093750e+00 -1.6015625e+00 -1.5937500e+00
-1.5937500e+00 -1.5859375e+00 -1.5781250e+00 -1.5781250e+00
-1.5703125e+00 -1.5625000e+00 -1.5546875e+00 -1.5546875e+00
-1.5468750e+00 -1.5390625e+00 -1.5312500e+00 -1.5234375e+00
-1.5156250e+00 -1.5078125e+00 -1.5000000e+00 -1.4921875e+00
-1.4843750e+00 -1.4765625e+00 -1.4687500e+00 -1.4609375e+00
-1.4453125e+00 -1.4375000e+00 -1.4296875e+00 -1.4140625e+00
-1.4062500e+00 -1.3984375e+00 -1.3828125e+00 -1.3750000e+00
-1.3593750e+00 -1.3437500e+00 -1.3359375e+00 -1.3203125e+00
-1.3046875e+00 -1.2890625e+00 -1.2812500e+00 -1.2656250e+00
-1.2500000e+00 -1.2265625e+00 -1.2109375e+00 -1.1953125e+00
-1.1796875e+00 -1.1562500e+00 -1.1406250e+00 -1.1250000e+00
-1.1015625e+00 -1.0781250e+00 -1.0625000e+00 -1.0390625e+00
-1.0156250e+00 -9.8828125e-01 -9.6484375e-01 -9.4140625e-01
-9.1406250e-01 -8.8671875e-01 -8.5937500e-01 -8.3203125e-01
-8.0078125e-01 -7.7343750e-01 -7.4218750e-01 -7.0703125e-01
-6.7578125e-01 -6.4062500e-01 -6.0546875e-01 -5.7031250e-01
-5.3125000e-01 -4.9218750e-01 -4.5117188e-01 -4.1015625e-01
-3.6718750e-01 -3.2226562e-01 -2.7734375e-01 -2.3046875e-01
-1.8261719e-01 -1.3183594e-01 -8.0566406e-02 -2.7221680e-02
1.6357422e-02 4.9316406e-02 8.2031250e-02 1.1474609e-01
1.4746094e-01 1.8066406e-01 2.1386719e-01 2.4609375e-01
2.7929688e-01 3.1250000e-01 3.4570312e-01 3.7695312e-01
4.1015625e-01 4.4335938e-01 4.7656250e-01 5.0781250e-01
5.4296875e-01 5.7421875e-01 6.0937500e-01 6.4062500e-01
6.7187500e-01 7.0703125e-01 7.3828125e-01 7.7343750e-01
8.0468750e-01 8.3593750e-01 8.7109375e-01 9.0234375e-01
9.3750000e-01 9.6875000e-01 1.0000000e+00 1.0312500e+00
1.0703125e+00 1.1015625e+00 1.1328125e+00 1.1640625e+00
1.1953125e+00 1.2343750e+00 1.2656250e+00 1.2968750e+00
1.3281250e+00 1.3593750e+00 1.3984375e+00 1.4296875e+00
1.4609375e+00 1.4921875e+00 1.5234375e+00 1.5625000e+00
1.5937500e+00 1.6250000e+00 1.6562500e+00 1.6875000e+00
1.7265625e+00 1.7578125e+00 1.7890625e+00 1.8203125e+00
1.8515625e+00 1.8906250e+00 1.9218750e+00 1.9531250e+00
1.9843750e+00 2.0156250e+00 2.0468750e+00 2.0781250e+00
2.1250000e+00 2.1562500e+00 2.1875000e+00 2.2187500e+00
2.2500000e+00 2.2812500e+00 2.3125000e+00 2.3437500e+00
2.3750000e+00 2.4062500e+00 2.4531250e+00 2.4843750e+00
2.5156250e+00 2.5468750e+00 2.5781250e+00 2.6093750e+00
2.6406250e+00 2.6718750e+00 2.7031250e+00 2.7343750e+00
2.7812500e+00 2.8125000e+00 2.8437500e+00 2.8750000e+00
2.9062500e+00 2.9375000e+00 2.9687500e+00 3.0000000e+00
3.0312500e+00 3.0625000e+00 3.1093750e+00 3.1406250e+00
3.1718750e+00 3.2031250e+00 3.2343750e+00 3.2656250e+00
3.2968750e+00 3.3281250e+00 3.3593750e+00 3.3906250e+00
3.4375000e+00 3.4687500e+00 3.5000000e+00 3.5312500e+00
3.5625000e+00 3.5937500e+00 3.6250000e+00 3.6562500e+00
3.6875000e+00 3.7343750e+00 3.7656250e+00 3.7968750e+00
3.8281250e+00 3.8593750e+00 3.8906250e+00 3.9218750e+00
3.9531250e+00 3.9843750e+00 4.0312500e+00 4.0625000e+00
4.0937500e+00 4.1250000e+00 4.1562500e+00 4.1875000e+00
4.2500000e+00 4.2812500e+00 4.3125000e+00 4.3437500e+00
4.3750000e+00 4.4062500e+00 4.4375000e+00 4.4687500e+00
4.5000000e+00 4.5312500e+00 4.5625000e+00 4.5937500e+00
4.6250000e+00 4.6562500e+00 4.6875000e+00 4.7187500e+00
4.7500000e+00 4.7812500e+00 4.8125000e+00 4.8750000e+00
4.9062500e+00 4.9375000e+00 4.9687500e+00 5.0000000e+00
5.0312500e+00 5.0625000e+00 5.0937500e+00 5.1250000e+00
5.1562500e+00 5.1875000e+00 5.2187500e+00 5.2500000e+00
5.2812500e+00 5.3125000e+00 5.3437500e+00 5.3750000e+00
5.4062500e+00 5.4375000e+00 5.4687500e+00 5.5312500e+00
5.5625000e+00 5.5937500e+00 5.6250000e+00 5.6562500e+00
5.6875000e+00 5.7187500e+00 5.7500000e+00 5.7812500e+00
5.8125000e+00 5.8437500e+00 5.8750000e+00 5.9062500e+00
5.9375000e+00 5.9687500e+00 6.0000000e+00 6.0312500e+00
6.0625000e+00 6.0937500e+00 6.1250000e+00 6.1875000e+00
6.2187500e+00 6.2500000e+00 6.2812500e+00 6.3125000e+00
6.3437500e+00 6.3750000e+00 6.4062500e+00 6.4375000e+00
6.4687500e+00 6.5000000e+00 6.5312500e+00 6.5625000e+00
6.5937500e+00 6.6250000e+00 6.6562500e+00 6.6875000e+00
6.7187500e+00 6.7500000e+00 6.7812500e+00 6.8437500e+00
6.8750000e+00 6.9062500e+00 6.9375000e+00 6.9687500e+00
7.0000000e+00 7.0312500e+00 7.0625000e+00 7.0937500e+00
7.1250000e+00 7.1562500e+00 7.1875000e+00 7.2187500e+00
7.2500000e+00 7.2812500e+00 7.3125000e+00 7.3437500e+00
7.3750000e+00 7.4062500e+00 7.4687500e+00 7.5000000e+00
7.5312500e+00 7.5625000e+00 7.5937500e+00 7.6250000e+00
7.6562500e+00 7.6875000e+00 7.7187500e+00 7.7500000e+00
7.7812500e+00 7.8125000e+00 7.8437500e+00 7.8750000e+00
7.9062500e+00 7.9375000e+00 7.9687500e+00 8.0000000e+00
8.0625000e+00 8.0625000e+00 8.1250000e+00 8.1250000e+00
8.1875000e+00 8.1875000e+00 8.2500000e+00 8.2500000e+00
8.3125000e+00 8.3125000e+00 8.3750000e+00 8.3750000e+00
8.3750000e+00 8.5000000e+00 8.5000000e+00 8.5625000e+00
8.5625000e+00 8.6250000e+00 8.6250000e+00 8.6875000e+00
8.6875000e+00 8.7500000e+00 8.7500000e+00 8.8125000e+00
8.8125000e+00 8.8750000e+00 8.8750000e+00 8.9375000e+00
8.9375000e+00 9.0000000e+00 9.0000000e+00 9.0625000e+00
9.0625000e+00 9.1250000e+00 9.1250000e+00 9.1875000e+00
9.1875000e+00 9.2500000e+00 9.2500000e+00 9.3125000e+00
9.3125000e+00 9.3750000e+00 9.3750000e+00 9.4375000e+00
9.4375000e+00 9.5000000e+00 9.5000000e+00 9.5625000e+00
9.5625000e+00 9.6250000e+00 9.6250000e+00 9.7500000e+00
9.7500000e+00 9.8125000e+00 9.8125000e+00 9.8750000e+00
9.8750000e+00 9.9375000e+00 9.9375000e+00 1.0000000e+01
1.0000000e+01 1.0062500e+01 1.0062500e+01 1.0125000e+01
1.0125000e+01 1.0187500e+01 1.0187500e+01 1.0250000e+01
1.0250000e+01 1.0312500e+01 1.0312500e+01 1.0375000e+01
1.0375000e+01 1.0437500e+01 1.0437500e+01 1.0500000e+01
1.0500000e+01 1.0562500e+01 1.0562500e+01 1.0625000e+01
1.0625000e+01 1.0687500e+01 1.0687500e+01 1.0750000e+01
1.0750000e+01 1.0812500e+01 1.0812500e+01 1.0875000e+01
1.0875000e+01 1.0937500e+01 1.0937500e+01 1.1062500e+01
1.1062500e+01 1.1125000e+01 1.1125000e+01 1.1187500e+01
1.1187500e+01 1.1250000e+01 1.1250000e+01 1.1312500e+01
1.1312500e+01 1.1375000e+01 1.1375000e+01 1.1437500e+01
1.1437500e+01 1.1500000e+01 1.1500000e+01 1.1562500e+01
1.1562500e+01 1.1625000e+01 1.1625000e+01 1.1687500e+01
1.1687500e+01 1.1750000e+01 1.1750000e+01 1.1812500e+01
1.1812500e+01 1.1875000e+01 1.1875000e+01 1.1937500e+01
1.1937500e+01 1.2000000e+01 1.2000000e+01 1.2062500e+01
1.2062500e+01 1.2125000e+01 1.2125000e+01 1.2187500e+01
1.2187500e+01 1.2250000e+01 1.2250000e+01 1.2375000e+01
1.2375000e+01 1.2437500e+01 1.2437500e+01 1.2500000e+01
1.2500000e+01 1.2562500e+01 1.2562500e+01 1.2625000e+01
1.2625000e+01 1.2687500e+01 1.2687500e+01 1.2750000e+01
1.2750000e+01 1.2812500e+01 1.2812500e+01 1.2875000e+01
1.2875000e+01 1.2937500e+01 1.2937500e+01 1.3000000e+01
1.3000000e+01 1.3062500e+01 1.3062500e+01 1.3125000e+01
1.3125000e+01 1.3187500e+01 1.3187500e+01 1.3250000e+01
1.3250000e+01 1.3312500e+01 1.3312500e+01 1.3375000e+01
1.3375000e+01 1.3437500e+01 1.3437500e+01 1.3500000e+01
1.3500000e+01 1.3562500e+01 1.3562500e+01 1.3687500e+01
1.3687500e+01 1.3750000e+01 1.3750000e+01 1.3812500e+01
1.3812500e+01 1.3875000e+01 1.3875000e+01 1.3937500e+01
1.3937500e+01 1.4000000e+01 1.4000000e+01 1.4062500e+01
1.4062500e+01 1.4125000e+01 1.4125000e+01 1.4187500e+01
1.4187500e+01 1.4250000e+01 1.4250000e+01 1.4312500e+01
1.4312500e+01 1.4375000e+01 1.4375000e+01 1.4437500e+01
1.4437500e+01 1.4500000e+01 1.4500000e+01 1.4562500e+01
1.4562500e+01 1.4625000e+01 1.4625000e+01 1.4687500e+01
1.4687500e+01 1.4750000e+01 1.4750000e+01 1.4812500e+01
1.4812500e+01 1.4937500e+01 1.4937500e+01 1.5000000e+01
1.5000000e+01 1.5062500e+01 1.5062500e+01 1.5125000e+01
1.5125000e+01 1.5187500e+01 1.5187500e+01 1.5250000e+01
1.5250000e+01 1.5312500e+01 1.5312500e+01 1.5375000e+01
1.5375000e+01 1.5437500e+01 1.5437500e+01 1.5500000e+01
1.5500000e+01 1.5562500e+01 1.5562500e+01 1.5625000e+01
1.5625000e+01 1.5687500e+01 1.5687500e+01 1.5750000e+01
1.5750000e+01 1.5812500e+01 1.5812500e+01 1.5875000e+01
1.5875000e+01 1.5937500e+01 1.5937500e+01 1.6000000e+01
1.6000000e+01 1.6125000e+01 1.6125000e+01 1.6125000e+01
1.6125000e+01 1.6250000e+01 1.6250000e+01 1.6250000e+01
1.6250000e+01 1.6375000e+01 1.6375000e+01 1.6375000e+01
1.6375000e+01 1.6500000e+01 1.6500000e+01 1.6500000e+01
1.6500000e+01 1.6625000e+01 1.6625000e+01 1.6625000e+01
1.6625000e+01 1.6750000e+01 1.6750000e+01 1.6750000e+01
-1.7578125e+00 -1.7578125e+00 -1.7578125e+00 -1.7578125e+00
-1.7578125e+00 -1.7578125e+00 -1.7578125e+00 -1.7578125e+00
-1.7578125e+00 -1.7578125e+00 -1.7578125e+00 -1.7578125e+00
-1.7578125e+00 -1.7578125e+00 -1.7578125e+00 -1.7578125e+00
-1.7578125e+00 -1.7578125e+00 -1.7578125e+00 -1.7578125e+00
-1.7578125e+00 -1.7578125e+00 -1.7578125e+00 -1.7578125e+00
-1.7578125e+00 -1.7578125e+00 -1.7578125e+00 -1.7578125e+00
-1.7578125e+00 -1.7578125e+00 -1.7578125e+00 -1.7578125e+00
-1.7578125e+00 -1.7578125e+00 -1.7578125e+00 -1.7578125e+00
-1.7578125e+00 -1.7578125e+00 -1.7578125e+00 -1.7578125e+00
-1.7578125e+00 -1.7578125e+00 -1.7578125e+00 -1.7578125e+00
-1.7578125e+00 -1.7578125e+00 -1.7578125e+00 -1.7578125e+00
-1.7578125e+00 -1.7578125e+00 -1.7578125e+00 -1.7578125e+00
-1.7578125e+00 -1.7578125e+00 -1.7578125e+00 -1.7578125e+00
-1.7578125e+00 -1.7578125e+00 -1.7578125e+00 -1.7578125e+00
-1.7578125e+00 -1.7578125e+00 -1.7578125e+00 -1.7578125e+00
-1.7578125e+00 -1.7578125e+00 -1.7578125e+00 -1.7578125e+00
-1.7578125e+00 -1.7578125e+00 -1.7578125e+00 -1.7578125e+00
-1.7578125e+00 -1.7578125e+00 -1.7578125e+00 -1.7578125e+00
-1.7578125e+00 -1.7578125e+00 -1.7578125e+00 -1.7578125e+00
-1.7578125e+00 -1.7578125e+00 -1.7578125e+00 -1.7578125e+00
-1.7578125e+00 -1.7578125e+00 -1.7578125e+00 -1.7578125e+00
-1.7578125e+00 -1.7578125e+00 -1.7578125e+00 -1.7578125e+00
-1.7578125e+00 -1.7578125e+00 -1.7578125e+00 -1.7578125e+00
-1.7578125e+00 -1.7578125e+00 -1.7578125e+00 -1.7578125e+00
-1.7578125e+00 -1.7578125e+00 -1.7578125e+00 -1.7578125e+00
-1.7578125e+00 -1.7578125e+00 -1.7578125e+00 -1.7578125e+00
-1.7578125e+00 -1.7578125e+00 -1.7578125e+00 -1.7578125e+00
-1.7578125e+00 -1.7578125e+00 -1.7578125e+00 -1.7578125e+00
-1.7578125e+00 -1.7578125e+00 -1.7578125e+00 -1.7578125e+00
-1.7578125e+00 -1.7578125e+00 -1.7578125e+00 -1.7578125e+00
-1.7578125e+00 -1.7578125e+00 -1.7578125e+00 -1.7578125e+00
-1.7578125e+00 -1.7578125e+00 -1.7578125e+00 -1.7578125e+00
-1.7578125e+00 -1.7578125e+00 -1.7578125e+00 -1.7578125e+00
-1.7578125e+00 -1.7578125e+00 -1.7578125e+00 -1.7578125e+00
-1.7578125e+00 -1.7578125e+00 -1.7578125e+00 -1.7578125e+00
-1.7578125e+00 -1.7578125e+00 -1.7578125e+00 -1.7578125e+00
-1.7578125e+00 -1.7578125e+00 -1.7578125e+00 -1.7578125e+00
-1.7578125e+00 -1.7578125e+00 -1.7578125e+00 -1.7578125e+00
-1.7578125e+00 -1.7578125e+00 -1.7578125e+00 -1.7578125e+00
-1.7578125e+00 -1.7578125e+00 -1.7578125e+00 -1.7578125e+00
-1.7578125e+00 -1.7578125e+00 -1.7578125e+00 -1.7578125e+00
-1.7578125e+00 -1.7578125e+00 -1.7578125e+00 -1.7578125e+00
-1.7578125e+00 -1.7578125e+00 -1.7578125e+00 -1.7578125e+00
-1.7578125e+00 -1.7578125e+00 -1.7578125e+00 -1.7578125e+00
-1.7578125e+00 -1.7578125e+00 -1.7578125e+00 -1.7578125e+00
-1.7578125e+00 -1.7578125e+00 -1.7578125e+00 -1.7578125e+00
-1.7578125e+00 -1.7578125e+00 -1.7578125e+00 -1.7578125e+00
-1.7578125e+00 -1.7578125e+00 -1.7578125e+00 -1.7578125e+00
-1.7578125e+00 -1.7578125e+00 -1.7578125e+00 -1.7578125e+00
-1.7578125e+00 -1.7578125e+00 -1.7578125e+00 -1.7578125e+00
-1.7578125e+00 -1.7578125e+00 -1.7578125e+00 -1.7578125e+00
-1.7578125e+00 -1.7578125e+00 -1.7578125e+00 -1.7578125e+00
-1.7578125e+00 -1.7578125e+00 -1.7578125e+00 -1.7578125e+00
-1.7578125e+00 -1.7578125e+00 -1.7578125e+00 -1.7578125e+00
-1.7578125e+00 -1.7578125e+00 -1.7578125e+00 -1.7578125e+00
-1.7578125e+00 -1.7578125e+00 -1.7578125e+00 -1.7578125e+00
-1.7578125e+00 -1.7578125e+00 -1.7578125e+00 -1.7578125e+00
-1.7578125e+00 -1.7578125e+00 -1.7578125e+00 -1.7578125e+00
-1.7578125e+00 -1.7578125e+00 -1.7578125e+00 -1.7578125e+00
-1.7578125e+00 -1.7578125e+00 -1.7578125e+00 -1.7578125e+00
-1.7578125e+00 -1.7578125e+00 -1.7578125e+00 -1.7578125e+00
-1.7578125e+00 -1.7578125e+00 -1.7578125e+00 -1.7578125e+00
-1.7578125e+00 -1.7578125e+00 -1.7578125e+00 -1.7578125e+00
-1.7578125e+00 -1.7578125e+00 -1.7578125e+00 -1.7578125e+00
-1.7578125e+00 -1.7578125e+00 -1.7578125e+00 -1.7578125e+00
-1.7578125e+00 -1.7578125e+00 -1.7578125e+00 -1.7578125e+00
-1.7578125e+00 -1.7578125e+00 -1.7578125e+00 -1.7578125e+00
-1.7578125e+00 -1.7578125e+00 -1.7578125e+00 -1.7578125e+00
-1.7578125e+00 -1.7578125e+00 -1.7578125e+00 -1.7578125e+00
-1.7578125e+00 -1.7578125e+00 -1.7578125e+00 -1.7578125e+00
-1.7578125e+00 -1.7578125e+00 -1.7578125e+00 -1.7578125e+00
-1.7578125e+00 -1.7578125e+00 -1.7578125e+00 -1.7578125e+00
-1.7578125e+00 -1.7578125e+00 -1.7578125e+00 -1.7578125e+00
-1.7578125e+00 -1.7578125e+00 -1.7578125e+00 -1.7578125e+00
-1.7578125e+00 -1.7578125e+00 -1.7578125e+00 -1.7578125e+00
-1.7578125e+00 -1.7578125e+00 -1.7578125e+00 -1.7578125e+00
-1.7578125e+00 -1.7578125e+00 -1.7578125e+00 -1.7578125e+00
-1.7578125e+00 -1.7578125e+00 -1.7578125e+00 -1.7578125e+00
-1.7578125e+00 -1.7578125e+00 -1.7578125e+00 -1.7500000e+00
-1.7500000e+00 -1.7500000e+00 -1.7500000e+00 -1.7500000e+00
-1.7500000e+00 -1.7500000e+00 -1.7500000e+00 -1.7500000e+00
-1.7500000e+00 -1.7500000e+00 -1.7500000e+00 -1.7500000e+00
-1.7500000e+00 -1.7500000e+00 -1.7500000e+00 -1.7500000e+00
-1.7500000e+00 -1.7500000e+00 -1.7500000e+00 -1.7500000e+00
-1.7500000e+00 -1.7500000e+00 -1.7500000e+00 -1.7500000e+00
-1.7500000e+00 -1.7500000e+00 -1.7500000e+00 -1.7500000e+00
-1.7500000e+00 -1.7500000e+00 -1.7500000e+00 -1.7500000e+00
-1.7500000e+00 -1.7421875e+00 -1.7421875e+00 -1.7421875e+00
-1.7421875e+00 -1.7421875e+00 -1.7421875e+00 -1.7421875e+00
-1.7421875e+00 -1.7421875e+00 -1.7421875e+00 -1.7421875e+00
-1.7421875e+00 -1.7421875e+00 -1.7421875e+00 -1.7421875e+00
-1.7421875e+00 -1.7343750e+00 -1.7343750e+00 -1.7343750e+00
-1.7343750e+00 -1.7343750e+00 -1.7343750e+00 -1.7343750e+00
-1.7343750e+00 -1.7343750e+00 -1.7343750e+00 -1.7343750e+00
-1.7265625e+00 -1.7265625e+00 -1.7265625e+00 -1.7265625e+00
-1.7265625e+00 -1.7265625e+00 -1.7265625e+00 -1.7187500e+00
-1.7187500e+00 -1.7187500e+00 -1.7187500e+00 -1.7187500e+00
-1.7187500e+00 -1.7109375e+00 -1.7109375e+00 -1.7109375e+00
-1.7109375e+00 -1.7109375e+00 -1.7109375e+00 -1.7031250e+00
-1.7031250e+00 -1.7031250e+00 -1.7031250e+00 -1.6953125e+00
-1.6953125e+00 -1.6953125e+00 -1.6953125e+00 -1.6875000e+00
-1.6875000e+00 -1.6875000e+00 -1.6875000e+00 -1.6796875e+00
-1.6796875e+00 -1.6796875e+00 -1.6718750e+00 -1.6718750e+00
-1.6718750e+00 -1.6640625e+00 -1.6640625e+00 -1.6640625e+00
-1.6562500e+00 -1.6562500e+00 -1.6484375e+00 -1.6484375e+00
-1.6406250e+00 -1.6406250e+00 -1.6328125e+00 -1.6328125e+00
-1.6250000e+00 -1.6250000e+00 -1.6171875e+00 -1.6171875e+00
-1.6093750e+00 -1.6093750e+00 -1.6015625e+00 -1.5937500e+00
-1.5937500e+00 -1.5859375e+00 -1.5781250e+00 -1.5781250e+00
-1.5703125e+00 -1.5625000e+00 -1.5546875e+00 -1.5546875e+00
-1.5468750e+00 -1.5390625e+00 -1.5312500e+00 -1.5234375e+00
-1.5156250e+00 -1.5078125e+00 -1.5000000e+00 -1.4921875e+00
-1.4843750e+00 -1.4765625e+00 -1.4687500e+00 -1.4609375e+00
-1.4453125e+00 -1.4375000e+00 -1.4296875e+00 -1.4140625e+00
-1.4062500e+00 -1.3984375e+00 -1.3828125e+00 -1.3750000e+00
-1.3593750e+00 -1.3437500e+00 -1.3359375e+00 -1.3203125e+00
-1.3046875e+00 -1.2890625e+00 -1.2812500e+00 -1.2656250e+00
-1.2500000e+00 -1.2265625e+00 -1.2109375e+00 -1.1953125e+00
-1.1796875e+00 -1.1562500e+00 -1.1406250e+00 -1.1250000e+00
-1.1015625e+00 -1.0781250e+00 -1.0625000e+00 -1.0390625e+00
-1.0156250e+00 -9.8828125e-01 -9.6484375e-01 -9.4140625e-01
-9.1406250e-01 -8.8671875e-01 -8.5937500e-01 -8.3203125e-01
-8.0078125e-01 -7.7343750e-01 -7.4218750e-01 -7.0703125e-01
-6.7578125e-01 -6.4062500e-01 -6.0546875e-01 -5.7031250e-01
-5.3125000e-01 -4.9218750e-01 -4.5117188e-01 -4.1015625e-01
-3.6718750e-01 -3.2226562e-01 -2.7734375e-01 -2.3046875e-01
-1.8261719e-01 -1.3183594e-01 -8.0566406e-02 -2.7221680e-02
1.6357422e-02 4.9316406e-02 8.2031250e-02 1.1474609e-01
1.4746094e-01 1.8066406e-01 2.1386719e-01 2.4609375e-01
2.7929688e-01 3.1250000e-01 3.4570312e-01 3.7695312e-01
4.1015625e-01 4.4335938e-01 4.7656250e-01 5.0781250e-01
5.4296875e-01 5.7421875e-01 6.0937500e-01 6.4062500e-01
6.7187500e-01 7.0703125e-01 7.3828125e-01 7.7343750e-01
8.0468750e-01 8.3593750e-01 8.7109375e-01 9.0234375e-01
9.3750000e-01 9.6875000e-01 1.0000000e+00 1.0312500e+00
1.0703125e+00 1.1015625e+00 1.1328125e+00 1.1640625e+00
1.1953125e+00 1.2343750e+00 1.2656250e+00 1.2968750e+00
1.3281250e+00 1.3593750e+00 1.3984375e+00 1.4296875e+00
1.4609375e+00 1.4921875e+00 1.5234375e+00 1.5625000e+00
1.5937500e+00 1.6250000e+00 1.6562500e+00 1.6875000e+00
1.7265625e+00 1.7578125e+00 1.7890625e+00 1.8203125e+00
1.8515625e+00 1.8906250e+00 1.9218750e+00 1.9531250e+00
1.9843750e+00 2.0156250e+00 2.0468750e+00 2.0781250e+00
2.1250000e+00 2.1562500e+00 2.1875000e+00 2.2187500e+00
2.2500000e+00 2.2812500e+00 2.3125000e+00 2.3437500e+00
2.3750000e+00 2.4062500e+00 2.4531250e+00 2.4843750e+00
2.5156250e+00 2.5468750e+00 2.5781250e+00 2.6093750e+00
2.6406250e+00 2.6718750e+00 2.7031250e+00 2.7343750e+00
2.7812500e+00 2.8125000e+00 2.8437500e+00 2.8750000e+00
2.9062500e+00 2.9375000e+00 2.9687500e+00 3.0000000e+00
3.0312500e+00 3.0625000e+00 3.1093750e+00 3.1406250e+00
3.1718750e+00 3.2031250e+00 3.2343750e+00 3.2656250e+00
3.2968750e+00 3.3281250e+00 3.3593750e+00 3.3906250e+00
3.4375000e+00 3.4687500e+00 3.5000000e+00 3.5312500e+00
3.5625000e+00 3.5937500e+00 3.6250000e+00 3.6562500e+00
3.6875000e+00 3.7343750e+00 3.7656250e+00 3.7968750e+00
3.8281250e+00 3.8593750e+00 3.8906250e+00 3.9218750e+00
3.9531250e+00 3.9843750e+00 4.0312500e+00 4.0625000e+00
4.0937500e+00 4.1250000e+00 4.1562500e+00 4.1875000e+00
4.2500000e+00 4.2812500e+00 4.3125000e+00 4.3437500e+00
4.3750000e+00 4.4062500e+00 4.4375000e+00 4.4687500e+00
4.5000000e+00 4.5312500e+00 4.5625000e+00 4.5937500e+00
4.6250000e+00 4.6562500e+00 4.6875000e+00 4.7187500e+00
4.7500000e+00 4.7812500e+00 4.8125000e+00 4.8750000e+00
4.9062500e+00 4.9375000e+00 4.9687500e+00 5.0000000e+00
5.0312500e+00 5.0625000e+00 5.0937500e+00 5.1250000e+00
5.1562500e+00 5.1875000e+00 5.2187500e+00 5.2500000e+00
5.2812500e+00 5.3125000e+00 5.3437500e+00 5.3750000e+00
5.4062500e+00 5.4375000e+00 5.4687500e+00 5.5312500e+00
5.5625000e+00 5.5937500e+00 5.6250000e+00 5.6562500e+00
5.6875000e+00 5.7187500e+00 5.7500000e+00 5.7812500e+00
5.8125000e+00 5.8437500e+00 5.8750000e+00 5.9062500e+00
5.9375000e+00 5.9687500e+00 6.0000000e+00 6.0312500e+00
6.0625000e+00 6.0937500e+00 6.1250000e+00 6.1875000e+00
6.2187500e+00 6.2500000e+00 6.2812500e+00 6.3125000e+00
6.3437500e+00 6.3750000e+00 6.4062500e+00 6.4375000e+00
6.4687500e+00 6.5000000e+00 6.5312500e+00 6.5625000e+00
6.5937500e+00 6.6250000e+00 6.6562500e+00 6.6875000e+00
6.7187500e+00 6.7500000e+00 6.7812500e+00 6.8437500e+00
6.8750000e+00 6.9062500e+00 6.9375000e+00 6.9687500e+00
7.0000000e+00 7.0312500e+00 7.0625000e+00 7.0937500e+00
7.1250000e+00 7.1562500e+00 7.1875000e+00 7.2187500e+00
7.2500000e+00 7.2812500e+00 7.3125000e+00 7.3437500e+00
7.3750000e+00 7.4062500e+00 7.4687500e+00 7.5000000e+00
7.5312500e+00 7.5625000e+00 7.5937500e+00 7.6250000e+00
7.6562500e+00 7.6875000e+00 7.7187500e+00 7.7500000e+00
7.7812500e+00 7.8125000e+00 7.8437500e+00 7.8750000e+00
7.9062500e+00 7.9375000e+00 7.9687500e+00 8.0000000e+00
8.0625000e+00 8.0625000e+00 8.1250000e+00 8.1250000e+00
8.1875000e+00 8.1875000e+00 8.2500000e+00 8.2500000e+00
8.3125000e+00 8.3125000e+00 8.3750000e+00 8.3750000e+00
8.3750000e+00 8.5000000e+00 8.5000000e+00 8.5625000e+00
8.5625000e+00 8.6250000e+00 8.6250000e+00 8.6875000e+00
8.6875000e+00 8.7500000e+00 8.7500000e+00 8.8125000e+00
8.8125000e+00 8.8750000e+00 8.8750000e+00 8.9375000e+00
8.9375000e+00 9.0000000e+00 9.0000000e+00 9.0625000e+00
9.0625000e+00 9.1250000e+00 9.1250000e+00 9.1875000e+00
9.1875000e+00 9.2500000e+00 9.2500000e+00 9.3125000e+00
9.3125000e+00 9.3750000e+00 9.3750000e+00 9.4375000e+00
9.4375000e+00 9.5000000e+00 9.5000000e+00 9.5625000e+00
9.5625000e+00 9.6250000e+00 9.6250000e+00 9.7500000e+00
9.7500000e+00 9.8125000e+00 9.8125000e+00 9.8750000e+00
9.8750000e+00 9.9375000e+00 9.9375000e+00 1.0000000e+01
1.0000000e+01 1.0062500e+01 1.0062500e+01 1.0125000e+01
1.0125000e+01 1.0187500e+01 1.0187500e+01 1.0250000e+01
1.0250000e+01 1.0312500e+01 1.0312500e+01 1.0375000e+01
1.0375000e+01 1.0437500e+01 1.0437500e+01 1.0500000e+01
1.0500000e+01 1.0562500e+01 1.0562500e+01 1.0625000e+01
1.0625000e+01 1.0687500e+01 1.0687500e+01 1.0750000e+01
1.0750000e+01 1.0812500e+01 1.0812500e+01 1.0875000e+01
1.0875000e+01 1.0937500e+01 1.0937500e+01 1.1062500e+01
1.1062500e+01 1.1125000e+01 1.1125000e+01 1.1187500e+01
1.1187500e+01 1.1250000e+01 1.1250000e+01 1.1312500e+01
1.1312500e+01 1.1375000e+01 1.1375000e+01 1.1437500e+01
1.1437500e+01 1.1500000e+01 1.1500000e+01 1.1562500e+01
1.1562500e+01 1.1625000e+01 1.1625000e+01 1.1687500e+01
1.1687500e+01 1.1750000e+01 1.1750000e+01 1.1812500e+01
1.1812500e+01 1.1875000e+01 1.1875000e+01 1.1937500e+01
1.1937500e+01 1.2000000e+01 1.2000000e+01 1.2062500e+01
1.2062500e+01 1.2125000e+01 1.2125000e+01 1.2187500e+01
1.2187500e+01 1.2250000e+01 1.2250000e+01 1.2375000e+01
1.2375000e+01 1.2437500e+01 1.2437500e+01 1.2500000e+01
1.2500000e+01 1.2562500e+01 1.2562500e+01 1.2625000e+01
1.2625000e+01 1.2687500e+01 1.2687500e+01 1.2750000e+01
1.2750000e+01 1.2812500e+01 1.2812500e+01 1.2875000e+01
1.2875000e+01 1.2937500e+01 1.2937500e+01 1.3000000e+01
1.3000000e+01 1.3062500e+01 1.3062500e+01 1.3125000e+01
1.3125000e+01 1.3187500e+01 1.3187500e+01 1.3250000e+01
1.3250000e+01 1.3312500e+01 1.3312500e+01 1.3375000e+01
1.3375000e+01 1.3437500e+01 1.3437500e+01 1.3500000e+01
1.3500000e+01 1.3562500e+01 1.3562500e+01 1.3687500e+01
1.3687500e+01 1.3750000e+01 1.3750000e+01 1.3812500e+01
1.3812500e+01 1.3875000e+01 1.3875000e+01 1.3937500e+01
1.3937500e+01 1.4000000e+01 1.4000000e+01 1.4062500e+01
1.4062500e+01 1.4125000e+01 1.4125000e+01 1.4187500e+01
1.4187500e+01 1.4250000e+01 1.4250000e+01 1.4312500e+01
1.4312500e+01 1.4375000e+01 1.4375000e+01 1.4437500e+01
1.4437500e+01 1.4500000e+01 1.4500000e+01 1.4562500e+01
1.4562500e+01 1.4625000e+01 1.4625000e+01 1.4687500e+01
1.4687500e+01 1.4750000e+01 1.4750000e+01 1.4812500e+01
1.4812500e+01 1.4937500e+01 1.4937500e+01 1.5000000e+01
1.5000000e+01 1.5062500e+01 1.5062500e+01 1.5125000e+01
1.5125000e+01 1.5187500e+01 1.5187500e+01 1.5250000e+01
1.5250000e+01 1.5312500e+01 1.5312500e+01 1.5375000e+01
1.5375000e+01 1.5437500e+01 1.5437500e+01 1.5500000e+01
1.5500000e+01 1.5562500e+01 1.5562500e+01 1.5625000e+01
1.5625000e+01 1.5687500e+01 1.5687500e+01 1.5750000e+01
1.5750000e+01 1.5812500e+01 1.5812500e+01 1.5875000e+01
1.5875000e+01 1.5937500e+01 1.5937500e+01 1.6000000e+01
1.6000000e+01 1.6125000e+01 1.6125000e+01 1.6125000e+01
1.6125000e+01 1.6250000e+01 1.6250000e+01 1.6250000e+01
1.6250000e+01 1.6375000e+01 1.6375000e+01 1.6375000e+01
1.6375000e+01 1.6500000e+01 1.6500000e+01 1.6500000e+01
1.6500000e+01 1.6625000e+01 1.6625000e+01 1.6625000e+01
1.6625000e+01 1.6750000e+01 1.6750000e+01 1.6750000e+01
-1.7578125e+00 -1.7578125e+00 -1.7578125e+00 -1.7578125e+00
-1.7578125e+00 -1.7578125e+00 -1.7578125e+00 -1.7578125e+00
-1.7578125e+00 -1.7578125e+00 -1.7578125e+00 -1.7578125e+00
-1.7578125e+00 -1.7578125e+00 -1.7578125e+00 -1.7578125e+00
-1.7578125e+00 -1.7578125e+00 -1.7578125e+00 -1.7578125e+00
-1.7578125e+00 -1.7578125e+00 -1.7578125e+00 -1.7578125e+00
-1.7578125e+00 -1.7578125e+00 -1.7578125e+00 -1.7578125e+00
-1.7578125e+00 -1.7578125e+00 -1.7578125e+00 -1.7578125e+00
-1.7578125e+00 -1.7578125e+00 -1.7578125e+00 -1.7578125e+00
-1.7578125e+00 -1.7578125e+00 -1.7578125e+00 -1.7578125e+00
-1.7578125e+00 -1.7578125e+00 -1.7578125e+00 -1.7578125e+00
-1.7578125e+00 -1.7578125e+00 -1.7578125e+00 -1.7578125e+00
-1.7578125e+00 -1.7578125e+00 -1.7578125e+00 -1.7578125e+00
-1.7578125e+00 -1.7578125e+00 -1.7578125e+00 -1.7578125e+00
-1.7578125e+00 -1.7578125e+00 -1.7578125e+00 -1.7578125e+00
-1.7578125e+00 -1.7578125e+00 -1.7578125e+00 -1.7578125e+00
-1.7578125e+00 -1.7578125e+00 -1.7578125e+00 -1.7578125e+00
-1.7578125e+00 -1.7578125e+00 -1.7578125e+00 -1.7578125e+00
-1.7578125e+00 -1.7578125e+00 -1.7578125e+00 -1.7578125e+00
-1.7578125e+00 -1.7578125e+00 -1.7578125e+00 -1.7578125e+00
-1.7578125e+00 -1.7578125e+00 -1.7578125e+00 -1.7578125e+00
-1.7578125e+00 -1.7578125e+00 -1.7578125e+00 -1.7578125e+00
-1.7578125e+00 -1.7578125e+00 -1.7578125e+00 -1.7578125e+00
-1.7578125e+00 -1.7578125e+00 -1.7578125e+00 -1.7578125e+00
-1.7578125e+00 -1.7578125e+00 -1.7578125e+00 -1.7578125e+00
-1.7578125e+00 -1.7578125e+00 -1.7578125e+00 -1.7578125e+00
-1.7578125e+00 -1.7578125e+00 -1.7578125e+00 -1.7578125e+00
-1.7578125e+00 -1.7578125e+00 -1.7578125e+00 -1.7578125e+00
-1.7578125e+00 -1.7578125e+00 -1.7578125e+00 -1.7578125e+00
-1.7578125e+00 -1.7578125e+00 -1.7578125e+00 -1.7578125e+00
-1.7578125e+00 -1.7578125e+00 -1.7578125e+00 -1.7578125e+00
-1.7578125e+00 -1.7578125e+00 -1.7578125e+00 -1.7578125e+00
-1.7578125e+00 -1.7578125e+00 -1.7578125e+00 -1.7578125e+00
-1.7578125e+00 -1.7578125e+00 -1.7578125e+00 -1.7578125e+00
-1.7578125e+00 -1.7578125e+00 -1.7578125e+00 -1.7578125e+00
-1.7578125e+00 -1.7578125e+00 -1.7578125e+00 -1.7578125e+00
-1.7578125e+00 -1.7578125e+00 -1.7578125e+00 -1.7578125e+00
-1.7578125e+00 -1.7578125e+00 -1.7578125e+00 -1.7578125e+00
-1.7578125e+00 -1.7578125e+00 -1.7578125e+00 -1.7578125e+00
-1.7578125e+00 -1.7578125e+00 -1.7578125e+00 -1.7578125e+00
-1.7578125e+00 -1.7578125e+00 -1.7578125e+00 -1.7578125e+00
-1.7578125e+00 -1.7578125e+00 -1.7578125e+00 -1.7578125e+00
-1.7578125e+00 -1.7578125e+00 -1.7578125e+00 -1.7578125e+00
-1.7578125e+00 -1.7578125e+00 -1.7578125e+00 -1.7578125e+00
-1.7578125e+00 -1.7578125e+00 -1.7578125e+00 -1.7578125e+00
-1.7578125e+00 -1.7578125e+00 -1.7578125e+00 -1.7578125e+00
-1.7578125e+00 -1.7578125e+00 -1.7578125e+00 -1.7578125e+00
-1.7578125e+00 -1.7578125e+00 -1.7578125e+00 -1.7578125e+00
-1.7578125e+00 -1.7578125e+00 -1.7578125e+00 -1.7578125e+00
-1.7578125e+00 -1.7578125e+00 -1.7578125e+00 -1.7578125e+00
-1.7578125e+00 -1.7578125e+00 -1.7578125e+00 -1.7578125e+00
-1.7578125e+00 -1.7578125e+00 -1.7578125e+00 -1.7578125e+00
-1.7578125e+00 -1.7578125e+00 -1.7578125e+00 -1.7578125e+00
-1.7578125e+00 -1.7578125e+00 -1.7578125e+00 -1.7578125e+00
-1.7578125e+00 -1.7578125e+00 -1.7578125e+00 -1.7578125e+00
-1.7578125e+00 -1.7578125e+00 -1.7578125e+00 -1.7578125e+00
-1.7578125e+00 -1.7578125e+00 -1.7578125e+00 -1.7578125e+00
-1.7578125e+00 -1.7578125e+00 -1.7578125e+00 -1.7578125e+00
-1.7578125e+00 -1.7578125e+00 -1.7578125e+00 -1.7578125e+00
-1.7578125e+00 -1.7578125e+00 -1.7578125e+00 -1.7578125e+00
-1.7578125e+00 -1.7578125e+00 -1.7578125e+00 -1.7578125e+00
-1.7578125e+00 -1.7578125e+00 -1.7578125e+00 -1.7578125e+00
-1.7578125e+00 -1.7578125e+00 -1.7578125e+00 -1.7578125e+00
-1.7578125e+00 -1.7578125e+00 -1.7578125e+00 -1.7578125e+00
-1.7578125e+00 -1.7578125e+00 -1.7578125e+00 -1.7578125e+00
-1.7578125e+00 -1.7578125e+00 -1.7578125e+00 -1.7578125e+00
-1.7578125e+00 -1.7578125e+00 -1.7578125e+00 -1.7578125e+00
-1.7578125e+00 -1.7578125e+00 -1.7578125e+00 -1.7578125e+00
-1.7578125e+00 -1.7578125e+00 -1.7578125e+00 -1.7578125e+00
-1.7578125e+00 -1.7578125e+00 -1.7578125e+00 -1.7578125e+00
-1.7578125e+00 -1.7578125e+00 -1.7578125e+00 -1.7578125e+00
-1.7578125e+00 -1.7578125e+00 -1.7578125e+00 -1.7578125e+00
-1.7578125e+00 -1.7578125e+00 -1.7578125e+00 -1.7578125e+00
-1.7578125e+00 -1.7578125e+00 -1.7578125e+00 -1.7578125e+00
-1.7578125e+00 -1.7578125e+00 -1.7578125e+00 -1.7578125e+00
-1.7578125e+00 -1.7578125e+00 -1.7578125e+00 -1.7578125e+00
-1.7578125e+00 -1.7578125e+00 -1.7578125e+00 -1.7578125e+00
-1.7578125e+00 -1.7578125e+00 -1.7578125e+00 -1.7578125e+00
-1.7578125e+00 -1.7578125e+00 -1.7578125e+00 -1.7578125e+00
-1.7578125e+00 -1.7578125e+00 -1.7578125e+00 -1.7500000e+00
-1.7500000e+00 -1.7500000e+00 -1.7500000e+00 -1.7500000e+00
-1.7500000e+00 -1.7500000e+00 -1.7500000e+00 -1.7500000e+00
-1.7500000e+00 -1.7500000e+00 -1.7500000e+00 -1.7500000e+00
-1.7500000e+00 -1.7500000e+00 -1.7500000e+00 -1.7500000e+00
-1.7500000e+00 -1.7500000e+00 -1.7500000e+00 -1.7500000e+00
-1.7500000e+00 -1.7500000e+00 -1.7500000e+00 -1.7500000e+00
-1.7500000e+00 -1.7500000e+00 -1.7500000e+00 -1.7500000e+00
-1.7500000e+00 -1.7500000e+00 -1.7500000e+00 -1.7500000e+00
-1.7500000e+00 -1.7421875e+00 -1.7421875e+00 -1.7421875e+00
-1.7421875e+00 -1.7421875e+00 -1.7421875e+00 -1.7421875e+00
-1.7421875e+00 -1.7421875e+00 -1.7421875e+00 -1.7421875e+00
-1.7421875e+00 -1.7421875e+00 -1.7421875e+00 -1.7421875e+00
-1.7421875e+00 -1.7343750e+00 -1.7343750e+00 -1.7343750e+00
-1.7343750e+00 -1.7343750e+00 -1.7343750e+00 -1.7343750e+00
-1.7343750e+00 -1.7343750e+00 -1.7343750e+00 -1.7343750e+00
-1.7265625e+00 -1.7265625e+00 -1.7265625e+00 -1.7265625e+00
-1.7265625e+00 -1.7265625e+00 -1.7265625e+00 -1.7187500e+00
-1.7187500e+00 -1.7187500e+00 -1.7187500e+00 -1.7187500e+00
-1.7187500e+00 -1.7109375e+00 -1.7109375e+00 -1.7109375e+00
-1.7109375e+00 -1.7109375e+00 -1.7109375e+00 -1.7031250e+00
-1.7031250e+00 -1.7031250e+00 -1.7031250e+00 -1.6953125e+00
-1.6953125e+00 -1.6953125e+00 -1.6953125e+00 -1.6875000e+00
-1.6875000e+00 -1.6875000e+00 -1.6875000e+00 -1.6796875e+00
-1.6796875e+00 -1.6796875e+00 -1.6718750e+00 -1.6718750e+00
-1.6718750e+00 -1.6640625e+00 -1.6640625e+00 -1.6640625e+00
-1.6562500e+00 -1.6562500e+00 -1.6484375e+00 -1.6484375e+00
-1.6406250e+00 -1.6406250e+00 -1.6328125e+00 -1.6328125e+00
-1.6250000e+00 -1.6250000e+00 -1.6171875e+00 -1.6171875e+00
-1.6093750e+00 -1.6093750e+00 -1.6015625e+00 -1.5937500e+00
-1.5937500e+00 -1.5859375e+00 -1.5781250e+00 -1.5781250e+00
-1.5703125e+00 -1.5625000e+00 -1.5546875e+00 -1.5546875e+00
-1.5468750e+00 -1.5390625e+00 -1.5312500e+00 -1.5234375e+00
-1.5156250e+00 -1.5078125e+00 -1.5000000e+00 -1.4921875e+00
-1.4843750e+00 -1.4765625e+00 -1.4687500e+00 -1.4609375e+00
-1.4453125e+00 -1.4375000e+00 -1.4296875e+00 -1.4140625e+00
-1.4062500e+00 -1.3984375e+00 -1.3828125e+00 -1.3750000e+00
-1.3593750e+00 -1.3437500e+00 -1.3359375e+00 -1.3203125e+00
-1.3046875e+00 -1.2890625e+00 -1.2812500e+00 -1.2656250e+00
-1.2500000e+00 -1.2265625e+00 -1.2109375e+00 -1.1953125e+00
-1.1796875e+00 -1.1562500e+00 -1.1406250e+00 -1.1250000e+00
-1.1015625e+00 -1.0781250e+00 -1.0625000e+00 -1.0390625e+00
-1.0156250e+00 -9.8828125e-01 -9.6484375e-01 -9.4140625e-01
-9.1406250e-01 -8.8671875e-01 -8.5937500e-01 -8.3203125e-01
-8.0078125e-01 -7.7343750e-01 -7.4218750e-01 -7.0703125e-01
-6.7578125e-01 -6.4062500e-01 -6.0546875e-01 -5.7031250e-01
-5.3125000e-01 -4.9218750e-01 -4.5117188e-01 -4.1015625e-01
-3.6718750e-01 -3.2226562e-01 -2.7734375e-01 -2.3046875e-01
-1.8261719e-01 -1.3183594e-01 -8.0566406e-02 -2.7221680e-02
1.6357422e-02 4.9316406e-02 8.2031250e-02 1.1474609e-01
1.4746094e-01 1.8066406e-01 2.1386719e-01 2.4609375e-01
2.7929688e-01 3.1250000e-01 3.4570312e-01 3.7695312e-01
4.1015625e-01 4.4335938e-01 4.7656250e-01 5.0781250e-01
5.4296875e-01 5.7421875e-01 6.0937500e-01 6.4062500e-01
6.7187500e-01 7.0703125e-01 7.3828125e-01 7.7343750e-01
8.0468750e-01 8.3593750e-01 8.7109375e-01 9.0234375e-01
9.3750000e-01 9.6875000e-01 1.0000000e+00 1.0312500e+00
1.0703125e+00 1.1015625e+00 1.1328125e+00 1.1640625e+00
1.1953125e+00 1.2343750e+00 1.2656250e+00 1.2968750e+00
1.3281250e+00 1.3593750e+00 1.3984375e+00 1.4296875e+00
1.4609375e+00 1.4921875e+00 1.5234375e+00 1.5625000e+00
1.5937500e+00 1.6250000e+00 1.6562500e+00 1.6875000e+00
1.7265625e+00 1.7578125e+00 1.7890625e+00 1.8203125e+00
1.8515625e+00 1.8906250e+00 1.9218750e+00 1.9531250e+00
1.9843750e+00 2.0156250e+00 2.0468750e+00 2.0781250e+00
2.1250000e+00 2.1562500e+00 2.1875000e+00 2.2187500e+00
2.2500000e+00 2.2812500e+00 2.3125000e+00 2.3437500e+00
2.3750000e+00 2.4062500e+00 2.4531250e+00 2.4843750e+00
2.5156250e+00 2.5468750e+00 2.5781250e+00 2.6093750e+00
2.6406250e+00 2.6718750e+00 2.7031250e+00 2.7343750e+00
2.7812500e+00 2.8125000e+00 2.8437500e+00 2.8750000e+00
2.9062500e+00 2.9375000e+00 2.9687500e+00 3.0000000e+00
3.0312500e+00 3.0625000e+00 3.1093750e+00 3.1406250e+00
3.1718750e+00 3.2031250e+00 3.2343750e+00 3.2656250e+00
3.2968750e+00 3.3281250e+00 3.3593750e+00 3.3906250e+00
3.4375000e+00 3.4687500e+00 3.5000000e+00 3.5312500e+00
3.5625000e+00 3.5937500e+00 3.6250000e+00 3.6562500e+00
3.6875000e+00 3.7343750e+00 3.7656250e+00 3.7968750e+00
3.8281250e+00 3.8593750e+00 3.8906250e+00 3.9218750e+00
3.9531250e+00 3.9843750e+00 4.0312500e+00 4.0625000e+00
4.0937500e+00 4.1250000e+00 4.1562500e+00 4.1875000e+00
4.2500000e+00 4.2812500e+00 4.3125000e+00 4.3437500e+00
4.3750000e+00 4.4062500e+00 4.4375000e+00 4.4687500e+00
4.5000000e+00 4.5312500e+00 4.5625000e+00 4.5937500e+00
4.6250000e+00 4.6562500e+00 4.6875000e+00 4.7187500e+00
4.7500000e+00 4.7812500e+00 4.8125000e+00 4.8750000e+00
4.9062500e+00 4.9375000e+00 4.9687500e+00 5.0000000e+00
5.0312500e+00 5.0625000e+00 5.0937500e+00 5.1250000e+00
5.1562500e+00 5.1875000e+00 5.2187500e+00 5.2500000e+00
5.2812500e+00 5.3125000e+00 5.3437500e+00 5.3750000e+00
5.4062500e+00 5.4375000e+00 5.4687500e+00 5.5312500e+00
5.5625000e+00 5.5937500e+00 5.6250000e+00 5.6562500e+00
5.6875000e+00 5.7187500e+00 5.7500000e+00 5.7812500e+00
5.8125000e+00 5.8437500e+00 5.8750000e+00 5.9062500e+00
5.9375000e+00 5.9687500e+00 6.0000000e+00 6.0312500e+00
6.0625000e+00 6.0937500e+00 6.1250000e+00 6.1875000e+00
6.2187500e+00 6.2500000e+00 6.2812500e+00 6.3125000e+00
6.3437500e+00 6.3750000e+00 6.4062500e+00 6.4375000e+00
6.4687500e+00 6.5000000e+00 6.5312500e+00 6.5625000e+00
6.5937500e+00 6.6250000e+00 6.6562500e+00 6.6875000e+00
6.7187500e+00 6.7500000e+00 6.7812500e+00 6.8437500e+00
6.8750000e+00 6.9062500e+00 6.9375000e+00 6.9687500e+00
7.0000000e+00 7.0312500e+00 7.0625000e+00 7.0937500e+00
7.1250000e+00 7.1562500e+00 7.1875000e+00 7.2187500e+00
7.2500000e+00 7.2812500e+00 7.3125000e+00 7.3437500e+00
7.3750000e+00 7.4062500e+00 7.4687500e+00 7.5000000e+00
7.5312500e+00 7.5625000e+00 7.5937500e+00 7.6250000e+00
7.6562500e+00 7.6875000e+00 7.7187500e+00 7.7500000e+00
7.7812500e+00 7.8125000e+00 7.8437500e+00 7.8750000e+00
7.9062500e+00 7.9375000e+00 7.9687500e+00 8.0000000e+00
8.0625000e+00 8.0625000e+00 8.1250000e+00 8.1250000e+00
8.1875000e+00 8.1875000e+00 8.2500000e+00 8.2500000e+00
8.3125000e+00 8.3125000e+00 8.3750000e+00 8.3750000e+00
8.3750000e+00 8.5000000e+00 8.5000000e+00 8.5625000e+00
8.5625000e+00 8.6250000e+00 8.6250000e+00 8.6875000e+00
8.6875000e+00 8.7500000e+00 8.7500000e+00 8.8125000e+00
8.8125000e+00 8.8750000e+00 8.8750000e+00 8.9375000e+00
8.9375000e+00 9.0000000e+00 9.0000000e+00 9.0625000e+00
9.0625000e+00 9.1250000e+00 9.1250000e+00 9.1875000e+00
9.1875000e+00 9.2500000e+00 9.2500000e+00 9.3125000e+00
9.3125000e+00 9.3750000e+00 9.3750000e+00 9.4375000e+00
9.4375000e+00 9.5000000e+00 9.5000000e+00 9.5625000e+00
9.5625000e+00 9.6250000e+00 9.6250000e+00 9.7500000e+00
9.7500000e+00 9.8125000e+00 9.8125000e+00 9.8750000e+00
9.8750000e+00 9.9375000e+00 9.9375000e+00 1.0000000e+01
1.0000000e+01 1.0062500e+01 1.0062500e+01 1.0125000e+01
1.0125000e+01 1.0187500e+01 1.0187500e+01 1.0250000e+01
1.0250000e+01 1.0312500e+01 1.0312500e+01 1.0375000e+01
1.0375000e+01 1.0437500e+01 1.0437500e+01 1.0500000e+01
1.0500000e+01 1.0562500e+01 1.0562500e+01 1.0625000e+01
1.0625000e+01 1.0687500e+01 1.0687500e+01 1.0750000e+01
1.0750000e+01 1.0812500e+01 1.0812500e+01 1.0875000e+01
1.0875000e+01 1.0937500e+01 1.0937500e+01 1.1062500e+01
1.1062500e+01 1.1125000e+01 1.1125000e+01 1.1187500e+01
1.1187500e+01 1.1250000e+01 1.1250000e+01 1.1312500e+01
1.1312500e+01 1.1375000e+01 1.1375000e+01 1.1437500e+01
1.1437500e+01 1.1500000e+01 1.1500000e+01 1.1562500e+01
1.1562500e+01 1.1625000e+01 1.1625000e+01 1.1687500e+01
1.1687500e+01 1.1750000e+01 1.1750000e+01 1.1812500e+01
1.1812500e+01 1.1875000e+01 1.1875000e+01 1.1937500e+01
1.1937500e+01 1.2000000e+01 1.2000000e+01 1.2062500e+01
1.2062500e+01 1.2125000e+01 1.2125000e+01 1.2187500e+01
1.2187500e+01 1.2250000e+01 1.2250000e+01 1.2375000e+01
1.2375000e+01 1.2437500e+01 1.2437500e+01 1.2500000e+01
1.2500000e+01 1.2562500e+01 1.2562500e+01 1.2625000e+01
1.2625000e+01 1.2687500e+01 1.2687500e+01 1.2750000e+01
1.2750000e+01 1.2812500e+01 1.2812500e+01 1.2875000e+01
1.2875000e+01 1.2937500e+01 1.2937500e+01 1.3000000e+01
1.3000000e+01 1.3062500e+01 1.3062500e+01 1.3125000e+01
1.3125000e+01 1.3187500e+01 1.3187500e+01 1.3250000e+01
1.3250000e+01 1.3312500e+01 1.3312500e+01 1.3375000e+01
1.3375000e+01 1.3437500e+01 1.3437500e+01 1.3500000e+01
1.3500000e+01 1.3562500e+01 1.3562500e+01 1.3687500e+01
1.3687500e+01 1.3750000e+01 1.3750000e+01 1.3812500e+01
1.3812500e+01 1.3875000e+01 1.3875000e+01 1.3937500e+01
1.3937500e+01 1.4000000e+01 1.4000000e+01 1.4062500e+01
1.4062500e+01 1.4125000e+01 1.4125000e+01 1.4187500e+01
1.4187500e+01 1.4250000e+01 1.4250000e+01 1.4312500e+01
1.4312500e+01 1.4375000e+01 1.4375000e+01 1.4437500e+01
1.4437500e+01 1.4500000e+01 1.4500000e+01 1.4562500e+01
1.4562500e+01 1.4625000e+01 1.4625000e+01 1.4687500e+01
1.4687500e+01 1.4750000e+01 1.4750000e+01 1.4812500e+01
1.4812500e+01 1.4937500e+01 1.4937500e+01 1.5000000e+01
1.5000000e+01 1.5062500e+01 1.5062500e+01 1.5125000e+01
1.5125000e+01 1.5187500e+01 1.5187500e+01 1.5250000e+01
1.5250000e+01 1.5312500e+01 1.5312500e+01 1.5375000e+01
1.5375000e+01 1.5437500e+01 1.5437500e+01 1.5500000e+01
1.5500000e+01 1.5562500e+01 1.5562500e+01 1.5625000e+01
1.5625000e+01 1.5687500e+01 1.5687500e+01 1.5750000e+01
1.5750000e+01 1.5812500e+01 1.5812500e+01 1.5875000e+01
1.5875000e+01 1.5937500e+01 1.5937500e+01 1.6000000e+01
1.6000000e+01 1.6125000e+01 1.6125000e+01 1.6125000e+01
1.6125000e+01 1.6250000e+01 1.6250000e+01 1.6250000e+01
1.6250000e+01 1.6375000e+01 1.6375000e+01 1.6375000e+01
1.6375000e+01 1.6500000e+01 1.6500000e+01 1.6500000e+01
1.6500000e+01 1.6625000e+01 1.6625000e+01 1.6625000e+01
1.6625000e+01 1.6750000e+01 1.6750000e+01 1.6750000e+01
-1.7578125e+00 -1.7578125e+00 -1.7578125e+00 -1.7578125e+00
-1.7578125e+00 -1.7578125e+00 -1.7578125e+00 -1.7578125e+00
-1.7578125e+00 -1.7578125e+00 -1.7578125e+00 -1.7578125e+00
-1.7578125e+00 -1.7578125e+00 -1.7578125e+00 -1.7578125e+00
-1.7578125e+00 -1.7578125e+00 -1.7578125e+00 -1.7578125e+00
-1.7578125e+00 -1.7578125e+00 -1.7578125e+00 -1.7578125e+00
-1.7578125e+00 -1.7578125e+00 -1.7578125e+00 -1.7578125e+00
-1.7578125e+00 -1.7578125e+00 -1.7578125e+00 -1.7578125e+00
-1.7578125e+00 -1.7578125e+00 -1.7578125e+00 -1.7578125e+00
-1.7578125e+00 -1.7578125e+00 -1.7578125e+00 -1.7578125e+00
-1.7578125e+00 -1.7578125e+00 -1.7578125e+00 -1.7578125e+00
-1.7578125e+00 -1.7578125e+00 -1.7578125e+00 -1.7578125e+00
-1.7578125e+00 -1.7578125e+00 -1.7578125e+00 -1.7578125e+00
-1.7578125e+00 -1.7578125e+00 -1.7578125e+00 -1.7578125e+00
-1.7578125e+00 -1.7578125e+00 -1.7578125e+00 -1.7578125e+00
-1.7578125e+00 -1.7578125e+00 -1.7578125e+00 -1.7578125e+00
-1.7578125e+00 -1.7578125e+00 -1.7578125e+00 -1.7578125e+00
-1.7578125e+00 -1.7578125e+00 -1.7578125e+00 -1.7578125e+00
-1.7578125e+00 -1.7578125e+00 -1.7578125e+00 -1.7578125e+00
-1.7578125e+00 -1.7578125e+00 -1.7578125e+00 -1.7578125e+00
-1.7578125e+00 -1.7578125e+00 -1.7578125e+00 -1.7578125e+00
-1.7578125e+00 -1.7578125e+00 -1.7578125e+00 -1.7578125e+00
-1.7578125e+00 -1.7578125e+00 -1.7578125e+00 -1.7578125e+00
-1.7578125e+00 -1.7578125e+00 -1.7578125e+00 -1.7578125e+00
-1.7578125e+00 -1.7578125e+00 -1.7578125e+00 -1.7578125e+00
-1.7578125e+00 -1.7578125e+00 -1.7578125e+00 -1.7578125e+00
-1.7578125e+00 -1.7578125e+00 -1.7578125e+00 -1.7578125e+00
-1.7578125e+00 -1.7578125e+00 -1.7578125e+00 -1.7578125e+00
-1.7578125e+00 -1.7578125e+00 -1.7578125e+00 -1.7578125e+00
-1.7578125e+00 -1.7578125e+00 -1.7578125e+00 -1.7578125e+00
-1.7578125e+00 -1.7578125e+00 -1.7578125e+00 -1.7578125e+00
-1.7578125e+00 -1.7578125e+00 -1.7578125e+00 -1.7578125e+00
-1.7578125e+00 -1.7578125e+00 -1.7578125e+00 -1.7578125e+00
-1.7578125e+00 -1.7578125e+00 -1.7578125e+00 -1.7578125e+00
-1.7578125e+00 -1.7578125e+00 -1.7578125e+00 -1.7578125e+00
-1.7578125e+00 -1.7578125e+00 -1.7578125e+00 -1.7578125e+00
-1.7578125e+00 -1.7578125e+00 -1.7578125e+00 -1.7578125e+00
-1.7578125e+00 -1.7578125e+00 -1.7578125e+00 -1.7578125e+00
-1.7578125e+00 -1.7578125e+00 -1.7578125e+00 -1.7578125e+00
-1.7578125e+00 -1.7578125e+00 -1.7578125e+00 -1.7578125e+00
-1.7578125e+00 -1.7578125e+00 -1.7578125e+00 -1.7578125e+00
-1.7578125e+00 -1.7578125e+00 -1.7578125e+00 -1.7578125e+00
-1.7578125e+00 -1.7578125e+00 -1.7578125e+00 -1.7578125e+00
-1.7578125e+00 -1.7578125e+00 -1.7578125e+00 -1.7578125e+00
-1.7578125e+00 -1.7578125e+00 -1.7578125e+00 -1.7578125e+00
-1.7578125e+00 -1.7578125e+00 -1.7578125e+00 -1.7578125e+00
-1.7578125e+00 -1.7578125e+00 -1.7578125e+00 -1.7578125e+00
-1.7578125e+00 -1.7578125e+00 -1.7578125e+00 -1.7578125e+00
-1.7578125e+00 -1.7578125e+00 -1.7578125e+00 -1.7578125e+00
-1.7578125e+00 -1.7578125e+00 -1.7578125e+00 -1.7578125e+00
-1.7578125e+00 -1.7578125e+00 -1.7578125e+00 -1.7578125e+00
-1.7578125e+00 -1.7578125e+00 -1.7578125e+00 -1.7578125e+00
-1.7578125e+00 -1.7578125e+00 -1.7578125e+00 -1.7578125e+00
-1.7578125e+00 -1.7578125e+00 -1.7578125e+00 -1.7578125e+00
-1.7578125e+00 -1.7578125e+00 -1.7578125e+00 -1.7578125e+00
-1.7578125e+00 -1.7578125e+00 -1.7578125e+00 -1.7578125e+00
-1.7578125e+00 -1.7578125e+00 -1.7578125e+00 -1.7578125e+00
-1.7578125e+00 -1.7578125e+00 -1.7578125e+00 -1.7578125e+00
-1.7578125e+00 -1.7578125e+00 -1.7578125e+00 -1.7578125e+00
-1.7578125e+00 -1.7578125e+00 -1.7578125e+00 -1.7578125e+00
-1.7578125e+00 -1.7578125e+00 -1.7578125e+00 -1.7578125e+00
-1.7578125e+00 -1.7578125e+00 -1.7578125e+00 -1.7578125e+00
-1.7578125e+00 -1.7578125e+00 -1.7578125e+00 -1.7578125e+00
-1.7578125e+00 -1.7578125e+00 -1.7578125e+00 -1.7578125e+00
-1.7578125e+00 -1.7578125e+00 -1.7578125e+00 -1.7578125e+00
-1.7578125e+00 -1.7578125e+00 -1.7578125e+00 -1.7578125e+00
-1.7578125e+00 -1.7578125e+00 -1.7578125e+00 -1.7578125e+00
-1.7578125e+00 -1.7578125e+00 -1.7578125e+00 -1.7578125e+00
-1.7578125e+00 -1.7578125e+00 -1.7578125e+00 -1.7578125e+00
-1.7578125e+00 -1.7578125e+00 -1.7578125e+00 -1.7578125e+00
-1.7578125e+00 -1.7578125e+00 -1.7578125e+00 -1.7578125e+00
-1.7578125e+00 -1.7578125e+00 -1.7578125e+00 -1.7578125e+00
-1.7578125e+00 -1.7578125e+00 -1.7578125e+00 -1.7578125e+00
-1.7578125e+00 -1.7578125e+00 -1.7578125e+00 -1.7578125e+00
-1.7578125e+00 -1.7578125e+00 -1.7578125e+00 -1.7578125e+00
-1.7578125e+00 -1.7578125e+00 -1.7578125e+00 -1.7578125e+00
-1.7578125e+00 -1.7578125e+00 -1.7578125e+00 -1.7578125e+00
-1.7578125e+00 -1.7578125e+00 -1.7578125e+00 -1.7578125e+00
-1.7578125e+00 -1.7578125e+00 -1.7578125e+00 -1.7578125e+00
-1.7578125e+00 -1.7578125e+00 -1.7578125e+00 -1.7500000e+00
-1.7500000e+00 -1.7500000e+00 -1.7500000e+00 -1.7500000e+00
-1.7500000e+00 -1.7500000e+00 -1.7500000e+00 -1.7500000e+00
-1.7500000e+00 -1.7500000e+00 -1.7500000e+00 -1.7500000e+00
-1.7500000e+00 -1.7500000e+00 -1.7500000e+00 -1.7500000e+00
-1.7500000e+00 -1.7500000e+00 -1.7500000e+00 -1.7500000e+00
-1.7500000e+00 -1.7500000e+00 -1.7500000e+00 -1.7500000e+00
-1.7500000e+00 -1.7500000e+00 -1.7500000e+00 -1.7500000e+00
-1.7500000e+00 -1.7500000e+00 -1.7500000e+00 -1.7500000e+00
-1.7500000e+00 -1.7421875e+00 -1.7421875e+00 -1.7421875e+00
-1.7421875e+00 -1.7421875e+00 -1.7421875e+00 -1.7421875e+00
-1.7421875e+00 -1.7421875e+00 -1.7421875e+00 -1.7421875e+00
-1.7421875e+00 -1.7421875e+00 -1.7421875e+00 -1.7421875e+00
-1.7421875e+00 -1.7343750e+00 -1.7343750e+00 -1.7343750e+00
-1.7343750e+00 -1.7343750e+00 -1.7343750e+00 -1.7343750e+00
-1.7343750e+00 -1.7343750e+00 -1.7343750e+00 -1.7343750e+00
-1.7265625e+00 -1.7265625e+00 -1.7265625e+00 -1.7265625e+00
-1.7265625e+00 -1.7265625e+00 -1.7265625e+00 -1.7187500e+00
-1.7187500e+00 -1.7187500e+00 -1.7187500e+00 -1.7187500e+00
-1.7187500e+00 -1.7109375e+00 -1.7109375e+00 -1.7109375e+00
-1.7109375e+00 -1.7109375e+00 -1.7109375e+00 -1.7031250e+00
-1.7031250e+00 -1.7031250e+00 -1.7031250e+00 -1.6953125e+00
-1.6953125e+00 -1.6953125e+00 -1.6953125e+00 -1.6875000e+00
-1.6875000e+00 -1.6875000e+00 -1.6875000e+00 -1.6796875e+00
-1.6796875e+00 -1.6796875e+00 -1.6718750e+00 -1.6718750e+00
-1.6718750e+00 -1.6640625e+00 -1.6640625e+00 -1.6640625e+00
-1.6562500e+00 -1.6562500e+00 -1.6484375e+00 -1.6484375e+00
-1.6406250e+00 -1.6406250e+00 -1.6328125e+00 -1.6328125e+00
-1.6250000e+00 -1.6250000e+00 -1.6171875e+00 -1.6171875e+00
-1.6093750e+00 -1.6093750e+00 -1.6015625e+00 -1.5937500e+00
-1.5937500e+00 -1.5859375e+00 -1.5781250e+00 -1.5781250e+00
-1.5703125e+00 -1.5625000e+00 -1.5546875e+00 -1.5546875e+00
-1.5468750e+00 -1.5390625e+00 -1.5312500e+00 -1.5234375e+00
-1.5156250e+00 -1.5078125e+00 -1.5000000e+00 -1.4921875e+00
-1.4843750e+00 -1.4765625e+00 -1.4687500e+00 -1.4609375e+00
-1.4453125e+00 -1.4375000e+00 -1.4296875e+00 -1.4140625e+00
-1.4062500e+00 -1.3984375e+00 -1.3828125e+00 -1.3750000e+00
-1.3593750e+00 -1.3437500e+00 -1.3359375e+00 -1.3203125e+00
-1.3046875e+00 -1.2890625e+00 -1.2812500e+00 -1.2656250e+00
-1.2500000e+00 -1.2265625e+00 -1.2109375e+00 -1.1953125e+00
-1.1796875e+00 -1.1562500e+00 -1.1406250e+00 -1.1250000e+00
-1.1015625e+00 -1.0781250e+00 -1.0625000e+00 -1.0390625e+00
-1.0156250e+00 -9.8828125e-01 -9.6484375e-01 -9.4140625e-01
-9.1406250e-01 -8.8671875e-01 -8.5937500e-01 -8.3203125e-01
-8.0078125e-01 -7.7343750e-01 -7.4218750e-01 -7.0703125e-01
-6.7578125e-01 -6.4062500e-01 -6.0546875e-01 -5.7031250e-01
-5.3125000e-01 -4.9218750e-01 -4.5117188e-01 -4.1015625e-01
-3.6718750e-01 -3.2226562e-01 -2.7734375e-01 -2.3046875e-01
-1.8261719e-01 -1.3183594e-01 -8.0566406e-02 -2.7221680e-02
1.6357422e-02 4.9316406e-02 8.2031250e-02 1.1474609e-01
1.4746094e-01 1.8066406e-01 2.1386719e-01 2.4609375e-01
2.7929688e-01 3.1250000e-01 3.4570312e-01 3.7695312e-01
4.1015625e-01 4.4335938e-01 4.7656250e-01 5.0781250e-01
5.4296875e-01 5.7421875e-01 6.0937500e-01 6.4062500e-01
6.7187500e-01 7.0703125e-01 7.3828125e-01 7.7343750e-01
8.0468750e-01 8.3593750e-01 8.7109375e-01 9.0234375e-01
9.3750000e-01 9.6875000e-01 1.0000000e+00 1.0312500e+00
1.0703125e+00 1.1015625e+00 1.1328125e+00 1.1640625e+00
1.1953125e+00 1.2343750e+00 1.2656250e+00 1.2968750e+00
1.3281250e+00 1.3593750e+00 1.3984375e+00 1.4296875e+00
1.4609375e+00 1.4921875e+00 1.5234375e+00 1.5625000e+00
1.5937500e+00 1.6250000e+00 1.6562500e+00 1.6875000e+00
1.7265625e+00 1.7578125e+00 1.7890625e+00 1.8203125e+00
1.8515625e+00 1.8906250e+00 1.9218750e+00 1.9531250e+00
1.9843750e+00 2.0156250e+00 2.0468750e+00 2.0781250e+00
2.1250000e+00 2.1562500e+00 2.1875000e+00 2.2187500e+00
2.2500000e+00 2.2812500e+00 2.3125000e+00 2.3437500e+00
2.3750000e+00 2.4062500e+00 2.4531250e+00 2.4843750e+00
2.5156250e+00 2.5468750e+00 2.5781250e+00 2.6093750e+00
2.6406250e+00 2.6718750e+00 2.7031250e+00 2.7343750e+00
2.7812500e+00 2.8125000e+00 2.8437500e+00 2.8750000e+00
2.9062500e+00 2.9375000e+00 2.9687500e+00 3.0000000e+00
3.0312500e+00 3.0625000e+00 3.1093750e+00 3.1406250e+00
3.1718750e+00 3.2031250e+00 3.2343750e+00 3.2656250e+00
3.2968750e+00 3.3281250e+00 3.3593750e+00 3.3906250e+00
3.4375000e+00 3.4687500e+00 3.5000000e+00 3.5312500e+00
3.5625000e+00 3.5937500e+00 3.6250000e+00 3.6562500e+00
3.6875000e+00 3.7343750e+00 3.7656250e+00 3.7968750e+00
3.8281250e+00 3.8593750e+00 3.8906250e+00 3.9218750e+00
3.9531250e+00 3.9843750e+00 4.0312500e+00 4.0625000e+00
4.0937500e+00 4.1250000e+00 4.1562500e+00 4.1875000e+00
4.2500000e+00 4.2812500e+00 4.3125000e+00 4.3437500e+00
4.3750000e+00 4.4062500e+00 4.4375000e+00 4.4687500e+00
4.5000000e+00 4.5312500e+00 4.5625000e+00 4.5937500e+00
4.6250000e+00 4.6562500e+00 4.6875000e+00 4.7187500e+00
4.7500000e+00 4.7812500e+00 4.8125000e+00 4.8750000e+00
4.9062500e+00 4.9375000e+00 4.9687500e+00 5.0000000e+00
5.0312500e+00 5.0625000e+00 5.0937500e+00 5.1250000e+00
5.1562500e+00 5.1875000e+00 5.2187500e+00 5.2500000e+00
5.2812500e+00 5.3125000e+00 5.3437500e+00 5.3750000e+00
5.4062500e+00 5.4375000e+00 5.4687500e+00 5.5312500e+00
5.5625000e+00 5.5937500e+00 5.6250000e+00 5.6562500e+00
5.6875000e+00 5.7187500e+00 5.7500000e+00 5.7812500e+00
5.8125000e+00 5.8437500e+00 5.8750000e+00 5.9062500e+00
5.9375000e+00 5.9687500e+00 6.0000000e+00 6.0312500e+00
6.0625000e+00 6.0937500e+00 6.1250000e+00 6.1875000e+00
6.2187500e+00 6.2500000e+00 6.2812500e+00 6.3125000e+00
6.3437500e+00 6.3750000e+00 6.4062500e+00 6.4375000e+00
6.4687500e+00 6.5000000e+00 6.5312500e+00 6.5625000e+00
6.5937500e+00 6.6250000e+00 6.6562500e+00 6.6875000e+00
6.7187500e+00 6.7500000e+00 6.7812500e+00 6.8437500e+00
6.8750000e+00 6.9062500e+00 6.9375000e+00 6.9687500e+00
7.0000000e+00 7.0312500e+00 7.0625000e+00 7.0937500e+00
7.1250000e+00 7.1562500e+00 7.1875000e+00 7.2187500e+00
7.2500000e+00 7.2812500e+00 7.3125000e+00 7.3437500e+00
7.3750000e+00 7.4062500e+00 7.4687500e+00 7.5000000e+00
7.5312500e+00 7.5625000e+00 7.5937500e+00 7.6250000e+00
7.6562500e+00 7.6875000e+00 7.7187500e+00 7.7500000e+00
7.7812500e+00 7.8125000e+00 7.8437500e+00 7.8750000e+00
7.9062500e+00 7.9375000e+00 7.9687500e+00 8.0000000e+00
8.0625000e+00 8.0625000e+00 8.1250000e+00 8.1250000e+00
8.1875000e+00 8.1875000e+00 8.2500000e+00 8.2500000e+00
8.3125000e+00 8.3125000e+00 8.3750000e+00 8.3750000e+00
8.3750000e+00 8.5000000e+00 8.5000000e+00 8.5625000e+00
8.5625000e+00 8.6250000e+00 8.6250000e+00 8.6875000e+00
8.6875000e+00 8.7500000e+00 8.7500000e+00 8.8125000e+00
8.8125000e+00 8.8750000e+00 8.8750000e+00 8.9375000e+00
8.9375000e+00 9.0000000e+00 9.0000000e+00 9.0625000e+00
9.0625000e+00 9.1250000e+00 9.1250000e+00 9.1875000e+00
9.1875000e+00 9.2500000e+00 9.2500000e+00 9.3125000e+00
9.3125000e+00 9.3750000e+00 9.3750000e+00 9.4375000e+00
9.4375000e+00 9.5000000e+00 9.5000000e+00 9.5625000e+00
9.5625000e+00 9.6250000e+00 9.6250000e+00 9.7500000e+00
9.7500000e+00 9.8125000e+00 9.8125000e+00 9.8750000e+00
9.8750000e+00 9.9375000e+00 9.9375000e+00 1.0000000e+01
1.0000000e+01 1.0062500e+01 1.0062500e+01 1.0125000e+01
1.0125000e+01 1.0187500e+01 1.0187500e+01 1.0250000e+01
1.0250000e+01 1.0312500e+01 1.0312500e+01 1.0375000e+01
1.0375000e+01 1.0437500e+01 1.0437500e+01 1.0500000e+01
1.0500000e+01 1.0562500e+01 1.0562500e+01 1.0625000e+01
1.0625000e+01 1.0687500e+01 1.0687500e+01 1.0750000e+01
1.0750000e+01 1.0812500e+01 1.0812500e+01 1.0875000e+01
1.0875000e+01 1.0937500e+01 1.0937500e+01 1.1062500e+01
1.1062500e+01 1.1125000e+01 1.1125000e+01 1.1187500e+01
1.1187500e+01 1.1250000e+01 1.1250000e+01 1.1312500e+01
1.1312500e+01 1.1375000e+01 1.1375000e+01 1.1437500e+01
1.1437500e+01 1.1500000e+01 1.1500000e+01 1.1562500e+01
1.1562500e+01 1.1625000e+01 1.1625000e+01 1.1687500e+01
1.1687500e+01 1.1750000e+01 1.1750000e+01 1.1812500e+01
1.1812500e+01 1.1875000e+01 1.1875000e+01 1.1937500e+01
1.1937500e+01 1.2000000e+01 1.2000000e+01 1.2062500e+01
1.2062500e+01 1.2125000e+01 1.2125000e+01 1.2187500e+01
1.2187500e+01 1.2250000e+01 1.2250000e+01 1.2375000e+01
1.2375000e+01 1.2437500e+01 1.2437500e+01 1.2500000e+01
1.2500000e+01 1.2562500e+01 1.2562500e+01 1.2625000e+01
1.2625000e+01 1.2687500e+01 1.2687500e+01 1.2750000e+01
1.2750000e+01 1.2812500e+01 1.2812500e+01 1.2875000e+01
1.2875000e+01 1.2937500e+01 1.2937500e+01 1.3000000e+01
1.3000000e+01 1.3062500e+01 1.3062500e+01 1.3125000e+01
1.3125000e+01 1.3187500e+01 1.3187500e+01 1.3250000e+01
1.3250000e+01 1.3312500e+01 1.3312500e+01 1.3375000e+01
1.3375000e+01 1.3437500e+01 1.3437500e+01 1.3500000e+01
1.3500000e+01 1.3562500e+01 1.3562500e+01 1.3687500e+01
1.3687500e+01 1.3750000e+01 1.3750000e+01 1.3812500e+01
1.3812500e+01 1.3875000e+01 1.3875000e+01 1.3937500e+01
1.3937500e+01 1.4000000e+01 1.4000000e+01 1.4062500e+01
1.4062500e+01 1.4125000e+01 1.4125000e+01 1.4187500e+01
1.4187500e+01 1.4250000e+01 1.4250000e+01 1.4312500e+01
1.4312500e+01 1.4375000e+01 1.4375000e+01 1.4437500e+01
1.4437500e+01 1.4500000e+01 1.4500000e+01 1.4562500e+01
1.4562500e+01 1.4625000e+01 1.4625000e+01 1.4687500e+01
1.4687500e+01 1.4750000e+01 1.4750000e+01 1.4812500e+01
1.4812500e+01 1.4937500e+01 1.4937500e+01 1.5000000e+01
1.5000000e+01 1.5062500e+01 1.5062500e+01 1.5125000e+01
1.5125000e+01 1.5187500e+01 1.5187500e+01 1.5250000e+01
1.5250000e+01 1.5312500e+01 1.5312500e+01 1.5375000e+01
1.5375000e+01 1.5437500e+01 1.5437500e+01 1.5500000e+01
1.5500000e+01 1.5562500e+01 1.5562500e+01 1.5625000e+01
1.5625000e+01 1.5687500e+01 1.5687500e+01 1.5750000e+01
1.5750000e+01 1.5812500e+01 1.5812500e+01 1.5875000e+01
1.5875000e+01 1.5937500e+01 1.5937500e+01 1.6000000e+01
1.6000000e+01 1.6125000e+01 1.6125000e+01 1.6125000e+01
1.6125000e+01 1.6250000e+01 1.6250000e+01 1.6250000e+01
1.6250000e+01 1.6375000e+01 1.6375000e+01 1.6375000e+01
1.6375000e+01 1.6500000e+01 1.6500000e+01 1.6500000e+01
1.6500000e+01 1.6625000e+01 1.6625000e+01 1.6625000e+01
1.6625000e+01 1.6750000e+01 1.6750000e+01 1.6750000e+01
-1.7578125e+00 -1.7578125e+00 -1.7578125e+00 -1.7578125e+00
-1.7578125e+00 -1.7578125e+00 -1.7578125e+00 -1.7578125e+00
-1.7578125e+00 -1.7578125e+00 -1.7578125e+00 -1.7578125e+00
-1.7578125e+00 -1.7578125e+00 -1.7578125e+00 -1.7578125e+00
-1.7578125e+00 -1.7578125e+00 -1.7578125e+00 -1.7578125e+00
-1.7578125e+00 -1.7578125e+00 -1.7578125e+00 -1.7578125e+00
-1.7578125e+00 -1.7578125e+00 -1.7578125e+00 -1.7578125e+00
-1.7578125e+00 -1.7578125e+00 -1.7578125e+00 -1.7578125e+00
-1.7578125e+00 -1.7578125e+00 -1.7578125e+00 -1.7578125e+00
-1.7578125e+00 -1.7578125e+00 -1.7578125e+00 -1.7578125e+00
-1.7578125e+00 -1.7578125e+00 -1.7578125e+00 -1.7578125e+00
-1.7578125e+00 -1.7578125e+00 -1.7578125e+00 -1.7578125e+00
-1.7578125e+00 -1.7578125e+00 -1.7578125e+00 -1.7578125e+00
-1.7578125e+00 -1.7578125e+00 -1.7578125e+00 -1.7578125e+00
-1.7578125e+00 -1.7578125e+00 -1.7578125e+00 -1.7578125e+00
-1.7578125e+00 -1.7578125e+00 -1.7578125e+00 -1.7578125e+00
-1.7578125e+00 -1.7578125e+00 -1.7578125e+00 -1.7578125e+00
-1.7578125e+00 -1.7578125e+00 -1.7578125e+00 -1.7578125e+00
-1.7578125e+00 -1.7578125e+00 -1.7578125e+00 -1.7578125e+00
-1.7578125e+00 -1.7578125e+00 -1.7578125e+00 -1.7578125e+00
-1.7578125e+00 -1.7578125e+00 -1.7578125e+00 -1.7578125e+00
-1.7578125e+00 -1.7578125e+00 -1.7578125e+00 -1.7578125e+00
-1.7578125e+00 -1.7578125e+00 -1.7578125e+00 -1.7578125e+00
-1.7578125e+00 -1.7578125e+00 -1.7578125e+00 -1.7578125e+00
-1.7578125e+00 -1.7578125e+00 -1.7578125e+00 -1.7578125e+00
-1.7578125e+00 -1.7578125e+00 -1.7578125e+00 -1.7578125e+00
-1.7578125e+00 -1.7578125e+00 -1.7578125e+00 -1.7578125e+00
-1.7578125e+00 -1.7578125e+00 -1.7578125e+00 -1.7578125e+00
-1.7578125e+00 -1.7578125e+00 -1.7578125e+00 -1.7578125e+00
-1.7578125e+00 -1.7578125e+00 -1.7578125e+00 -1.7578125e+00
-1.7578125e+00 -1.7578125e+00 -1.7578125e+00 -1.7578125e+00
-1.7578125e+00 -1.7578125e+00 -1.7578125e+00 -1.7578125e+00
-1.7578125e+00 -1.7578125e+00 -1.7578125e+00 -1.7578125e+00
-1.7578125e+00 -1.7578125e+00 -1.7578125e+00 -1.7578125e+00
-1.7578125e+00 -1.7578125e+00 -1.7578125e+00 -1.7578125e+00
-1.7578125e+00 -1.7578125e+00 -1.7578125e+00 -1.7578125e+00
-1.7578125e+00 -1.7578125e+00 -1.7578125e+00 -1.7578125e+00
-1.7578125e+00 -1.7578125e+00 -1.7578125e+00 -1.7578125e+00
-1.7578125e+00 -1.7578125e+00 -1.7578125e+00 -1.7578125e+00
-1.7578125e+00 -1.7578125e+00 -1.7578125e+00 -1.7578125e+00
-1.7578125e+00 -1.7578125e+00 -1.7578125e+00 -1.7578125e+00
-1.7578125e+00 -1.7578125e+00 -1.7578125e+00 -1.7578125e+00
-1.7578125e+00 -1.7578125e+00 -1.7578125e+00 -1.7578125e+00
-1.7578125e+00 -1.7578125e+00 -1.7578125e+00 -1.7578125e+00
-1.7578125e+00 -1.7578125e+00 -1.7578125e+00 -1.7578125e+00
-1.7578125e+00 -1.7578125e+00 -1.7578125e+00 -1.7578125e+00
-1.7578125e+00 -1.7578125e+00 -1.7578125e+00 -1.7578125e+00
-1.7578125e+00 -1.7578125e+00 -1.7578125e+00 -1.7578125e+00
-1.7578125e+00 -1.7578125e+00 -1.7578125e+00 -1.7578125e+00
-1.7578125e+00 -1.7578125e+00 -1.7578125e+00 -1.7578125e+00
-1.7578125e+00 -1.7578125e+00 -1.7578125e+00 -1.7578125e+00
-1.7578125e+00 -1.7578125e+00 -1.7578125e+00 -1.7578125e+00
-1.7578125e+00 -1.7578125e+00 -1.7578125e+00 -1.7578125e+00
-1.7578125e+00 -1.7578125e+00 -1.7578125e+00 -1.7578125e+00
-1.7578125e+00 -1.7578125e+00 -1.7578125e+00 -1.7578125e+00
-1.7578125e+00 -1.7578125e+00 -1.7578125e+00 -1.7578125e+00
-1.7578125e+00 -1.7578125e+00 -1.7578125e+00 -1.7578125e+00
-1.7578125e+00 -1.7578125e+00 -1.7578125e+00 -1.7578125e+00
-1.7578125e+00 -1.7578125e+00 -1.7578125e+00 -1.7578125e+00
-1.7578125e+00 -1.7578125e+00 -1.7578125e+00 -1.7578125e+00
-1.7578125e+00 -1.7578125e+00 -1.7578125e+00 -1.7578125e+00
-1.7578125e+00 -1.7578125e+00 -1.7578125e+00 -1.7578125e+00
-1.7578125e+00 -1.7578125e+00 -1.7578125e+00 -1.7578125e+00
-1.7578125e+00 -1.7578125e+00 -1.7578125e+00 -1.7578125e+00
-1.7578125e+00 -1.7578125e+00 -1.7578125e+00 -1.7578125e+00
-1.7578125e+00 -1.7578125e+00 -1.7578125e+00 -1.7578125e+00
-1.7578125e+00 -1.7578125e+00 -1.7578125e+00 -1.7578125e+00
-1.7578125e+00 -1.7578125e+00 -1.7578125e+00 -1.7578125e+00
-1.7578125e+00 -1.7578125e+00 -1.7578125e+00 -1.7578125e+00
-1.7578125e+00 -1.7578125e+00 -1.7578125e+00 -1.7578125e+00
-1.7578125e+00 -1.7578125e+00 -1.7578125e+00 -1.7578125e+00
-1.7578125e+00 -1.7578125e+00 -1.7578125e+00 -1.7578125e+00
-1.7578125e+00 -1.7578125e+00 -1.7578125e+00 -1.7578125e+00
-1.7578125e+00 -1.7578125e+00 -1.7578125e+00 -1.7578125e+00
-1.7578125e+00 -1.7578125e+00 -1.7578125e+00 -1.7578125e+00
-1.7578125e+00 -1.7578125e+00 -1.7578125e+00 -1.7578125e+00
-1.7578125e+00 -1.7578125e+00 -1.7578125e+00 -1.7578125e+00
-1.7578125e+00 -1.7578125e+00 -1.7578125e+00 -1.7578125e+00
-1.7578125e+00 -1.7578125e+00 -1.7578125e+00 -1.7578125e+00
-1.7578125e+00 -1.7578125e+00 -1.7578125e+00 -1.7500000e+00
-1.7500000e+00 -1.7500000e+00 -1.7500000e+00 -1.7500000e+00
-1.7500000e+00 -1.7500000e+00 -1.7500000e+00 -1.7500000e+00
-1.7500000e+00 -1.7500000e+00 -1.7500000e+00 -1.7500000e+00
-1.7500000e+00 -1.7500000e+00 -1.7500000e+00 -1.7500000e+00
-1.7500000e+00 -1.7500000e+00 -1.7500000e+00 -1.7500000e+00
-1.7500000e+00 -1.7500000e+00 -1.7500000e+00 -1.7500000e+00
-1.7500000e+00 -1.7500000e+00 -1.7500000e+00 -1.7500000e+00
-1.7500000e+00 -1.7500000e+00 -1.7500000e+00 -1.7500000e+00
-1.7500000e+00 -1.7421875e+00 -1.7421875e+00 -1.7421875e+00
-1.7421875e+00 -1.7421875e+00 -1.7421875e+00 -1.7421875e+00
-1.7421875e+00 -1.7421875e+00 -1.7421875e+00 -1.7421875e+00
-1.7421875e+00 -1.7421875e+00 -1.7421875e+00 -1.7421875e+00
-1.7421875e+00 -1.7343750e+00 -1.7343750e+00 -1.7343750e+00
-1.7343750e+00 -1.7343750e+00 -1.7343750e+00 -1.7343750e+00
-1.7343750e+00 -1.7343750e+00 -1.7343750e+00 -1.7343750e+00
-1.7265625e+00 -1.7265625e+00 -1.7265625e+00 -1.7265625e+00
-1.7265625e+00 -1.7265625e+00 -1.7265625e+00 -1.7187500e+00
-1.7187500e+00 -1.7187500e+00 -1.7187500e+00 -1.7187500e+00
-1.7187500e+00 -1.7109375e+00 -1.7109375e+00 -1.7109375e+00
-1.7109375e+00 -1.7109375e+00 -1.7109375e+00 -1.7031250e+00
-1.7031250e+00 -1.7031250e+00 -1.7031250e+00 -1.6953125e+00
-1.6953125e+00 -1.6953125e+00 -1.6953125e+00 -1.6875000e+00
-1.6875000e+00 -1.6875000e+00 -1.6875000e+00 -1.6796875e+00
-1.6796875e+00 -1.6796875e+00 -1.6718750e+00 -1.6718750e+00
-1.6718750e+00 -1.6640625e+00 -1.6640625e+00 -1.6640625e+00
-1.6562500e+00 -1.6562500e+00 -1.6484375e+00 -1.6484375e+00
-1.6406250e+00 -1.6406250e+00 -1.6328125e+00 -1.6328125e+00
-1.6250000e+00 -1.6250000e+00 -1.6171875e+00 -1.6171875e+00
-1.6093750e+00 -1.6093750e+00 -1.6015625e+00 -1.5937500e+00
-1.5937500e+00 -1.5859375e+00 -1.5781250e+00 -1.5781250e+00
-1.5703125e+00 -1.5625000e+00 -1.5546875e+00 -1.5546875e+00
-1.5468750e+00 -1.5390625e+00 -1.5312500e+00 -1.5234375e+00
-1.5156250e+00 -1.5078125e+00 -1.5000000e+00 -1.4921875e+00
-1.4843750e+00 -1.4765625e+00 -1.4687500e+00 -1.4609375e+00
-1.4453125e+00 -1.4375000e+00 -1.4296875e+00 -1.4140625e+00
-1.4062500e+00 -1.3984375e+00 -1.3828125e+00 -1.3750000e+00
-1.3593750e+00 -1.3437500e+00 -1.3359375e+00 -1.3203125e+00
-1.3046875e+00 -1.2890625e+00 -1.2812500e+00 -1.2656250e+00
-1.2500000e+00 -1.2265625e+00 -1.2109375e+00 -1.1953125e+00
-1.1796875e+00 -1.1562500e+00 -1.1406250e+00 -1.1250000e+00
-1.1015625e+00 -1.0781250e+00 -1.0625000e+00 -1.0390625e+00
-1.0156250e+00 -9.8828125e-01 -9.6484375e-01 -9.4140625e-01
-9.1406250e-01 -8.8671875e-01 -8.5937500e-01 -8.3203125e-01
-8.0078125e-01 -7.7343750e-01 -7.4218750e-01 -7.0703125e-01
-6.7578125e-01 -6.4062500e-01 -6.0546875e-01 -5.7031250e-01
-5.3125000e-01 -4.9218750e-01 -4.5117188e-01 -4.1015625e-01
-3.6718750e-01 -3.2226562e-01 -2.7734375e-01 -2.3046875e-01
-1.8261719e-01 -1.3183594e-01 -8.0566406e-02 -2.7221680e-02
1.6357422e-02 4.9316406e-02 8.2031250e-02 1.1474609e-01
1.4746094e-01 1.8066406e-01 2.1386719e-01 2.4609375e-01
2.7929688e-01 3.1250000e-01 3.4570312e-01 3.7695312e-01
4.1015625e-01 4.4335938e-01 4.7656250e-01 5.0781250e-01
5.4296875e-01 5.7421875e-01 6.0937500e-01 6.4062500e-01
6.7187500e-01 7.0703125e-01 7.3828125e-01 7.7343750e-01
8.0468750e-01 8.3593750e-01 8.7109375e-01 9.0234375e-01
9.3750000e-01 9.6875000e-01 1.0000000e+00 1.0312500e+00
1.0703125e+00 1.1015625e+00 1.1328125e+00 1.1640625e+00
1.1953125e+00 1.2343750e+00 1.2656250e+00 1.2968750e+00
1.3281250e+00 1.3593750e+00 1.3984375e+00 1.4296875e+00
1.4609375e+00 1.4921875e+00 1.5234375e+00 1.5625000e+00
1.5937500e+00 1.6250000e+00 1.6562500e+00 1.6875000e+00
1.7265625e+00 1.7578125e+00 1.7890625e+00 1.8203125e+00
1.8515625e+00 1.8906250e+00 1.9218750e+00 1.9531250e+00
1.9843750e+00 2.0156250e+00 2.0468750e+00 2.0781250e+00
2.1250000e+00 2.1562500e+00 2.1875000e+00 2.2187500e+00
2.2500000e+00 2.2812500e+00 2.3125000e+00 2.3437500e+00
2.3750000e+00 2.4062500e+00 2.4531250e+00 2.4843750e+00
2.5156250e+00 2.5468750e+00 2.5781250e+00 2.6093750e+00
2.6406250e+00 2.6718750e+00 2.7031250e+00 2.7343750e+00
2.7812500e+00 2.8125000e+00 2.8437500e+00 2.8750000e+00
2.9062500e+00 2.9375000e+00 2.9687500e+00 3.0000000e+00
3.0312500e+00 3.0625000e+00 3.1093750e+00 3.1406250e+00
3.1718750e+00 3.2031250e+00 3.2343750e+00 3.2656250e+00
3.2968750e+00 3.3281250e+00 3.3593750e+00 3.3906250e+00
3.4375000e+00 3.4687500e+00 3.5000000e+00 3.5312500e+00
3.5625000e+00 3.5937500e+00 3.6250000e+00 3.6562500e+00
3.6875000e+00 3.7343750e+00 3.7656250e+00 3.7968750e+00
3.8281250e+00 3.8593750e+00 3.8906250e+00 3.9218750e+00
3.9531250e+00 3.9843750e+00 4.0312500e+00 4.0625000e+00
4.0937500e+00 4.1250000e+00 4.1562500e+00 4.1875000e+00
4.2500000e+00 4.2812500e+00 4.3125000e+00 4.3437500e+00
4.3750000e+00 4.4062500e+00 4.4375000e+00 4.4687500e+00
4.5000000e+00 4.5312500e+00 4.5625000e+00 4.5937500e+00
4.6250000e+00 4.6562500e+00 4.6875000e+00 4.7187500e+00
4.7500000e+00 4.7812500e+00 4.8125000e+00 4.8750000e+00
4.9062500e+00 4.9375000e+00 4.9687500e+00 5.0000000e+00
5.0312500e+00 5.0625000e+00 5.0937500e+00 5.1250000e+00
5.1562500e+00 5.1875000e+00 5.2187500e+00 5.2500000e+00
5.2812500e+00 5.3125000e+00 5.3437500e+00 5.3750000e+00
5.4062500e+00 5.4375000e+00 5.4687500e+00 5.5312500e+00
5.5625000e+00 5.5937500e+00 5.6250000e+00 5.6562500e+00
5.6875000e+00 5.7187500e+00 5.7500000e+00 5.7812500e+00
5.8125000e+00 5.8437500e+00 5.8750000e+00 5.9062500e+00
5.9375000e+00 5.9687500e+00 6.0000000e+00 6.0312500e+00
6.0625000e+00 6.0937500e+00 6.1250000e+00 6.1875000e+00
6.2187500e+00 6.2500000e+00 6.2812500e+00 6.3125000e+00
6.3437500e+00 6.3750000e+00 6.4062500e+00 6.4375000e+00
6.4687500e+00 6.5000000e+00 6.5312500e+00 6.5625000e+00
6.5937500e+00 6.6250000e+00 6.6562500e+00 6.6875000e+00
6.7187500e+00 6.7500000e+00 6.7812500e+00 6.8437500e+00
6.8750000e+00 6.9062500e+00 6.9375000e+00 6.9687500e+00
7.0000000e+00 7.0312500e+00 7.0625000e+00 7.0937500e+00
7.1250000e+00 7.1562500e+00 7.1875000e+00 7.2187500e+00
7.2500000e+00 7.2812500e+00 7.3125000e+00 7.3437500e+00
7.3750000e+00 7.4062500e+00 7.4687500e+00 7.5000000e+00
7.5312500e+00 7.5625000e+00 7.5937500e+00 7.6250000e+00
7.6562500e+00 7.6875000e+00 7.7187500e+00 7.7500000e+00
7.7812500e+00 7.8125000e+00 7.8437500e+00 7.8750000e+00
7.9062500e+00 7.9375000e+00 7.9687500e+00 8.0000000e+00
8.0625000e+00 8.0625000e+00 8.1250000e+00 8.1250000e+00
8.1875000e+00 8.1875000e+00 8.2500000e+00 8.2500000e+00
8.3125000e+00 8.3125000e+00 8.3750000e+00 8.3750000e+00
8.3750000e+00 8.5000000e+00 8.5000000e+00 8.5625000e+00
8.5625000e+00 8.6250000e+00 8.6250000e+00 8.6875000e+00
8.6875000e+00 8.7500000e+00 8.7500000e+00 8.8125000e+00
8.8125000e+00 8.8750000e+00 8.8750000e+00 8.9375000e+00
8.9375000e+00 9.0000000e+00 9.0000000e+00 9.0625000e+00
9.0625000e+00 9.1250000e+00 9.1250000e+00 9.1875000e+00
9.1875000e+00 9.2500000e+00 9.2500000e+00 9.3125000e+00
9.3125000e+00 9.3750000e+00 9.3750000e+00 9.4375000e+00
9.4375000e+00 9.5000000e+00 9.5000000e+00 9.5625000e+00
9.5625000e+00 9.6250000e+00 9.6250000e+00 9.7500000e+00
9.7500000e+00 9.8125000e+00 9.8125000e+00 9.8750000e+00
9.8750000e+00 9.9375000e+00 9.9375000e+00 1.0000000e+01
1.0000000e+01 1.0062500e+01 1.0062500e+01 1.0125000e+01
1.0125000e+01 1.0187500e+01 1.0187500e+01 1.0250000e+01
1.0250000e+01 1.0312500e+01 1.0312500e+01 1.0375000e+01
1.0375000e+01 1.0437500e+01 1.0437500e+01 1.0500000e+01
1.0500000e+01 1.0562500e+01 1.0562500e+01 1.0625000e+01
1.0625000e+01 1.0687500e+01 1.0687500e+01 1.0750000e+01
1.0750000e+01 1.0812500e+01 1.0812500e+01 1.0875000e+01
1.0875000e+01 1.0937500e+01 1.0937500e+01 1.1062500e+01
1.1062500e+01 1.1125000e+01 1.1125000e+01 1.1187500e+01
1.1187500e+01 1.1250000e+01 1.1250000e+01 1.1312500e+01
1.1312500e+01 1.1375000e+01 1.1375000e+01 1.1437500e+01
1.1437500e+01 1.1500000e+01 1.1500000e+01 1.1562500e+01
1.1562500e+01 1.1625000e+01 1.1625000e+01 1.1687500e+01
1.1687500e+01 1.1750000e+01 1.1750000e+01 1.1812500e+01
1.1812500e+01 1.1875000e+01 1.1875000e+01 1.1937500e+01
1.1937500e+01 1.2000000e+01 1.2000000e+01 1.2062500e+01
1.2062500e+01 1.2125000e+01 1.2125000e+01 1.2187500e+01
1.2187500e+01 1.2250000e+01 1.2250000e+01 1.2375000e+01
1.2375000e+01 1.2437500e+01 1.2437500e+01 1.2500000e+01
1.2500000e+01 1.2562500e+01 1.2562500e+01 1.2625000e+01
1.2625000e+01 1.2687500e+01 1.2687500e+01 1.2750000e+01
1.2750000e+01 1.2812500e+01 1.2812500e+01 1.2875000e+01
1.2875000e+01 1.2937500e+01 1.2937500e+01 1.3000000e+01
1.3000000e+01 1.3062500e+01 1.3062500e+01 1.3125000e+01
1.3125000e+01 1.3187500e+01 1.3187500e+01 1.3250000e+01
1.3250000e+01 1.3312500e+01 1.3312500e+01 1.3375000e+01
1.3375000e+01 1.3437500e+01 1.3437500e+01 1.3500000e+01
1.3500000e+01 1.3562500e+01 1.3562500e+01 1.3687500e+01
1.3687500e+01 1.3750000e+01 1.3750000e+01 1.3812500e+01
1.3812500e+01 1.3875000e+01 1.3875000e+01 1.3937500e+01
1.3937500e+01 1.4000000e+01 1.4000000e+01 1.4062500e+01
1.4062500e+01 1.4125000e+01 1.4125000e+01 1.4187500e+01
1.4187500e+01 1.4250000e+01 1.4250000e+01 1.4312500e+01
1.4312500e+01 1.4375000e+01 1.4375000e+01 1.4437500e+01
1.4437500e+01 1.4500000e+01 1.4500000e+01 1.4562500e+01
1.4562500e+01 1.4625000e+01 1.4625000e+01 1.4687500e+01
1.4687500e+01 1.4750000e+01 1.4750000e+01 1.4812500e+01
1.4812500e+01 1.4937500e+01 1.4937500e+01 1.5000000e+01
1.5000000e+01 1.5062500e+01 1.5062500e+01 1.5125000e+01
1.5125000e+01 1.5187500e+01 1.5187500e+01 1.5250000e+01
1.5250000e+01 1.5312500e+01 1.5312500e+01 1.5375000e+01
1.5375000e+01 1.5437500e+01 1.5437500e+01 1.5500000e+01
1.5500000e+01 1.5562500e+01 1.5562500e+01 1.5625000e+01
1.5625000e+01 1.5687500e+01 1.5687500e+01 1.5750000e+01
1.5750000e+01 1.5812500e+01 1.5812500e+01 1.5875000e+01
1.5875000e+01 1.5937500e+01 1.5937500e+01 1.6000000e+01
1.6000000e+01 1.6125000e+01 1.6125000e+01 1.6125000e+01
1.6125000e+01 1.6250000e+01 1.6250000e+01 1.6250000e+01
1.6250000e+01 1.6375000e+01 1.6375000e+01 1.6375000e+01
1.6375000e+01 1.6500000e+01 1.6500000e+01 1.6500000e+01
1.6500000e+01 1.6625000e+01 1.6625000e+01 1.6625000e+01
1.6625000e+01 1.6750000e+01 1.6750000e+01 1.6750000e+01
