-1.6000000e+01 -1.5937500e+01 -1.5937500e+01 -1.5875000e+01
-1.5875000e+01 -1.5812500e+01 -1.5812500e+01 -1.5750000e+01
-1.5750000e+01 -1.5687500e+01 -1.5687500e+01 -1.5625000e+01
-1.5625000e+01 -1.5562500e+01 -1.5562500e+01 -1.5500000e+01
-1.5500000e+01 -1.5437500e+01 -1.5437500e+01 -1.5375000e+01
-1.5375000e+01 -1.5312500e+01 -1.5312500e+01 -1.5250000e+01
-1.5250000e+01 -1.5187500e+01 -1.5187500e+01 -1.5125000e+01
-1.5125000e+01 -1.5062500e+01 -1.5062500e+01 -1.5000000e+01
-1.5000000e+01 -1.4937500e+01 -1.4937500e+01 -1.4875000e+01
-1.4875000e+01 -1.4812500e+01 -1.4812500e+01 -1.4750000e+01
-1.4750000e+01 -1.4687500e+01 -1.4687500e+01 -1.4625000e+01
-1.4625000e+01 -1.4562500e+01 -1.4562500e+01 -1.4500000e+01
-1.4500000e+01 -1.4437500e+01 -1.4437500e+01 -1.4375000e+01
-1.4375000e+01 -1.4312500e+01 -1.4312500e+01 -1.4250000e+01
-1.4250000e+01 -1.4187500e+01 -1.4187500e+01 -1.4125000e+01
-1.4125000e+01 -1.4062500e+01 -1.4062500e+01 -1.4000000e+01
-1.4000000e+01 -1.3937500e+01 -1.3937500e+01 -1.3875000e+01
-1.3875000e+01 -1.3812500e+01 -1.3812500e+01 -1.3750000e+01
-1.3750000e+01 -1.3687500e+01 -1.3687500e+01 -1.3625000e+01
-1.3625000e+01 -1.3562500e+01 -1.3562500e+01 -1.3500000e+01
-1.3500000e+01 -1.3437500e+01 -1.3437500e+01 -1.3375000e+01
-1.3375000e+01 -1.3312500e+01 -1.3312500e+01 -1.3250000e+01
-1.3250000e+01 -1.3187500e+01 -1.3187500e+01 -1.3125000e+01
-1.3125000e+01 -1.3062500e+01 -1.3062500e+01 -1.3000000e+01
-1.3000000e+01 -1.2937500e+01 -1.2937500e+01 -1.2875000e+01
-1.2875000e+01 -1.2812500e+01 -1.2812500e+01 -1.2750000e+01
-1.2750000e+01 -1.2687500e+01 -1.2687500e+01 -1.2625000e+01
-1.2625000e+01 -1.2562500e+01 -1.2562500e+01 -1.2500000e+01
-1.2500000e+01 -1.2437500e+01 -1.2437500e+01 -1.2375000e+01
-1.2375000e+01 -1.2312500e+01 -1.2312500e+01 -1.2250000e+01
-1.2250000e+01 -1.2187500e+01 -1.2187500e+01 -1.2125000e+01
-1.2125000e+01 -1.2062500e+01 -1.2062500e+01 -1.2000000e+01
-1.2000000e+01 -1.1937500e+01 -1.1937500e+01 -1.1875000e+01
-1.1875000e+01 -1.1812500e+01 -1.1812500e+01 -1.1750000e+01
-1.1750000e+01 -1.1687500e+01 -1.1687500e+01 -1.1625000e+01
-1.1625000e+01 -1.1562500e+01 -1.1562500e+01 -1.1500000e+01
-1.1500000e+01 -1.1437500e+01 -1.1437500e+01 -1.1375000e+01
-1.1375000e+01 -1.1312500e+01 -1.1312500e+01 -1.1250000e+01
-1.1250000e+01 -1.1187500e+01 -1.1187500e+01 -1.1125000e+01
-1.1125000e+01 -1.1062500e+01 -1.1062500e+01 -1.1000000e+01
-1.1000000e+01 -1.0937500e+01 -1.0937500e+01 -1.0875000e+01
-1.0875000e+01 -1.0812500e+01 -1.0812500e+01 -1.0750000e+01
-1.0750000e+01 -1.0687500e+01 -1.0687500e+01 -1.0625000e+01
-1.0625000e+01 -1.0562500e+01 -1.0562500e+01 -1.0500000e+01
-1.0500000e+01 -1.0437500e+01 -1.0437500e+01 -1.0375000e+01
-1.0375000e+01 -1.0312500e+01 -1.0312500e+01 -1.0250000e+01
-1.0250000e+01 -1.0187500e+01 -1.0187500e+01 -1.0125000e+01
-1.0125000e+01 -1.0062500e+01 -1.0062500e+01 -1.0000000e+01
-1.0000000e+01 -9.9375000e+00 -9.9375000e+00 -9.8750000e+00
-9.8750000e+00 -9.8125000e+00 -9.8125000e+00 -9.7500000e+00
-9.7500000e+00 -9.6875000e+00 -9.6875000e+00 -9.6250000e+00
-9.6250000e+00 -9.5625000e+00 -9.5625000e+00 -9.5000000e+00
-9.5000000e+00 -9.4375000e+00 -9.4375000e+00 -9.3750000e+00
-9.3750000e+00 -9.3125000e+00 -9.3125000e+00 -9.2500000e+00
-9.2500000e+00 -9.1875000e+00 -9.1875000e+00 -9.1250000e+00
-9.1250000e+00 -9.0625000e+00 -9.0625000e+00 -9.0000000e+00
-9.0000000e+00 -8.9375000e+00 -8.9375000e+00 -8.8750000e+00
-8.8750000e+00 -8.8125000e+00 -8.8125000e+00 -8.7500000e+00
-8.7500000e+00 -8.6875000e+00 -8.6875000e+00 -8.6250000e+00
-8.6250000e+00 -8.5625000e+00 -8.5625000e+00 -8.5000000e+00
-8.5000000e+00 -8.4375000e+00 -8.4375000e+00 -8.3750000e+00
-8.3750000e+00 -8.3125000e+00 -8.3125000e+00 -8.2500000e+00
-8.2500000e+00 -8.1875000e+00 -8.1875000e+00 -8.1250000e+00
-8.1250000e+00 -8.0625000e+00 -8.0625000e+00 -8.0000000e+00
-8.0000000e+00 -7.9687500e+00 -7.9375000e+00 -7.9062500e+00
-7.8750000e+00 -7.8437500e+00 -7.8125000e+00 -7.7812500e+00
-7.7500000e+00 -7.7187500e+00 -7.6875000e+00 -7.6562500e+00
-7.6250000e+00 -7.5937500e+00 -7.5625000e+00 -7.5312500e+00
-7.5000000e+00 -7.4687500e+00 -7.4375000e+00 -7.4062500e+00
-7.3750000e+00 -7.3437500e+00 -7.3125000e+00 -7.2812500e+00
-7.2500000e+00 -7.2187500e+00 -7.1875000e+00 -7.1562500e+00
-7.1250000e+00 -7.0937500e+00 -7.0625000e+00 -7.0312500e+00
-7.0000000e+00 -6.9687500e+00 -6.9375000e+00 -6.9062500e+00
-6.8750000e+00 -6.8437500e+00 -6.8125000e+00 -6.7812500e+00
-6.7500000e+00 -6.7187500e+00 -6.6875000e+00 -6.6562500e+00
-6.6250000e+00 -6.5937500e+00 -6.5625000e+00 -6.5312500e+00
-6.5000000e+00 -6.4687500e+00 -6.4375000e+00 -6.4062500e+00
-6.3750000e+00 -6.3437500e+00 -6.3125000e+00 -6.2812500e+00
-6.2500000e+00 -6.2187500e+00 -6.1875000e+00 -6.1562500e+00
-6.1250000e+00 -6.0937500e+00 -6.0625000e+00 -6.0312500e+00
-6.0000000e+00 -5.9687500e+00 -5.9375000e+00 -5.9062500e+00
-5.8750000e+00 -5.8437500e+00 -5.8125000e+00 -5.7812500e+00
-5.7500000e+00 -5.7187500e+00 -5.6875000e+00 -5.6562500e+00
-5.6250000e+00 -5.5937500e+00 -5.5625000e+00 -5.5312500e+00
-5.5000000e+00 -5.4687500e+00 -5.4375000e+00 -5.4062500e+00
-5.3750000e+00 -5.3437500e+00 -5.3125000e+00 -5.2812500e+00
-5.2500000e+00 -5.2187500e+00 -5.1875000e+00 -5.1562500e+00
-5.1250000e+00 -5.0937500e+00 -5.0625000e+00 -5.0312500e+00
-5.0000000e+00 -4.9687500e+00 -4.9375000e+00 -4.9062500e+00
-4.8750000e+00 -4.8437500e+00 -4.8125000e+00 -4.7812500e+00
-4.7500000e+00 -4.7187500e+00 -4.6875000e+00 -4.6562500e+00
-4.6250000e+00 -4.5937500e+00 -4.5625000e+00 -4.5312500e+00
-4.5000000e+00 -4.4687500e+00 -4.4375000e+00 -4.4062500e+00
-4.3750000e+00 -4.3437500e+00 -4.3125000e+00 -4.2812500e+00
-4.2500000e+00 -4.2187500e+00 -4.1875000e+00 -4.1562500e+00
-4.1250000e+00 -4.0937500e+00 -4.0625000e+00 -4.0312500e+00
-3.9843750e+00 -3.9531250e+00 -3.9218750e+00 -3.8906250e+00
-3.8593750e+00 -3.8281250e+00 -3.7968750e+00 -3.7656250e+00
-3.7343750e+00 -3.7031250e+00 -3.6718750e+00 -3.6406250e+00
-3.6093750e+00 -3.5781250e+00 -3.5468750e+00 -3.5156250e+00
-3.4843750e+00 -3.4531250e+00 -3.4218750e+00 -3.3906250e+00
-3.3593750e+00 -3.3281250e+00 -3.2968750e+00 -3.2656250e+00
-3.2343750e+00 -3.2031250e+00 -3.1718750e+00 -3.1406250e+00
-3.1093750e+00 -3.0781250e+00 -3.0468750e+00 -3.0156250e+00
-2.9843750e+00 -2.9531250e+00 -2.9218750e+00 -2.8906250e+00
-2.8593750e+00 -2.8281250e+00 -2.7968750e+00 -2.7656250e+00
-2.7343750e+00 -2.7031250e+00 -2.6718750e+00 -2.6406250e+00
-2.6093750e+00 -2.5781250e+00 -2.5468750e+00 -2.5156250e+00
-2.4843750e+00 -2.4531250e+00 -2.4218750e+00 -2.3906250e+00
-2.3593750e+00 -2.3281250e+00 -2.2968750e+00 -2.2656250e+00
-2.2343750e+00 -2.2031250e+00 -2.1718750e+00 -2.1406250e+00
-2.1093750e+00 -2.0781250e+00 -2.0468750e+00 -2.0156250e+00
-1.9843750e+00 -1.9531250e+00 -1.9218750e+00 -1.8906250e+00
-1.8593750e+00 -1.8281250e+00 -1.7968750e+00 -1.7656250e+00
-1.7343750e+00 -1.7031250e+00 -1.6718750e+00 -1.6406250e+00
-1.6093750e+00 -1.5781250e+00 -1.5468750e+00 -1.5156250e+00
-1.4843750e+00 -1.4531250e+00 -1.4218750e+00 -1.3906250e+00
-1.3593750e+00 -1.3281250e+00 -1.2968750e+00 -1.2656250e+00
-1.2343750e+00 -1.2031250e+00 -1.1718750e+00 -1.1406250e+00
-1.1093750e+00 -1.0781250e+00 -1.0468750e+00 -1.0156250e+00
-9.8437500e-01 -9.5312500e-01 -9.2187500e-01 -8.9062500e-01
-8.5937500e-01 -8.2812500e-01 -7.9687500e-01 -7.6562500e-01
-7.3437500e-01 -7.0312500e-01 -6.7187500e-01 -6.4062500e-01
-6.0937500e-01 -5.7812500e-01 -5.4687500e-01 -5.1562500e-01
-4.8437500e-01 -4.5312500e-01 -4.2187500e-01 -3.9062500e-01
-3.5937500e-01 -3.2812500e-01 -2.9687500e-01 -2.6562500e-01
-2.3437500e-01 -2.0312500e-01 -1.7187500e-01 -1.4062500e-01
-1.0937500e-01 -7.8125000e-02 -4.6875000e-02 -1.5625000e-02
1.5625000e-02 4.6875000e-02 7.8125000e-02 1.0937500e-01
1.4062500e-01 1.7187500e-01 2.0312500e-01 2.3437500e-01
2.6562500e-01 2.9687500e-01 3.2812500e-01 3.5937500e-01
3.9062500e-01 4.2187500e-01 4.5312500e-01 4.8437500e-01
5.1562500e-01 5.4687500e-01 5.7812500e-01 6.0937500e-01
6.4062500e-01 6.7187500e-01 7.0312500e-01 7.3437500e-01
7.6562500e-01 7.9687500e-01 8.2812500e-01 8.5937500e-01
8.9062500e-01 9.2187500e-01 9.5312500e-01 9.8437500e-01
1.0156250e+00 1.0468750e+00 1.0781250e+00 1.1093750e+00
1.1406250e+00 1.1718750e+00 1.2031250e+00 1.2343750e+00
1.2656250e+00 1.2968750e+00 1.3281250e+00 1.3593750e+00
1.3906250e+00 1.4218750e+00 1.4531250e+00 1.4843750e+00
1.5156250e+00 1.5468750e+00 1.5781250e+00 1.6093750e+00
1.6406250e+00 1.6718750e+00 1.7031250e+00 1.7343750e+00
1.7656250e+00 1.7968750e+00 1.8281250e+00 1.8593750e+00
1.8906250e+00 1.9218750e+00 1.9531250e+00 1.9843750e+00
2.0156250e+00 2.0468750e+00 2.0781250e+00 2.1093750e+00
2.1406250e+00 2.1718750e+00 2.2031250e+00 2.2343750e+00
2.2656250e+00 2.2968750e+00 2.3281250e+00 2.3593750e+00
2.3906250e+00 2.4218750e+00 2.4531250e+00 2.4843750e+00
2.5156250e+00 2.5468750e+00 2.5781250e+00 2.6093750e+00
2.6406250e+00 2.6718750e+00 2.7031250e+00 2.7343750e+00
2.7656250e+00 2.7968750e+00 2.8281250e+00 2.8593750e+00
2.8906250e+00 2.9218750e+00 2.9531250e+00 2.9843750e+00
3.0156250e+00 3.0468750e+00 3.0781250e+00 3.1093750e+00
3.1406250e+00 3.1718750e+00 3.2031250e+00 3.2343750e+00
3.2656250e+00 3.2968750e+00 3.3281250e+00 3.3593750e+00
3.3906250e+00 3.4218750e+00 3.4531250e+00 3.4843750e+00
3.5156250e+00 3.5468750e+00 3.5781250e+00 3.6093750e+00
3.6406250e+00 3.6718750e+00 3.7031250e+00 3.7343750e+00
3.7656250e+00 3.7968750e+00 3.8281250e+00 3.8593750e+00
3.8906250e+00 3.9218750e+00 3.9531250e+00 3.9843750e+00
4.0312500e+00 4.0625000e+00 4.0937500e+00 4.1250000e+00
4.1562500e+00 4.1875000e+00 4.2187500e+00 4.2500000e+00
4.2812500e+00 4.3125000e+00 4.3437500e+00 4.3750000e+00
4.4062500e+00 4.4375000e+00 4.4687500e+00 4.5000000e+00
4.5312500e+00 4.5625000e+00 4.5937500e+00 4.6250000e+00
4.6562500e+00 4.6875000e+00 4.7187500e+00 4.7500000e+00
4.7812500e+00 4.8125000e+00 4.8437500e+00 4.8750000e+00
4.9062500e+00 4.9375000e+00 4.9687500e+00 5.0000000e+00
5.0312500e+00 5.0625000e+00 5.0937500e+00 5.1250000e+00
5.1562500e+00 5.1875000e+00 5.2187500e+00 5.2500000e+00
5.2812500e+00 5.3125000e+00 5.3437500e+00 5.3750000e+00
5.4062500e+00 5.4375000e+00 5.4687500e+00 5.5000000e+00
5.5312500e+00 5.5625000e+00 5.5937500e+00 5.6250000e+00
5.6562500e+00 5.6875000e+00 5.7187500e+00 5.7500000e+00
5.7812500e+00 5.8125000e+00 5.8437500e+00 5.8750000e+00
5.9062500e+00 5.9375000e+00 5.9687500e+00 6.0000000e+00
6.0312500e+00 6.0625000e+00 6.0937500e+00 6.1250000e+00
6.1562500e+00 6.1875000e+00 6.2187500e+00 6.2500000e+00
6.2812500e+00 6.3125000e+00 6.3437500e+00 6.3750000e+00
6.4062500e+00 6.4375000e+00 6.4687500e+00 6.5000000e+00
6.5312500e+00 6.5625000e+00 6.5937500e+00 6.6250000e+00
6.6562500e+00 6.6875000e+00 6.7187500e+00 6.7500000e+00
6.7812500e+00 6.8125000e+00 6.8437500e+00 6.8750000e+00
6.9062500e+00 6.9375000e+00 6.9687500e+00 7.0000000e+00
7.0312500e+00 7.0625000e+00 7.0937500e+00 7.1250000e+00
7.1562500e+00 7.1875000e+00 7.2187500e+00 7.2500000e+00
7.2812500e+00 7.3125000e+00 7.3437500e+00 7.3750000e+00
7.4062500e+00 7.4375000e+00 7.4687500e+00 7.5000000e+00
7.5312500e+00 7.5625000e+00 7.5937500e+00 7.6250000e+00
7.6562500e+00 7.6875000e+00 7.7187500e+00 7.7500000e+00
7.7812500e+00 7.8125000e+00 7.8437500e+00 7.8750000e+00
7.9062500e+00 7.9375000e+00 7.9687500e+00 8.0000000e+00
8.0000000e+00 8.0625000e+00 8.0625000e+00 8.1250000e+00
8.1250000e+00 8.1875000e+00 8.1875000e+00 8.2500000e+00
8.2500000e+00 8.3125000e+00 8.3125000e+00 8.3750000e+00
8.3750000e+00 8.4375000e+00 8.4375000e+00 8.5000000e+00
8.5000000e+00 8.5625000e+00 8.5625000e+00 8.6250000e+00
8.6250000e+00 8.6875000e+00 8.6875000e+00 8.7500000e+00
8.7500000e+00 8.8125000e+00 8.8125000e+00 8.8750000e+00
8.8750000e+00 8.9375000e+00 8.9375000e+00 9.0000000e+00
9.0000000e+00 9.0625000e+00 9.0625000e+00 9.1250000e+00
9.1250000e+00 9.1875000e+00 9.1875000e+00 9.2500000e+00
9.2500000e+00 9.3125000e+00 9.3125000e+00 9.3750000e+00
9.3750000e+00 9.4375000e+00 9.4375000e+00 9.5000000e+00
9.5000000e+00 9.5625000e+00 9.5625000e+00 9.6250000e+00
9.6250000e+00 9.6875000e+00 9.6875000e+00 9.7500000e+00
9.7500000e+00 9.8125000e+00 9.8125000e+00 9.8750000e+00
9.8750000e+00 9.9375000e+00 9.9375000e+00 1.0000000e+01
1.0000000e+01 1.0062500e+01 1.0062500e+01 1.0125000e+01
1.0125000e+01 1.0187500e+01 1.0187500e+01 1.0250000e+01
1.0250000e+01 1.0312500e+01 1.0312500e+01 1.0375000e+01
1.0375000e+01 1.0437500e+01 1.0437500e+01 1.0500000e+01
1.0500000e+01 1.0562500e+01 1.0562500e+01 1.0625000e+01
1.0625000e+01 1.0687500e+01 1.0687500e+01 1.0750000e+01
1.0750000e+01 1.0812500e+01 1.0812500e+01 1.0875000e+01
1.0875000e+01 1.0937500e+01 1.0937500e+01 1.1000000e+01
1.1000000e+01 1.1062500e+01 1.1062500e+01 1.1125000e+01
1.1125000e+01 1.1187500e+01 1.1187500e+01 1.1250000e+01
1.1250000e+01 1.1312500e+01 1.1312500e+01 1.1375000e+01
1.1375000e+01 1.1437500e+01 1.1437500e+01 1.1500000e+01
1.1500000e+01 1.1562500e+01 1.1562500e+01 1.1625000e+01
1.1625000e+01 1.1687500e+01 1.1687500e+01 1.1750000e+01
1.1750000e+01 1.1812500e+01 1.1812500e+01 1.1875000e+01
1.1875000e+01 1.1937500e+01 1.1937500e+01 1.2000000e+01
1.2000000e+01 1.2062500e+01 1.2062500e+01 1.2125000e+01
1.2125000e+01 1.2187500e+01 1.2187500e+01 1.2250000e+01
1.2250000e+01 1.2312500e+01 1.2312500e+01 1.2375000e+01
1.2375000e+01 1.2437500e+01 1.2437500e+01 1.2500000e+01
1.2500000e+01 1.2562500e+01 1.2562500e+01 1.2625000e+01
1.2625000e+01 1.2687500e+01 1.2687500e+01 1.2750000e+01
1.2750000e+01 1.2812500e+01 1.2812500e+01 1.2875000e+01
1.2875000e+01 1.2937500e+01 1.2937500e+01 1.3000000e+01
1.3000000e+01 1.3062500e+01 1.3062500e+01 1.3125000e+01
1.3125000e+01 1.3187500e+01 1.3187500e+01 1.3250000e+01
1.3250000e+01 1.3312500e+01 1.3312500e+01 1.3375000e+01
1.3375000e+01 1.3437500e+01 1.3437500e+01 1.3500000e+01
1.3500000e+01 1.3562500e+01 1.3562500e+01 1.3625000e+01
1.3625000e+01 1.3687500e+01 1.3687500e+01 1.3750000e+01
1.3750000e+01 1.3812500e+01 1.3812500e+01 1.3875000e+01
1.3875000e+01 1.3937500e+01 1.3937500e+01 1.4000000e+01
1.4000000e+01 1.4062500e+01 1.4062500e+01 1.4125000e+01
1.4125000e+01 1.4187500e+01 1.4187500e+01 1.4250000e+01
1.4250000e+01 1.4312500e+01 1.4312500e+01 1.4375000e+01
1.4375000e+01 1.4437500e+01 1.4437500e+01 1.4500000e+01
1.4500000e+01 1.4562500e+01 1.4562500e+01 1.4625000e+01
1.4625000e+01 1.4687500e+01 1.4687500e+01 1.4750000e+01
1.4750000e+01 1.4812500e+01 1.4812500e+01 1.4875000e+01
1.4875000e+01 1.4937500e+01 1.4937500e+01 1.5000000e+01
1.5000000e+01 1.5062500e+01 1.5062500e+01 1.5125000e+01
1.5125000e+01 1.5187500e+01 1.5187500e+01 1.5250000e+01
1.5250000e+01 1.5312500e+01 1.5312500e+01 1.5375000e+01
1.5375000e+01 1.5437500e+01 1.5437500e+01 1.5500000e+01
1.5500000e+01 1.5562500e+01 1.5562500e+01 1.5625000e+01
1.5625000e+01 1.5687500e+01 1.5687500e+01 1.5750000e+01
1.5750000e+01 1.5812500e+01 1.5812500e+01 1.5875000e+01
1.5875000e+01 1.5937500e+01 1.5937500e+01 1.6000000e+01
-1.6000000e+01 -1.5937500e+01 -1.5937500e+01 -1.5875000e+01
-1.5875000e+01 -1.5812500e+01 -1.5812500e+01 -1.5750000e+01
-1.5750000e+01 -1.5687500e+01 -1.5687500e+01 -1.5625000e+01
-1.5625000e+01 -1.5562500e+01 -1.5562500e+01 -1.5500000e+01
-1.5500000e+01 -1.5437500e+01 -1.5437500e+01 -1.5375000e+01
-1.5375000e+01 -1.5312500e+01 -1.5312500e+01 -1.5250000e+01
-1.5250000e+01 -1.5187500e+01 -1.5187500e+01 -1.5125000e+01
-1.5125000e+01 -1.5062500e+01 -1.5062500e+01 -1.5000000e+01
-1.5000000e+01 -1.4937500e+01 -1.4937500e+01 -1.4875000e+01
-1.4875000e+01 -1.4812500e+01 -1.4812500e+01 -1.4750000e+01
-1.4750000e+01 -1.4687500e+01 -1.4687500e+01 -1.4625000e+01
-1.4625000e+01 -1.4562500e+01 -1.4562500e+01 -1.4500000e+01
-1.4500000e+01 -1.4437500e+01 -1.4437500e+01 -1.4375000e+01
-1.4375000e+01 -1.4312500e+01 -1.4312500e+01 -1.4250000e+01
-1.4250000e+01 -1.4187500e+01 -1.4187500e+01 -1.4125000e+01
-1.4125000e+01 -1.4062500e+01 -1.4062500e+01 -1.4000000e+01
-1.4000000e+01 -1.3937500e+01 -1.3937500e+01 -1.3875000e+01
-1.3875000e+01 -1.3812500e+01 -1.3812500e+01 -1.3750000e+01
-1.3750000e+01 -1.3687500e+01 -1.3687500e+01 -1.3625000e+01
-1.3625000e+01 -1.3562500e+01 -1.3562500e+01 -1.3500000e+01
-1.3500000e+01 -1.3437500e+01 -1.3437500e+01 -1.3375000e+01
-1.3375000e+01 -1.3312500e+01 -1.3312500e+01 -1.3250000e+01
-1.3250000e+01 -1.3187500e+01 -1.3187500e+01 -1.3125000e+01
-1.3125000e+01 -1.3062500e+01 -1.3062500e+01 -1.3000000e+01
-1.3000000e+01 -1.2937500e+01 -1.2937500e+01 -1.2875000e+01
-1.2875000e+01 -1.2812500e+01 -1.2812500e+01 -1.2750000e+01
-1.2750000e+01 -1.2687500e+01 -1.2687500e+01 -1.2625000e+01
-1.2625000e+01 -1.2562500e+01 -1.2562500e+01 -1.2500000e+01
-1.2500000e+01 -1.2437500e+01 -1.2437500e+01 -1.2375000e+01
-1.2375000e+01 -1.2312500e+01 -1.2312500e+01 -1.2250000e+01
-1.2250000e+01 -1.2187500e+01 -1.2187500e+01 -1.2125000e+01
-1.2125000e+01 -1.2062500e+01 -1.2062500e+01 -1.2000000e+01
-1.2000000e+01 -1.1937500e+01 -1.1937500e+01 -1.1875000e+01
-1.1875000e+01 -1.1812500e+01 -1.1812500e+01 -1.1750000e+01
-1.1750000e+01 -1.1687500e+01 -1.1687500e+01 -1.1625000e+01
-1.1625000e+01 -1.1562500e+01 -1.1562500e+01 -1.1500000e+01
-1.1500000e+01 -1.1437500e+01 -1.1437500e+01 -1.1375000e+01
-1.1375000e+01 -1.1312500e+01 -1.1312500e+01 -1.1250000e+01
-1.1250000e+01 -1.1187500e+01 -1.1187500e+01 -1.1125000e+01
-1.1125000e+01 -1.1062500e+01 -1.1062500e+01 -1.1000000e+01
-1.1000000e+01 -1.0937500e+01 -1.0937500e+01 -1.0875000e+01
-1.0875000e+01 -1.0812500e+01 -1.0812500e+01 -1.0750000e+01
-1.0750000e+01 -1.0687500e+01 -1.0687500e+01 -1.0625000e+01
-1.0625000e+01 -1.0562500e+01 -1.0562500e+01 -1.0500000e+01
-1.0500000e+01 -1.0437500e+01 -1.0437500e+01 -1.0375000e+01
-1.0375000e+01 -1.0312500e+01 -1.0312500e+01 -1.0250000e+01
-1.0250000e+01 -1.0187500e+01 -1.0187500e+01 -1.0125000e+01
-1.0125000e+01 -1.0062500e+01 -1.0062500e+01 -1.0000000e+01
-1.0000000e+01 -9.9375000e+00 -9.9375000e+00 -9.8750000e+00
-9.8750000e+00 -9.8125000e+00 -9.8125000e+00 -9.7500000e+00
-9.7500000e+00 -9.6875000e+00 -9.6875000e+00 -9.6250000e+00
-9.6250000e+00 -9.5625000e+00 -9.5625000e+00 -9.5000000e+00
-9.5000000e+00 -9.4375000e+00 -9.4375000e+00 -9.3750000e+00
-9.3750000e+00 -9.3125000e+00 -9.3125000e+00 -9.2500000e+00
-9.2500000e+00 -9.1875000e+00 -9.1875000e+00 -9.1250000e+00
-9.1250000e+00 -9.0625000e+00 -9.0625000e+00 -9.0000000e+00
-9.0000000e+00 -8.9375000e+00 -8.9375000e+00 -8.8750000e+00
-8.8750000e+00 -8.8125000e+00 -8.8125000e+00 -8.7500000e+00
-8.7500000e+00 -8.6875000e+00 -8.6875000e+00 -8.6250000e+00
-8.6250000e+00 -8.5625000e+00 -8.5625000e+00 -8.5000000e+00
-8.5000000e+00 -8.4375000e+00 -8.4375000e+00 -8.3750000e+00
-8.3750000e+00 -8.3125000e+00 -8.3125000e+00 -8.2500000e+00
-8.2500000e+00 -8.1875000e+00 -8.1875000e+00 -8.1250000e+00
-8.1250000e+00 -8.0625000e+00 -8.0625000e+00 -8.0000000e+00
-8.0000000e+00 -7.9687500e+00 -7.9375000e+00 -7.9062500e+00
-7.8750000e+00 -7.8437500e+00 -7.8125000e+00 -7.7812500e+00
-7.7500000e+00 -7.7187500e+00 -7.6875000e+00 -7.6562500e+00
-7.6250000e+00 -7.5937500e+00 -7.5625000e+00 -7.5312500e+00
-7.5000000e+00 -7.4687500e+00 -7.4375000e+00 -7.4062500e+00
-7.3750000e+00 -7.3437500e+00 -7.3125000e+00 -7.2812500e+00
-7.2500000e+00 -7.2187500e+00 -7.1875000e+00 -7.1562500e+00
-7.1250000e+00 -7.0937500e+00 -7.0625000e+00 -7.0312500e+00
-7.0000000e+00 -6.9687500e+00 -6.9375000e+00 -6.9062500e+00
-6.8750000e+00 -6.8437500e+00 -6.8125000e+00 -6.7812500e+00
-6.7500000e+00 -6.7187500e+00 -6.6875000e+00 -6.6562500e+00
-6.6250000e+00 -6.5937500e+00 -6.5625000e+00 -6.5312500e+00
-6.5000000e+00 -6.4687500e+00 -6.4375000e+00 -6.4062500e+00
-6.3750000e+00 -6.3437500e+00 -6.3125000e+00 -6.2812500e+00
-6.2500000e+00 -6.2187500e+00 -6.1875000e+00 -6.1562500e+00
-6.1250000e+00 -6.0937500e+00 -6.0625000e+00 -6.0312500e+00
-6.0000000e+00 -5.9687500e+00 -5.9375000e+00 -5.9062500e+00
-5.8750000e+00 -5.8437500e+00 -5.8125000e+00 -5.7812500e+00
-5.7500000e+00 -5.7187500e+00 -5.6875000e+00 -5.6562500e+00
-5.6250000e+00 -5.5937500e+00 -5.5625000e+00 -5.5312500e+00
-5.5000000e+00 -5.4687500e+00 -5.4375000e+00 -5.4062500e+00
-5.3750000e+00 -5.3437500e+00 -5.3125000e+00 -5.2812500e+00
-5.2500000e+00 -5.2187500e+00 -5.1875000e+00 -5.1562500e+00
-5.1250000e+00 -5.0937500e+00 -5.0625000e+00 -5.0312500e+00
-5.0000000e+00 -4.9687500e+00 -4.9375000e+00 -4.9062500e+00
-4.8750000e+00 -4.8437500e+00 -4.8125000e+00 -4.7812500e+00
-4.7500000e+00 -4.7187500e+00 -4.6875000e+00 -4.6562500e+00
-4.6250000e+00 -4.5937500e+00 -4.5625000e+00 -4.5312500e+00
-4.5000000e+00 -4.4687500e+00 -4.4375000e+00 -4.4062500e+00
-4.3750000e+00 -4.3437500e+00 -4.3125000e+00 -4.2812500e+00
-4.2500000e+00 -4.2187500e+00 -4.1875000e+00 -4.1562500e+00
-4.1250000e+00 -4.0937500e+00 -4.0625000e+00 -4.0312500e+00
-3.9843750e+00 -3.9531250e+00 -3.9218750e+00 -3.8906250e+00
-3.8593750e+00 -3.8281250e+00 -3.7968750e+00 -3.7656250e+00
-3.7343750e+00 -3.7031250e+00 -3.6718750e+00 -3.6406250e+00
-3.6093750e+00 -3.5781250e+00 -3.5468750e+00 -3.5156250e+00
-3.4843750e+00 -3.4531250e+00 -3.4218750e+00 -3.3906250e+00
-3.3593750e+00 -3.3281250e+00 -3.2968750e+00 -3.2656250e+00
-3.2343750e+00 -3.2031250e+00 -3.1718750e+00 -3.1406250e+00
-3.1093750e+00 -3.0781250e+00 -3.0468750e+00 -3.0156250e+00
-2.9843750e+00 -2.9531250e+00 -2.9218750e+00 -2.8906250e+00
-2.8593750e+00 -2.8281250e+00 -2.7968750e+00 -2.7656250e+00
-2.7343750e+00 -2.7031250e+00 -2.6718750e+00 -2.6406250e+00
-2.6093750e+00 -2.5781250e+00 -2.5468750e+00 -2.5156250e+00
-2.4843750e+00 -2.4531250e+00 -2.4218750e+00 -2.3906250e+00
-2.3593750e+00 -2.3281250e+00 -2.2968750e+00 -2.2656250e+00
-2.2343750e+00 -2.2031250e+00 -2.1718750e+00 -2.1406250e+00
-2.1093750e+00 -2.0781250e+00 -2.0468750e+00 -2.0156250e+00
-1.9843750e+00 -1.9531250e+00 -1.9218750e+00 -1.8906250e+00
-1.8593750e+00 -1.8281250e+00 -1.7968750e+00 -1.7656250e+00
-1.7343750e+00 -1.7031250e+00 -1.6718750e+00 -1.6406250e+00
-1.6093750e+00 -1.5781250e+00 -1.5468750e+00 -1.5156250e+00
-1.4843750e+00 -1.4531250e+00 -1.4218750e+00 -1.3906250e+00
-1.3593750e+00 -1.3281250e+00 -1.2968750e+00 -1.2656250e+00
-1.2343750e+00 -1.2031250e+00 -1.1718750e+00 -1.1406250e+00
-1.1093750e+00 -1.0781250e+00 -1.0468750e+00 -1.0156250e+00
-9.8437500e-01 -9.5312500e-01 -9.2187500e-01 -8.9062500e-01
-8.5937500e-01 -8.2812500e-01 -7.9687500e-01 -7.6562500e-01
-7.3437500e-01 -7.0312500e-01 -6.7187500e-01 -6.4062500e-01
-6.0937500e-01 -5.7812500e-01 -5.4687500e-01 -5.1562500e-01
-4.8437500e-01 -4.5312500e-01 -4.2187500e-01 -3.9062500e-01
-3.5937500e-01 -3.2812500e-01 -2.9687500e-01 -2.6562500e-01
-2.3437500e-01 -2.0312500e-01 -1.7187500e-01 -1.4062500e-01
-1.0937500e-01 -7.8125000e-02 -4.6875000e-02 -1.5625000e-02
1.5625000e-02 4.6875000e-02 7.8125000e-02 1.0937500e-01
1.4062500e-01 1.7187500e-01 2.0312500e-01 2.3437500e-01
2.6562500e-01 2.9687500e-01 3.2812500e-01 3.5937500e-01
3.9062500e-01 4.2187500e-01 4.5312500e-01 4.8437500e-01
5.1562500e-01 5.4687500e-01 5.7812500e-01 6.0937500e-01
6.4062500e-01 6.7187500e-01 7.0312500e-01 7.3437500e-01
7.6562500e-01 7.9687500e-01 8.2812500e-01 8.5937500e-01
8.9062500e-01 9.2187500e-01 9.5312500e-01 9.8437500e-01
1.0156250e+00 1.0468750e+00 1.0781250e+00 1.1093750e+00
1.1406250e+00 1.1718750e+00 1.2031250e+00 1.2343750e+00
1.2656250e+00 1.2968750e+00 1.3281250e+00 1.3593750e+00
1.3906250e+00 1.4218750e+00 1.4531250e+00 1.4843750e+00
1.5156250e+00 1.5468750e+00 1.5781250e+00 1.6093750e+00
1.6406250e+00 1.6718750e+00 1.7031250e+00 1.7343750e+00
1.7656250e+00 1.7968750e+00 1.8281250e+00 1.8593750e+00
1.8906250e+00 1.9218750e+00 1.9531250e+00 1.9843750e+00
2.0156250e+00 2.0468750e+00 2.0781250e+00 2.1093750e+00
2.1406250e+00 2.1718750e+00 2.2031250e+00 2.2343750e+00
2.2656250e+00 2.2968750e+00 2.3281250e+00 2.3593750e+00
2.3906250e+00 2.4218750e+00 2.4531250e+00 2.4843750e+00
2.5156250e+00 2.5468750e+00 2.5781250e+00 2.6093750e+00
2.6406250e+00 2.6718750e+00 2.7031250e+00 2.7343750e+00
2.7656250e+00 2.7968750e+00 2.8281250e+00 2.8593750e+00
2.8906250e+00 2.9218750e+00 2.9531250e+00 2.9843750e+00
3.0156250e+00 3.0468750e+00 3.0781250e+00 3.1093750e+00
3.1406250e+00 3.1718750e+00 3.2031250e+00 3.2343750e+00
3.2656250e+00 3.2968750e+00 3.3281250e+00 3.3593750e+00
3.3906250e+00 3.4218750e+00 3.4531250e+00 3.4843750e+00
3.5156250e+00 3.5468750e+00 3.5781250e+00 3.6093750e+00
3.6406250e+00 3.6718750e+00 3.7031250e+00 3.7343750e+00
3.7656250e+00 3.7968750e+00 3.8281250e+00 3.8593750e+00
3.8906250e+00 3.9218750e+00 3.9531250e+00 3.9843750e+00
4.0312500e+00 4.0625000e+00 4.0937500e+00 4.1250000e+00
4.1562500e+00 4.1875000e+00 4.2187500e+00 4.2500000e+00
4.2812500e+00 4.3125000e+00 4.3437500e+00 4.3750000e+00
4.4062500e+00 4.4375000e+00 4.4687500e+00 4.5000000e+00
4.5312500e+00 4.5625000e+00 4.5937500e+00 4.6250000e+00
4.6562500e+00 4.6875000e+00 4.7187500e+00 4.7500000e+00
4.7812500e+00 4.8125000e+00 4.8437500e+00 4.8750000e+00
4.9062500e+00 4.9375000e+00 4.9687500e+00 5.0000000e+00
5.0312500e+00 5.0625000e+00 5.0937500e+00 5.1250000e+00
5.1562500e+00 5.1875000e+00 5.2187500e+00 5.2500000e+00
5.2812500e+00 5.3125000e+00 5.3437500e+00 5.3750000e+00
5.4062500e+00 5.4375000e+00 5.4687500e+00 5.5000000e+00
5.5312500e+00 5.5625000e+00 5.5937500e+00 5.6250000e+00
5.6562500e+00 5.6875000e+00 5.7187500e+00 5.7500000e+00
5.7812500e+00 5.8125000e+00 5.8437500e+00 5.8750000e+00
5.9062500e+00 5.9375000e+00 5.9687500e+00 6.0000000e+00
6.0312500e+00 6.0625000e+00 6.0937500e+00 6.1250000e+00
6.1562500e+00 6.1875000e+00 6.2187500e+00 6.2500000e+00
6.2812500e+00 6.3125000e+00 6.3437500e+00 6.3750000e+00
6.4062500e+00 6.4375000e+00 6.4687500e+00 6.5000000e+00
6.5312500e+00 6.5625000e+00 6.5937500e+00 6.6250000e+00
6.6562500e+00 6.6875000e+00 6.7187500e+00 6.7500000e+00
6.7812500e+00 6.8125000e+00 6.8437500e+00 6.8750000e+00
6.9062500e+00 6.9375000e+00 6.9687500e+00 7.0000000e+00
7.0312500e+00 7.0625000e+00 7.0937500e+00 7.1250000e+00
7.1562500e+00 7.1875000e+00 7.2187500e+00 7.2500000e+00
7.2812500e+00 7.3125000e+00 7.3437500e+00 7.3750000e+00
7.4062500e+00 7.4375000e+00 7.4687500e+00 7.5000000e+00
7.5312500e+00 7.5625000e+00 7.5937500e+00 7.6250000e+00
7.6562500e+00 7.6875000e+00 7.7187500e+00 7.7500000e+00
7.7812500e+00 7.8125000e+00 7.8437500e+00 7.8750000e+00
7.9062500e+00 7.9375000e+00 7.9687500e+00 8.0000000e+00
8.0000000e+00 8.0625000e+00 8.0625000e+00 8.1250000e+00
8.1250000e+00 8.1875000e+00 8.1875000e+00 8.2500000e+00
8.2500000e+00 8.3125000e+00 8.3125000e+00 8.3750000e+00
8.3750000e+00 8.4375000e+00 8.4375000e+00 8.5000000e+00
8.5000000e+00 8.5625000e+00 8.5625000e+00 8.6250000e+00
8.6250000e+00 8.6875000e+00 8.6875000e+00 8.7500000e+00
8.7500000e+00 8.8125000e+00 8.8125000e+00 8.8750000e+00
8.8750000e+00 8.9375000e+00 8.9375000e+00 9.0000000e+00
9.0000000e+00 9.0625000e+00 9.0625000e+00 9.1250000e+00
9.1250000e+00 9.1875000e+00 9.1875000e+00 9.2500000e+00
9.2500000e+00 9.3125000e+00 9.3125000e+00 9.3750000e+00
9.3750000e+00 9.4375000e+00 9.4375000e+00 9.5000000e+00
9.5000000e+00 9.5625000e+00 9.5625000e+00 9.6250000e+00
9.6250000e+00 9.6875000e+00 9.6875000e+00 9.7500000e+00
9.7500000e+00 9.8125000e+00 9.8125000e+00 9.8750000e+00
9.8750000e+00 9.9375000e+00 9.9375000e+00 1.0000000e+01
1.0000000e+01 1.0062500e+01 1.0062500e+01 1.0125000e+01
1.0125000e+01 1.0187500e+01 1.0187500e+01 1.0250000e+01
1.0250000e+01 1.0312500e+01 1.0312500e+01 1.0375000e+01
1.0375000e+01 1.0437500e+01 1.0437500e+01 1.0500000e+01
1.0500000e+01 1.0562500e+01 1.0562500e+01 1.0625000e+01
1.0625000e+01 1.0687500e+01 1.0687500e+01 1.0750000e+01
1.0750000e+01 1.0812500e+01 1.0812500e+01 1.0875000e+01
1.0875000e+01 1.0937500e+01 1.0937500e+01 1.1000000e+01
1.1000000e+01 1.1062500e+01 1.1062500e+01 1.1125000e+01
1.1125000e+01 1.1187500e+01 1.1187500e+01 1.1250000e+01
1.1250000e+01 1.1312500e+01 1.1312500e+01 1.1375000e+01
1.1375000e+01 1.1437500e+01 1.1437500e+01 1.1500000e+01
1.1500000e+01 1.1562500e+01 1.1562500e+01 1.1625000e+01
1.1625000e+01 1.1687500e+01 1.1687500e+01 1.1750000e+01
1.1750000e+01 1.1812500e+01 1.1812500e+01 1.1875000e+01
1.1875000e+01 1.1937500e+01 1.1937500e+01 1.2000000e+01
1.2000000e+01 1.2062500e+01 1.2062500e+01 1.2125000e+01
1.2125000e+01 1.2187500e+01 1.2187500e+01 1.2250000e+01
1.2250000e+01 1.2312500e+01 1.2312500e+01 1.2375000e+01
1.2375000e+01 1.2437500e+01 1.2437500e+01 1.2500000e+01
1.2500000e+01 1.2562500e+01 1.2562500e+01 1.2625000e+01
1.2625000e+01 1.2687500e+01 1.2687500e+01 1.2750000e+01
1.2750000e+01 1.2812500e+01 1.2812500e+01 1.2875000e+01
1.2875000e+01 1.2937500e+01 1.2937500e+01 1.3000000e+01
1.3000000e+01 1.3062500e+01 1.3062500e+01 1.3125000e+01
1.3125000e+01 1.3187500e+01 1.3187500e+01 1.3250000e+01
1.3250000e+01 1.3312500e+01 1.3312500e+01 1.3375000e+01
1.3375000e+01 1.3437500e+01 1.3437500e+01 1.3500000e+01
1.3500000e+01 1.3562500e+01 1.3562500e+01 1.3625000e+01
1.3625000e+01 1.3687500e+01 1.3687500e+01 1.3750000e+01
1.3750000e+01 1.3812500e+01 1.3812500e+01 1.3875000e+01
1.3875000e+01 1.3937500e+01 1.3937500e+01 1.4000000e+01
1.4000000e+01 1.4062500e+01 1.4062500e+01 1.4125000e+01
1.4125000e+01 1.4187500e+01 1.4187500e+01 1.4250000e+01
1.4250000e+01 1.4312500e+01 1.4312500e+01 1.4375000e+01
1.4375000e+01 1.4437500e+01 1.4437500e+01 1.4500000e+01
1.4500000e+01 1.4562500e+01 1.4562500e+01 1.4625000e+01
1.4625000e+01 1.4687500e+01 1.4687500e+01 1.4750000e+01
1.4750000e+01 1.4812500e+01 1.4812500e+01 1.4875000e+01
1.4875000e+01 1.4937500e+01 1.4937500e+01 1.5000000e+01
1.5000000e+01 1.5062500e+01 1.5062500e+01 1.5125000e+01
1.5125000e+01 1.5187500e+01 1.5187500e+01 1.5250000e+01
1.5250000e+01 1.5312500e+01 1.5312500e+01 1.5375000e+01
1.5375000e+01 1.5437500e+01 1.5437500e+01 1.5500000e+01
1.5500000e+01 1.5562500e+01 1.5562500e+01 1.5625000e+01
1.5625000e+01 1.5687500e+01 1.5687500e+01 1.5750000e+01
1.5750000e+01 1.5812500e+01 1.5812500e+01 1.5875000e+01
1.5875000e+01 1.5937500e+01 1.5937500e+01 1.6000000e+01
-1.6000000e+01 -1.5937500e+01 -1.5937500e+01 -1.5875000e+01
-1.5875000e+01 -1.5812500e+01 -1.5812500e+01 -1.5750000e+01
-1.5750000e+01 -1.5687500e+01 -1.5687500e+01 -1.5625000e+01
-1.5625000e+01 -1.5562500e+01 -1.5562500e+01 -1.5500000e+01
-1.5500000e+01 -1.5437500e+01 -1.5437500e+01 -1.5375000e+01
-1.5375000e+01 -1.5312500e+01 -1.5312500e+01 -1.5250000e+01
-1.5250000e+01 -1.5187500e+01 -1.5187500e+01 -1.5125000e+01
-1.5125000e+01 -1.5062500e+01 -1.5062500e+01 -1.5000000e+01
-1.5000000e+01 -1.4937500e+01 -1.4937500e+01 -1.4875000e+01
-1.4875000e+01 -1.4812500e+01 -1.4812500e+01 -1.4750000e+01
-1.4750000e+01 -1.4687500e+01 -1.4687500e+01 -1.4625000e+01
-1.4625000e+01 -1.4562500e+01 -1.4562500e+01 -1.4500000e+01
-1.4500000e+01 -1.4437500e+01 -1.4437500e+01 -1.4375000e+01
-1.4375000e+01 -1.4312500e+01 -1.4312500e+01 -1.4250000e+01
-1.4250000e+01 -1.4187500e+01 -1.4187500e+01 -1.4125000e+01
-1.4125000e+01 -1.4062500e+01 -1.4062500e+01 -1.4000000e+01
-1.4000000e+01 -1.3937500e+01 -1.3937500e+01 -1.3875000e+01
-1.3875000e+01 -1.3812500e+01 -1.3812500e+01 -1.3750000e+01
-1.3750000e+01 -1.3687500e+01 -1.3687500e+01 -1.3625000e+01
-1.3625000e+01 -1.3562500e+01 -1.3562500e+01 -1.3500000e+01
-1.3500000e+01 -1.3437500e+01 -1.3437500e+01 -1.3375000e+01
-1.3375000e+01 -1.3312500e+01 -1.3312500e+01 -1.3250000e+01
-1.3250000e+01 -1.3187500e+01 -1.3187500e+01 -1.3125000e+01
-1.3125000e+01 -1.3062500e+01 -1.3062500e+01 -1.3000000e+01
-1.3000000e+01 -1.2937500e+01 -1.2937500e+01 -1.2875000e+01
-1.2875000e+01 -1.2812500e+01 -1.2812500e+01 -1.2750000e+01
-1.2750000e+01 -1.2687500e+01 -1.2687500e+01 -1.2625000e+01
-1.2625000e+01 -1.2562500e+01 -1.2562500e+01 -1.2500000e+01
-1.2500000e+01 -1.2437500e+01 -1.2437500e+01 -1.2375000e+01
-1.2375000e+01 -1.2312500e+01 -1.2312500e+01 -1.2250000e+01
-1.2250000e+01 -1.2187500e+01 -1.2187500e+01 -1.2125000e+01
-1.2125000e+01 -1.2062500e+01 -1.2062500e+01 -1.2000000e+01
-1.2000000e+01 -1.1937500e+01 -1.1937500e+01 -1.1875000e+01
-1.1875000e+01 -1.1812500e+01 -1.1812500e+01 -1.1750000e+01
-1.1750000e+01 -1.1687500e+01 -1.1687500e+01 -1.1625000e+01
-1.1625000e+01 -1.1562500e+01 -1.1562500e+01 -1.1500000e+01
-1.1500000e+01 -1.1437500e+01 -1.1437500e+01 -1.1375000e+01
-1.1375000e+01 -1.1312500e+01 -1.1312500e+01 -1.1250000e+01
-1.1250000e+01 -1.1187500e+01 -1.1187500e+01 -1.1125000e+01
-1.1125000e+01 -1.1062500e+01 -1.1062500e+01 -1.1000000e+01
-1.1000000e+01 -1.0937500e+01 -1.0937500e+01 -1.0875000e+01
-1.0875000e+01 -1.0812500e+01 -1.0812500e+01 -1.0750000e+01
-1.0750000e+01 -1.0687500e+01 -1.0687500e+01 -1.0625000e+01
-1.0625000e+01 -1.0562500e+01 -1.0562500e+01 -1.0500000e+01
-1.0500000e+01 -1.0437500e+01 -1.0437500e+01 -1.0375000e+01
-1.0375000e+01 -1.0312500e+01 -1.0312500e+01 -1.0250000e+01
-1.0250000e+01 -1.0187500e+01 -1.0187500e+01 -1.0125000e+01
-1.0125000e+01 -1.0062500e+01 -1.0062500e+01 -1.0000000e+01
-1.0000000e+01 -9.9375000e+00 -9.9375000e+00 -9.8750000e+00
-9.8750000e+00 -9.8125000e+00 -9.8125000e+00 -9.7500000e+00
-9.7500000e+00 -9.6875000e+00 -9.6875000e+00 -9.6250000e+00
-9.6250000e+00 -9.5625000e+00 -9.5625000e+00 -9.5000000e+00
-9.5000000e+00 -9.4375000e+00 -9.4375000e+00 -9.3750000e+00
-9.3750000e+00 -9.3125000e+00 -9.3125000e+00 -9.2500000e+00
-9.2500000e+00 -9.1875000e+00 -9.1875000e+00 -9.1250000e+00
-9.1250000e+00 -9.0625000e+00 -9.0625000e+00 -9.0000000e+00
-9.0000000e+00 -8.9375000e+00 -8.9375000e+00 -8.8750000e+00
-8.8750000e+00 -8.8125000e+00 -8.8125000e+00 -8.7500000e+00
-8.7500000e+00 -8.6875000e+00 -8.6875000e+00 -8.6250000e+00
-8.6250000e+00 -8.5625000e+00 -8.5625000e+00 -8.5000000e+00
-8.5000000e+00 -8.4375000e+00 -8.4375000e+00 -8.3750000e+00
-8.3750000e+00 -8.3125000e+00 -8.3125000e+00 -8.2500000e+00
-8.2500000e+00 -8.1875000e+00 -8.1875000e+00 -8.1250000e+00
-8.1250000e+00 -8.0625000e+00 -8.0625000e+00 -8.0000000e+00
-8.0000000e+00 -7.9687500e+00 -7.9375000e+00 -7.9062500e+00
-7.8750000e+00 -7.8437500e+00 -7.8125000e+00 -7.7812500e+00
-7.7500000e+00 -7.7187500e+00 -7.6875000e+00 -7.6562500e+00
-7.6250000e+00 -7.5937500e+00 -7.5625000e+00 -7.5312500e+00
-7.5000000e+00 -7.4687500e+00 -7.4375000e+00 -7.4062500e+00
-7.3750000e+00 -7.3437500e+00 -7.3125000e+00 -7.2812500e+00
-7.2500000e+00 -7.2187500e+00 -7.1875000e+00 -7.1562500e+00
-7.1250000e+00 -7.0937500e+00 -7.0625000e+00 -7.0312500e+00
-7.0000000e+00 -6.9687500e+00 -6.9375000e+00 -6.9062500e+00
-6.8750000e+00 -6.8437500e+00 -6.8125000e+00 -6.7812500e+00
-6.7500000e+00 -6.7187500e+00 -6.6875000e+00 -6.6562500e+00
-6.6250000e+00 -6.5937500e+00 -6.5625000e+00 -6.5312500e+00
-6.5000000e+00 -6.4687500e+00 -6.4375000e+00 -6.4062500e+00
-6.3750000e+00 -6.3437500e+00 -6.3125000e+00 -6.2812500e+00
-6.2500000e+00 -6.2187500e+00 -6.1875000e+00 -6.1562500e+00
-6.1250000e+00 -6.0937500e+00 -6.0625000e+00 -6.0312500e+00
-6.0000000e+00 -5.9687500e+00 -5.9375000e+00 -5.9062500e+00
-5.8750000e+00 -5.8437500e+00 -5.8125000e+00 -5.7812500e+00
-5.7500000e+00 -5.7187500e+00 -5.6875000e+00 -5.6562500e+00
-5.6250000e+00 -5.5937500e+00 -5.5625000e+00 -5.5312500e+00
-5.5000000e+00 -5.4687500e+00 -5.4375000e+00 -5.4062500e+00
-5.3750000e+00 -5.3437500e+00 -5.3125000e+00 -5.2812500e+00
-5.2500000e+00 -5.2187500e+00 -5.1875000e+00 -5.1562500e+00
-5.1250000e+00 -5.0937500e+00 -5.0625000e+00 -5.0312500e+00
-5.0000000e+00 -4.9687500e+00 -4.9375000e+00 -4.9062500e+00
-4.8750000e+00 -4.8437500e+00 -4.8125000e+00 -4.7812500e+00
-4.7500000e+00 -4.7187500e+00 -4.6875000e+00 -4.6562500e+00
-4.6250000e+00 -4.5937500e+00 -4.5625000e+00 -4.5312500e+00
-4.5000000e+00 -4.4687500e+00 -4.4375000e+00 -4.4062500e+00
-4.3750000e+00 -4.3437500e+00 -4.3125000e+00 -4.2812500e+00
-4.2500000e+00 -4.2187500e+00 -4.1875000e+00 -4.1562500e+00
-4.1250000e+00 -4.0937500e+00 -4.0625000e+00 -4.0312500e+00
-3.9843750e+00 -3.9531250e+00 -3.9218750e+00 -3.8906250e+00
-3.8593750e+00 -3.8281250e+00 -3.7968750e+00 -3.7656250e+00
-3.7343750e+00 -3.7031250e+00 -3.6718750e+00 -3.6406250e+00
-3.6093750e+00 -3.5781250e+00 -3.5468750e+00 -3.5156250e+00
-3.4843750e+00 -3.4531250e+00 -3.4218750e+00 -3.3906250e+00
-3.3593750e+00 -3.3281250e+00 -3.2968750e+00 -3.2656250e+00
-3.2343750e+00 -3.2031250e+00 -3.1718750e+00 -3.1406250e+00
-3.1093750e+00 -3.0781250e+00 -3.0468750e+00 -3.0156250e+00
-2.9843750e+00 -2.9531250e+00 -2.9218750e+00 -2.8906250e+00
-2.8593750e+00 -2.8281250e+00 -2.7968750e+00 -2.7656250e+00
-2.7343750e+00 -2.7031250e+00 -2.6718750e+00 -2.6406250e+00
-2.6093750e+00 -2.5781250e+00 -2.5468750e+00 -2.5156250e+00
-2.4843750e+00 -2.4531250e+00 -2.4218750e+00 -2.3906250e+00
-2.3593750e+00 -2.3281250e+00 -2.2968750e+00 -2.2656250e+00
-2.2343750e+00 -2.2031250e+00 -2.1718750e+00 -2.1406250e+00
-2.1093750e+00 -2.0781250e+00 -2.0468750e+00 -2.0156250e+00
-1.9843750e+00 -1.9531250e+00 -1.9218750e+00 -1.8906250e+00
-1.8593750e+00 -1.8281250e+00 -1.7968750e+00 -1.7656250e+00
-1.7343750e+00 -1.7031250e+00 -1.6718750e+00 -1.6406250e+00
-1.6093750e+00 -1.5781250e+00 -1.5468750e+00 -1.5156250e+00
-1.4843750e+00 -1.4531250e+00 -1.4218750e+00 -1.3906250e+00
-1.3593750e+00 -1.3281250e+00 -1.2968750e+00 -1.2656250e+00
-1.2343750e+00 -1.2031250e+00 -1.1718750e+00 -1.1406250e+00
-1.1093750e+00 -1.0781250e+00 -1.0468750e+00 -1.0156250e+00
-9.8437500e-01 -9.5312500e-01 -9.2187500e-01 -8.9062500e-01
-8.5937500e-01 -8.2812500e-01 -7.9687500e-01 -7.6562500e-01
-7.3437500e-01 -7.0312500e-01 -6.7187500e-01 -6.4062500e-01
-6.0937500e-01 -5.7812500e-01 -5.4687500e-01 -5.1562500e-01
-4.8437500e-01 -4.5312500e-01 -4.2187500e-01 -3.9062500e-01
-3.5937500e-01 -3.2812500e-01 -2.9687500e-01 -2.6562500e-01
-2.3437500e-01 -2.0312500e-01 -1.7187500e-01 -1.4062500e-01
-1.0937500e-01 -7.8125000e-02 -4.6875000e-02 -1.5625000e-02
1.5625000e-02 4.6875000e-02 7.8125000e-02 1.0937500e-01
1.4062500e-01 1.7187500e-01 2.0312500e-01 2.3437500e-01
2.6562500e-01 2.9687500e-01 3.2812500e-01 3.5937500e-01
3.9062500e-01 4.2187500e-01 4.5312500e-01 4.8437500e-01
5.1562500e-01 5.4687500e-01 5.7812500e-01 6.0937500e-01
6.4062500e-01 6.7187500e-01 7.0312500e-01 7.3437500e-01
7.6562500e-01 7.9687500e-01 8.2812500e-01 8.5937500e-01
8.9062500e-01 9.2187500e-01 9.5312500e-01 9.8437500e-01
1.0156250e+00 1.0468750e+00 1.0781250e+00 1.1093750e+00
1.1406250e+00 1.1718750e+00 1.2031250e+00 1.2343750e+00
1.2656250e+00 1.2968750e+00 1.3281250e+00 1.3593750e+00
1.3906250e+00 1.4218750e+00 1.4531250e+00 1.4843750e+00
1.5156250e+00 1.5468750e+00 1.5781250e+00 1.6093750e+00
1.6406250e+00 1.6718750e+00 1.7031250e+00 1.7343750e+00
1.7656250e+00 1.7968750e+00 1.8281250e+00 1.8593750e+00
1.8906250e+00 1.9218750e+00 1.9531250e+00 1.9843750e+00
2.0156250e+00 2.0468750e+00 2.0781250e+00 2.1093750e+00
2.1406250e+00 2.1718750e+00 2.2031250e+00 2.2343750e+00
2.2656250e+00 2.2968750e+00 2.3281250e+00 2.3593750e+00
2.3906250e+00 2.4218750e+00 2.4531250e+00 2.4843750e+00
2.5156250e+00 2.5468750e+00 2.5781250e+00 2.6093750e+00
2.6406250e+00 2.6718750e+00 2.7031250e+00 2.7343750e+00
2.7656250e+00 2.7968750e+00 2.8281250e+00 2.8593750e+00
2.8906250e+00 2.9218750e+00 2.9531250e+00 2.9843750e+00
3.0156250e+00 3.0468750e+00 3.0781250e+00 3.1093750e+00
3.1406250e+00 3.1718750e+00 3.2031250e+00 3.2343750e+00
3.2656250e+00 3.2968750e+00 3.3281250e+00 3.3593750e+00
3.3906250e+00 3.4218750e+00 3.4531250e+00 3.4843750e+00
3.5156250e+00 3.5468750e+00 3.5781250e+00 3.6093750e+00
3.6406250e+00 3.6718750e+00 3.7031250e+00 3.7343750e+00
3.7656250e+00 3.7968750e+00 3.8281250e+00 3.8593750e+00
3.8906250e+00 3.9218750e+00 3.9531250e+00 3.9843750e+00
4.0312500e+00 4.0625000e+00 4.0937500e+00 4.1250000e+00
4.1562500e+00 4.1875000e+00 4.2187500e+00 4.2500000e+00
4.2812500e+00 4.3125000e+00 4.3437500e+00 4.3750000e+00
4.4062500e+00 4.4375000e+00 4.4687500e+00 4.5000000e+00
4.5312500e+00 4.5625000e+00 4.5937500e+00 4.6250000e+00
4.6562500e+00 4.6875000e+00 4.7187500e+00 4.7500000e+00
4.7812500e+00 4.8125000e+00 4.8437500e+00 4.8750000e+00
4.9062500e+00 4.9375000e+00 4.9687500e+00 5.0000000e+00
5.0312500e+00 5.0625000e+00 5.0937500e+00 5.1250000e+00
5.1562500e+00 5.1875000e+00 5.2187500e+00 5.2500000e+00
5.2812500e+00 5.3125000e+00 5.3437500e+00 5.3750000e+00
5.4062500e+00 5.4375000e+00 5.4687500e+00 5.5000000e+00
5.5312500e+00 5.5625000e+00 5.5937500e+00 5.6250000e+00
5.6562500e+00 5.6875000e+00 5.7187500e+00 5.7500000e+00
5.7812500e+00 5.8125000e+00 5.8437500e+00 5.8750000e+00
5.9062500e+00 5.9375000e+00 5.9687500e+00 6.0000000e+00
6.0312500e+00 6.0625000e+00 6.0937500e+00 6.1250000e+00
6.1562500e+00 6.1875000e+00 6.2187500e+00 6.2500000e+00
6.2812500e+00 6.3125000e+00 6.3437500e+00 6.3750000e+00
6.4062500e+00 6.4375000e+00 6.4687500e+00 6.5000000e+00
6.5312500e+00 6.5625000e+00 6.5937500e+00 6.6250000e+00
6.6562500e+00 6.6875000e+00 6.7187500e+00 6.7500000e+00
6.7812500e+00 6.8125000e+00 6.8437500e+00 6.8750000e+00
6.9062500e+00 6.9375000e+00 6.9687500e+00 7.0000000e+00
7.0312500e+00 7.0625000e+00 7.0937500e+00 7.1250000e+00
7.1562500e+00 7.1875000e+00 7.2187500e+00 7.2500000e+00
7.2812500e+00 7.3125000e+00 7.3437500e+00 7.3750000e+00
7.4062500e+00 7.4375000e+00 7.4687500e+00 7.5000000e+00
7.5312500e+00 7.5625000e+00 7.5937500e+00 7.6250000e+00
7.6562500e+00 7.6875000e+00 7.7187500e+00 7.7500000e+00
7.7812500e+00 7.8125000e+00 7.8437500e+00 7.8750000e+00
7.9062500e+00 7.9375000e+00 7.9687500e+00 8.0000000e+00
8.0000000e+00 8.0625000e+00 8.0625000e+00 8.1250000e+00
8.1250000e+00 8.1875000e+00 8.1875000e+00 8.2500000e+00
8.2500000e+00 8.3125000e+00 8.3125000e+00 8.3750000e+00
8.3750000e+00 8.4375000e+00 8.4375000e+00 8.5000000e+00
8.5000000e+00 8.5625000e+00 8.5625000e+00 8.6250000e+00
8.6250000e+00 8.6875000e+00 8.6875000e+00 8.7500000e+00
8.7500000e+00 8.8125000e+00 8.8125000e+00 8.8750000e+00
8.8750000e+00 8.9375000e+00 8.9375000e+00 9.0000000e+00
9.0000000e+00 9.0625000e+00 9.0625000e+00 9.1250000e+00
9.1250000e+00 9.1875000e+00 9.1875000e+00 9.2500000e+00
9.2500000e+00 9.3125000e+00 9.3125000e+00 9.3750000e+00
9.3750000e+00 9.4375000e+00 9.4375000e+00 9.5000000e+00
9.5000000e+00 9.5625000e+00 9.5625000e+00 9.6250000e+00
9.6250000e+00 9.6875000e+00 9.6875000e+00 9.7500000e+00
9.7500000e+00 9.8125000e+00 9.8125000e+00 9.8750000e+00
9.8750000e+00 9.9375000e+00 9.9375000e+00 1.0000000e+01
1.0000000e+01 1.0062500e+01 1.0062500e+01 1.0125000e+01
1.0125000e+01 1.0187500e+01 1.0187500e+01 1.0250000e+01
1.0250000e+01 1.0312500e+01 1.0312500e+01 1.0375000e+01
1.0375000e+01 1.0437500e+01 1.0437500e+01 1.0500000e+01
1.0500000e+01 1.0562500e+01 1.0562500e+01 1.0625000e+01
1.0625000e+01 1.0687500e+01 1.0687500e+01 1.0750000e+01
1.0750000e+01 1.0812500e+01 1.0812500e+01 1.0875000e+01
1.0875000e+01 1.0937500e+01 1.0937500e+01 1.1000000e+01
1.1000000e+01 1.1062500e+01 1.1062500e+01 1.1125000e+01
1.1125000e+01 1.1187500e+01 1.1187500e+01 1.1250000e+01
1.1250000e+01 1.1312500e+01 1.1312500e+01 1.1375000e+01
1.1375000e+01 1.1437500e+01 1.1437500e+01 1.1500000e+01
1.1500000e+01 1.1562500e+01 1.1562500e+01 1.1625000e+01
1.1625000e+01 1.1687500e+01 1.1687500e+01 1.1750000e+01
1.1750000e+01 1.1812500e+01 1.1812500e+01 1.1875000e+01
1.1875000e+01 1.1937500e+01 1.1937500e+01 1.2000000e+01
1.2000000e+01 1.2062500e+01 1.2062500e+01 1.2125000e+01
1.2125000e+01 1.2187500e+01 1.2187500e+01 1.2250000e+01
1.2250000e+01 1.2312500e+01 1.2312500e+01 1.2375000e+01
1.2375000e+01 1.2437500e+01 1.2437500e+01 1.2500000e+01
1.2500000e+01 1.2562500e+01 1.2562500e+01 1.2625000e+01
1.2625000e+01 1.2687500e+01 1.2687500e+01 1.2750000e+01
1.2750000e+01 1.2812500e+01 1.2812500e+01 1.2875000e+01
1.2875000e+01 1.2937500e+01 1.2937500e+01 1.3000000e+01
1.3000000e+01 1.3062500e+01 1.3062500e+01 1.3125000e+01
1.3125000e+01 1.3187500e+01 1.3187500e+01 1.3250000e+01
1.3250000e+01 1.3312500e+01 1.3312500e+01 1.3375000e+01
1.3375000e+01 1.3437500e+01 1.3437500e+01 1.3500000e+01
1.3500000e+01 1.3562500e+01 1.3562500e+01 1.3625000e+01
1.3625000e+01 1.3687500e+01 1.3687500e+01 1.3750000e+01
1.3750000e+01 1.3812500e+01 1.3812500e+01 1.3875000e+01
1.3875000e+01 1.3937500e+01 1.3937500e+01 1.4000000e+01
1.4000000e+01 1.4062500e+01 1.4062500e+01 1.4125000e+01
1.4125000e+01 1.4187500e+01 1.4187500e+01 1.4250000e+01
1.4250000e+01 1.4312500e+01 1.4312500e+01 1.4375000e+01
1.4375000e+01 1.4437500e+01 1.4437500e+01 1.4500000e+01
1.4500000e+01 1.4562500e+01 1.4562500e+01 1.4625000e+01
1.4625000e+01 1.4687500e+01 1.4687500e+01 1.4750000e+01
1.4750000e+01 1.4812500e+01 1.4812500e+01 1.4875000e+01
1.4875000e+01 1.4937500e+01 1.4937500e+01 1.5000000e+01
1.5000000e+01 1.5062500e+01 1.5062500e+01 1.5125000e+01
1.5125000e+01 1.5187500e+01 1.5187500e+01 1.5250000e+01
1.5250000e+01 1.5312500e+01 1.5312500e+01 1.5375000e+01
1.5375000e+01 1.5437500e+01 1.5437500e+01 1.5500000e+01
1.5500000e+01 1.5562500e+01 1.5562500e+01 1.5625000e+01
1.5625000e+01 1.5687500e+01 1.5687500e+01 1.5750000e+01
1.5750000e+01 1.5812500e+01 1.5812500e+01 1.5875000e+01
1.5875000e+01 1.5937500e+01 1.5937500e+01 1.6000000e+01
-1.6000000e+01 -1.5937500e+01 -1.5937500e+01 -1.5875000e+01
-1.5875000e+01 -1.5812500e+01 -1.5812500e+01 -1.5750000e+01
-1.5750000e+01 -1.5687500e+01 -1.5687500e+01 -1.5625000e+01
-1.5625000e+01 -1.5562500e+01 -1.5562500e+01 -1.5500000e+01
-1.5500000e+01 -1.5437500e+01 -1.5437500e+01 -1.5375000e+01
-1.5375000e+01 -1.5312500e+01 -1.5312500e+01 -1.5250000e+01
-1.5250000e+01 -1.5187500e+01 -1.5187500e+01 -1.5125000e+01
-1.5125000e+01 -1.5062500e+01 -1.5062500e+01 -1.5000000e+01
-1.5000000e+01 -1.4937500e+01 -1.4937500e+01 -1.4875000e+01
-1.4875000e+01 -1.4812500e+01 -1.4812500e+01 -1.4750000e+01
-1.4750000e+01 -1.4687500e+01 -1.4687500e+01 -1.4625000e+01
-1.4625000e+01 -1.4562500e+01 -1.4562500e+01 -1.4500000e+01
-1.4500000e+01 -1.4437500e+01 -1.4437500e+01 -1.4375000e+01
-1.4375000e+01 -1.4312500e+01 -1.4312500e+01 -1.4250000e+01
-1.4250000e+01 -1.4187500e+01 -1.4187500e+01 -1.4125000e+01
-1.4125000e+01 -1.4062500e+01 -1.4062500e+01 -1.4000000e+01
-1.4000000e+01 -1.3937500e+01 -1.3937500e+01 -1.3875000e+01
-1.3875000e+01 -1.3812500e+01 -1.3812500e+01 -1.3750000e+01
-1.3750000e+01 -1.3687500e+01 -1.3687500e+01 -1.3625000e+01
-1.3625000e+01 -1.3562500e+01 -1.3562500e+01 -1.3500000e+01
-1.3500000e+01 -1.3437500e+01 -1.3437500e+01 -1.3375000e+01
-1.3375000e+01 -1.3312500e+01 -1.3312500e+01 -1.3250000e+01
-1.3250000e+01 -1.3187500e+01 -1.3187500e+01 -1.3125000e+01
-1.3125000e+01 -1.3062500e+01 -1.3062500e+01 -1.3000000e+01
-1.3000000e+01 -1.2937500e+01 -1.2937500e+01 -1.2875000e+01
-1.2875000e+01 -1.2812500e+01 -1.2812500e+01 -1.2750000e+01
-1.2750000e+01 -1.2687500e+01 -1.2687500e+01 -1.2625000e+01
-1.2625000e+01 -1.2562500e+01 -1.2562500e+01 -1.2500000e+01
-1.2500000e+01 -1.2437500e+01 -1.2437500e+01 -1.2375000e+01
-1.2375000e+01 -1.2312500e+01 -1.2312500e+01 -1.2250000e+01
-1.2250000e+01 -1.2187500e+01 -1.2187500e+01 -1.2125000e+01
-1.2125000e+01 -1.2062500e+01 -1.2062500e+01 -1.2000000e+01
-1.2000000e+01 -1.1937500e+01 -1.1937500e+01 -1.1875000e+01
-1.1875000e+01 -1.1812500e+01 -1.1812500e+01 -1.1750000e+01
-1.1750000e+01 -1.1687500e+01 -1.1687500e+01 -1.1625000e+01
-1.1625000e+01 -1.1562500e+01 -1.1562500e+01 -1.1500000e+01
-1.1500000e+01 -1.1437500e+01 -1.1437500e+01 -1.1375000e+01
-1.1375000e+01 -1.1312500e+01 -1.1312500e+01 -1.1250000e+01
-1.1250000e+01 -1.1187500e+01 -1.1187500e+01 -1.1125000e+01
-1.1125000e+01 -1.1062500e+01 -1.1062500e+01 -1.1000000e+01
-1.1000000e+01 -1.0937500e+01 -1.0937500e+01 -1.0875000e+01
-1.0875000e+01 -1.0812500e+01 -1.0812500e+01 -1.0750000e+01
-1.0750000e+01 -1.0687500e+01 -1.0687500e+01 -1.0625000e+01
-1.0625000e+01 -1.0562500e+01 -1.0562500e+01 -1.0500000e+01
-1.0500000e+01 -1.0437500e+01 -1.0437500e+01 -1.0375000e+01
-1.0375000e+01 -1.0312500e+01 -1.0312500e+01 -1.0250000e+01
-1.0250000e+01 -1.0187500e+01 -1.0187500e+01 -1.0125000e+01
-1.0125000e+01 -1.0062500e+01 -1.0062500e+01 -1.0000000e+01
-1.0000000e+01 -9.9375000e+00 -9.9375000e+00 -9.8750000e+00
-9.8750000e+00 -9.8125000e+00 -9.8125000e+00 -9.7500000e+00
-9.7500000e+00 -9.6875000e+00 -9.6875000e+00 -9.6250000e+00
-9.6250000e+00 -9.5625000e+00 -9.5625000e+00 -9.5000000e+00
-9.5000000e+00 -9.4375000e+00 -9.4375000e+00 -9.3750000e+00
-9.3750000e+00 -9.3125000e+00 -9.3125000e+00 -9.2500000e+00
-9.2500000e+00 -9.1875000e+00 -9.1875000e+00 -9.1250000e+00
-9.1250000e+00 -9.0625000e+00 -9.0625000e+00 -9.0000000e+00
-9.0000000e+00 -8.9375000e+00 -8.9375000e+00 -8.8750000e+00
-8.8750000e+00 -8.8125000e+00 -8.8125000e+00 -8.7500000e+00
-8.7500000e+00 -8.6875000e+00 -8.6875000e+00 -8.6250000e+00
-8.6250000e+00 -8.5625000e+00 -8.5625000e+00 -8.5000000e+00
-8.5000000e+00 -8.4375000e+00 -8.4375000e+00 -8.3750000e+00
-8.3750000e+00 -8.3125000e+00 -8.3125000e+00 -8.2500000e+00
-8.2500000e+00 -8.1875000e+00 -8.1875000e+00 -8.1250000e+00
-8.1250000e+00 -8.0625000e+00 -8.0625000e+00 -8.0000000e+00
-8.0000000e+00 -7.9687500e+00 -7.9375000e+00 -7.9062500e+00
-7.8750000e+00 -7.8437500e+00 -7.8125000e+00 -7.7812500e+00
-7.7500000e+00 -7.7187500e+00 -7.6875000e+00 -7.6562500e+00
-7.6250000e+00 -7.5937500e+00 -7.5625000e+00 -7.5312500e+00
-7.5000000e+00 -7.4687500e+00 -7.4375000e+00 -7.4062500e+00
-7.3750000e+00 -7.3437500e+00 -7.3125000e+00 -7.2812500e+00
-7.2500000e+00 -7.2187500e+00 -7.1875000e+00 -7.1562500e+00
-7.1250000e+00 -7.0937500e+00 -7.0625000e+00 -7.0312500e+00
-7.0000000e+00 -6.9687500e+00 -6.9375000e+00 -6.9062500e+00
-6.8750000e+00 -6.8437500e+00 -6.8125000e+00 -6.7812500e+00
-6.7500000e+00 -6.7187500e+00 -6.6875000e+00 -6.6562500e+00
-6.6250000e+00 -6.5937500e+00 -6.5625000e+00 -6.5312500e+00
-6.5000000e+00 -6.4687500e+00 -6.4375000e+00 -6.4062500e+00
-6.3750000e+00 -6.3437500e+00 -6.3125000e+00 -6.2812500e+00
-6.2500000e+00 -6.2187500e+00 -6.1875000e+00 -6.1562500e+00
-6.1250000e+00 -6.0937500e+00 -6.0625000e+00 -6.0312500e+00
-6.0000000e+00 -5.9687500e+00 -5.9375000e+00 -5.9062500e+00
-5.8750000e+00 -5.8437500e+00 -5.8125000e+00 -5.7812500e+00
-5.7500000e+00 -5.7187500e+00 -5.6875000e+00 -5.6562500e+00
-5.6250000e+00 -5.5937500e+00 -5.5625000e+00 -5.5312500e+00
-5.5000000e+00 -5.4687500e+00 -5.4375000e+00 -5.4062500e+00
-5.3750000e+00 -5.3437500e+00 -5.3125000e+00 -5.2812500e+00
-5.2500000e+00 -5.2187500e+00 -5.1875000e+00 -5.1562500e+00
-5.1250000e+00 -5.0937500e+00 -5.0625000e+00 -5.0312500e+00
-5.0000000e+00 -4.9687500e+00 -4.9375000e+00 -4.9062500e+00
-4.8750000e+00 -4.8437500e+00 -4.8125000e+00 -4.7812500e+00
-4.7500000e+00 -4.7187500e+00 -4.6875000e+00 -4.6562500e+00
-4.6250000e+00 -4.5937500e+00 -4.5625000e+00 -4.5312500e+00
-4.5000000e+00 -4.4687500e+00 -4.4375000e+00 -4.4062500e+00
-4.3750000e+00 -4.3437500e+00 -4.3125000e+00 -4.2812500e+00
-4.2500000e+00 -4.2187500e+00 -4.1875000e+00 -4.1562500e+00
-4.1250000e+00 -4.0937500e+00 -4.0625000e+00 -4.0312500e+00
-3.9843750e+00 -3.9531250e+00 -3.9218750e+00 -3.8906250e+00
-3.8593750e+00 -3.8281250e+00 -3.7968750e+00 -3.7656250e+00
-3.7343750e+00 -3.7031250e+00 -3.6718750e+00 -3.6406250e+00
-3.6093750e+00 -3.5781250e+00 -3.5468750e+00 -3.5156250e+00
-3.4843750e+00 -3.4531250e+00 -3.4218750e+00 -3.3906250e+00
-3.3593750e+00 -3.3281250e+00 -3.2968750e+00 -3.2656250e+00
-3.2343750e+00 -3.2031250e+00 -3.1718750e+00 -3.1406250e+00
-3.1093750e+00 -3.0781250e+00 -3.0468750e+00 -3.0156250e+00
-2.9843750e+00 -2.9531250e+00 -2.9218750e+00 -2.8906250e+00
-2.8593750e+00 -2.8281250e+00 -2.7968750e+00 -2.7656250e+00
-2.7343750e+00 -2.7031250e+00 -2.6718750e+00 -2.6406250e+00
-2.6093750e+00 -2.5781250e+00 -2.5468750e+00 -2.5156250e+00
-2.4843750e+00 -2.4531250e+00 -2.4218750e+00 -2.3906250e+00
-2.3593750e+00 -2.3281250e+00 -2.2968750e+00 -2.2656250e+00
-2.2343750e+00 -2.2031250e+00 -2.1718750e+00 -2.1406250e+00
-2.1093750e+00 -2.0781250e+00 -2.0468750e+00 -2.0156250e+00
-1.9843750e+00 -1.9531250e+00 -1.9218750e+00 -1.8906250e+00
-1.8593750e+00 -1.8281250e+00 -1.7968750e+00 -1.7656250e+00
-1.7343750e+00 -1.7031250e+00 -1.6718750e+00 -1.6406250e+00
-1.6093750e+00 -1.5781250e+00 -1.5468750e+00 -1.5156250e+00
-1.4843750e+00 -1.4531250e+00 -1.4218750e+00 -1.3906250e+00
-1.3593750e+00 -1.3281250e+00 -1.2968750e+00 -1.2656250e+00
-1.2343750e+00 -1.2031250e+00 -1.1718750e+00 -1.1406250e+00
-1.1093750e+00 -1.0781250e+00 -1.0468750e+00 -1.0156250e+00
-9.8437500e-01 -9.5312500e-01 -9.2187500e-01 -8.9062500e-01
-8.5937500e-01 -8.2812500e-01 -7.9687500e-01 -7.6562500e-01
-7.3437500e-01 -7.0312500e-01 -6.7187500e-01 -6.4062500e-01
-6.0937500e-01 -5.7812500e-01 -5.4687500e-01 -5.1562500e-01
-4.8437500e-01 -4.5312500e-01 -4.2187500e-01 -3.9062500e-01
-3.5937500e-01 -3.2812500e-01 -2.9687500e-01 -2.6562500e-01
-2.3437500e-01 -2.0312500e-01 -1.7187500e-01 -1.4062500e-01
-1.0937500e-01 -7.8125000e-02 -4.6875000e-02 -1.5625000e-02
1.5625000e-02 4.6875000e-02 7.8125000e-02 1.0937500e-01
1.4062500e-01 1.7187500e-01 2.0312500e-01 2.3437500e-01
2.6562500e-01 2.9687500e-01 3.2812500e-01 3.5937500e-01
3.9062500e-01 4.2187500e-01 4.5312500e-01 4.8437500e-01
5.1562500e-01 5.4687500e-01 5.7812500e-01 6.0937500e-01
6.4062500e-01 6.7187500e-01 7.0312500e-01 7.3437500e-01
7.6562500e-01 7.9687500e-01 8.2812500e-01 8.5937500e-01
8.9062500e-01 9.2187500e-01 9.5312500e-01 9.8437500e-01
1.0156250e+00 1.0468750e+00 1.0781250e+00 1.1093750e+00
1.1406250e+00 1.1718750e+00 1.2031250e+00 1.2343750e+00
1.2656250e+00 1.2968750e+00 1.3281250e+00 1.3593750e+00
1.3906250e+00 1.4218750e+00 1.4531250e+00 1.4843750e+00
1.5156250e+00 1.5468750e+00 1.5781250e+00 1.6093750e+00
1.6406250e+00 1.6718750e+00 1.7031250e+00 1.7343750e+00
1.7656250e+00 1.7968750e+00 1.8281250e+00 1.8593750e+00
1.8906250e+00 1.9218750e+00 1.9531250e+00 1.9843750e+00
2.0156250e+00 2.0468750e+00 2.0781250e+00 2.1093750e+00
2.1406250e+00 2.1718750e+00 2.2031250e+00 2.2343750e+00
2.2656250e+00 2.2968750e+00 2.3281250e+00 2.3593750e+00
2.3906250e+00 2.4218750e+00 2.4531250e+00 2.4843750e+00
2.5156250e+00 2.5468750e+00 2.5781250e+00 2.6093750e+00
2.6406250e+00 2.6718750e+00 2.7031250e+00 2.7343750e+00
2.7656250e+00 2.7968750e+00 2.8281250e+00 2.8593750e+00
2.8906250e+00 2.9218750e+00 2.9531250e+00 2.9843750e+00
3.0156250e+00 3.0468750e+00 3.0781250e+00 3.1093750e+00
3.1406250e+00 3.1718750e+00 3.2031250e+00 3.2343750e+00
3.2656250e+00 3.2968750e+00 3.3281250e+00 3.3593750e+00
3.3906250e+00 3.4218750e+00 3.4531250e+00 3.4843750e+00
3.5156250e+00 3.5468750e+00 3.5781250e+00 3.6093750e+00
3.6406250e+00 3.6718750e+00 3.7031250e+00 3.7343750e+00
3.7656250e+00 3.7968750e+00 3.8281250e+00 3.8593750e+00
3.8906250e+00 3.9218750e+00 3.9531250e+00 3.9843750e+00
4.0312500e+00 4.0625000e+00 4.0937500e+00 4.1250000e+00
4.1562500e+00 4.1875000e+00 4.2187500e+00 4.2500000e+00
4.2812500e+00 4.3125000e+00 4.3437500e+00 4.3750000e+00
4.4062500e+00 4.4375000e+00 4.4687500e+00 4.5000000e+00
4.5312500e+00 4.5625000e+00 4.5937500e+00 4.6250000e+00
4.6562500e+00 4.6875000e+00 4.7187500e+00 4.7500000e+00
4.7812500e+00 4.8125000e+00 4.8437500e+00 4.8750000e+00
4.9062500e+00 4.9375000e+00 4.9687500e+00 5.0000000e+00
5.0312500e+00 5.0625000e+00 5.0937500e+00 5.1250000e+00
5.1562500e+00 5.1875000e+00 5.2187500e+00 5.2500000e+00
5.2812500e+00 5.3125000e+00 5.3437500e+00 5.3750000e+00
5.4062500e+00 5.4375000e+00 5.4687500e+00 5.5000000e+00
5.5312500e+00 5.5625000e+00 5.5937500e+00 5.6250000e+00
5.6562500e+00 5.6875000e+00 5.7187500e+00 5.7500000e+00
5.7812500e+00 5.8125000e+00 5.8437500e+00 5.8750000e+00
5.9062500e+00 5.9375000e+00 5.9687500e+00 6.0000000e+00
6.0312500e+00 6.0625000e+00 6.0937500e+00 6.1250000e+00
6.1562500e+00 6.1875000e+00 6.2187500e+00 6.2500000e+00
6.2812500e+00 6.3125000e+00 6.3437500e+00 6.3750000e+00
6.4062500e+00 6.4375000e+00 6.4687500e+00 6.5000000e+00
6.5312500e+00 6.5625000e+00 6.5937500e+00 6.6250000e+00
6.6562500e+00 6.6875000e+00 6.7187500e+00 6.7500000e+00
6.7812500e+00 6.8125000e+00 6.8437500e+00 6.8750000e+00
6.9062500e+00 6.9375000e+00 6.9687500e+00 7.0000000e+00
7.0312500e+00 7.0625000e+00 7.0937500e+00 7.1250000e+00
7.1562500e+00 7.1875000e+00 7.2187500e+00 7.2500000e+00
7.2812500e+00 7.3125000e+00 7.3437500e+00 7.3750000e+00
7.4062500e+00 7.4375000e+00 7.4687500e+00 7.5000000e+00
7.5312500e+00 7.5625000e+00 7.5937500e+00 7.6250000e+00
7.6562500e+00 7.6875000e+00 7.7187500e+00 7.7500000e+00
7.7812500e+00 7.8125000e+00 7.8437500e+00 7.8750000e+00
7.9062500e+00 7.9375000e+00 7.9687500e+00 8.0000000e+00
8.0000000e+00 8.0625000e+00 8.0625000e+00 8.1250000e+00
8.1250000e+00 8.1875000e+00 8.1875000e+00 8.2500000e+00
8.2500000e+00 8.3125000e+00 8.3125000e+00 8.3750000e+00
8.3750000e+00 8.4375000e+00 8.4375000e+00 8.5000000e+00
8.5000000e+00 8.5625000e+00 8.5625000e+00 8.6250000e+00
8.6250000e+00 8.6875000e+00 8.6875000e+00 8.7500000e+00
8.7500000e+00 8.8125000e+00 8.8125000e+00 8.8750000e+00
8.8750000e+00 8.9375000e+00 8.9375000e+00 9.0000000e+00
9.0000000e+00 9.0625000e+00 9.0625000e+00 9.1250000e+00
9.1250000e+00 9.1875000e+00 9.1875000e+00 9.2500000e+00
9.2500000e+00 9.3125000e+00 9.3125000e+00 9.3750000e+00
9.3750000e+00 9.4375000e+00 9.4375000e+00 9.5000000e+00
9.5000000e+00 9.5625000e+00 9.5625000e+00 9.6250000e+00
9.6250000e+00 9.6875000e+00 9.6875000e+00 9.7500000e+00
9.7500000e+00 9.8125000e+00 9.8125000e+00 9.8750000e+00
9.8750000e+00 9.9375000e+00 9.9375000e+00 1.0000000e+01
1.0000000e+01 1.0062500e+01 1.0062500e+01 1.0125000e+01
1.0125000e+01 1.0187500e+01 1.0187500e+01 1.0250000e+01
1.0250000e+01 1.0312500e+01 1.0312500e+01 1.0375000e+01
1.0375000e+01 1.0437500e+01 1.0437500e+01 1.0500000e+01
1.0500000e+01 1.0562500e+01 1.0562500e+01 1.0625000e+01
1.0625000e+01 1.0687500e+01 1.0687500e+01 1.0750000e+01
1.0750000e+01 1.0812500e+01 1.0812500e+01 1.0875000e+01
1.0875000e+01 1.0937500e+01 1.0937500e+01 1.1000000e+01
1.1000000e+01 1.1062500e+01 1.1062500e+01 1.1125000e+01
1.1125000e+01 1.1187500e+01 1.1187500e+01 1.1250000e+01
1.1250000e+01 1.1312500e+01 1.1312500e+01 1.1375000e+01
1.1375000e+01 1.1437500e+01 1.1437500e+01 1.1500000e+01
1.1500000e+01 1.1562500e+01 1.1562500e+01 1.1625000e+01
1.1625000e+01 1.1687500e+01 1.1687500e+01 1.1750000e+01
1.1750000e+01 1.1812500e+01 1.1812500e+01 1.1875000e+01
1.1875000e+01 1.1937500e+01 1.1937500e+01 1.2000000e+01
1.2000000e+01 1.2062500e+01 1.2062500e+01 1.2125000e+01
1.2125000e+01 1.2187500e+01 1.2187500e+01 1.2250000e+01
1.2250000e+01 1.2312500e+01 1.2312500e+01 1.2375000e+01
1.2375000e+01 1.2437500e+01 1.2437500e+01 1.2500000e+01
1.2500000e+01 1.2562500e+01 1.2562500e+01 1.2625000e+01
1.2625000e+01 1.2687500e+01 1.2687500e+01 1.2750000e+01
1.2750000e+01 1.2812500e+01 1.2812500e+01 1.2875000e+01
1.2875000e+01 1.2937500e+01 1.2937500e+01 1.3000000e+01
1.3000000e+01 1.3062500e+01 1.3062500e+01 1.3125000e+01
1.3125000e+01 1.3187500e+01 1.3187500e+01 1.3250000e+01
1.3250000e+01 1.3312500e+01 1.3312500e+01 1.3375000e+01
1.3375000e+01 1.3437500e+01 1.3437500e+01 1.3500000e+01
1.3500000e+01 1.3562500e+01 1.3562500e+01 1.3625000e+01
1.3625000e+01 1.3687500e+01 1.3687500e+01 1.3750000e+01
1.3750000e+01 1.3812500e+01 1.3812500e+01 1.3875000e+01
1.3875000e+01 1.3937500e+01 1.3937500e+01 1.4000000e+01
1.4000000e+01 1.4062500e+01 1.4062500e+01 1.4125000e+01
1.4125000e+01 1.4187500e+01 1.4187500e+01 1.4250000e+01
1.4250000e+01 1.4312500e+01 1.4312500e+01 1.4375000e+01
1.4375000e+01 1.4437500e+01 1.4437500e+01 1.4500000e+01
1.4500000e+01 1.4562500e+01 1.4562500e+01 1.4625000e+01
1.4625000e+01 1.4687500e+01 1.4687500e+01 1.4750000e+01
1.4750000e+01 1.4812500e+01 1.4812500e+01 1.4875000e+01
1.4875000e+01 1.4937500e+01 1.4937500e+01 1.5000000e+01
1.5000000e+01 1.5062500e+01 1.5062500e+01 1.5125000e+01
1.5125000e+01 1.5187500e+01 1.5187500e+01 1.5250000e+01
1.5250000e+01 1.5312500e+01 1.5312500e+01 1.5375000e+01
1.5375000e+01 1.5437500e+01 1.5437500e+01 1.5500000e+01
1.5500000e+01 1.5562500e+01 1.5562500e+01 1.5625000e+01
1.5625000e+01 1.5687500e+01 1.5687500e+01 1.5750000e+01
1.5750000e+01 1.5812500e+01 1.5812500e+01 1.5875000e+01
1.5875000e+01 1.5937500e+01 1.5937500e+01 1.6000000e+01
-1.6000000e+01 -1.5937500e+01 -1.5937500e+01 -1.5875000e+01
-1.5875000e+01 -1.5812500e+01 -1.5812500e+01 -1.5750000e+01
-1.5750000e+01 -1.5687500e+01 -1.5687500e+01 -1.5625000e+01
-1.5625000e+01 -1.5562500e+01 -1.5562500e+01 -1.5500000e+01
-1.5500000e+01 -1.5437500e+01 -1.5437500e+01 -1.5375000e+01
-1.5375000e+01 -1.5312500e+01 -1.5312500e+01 -1.5250000e+01
-1.5250000e+01 -1.5187500e+01 -1.5187500e+01 -1.5125000e+01
-1.5125000e+01 -1.5062500e+01 -1.5062500e+01 -1.5000000e+01
-1.5000000e+01 -1.4937500e+01 -1.4937500e+01 -1.4875000e+01
-1.4875000e+01 -1.4812500e+01 -1.4812500e+01 -1.4750000e+01
-1.4750000e+01 -1.4687500e+01 -1.4687500e+01 -1.4625000e+01
-1.4625000e+01 -1.4562500e+01 -1.4562500e+01 -1.4500000e+01
-1.4500000e+01 -1.4437500e+01 -1.4437500e+01 -1.4375000e+01
-1.4375000e+01 -1.4312500e+01 -1.4312500e+01 -1.4250000e+01
-1.4250000e+01 -1.4187500e+01 -1.4187500e+01 -1.4125000e+01
-1.4125000e+01 -1.4062500e+01 -1.4062500e+01 -1.4000000e+01
-1.4000000e+01 -1.3937500e+01 -1.3937500e+01 -1.3875000e+01
-1.3875000e+01 -1.3812500e+01 -1.3812500e+01 -1.3750000e+01
-1.3750000e+01 -1.3687500e+01 -1.3687500e+01 -1.3625000e+01
-1.3625000e+01 -1.3562500e+01 -1.3562500e+01 -1.3500000e+01
-1.3500000e+01 -1.3437500e+01 -1.3437500e+01 -1.3375000e+01
-1.3375000e+01 -1.3312500e+01 -1.3312500e+01 -1.3250000e+01
-1.3250000e+01 -1.3187500e+01 -1.3187500e+01 -1.3125000e+01
-1.3125000e+01 -1.3062500e+01 -1.3062500e+01 -1.3000000e+01
-1.3000000e+01 -1.2937500e+01 -1.2937500e+01 -1.2875000e+01
-1.2875000e+01 -1.2812500e+01 -1.2812500e+01 -1.2750000e+01
-1.2750000e+01 -1.2687500e+01 -1.2687500e+01 -1.2625000e+01
-1.2625000e+01 -1.2562500e+01 -1.2562500e+01 -1.2500000e+01
-1.2500000e+01 -1.2437500e+01 -1.2437500e+01 -1.2375000e+01
-1.2375000e+01 -1.2312500e+01 -1.2312500e+01 -1.2250000e+01
-1.2250000e+01 -1.2187500e+01 -1.2187500e+01 -1.2125000e+01
-1.2125000e+01 -1.2062500e+01 -1.2062500e+01 -1.2000000e+01
-1.2000000e+01 -1.1937500e+01 -1.1937500e+01 -1.1875000e+01
-1.1875000e+01 -1.1812500e+01 -1.1812500e+01 -1.1750000e+01
-1.1750000e+01 -1.1687500e+01 -1.1687500e+01 -1.1625000e+01
-1.1625000e+01 -1.1562500e+01 -1.1562500e+01 -1.1500000e+01
-1.1500000e+01 -1.1437500e+01 -1.1437500e+01 -1.1375000e+01
-1.1375000e+01 -1.1312500e+01 -1.1312500e+01 -1.1250000e+01
-1.1250000e+01 -1.1187500e+01 -1.1187500e+01 -1.1125000e+01
-1.1125000e+01 -1.1062500e+01 -1.1062500e+01 -1.1000000e+01
-1.1000000e+01 -1.0937500e+01 -1.0937500e+01 -1.0875000e+01
-1.0875000e+01 -1.0812500e+01 -1.0812500e+01 -1.0750000e+01
-1.0750000e+01 -1.0687500e+01 -1.0687500e+01 -1.0625000e+01
-1.0625000e+01 -1.0562500e+01 -1.0562500e+01 -1.0500000e+01
-1.0500000e+01 -1.0437500e+01 -1.0437500e+01 -1.0375000e+01
-1.0375000e+01 -1.0312500e+01 -1.0312500e+01 -1.0250000e+01
-1.0250000e+01 -1.0187500e+01 -1.0187500e+01 -1.0125000e+01
-1.0125000e+01 -1.0062500e+01 -1.0062500e+01 -1.0000000e+01
-1.0000000e+01 -9.9375000e+00 -9.9375000e+00 -9.8750000e+00
-9.8750000e+00 -9.8125000e+00 -9.8125000e+00 -9.7500000e+00
-9.7500000e+00 -9.6875000e+00 -9.6875000e+00 -9.6250000e+00
-9.6250000e+00 -9.5625000e+00 -9.5625000e+00 -9.5000000e+00
-9.5000000e+00 -9.4375000e+00 -9.4375000e+00 -9.3750000e+00
-9.3750000e+00 -9.3125000e+00 -9.3125000e+00 -9.2500000e+00
-9.2500000e+00 -9.1875000e+00 -9.1875000e+00 -9.1250000e+00
-9.1250000e+00 -9.0625000e+00 -9.0625000e+00 -9.0000000e+00
-9.0000000e+00 -8.9375000e+00 -8.9375000e+00 -8.8750000e+00
-8.8750000e+00 -8.8125000e+00 -8.8125000e+00 -8.7500000e+00
-8.7500000e+00 -8.6875000e+00 -8.6875000e+00 -8.6250000e+00
-8.6250000e+00 -8.5625000e+00 -8.5625000e+00 -8.5000000e+00
-8.5000000e+00 -8.4375000e+00 -8.4375000e+00 -8.3750000e+00
-8.3750000e+00 -8.3125000e+00 -8.3125000e+00 -8.2500000e+00
-8.2500000e+00 -8.1875000e+00 -8.1875000e+00 -8.1250000e+00
-8.1250000e+00 -8.0625000e+00 -8.0625000e+00 -8.0000000e+00
-8.0000000e+00 -7.9687500e+00 -7.9375000e+00 -7.9062500e+00
-7.8750000e+00 -7.8437500e+00 -7.8125000e+00 -7.7812500e+00
-7.7500000e+00 -7.7187500e+00 -7.6875000e+00 -7.6562500e+00
-7.6250000e+00 -7.5937500e+00 -7.5625000e+00 -7.5312500e+00
-7.5000000e+00 -7.4687500e+00 -7.4375000e+00 -7.4062500e+00
-7.3750000e+00 -7.3437500e+00 -7.3125000e+00 -7.2812500e+00
-7.2500000e+00 -7.2187500e+00 -7.1875000e+00 -7.1562500e+00
-7.1250000e+00 -7.0937500e+00 -7.0625000e+00 -7.0312500e+00
-7.0000000e+00 -6.9687500e+00 -6.9375000e+00 -6.9062500e+00
-6.8750000e+00 -6.8437500e+00 -6.8125000e+00 -6.7812500e+00
-6.7500000e+00 -6.7187500e+00 -6.6875000e+00 -6.6562500e+00
-6.6250000e+00 -6.5937500e+00 -6.5625000e+00 -6.5312500e+00
-6.5000000e+00 -6.4687500e+00 -6.4375000e+00 -6.4062500e+00
-6.3750000e+00 -6.3437500e+00 -6.3125000e+00 -6.2812500e+00
-6.2500000e+00 -6.2187500e+00 -6.1875000e+00 -6.1562500e+00
-6.1250000e+00 -6.0937500e+00 -6.0625000e+00 -6.0312500e+00
-6.0000000e+00 -5.9687500e+00 -5.9375000e+00 -5.9062500e+00
-5.8750000e+00 -5.8437500e+00 -5.8125000e+00 -5.7812500e+00
-5.7500000e+00 -5.7187500e+00 -5.6875000e+00 -5.6562500e+00
-5.6250000e+00 -5.5937500e+00 -5.5625000e+00 -5.5312500e+00
-5.5000000e+00 -5.4687500e+00 -5.4375000e+00 -5.4062500e+00
-5.3750000e+00 -5.3437500e+00 -5.3125000e+00 -5.2812500e+00
-5.2500000e+00 -5.2187500e+00 -5.1875000e+00 -5.1562500e+00
-5.1250000e+00 -5.0937500e+00 -5.0625000e+00 -5.0312500e+00
-5.0000000e+00 -4.9687500e+00 -4.9375000e+00 -4.9062500e+00
-4.8750000e+00 -4.8437500e+00 -4.8125000e+00 -4.7812500e+00
-4.7500000e+00 -4.7187500e+00 -4.6875000e+00 -4.6562500e+00
-4.6250000e+00 -4.5937500e+00 -4.5625000e+00 -4.5312500e+00
-4.5000000e+00 -4.4687500e+00 -4.4375000e+00 -4.4062500e+00
-4.3750000e+00 -4.3437500e+00 -4.3125000e+00 -4.2812500e+00
-4.2500000e+00 -4.2187500e+00 -4.1875000e+00 -4.1562500e+00
-4.1250000e+00 -4.0937500e+00 -4.0625000e+00 -4.0312500e+00
-3.9843750e+00 -3.9531250e+00 -3.9218750e+00 -3.8906250e+00
-3.8593750e+00 -3.8281250e+00 -3.7968750e+00 -3.7656250e+00
-3.7343750e+00 -3.7031250e+00 -3.6718750e+00 -3.6406250e+00
-3.6093750e+00 -3.5781250e+00 -3.5468750e+00 -3.5156250e+00
-3.4843750e+00 -3.4531250e+00 -3.4218750e+00 -3.3906250e+00
-3.3593750e+00 -3.3281250e+00 -3.2968750e+00 -3.2656250e+00
-3.2343750e+00 -3.2031250e+00 -3.1718750e+00 -3.1406250e+00
-3.1093750e+00 -3.0781250e+00 -3.0468750e+00 -3.0156250e+00
-2.9843750e+00 -2.9531250e+00 -2.9218750e+00 -2.8906250e+00
-2.8593750e+00 -2.8281250e+00 -2.7968750e+00 -2.7656250e+00
-2.7343750e+00 -2.7031250e+00 -2.6718750e+00 -2.6406250e+00
-2.6093750e+00 -2.5781250e+00 -2.5468750e+00 -2.5156250e+00
-2.4843750e+00 -2.4531250e+00 -2.4218750e+00 -2.3906250e+00
-2.3593750e+00 -2.3281250e+00 -2.2968750e+00 -2.2656250e+00
-2.2343750e+00 -2.2031250e+00 -2.1718750e+00 -2.1406250e+00
-2.1093750e+00 -2.0781250e+00 -2.0468750e+00 -2.0156250e+00
-1.9843750e+00 -1.9531250e+00 -1.9218750e+00 -1.8906250e+00
-1.8593750e+00 -1.8281250e+00 -1.7968750e+00 -1.7656250e+00
-1.7343750e+00 -1.7031250e+00 -1.6718750e+00 -1.6406250e+00
-1.6093750e+00 -1.5781250e+00 -1.5468750e+00 -1.5156250e+00
-1.4843750e+00 -1.4531250e+00 -1.4218750e+00 -1.3906250e+00
-1.3593750e+00 -1.3281250e+00 -1.2968750e+00 -1.2656250e+00
-1.2343750e+00 -1.2031250e+00 -1.1718750e+00 -1.1406250e+00
-1.1093750e+00 -1.0781250e+00 -1.0468750e+00 -1.0156250e+00
-9.8437500e-01 -9.5312500e-01 -9.2187500e-01 -8.9062500e-01
-8.5937500e-01 -8.2812500e-01 -7.9687500e-01 -7.6562500e-01
-7.3437500e-01 -7.0312500e-01 -6.7187500e-01 -6.4062500e-01
-6.0937500e-01 -5.7812500e-01 -5.4687500e-01 -5.1562500e-01
-4.8437500e-01 -4.5312500e-01 -4.2187500e-01 -3.9062500e-01
-3.5937500e-01 -3.2812500e-01 -2.9687500e-01 -2.6562500e-01
-2.3437500e-01 -2.0312500e-01 -1.7187500e-01 -1.4062500e-01
-1.0937500e-01 -7.8125000e-02 -4.6875000e-02 -1.5625000e-02
1.5625000e-02 4.6875000e-02 7.8125000e-02 1.0937500e-01
1.4062500e-01 1.7187500e-01 2.0312500e-01 2.3437500e-01
2.6562500e-01 2.9687500e-01 3.2812500e-01 3.5937500e-01
3.9062500e-01 4.2187500e-01 4.5312500e-01 4.8437500e-01
5.1562500e-01 5.4687500e-01 5.7812500e-01 6.0937500e-01
6.4062500e-01 6.7187500e-01 7.0312500e-01 7.3437500e-01
7.6562500e-01 7.9687500e-01 8.2812500e-01 8.5937500e-01
8.9062500e-01 9.2187500e-01 9.5312500e-01 9.8437500e-01
1.0156250e+00 1.0468750e+00 1.0781250e+00 1.1093750e+00
1.1406250e+00 1.1718750e+00 1.2031250e+00 1.2343750e+00
1.2656250e+00 1.2968750e+00 1.3281250e+00 1.3593750e+00
1.3906250e+00 1.4218750e+00 1.4531250e+00 1.4843750e+00
1.5156250e+00 1.5468750e+00 1.5781250e+00 1.6093750e+00
1.6406250e+00 1.6718750e+00 1.7031250e+00 1.7343750e+00
1.7656250e+00 1.7968750e+00 1.8281250e+00 1.8593750e+00
1.8906250e+00 1.9218750e+00 1.9531250e+00 1.9843750e+00
2.0156250e+00 2.0468750e+00 2.0781250e+00 2.1093750e+00
2.1406250e+00 2.1718750e+00 2.2031250e+00 2.2343750e+00
2.2656250e+00 2.2968750e+00 2.3281250e+00 2.3593750e+00
2.3906250e+00 2.4218750e+00 2.4531250e+00 2.4843750e+00
2.5156250e+00 2.5468750e+00 2.5781250e+00 2.6093750e+00
2.6406250e+00 2.6718750e+00 2.7031250e+00 2.7343750e+00
2.7656250e+00 2.7968750e+00 2.8281250e+00 2.8593750e+00
2.8906250e+00 2.9218750e+00 2.9531250e+00 2.9843750e+00
3.0156250e+00 3.0468750e+00 3.0781250e+00 3.1093750e+00
3.1406250e+00 3.1718750e+00 3.2031250e+00 3.2343750e+00
3.2656250e+00 3.2968750e+00 3.3281250e+00 3.3593750e+00
3.3906250e+00 3.4218750e+00 3.4531250e+00 3.4843750e+00
3.5156250e+00 3.5468750e+00 3.5781250e+00 3.6093750e+00
3.6406250e+00 3.6718750e+00 3.7031250e+00 3.7343750e+00
3.7656250e+00 3.7968750e+00 3.8281250e+00 3.8593750e+00
3.8906250e+00 3.9218750e+00 3.9531250e+00 3.9843750e+00
4.0312500e+00 4.0625000e+00 4.0937500e+00 4.1250000e+00
4.1562500e+00 4.1875000e+00 4.2187500e+00 4.2500000e+00
4.2812500e+00 4.3125000e+00 4.3437500e+00 4.3750000e+00
4.4062500e+00 4.4375000e+00 4.4687500e+00 4.5000000e+00
4.5312500e+00 4.5625000e+00 4.5937500e+00 4.6250000e+00
4.6562500e+00 4.6875000e+00 4.7187500e+00 4.7500000e+00
4.7812500e+00 4.8125000e+00 4.8437500e+00 4.8750000e+00
4.9062500e+00 4.9375000e+00 4.9687500e+00 5.0000000e+00
5.0312500e+00 5.0625000e+00 5.0937500e+00 5.1250000e+00
5.1562500e+00 5.1875000e+00 5.2187500e+00 5.2500000e+00
5.2812500e+00 5.3125000e+00 5.3437500e+00 5.3750000e+00
5.4062500e+00 5.4375000e+00 5.4687500e+00 5.5000000e+00
5.5312500e+00 5.5625000e+00 5.5937500e+00 5.6250000e+00
5.6562500e+00 5.6875000e+00 5.7187500e+00 5.7500000e+00
5.7812500e+00 5.8125000e+00 5.8437500e+00 5.8750000e+00
5.9062500e+00 5.9375000e+00 5.9687500e+00 6.0000000e+00
6.0312500e+00 6.0625000e+00 6.0937500e+00 6.1250000e+00
6.1562500e+00 6.1875000e+00 6.2187500e+00 6.2500000e+00
6.2812500e+00 6.3125000e+00 6.3437500e+00 6.3750000e+00
6.4062500e+00 6.4375000e+00 6.4687500e+00 6.5000000e+00
6.5312500e+00 6.5625000e+00 6.5937500e+00 6.6250000e+00
6.6562500e+00 6.6875000e+00 6.7187500e+00 6.7500000e+00
6.7812500e+00 6.8125000e+00 6.8437500e+00 6.8750000e+00
6.9062500e+00 6.9375000e+00 6.9687500e+00 7.0000000e+00
7.0312500e+00 7.0625000e+00 7.0937500e+00 7.1250000e+00
7.1562500e+00 7.1875000e+00 7.2187500e+00 7.2500000e+00
7.2812500e+00 7.3125000e+00 7.3437500e+00 7.3750000e+00
7.4062500e+00 7.4375000e+00 7.4687500e+00 7.5000000e+00
7.5312500e+00 7.5625000e+00 7.5937500e+00 7.6250000e+00
7.6562500e+00 7.6875000e+00 7.7187500e+00 7.7500000e+00
7.7812500e+00 7.8125000e+00 7.8437500e+00 7.8750000e+00
7.9062500e+00 7.9375000e+00 7.9687500e+00 8.0000000e+00
8.0000000e+00 8.0625000e+00 8.0625000e+00 8.1250000e+00
8.1250000e+00 8.1875000e+00 8.1875000e+00 8.2500000e+00
8.2500000e+00 8.3125000e+00 8.3125000e+00 8.3750000e+00
8.3750000e+00 8.4375000e+00 8.4375000e+00 8.5000000e+00
8.5000000e+00 8.5625000e+00 8.5625000e+00 8.6250000e+00
8.6250000e+00 8.6875000e+00 8.6875000e+00 8.7500000e+00
8.7500000e+00 8.8125000e+00 8.8125000e+00 8.8750000e+00
8.8750000e+00 8.9375000e+00 8.9375000e+00 9.0000000e+00
9.0000000e+00 9.0625000e+00 9.0625000e+00 9.1250000e+00
9.1250000e+00 9.1875000e+00 9.1875000e+00 9.2500000e+00
9.2500000e+00 9.3125000e+00 9.3125000e+00 9.3750000e+00
9.3750000e+00 9.4375000e+00 9.4375000e+00 9.5000000e+00
9.5000000e+00 9.5625000e+00 9.5625000e+00 9.6250000e+00
9.6250000e+00 9.6875000e+00 9.6875000e+00 9.7500000e+00
9.7500000e+00 9.8125000e+00 9.8125000e+00 9.8750000e+00
9.8750000e+00 9.9375000e+00 9.9375000e+00 1.0000000e+01
1.0000000e+01 1.0062500e+01 1.0062500e+01 1.0125000e+01
1.0125000e+01 1.0187500e+01 1.0187500e+01 1.0250000e+01
1.0250000e+01 1.0312500e+01 1.0312500e+01 1.0375000e+01
1.0375000e+01 1.0437500e+01 1.0437500e+01 1.0500000e+01
1.0500000e+01 1.0562500e+01 1.0562500e+01 1.0625000e+01
1.0625000e+01 1.0687500e+01 1.0687500e+01 1.0750000e+01
1.0750000e+01 1.0812500e+01 1.0812500e+01 1.0875000e+01
1.0875000e+01 1.0937500e+01 1.0937500e+01 1.1000000e+01
1.1000000e+01 1.1062500e+01 1.1062500e+01 1.1125000e+01
1.1125000e+01 1.1187500e+01 1.1187500e+01 1.1250000e+01
1.1250000e+01 1.1312500e+01 1.1312500e+01 1.1375000e+01
1.1375000e+01 1.1437500e+01 1.1437500e+01 1.1500000e+01
1.1500000e+01 1.1562500e+01 1.1562500e+01 1.1625000e+01
1.1625000e+01 1.1687500e+01 1.1687500e+01 1.1750000e+01
1.1750000e+01 1.1812500e+01 1.1812500e+01 1.1875000e+01
1.1875000e+01 1.1937500e+01 1.1937500e+01 1.2000000e+01
1.2000000e+01 1.2062500e+01 1.2062500e+01 1.2125000e+01
1.2125000e+01 1.2187500e+01 1.2187500e+01 1.2250000e+01
1.2250000e+01 1.2312500e+01 1.2312500e+01 1.2375000e+01
1.2375000e+01 1.2437500e+01 1.2437500e+01 1.2500000e+01
1.2500000e+01 1.2562500e+01 1.2562500e+01 1.2625000e+01
1.2625000e+01 1.2687500e+01 1.2687500e+01 1.2750000e+01
1.2750000e+01 1.2812500e+01 1.2812500e+01 1.2875000e+01
1.2875000e+01 1.2937500e+01 1.2937500e+01 1.3000000e+01
1.3000000e+01 1.3062500e+01 1.3062500e+01 1.3125000e+01
1.3125000e+01 1.3187500e+01 1.3187500e+01 1.3250000e+01
1.3250000e+01 1.3312500e+01 1.3312500e+01 1.3375000e+01
1.3375000e+01 1.3437500e+01 1.3437500e+01 1.3500000e+01
1.3500000e+01 1.3562500e+01 1.3562500e+01 1.3625000e+01
1.3625000e+01 1.3687500e+01 1.3687500e+01 1.3750000e+01
1.3750000e+01 1.3812500e+01 1.3812500e+01 1.3875000e+01
1.3875000e+01 1.3937500e+01 1.3937500e+01 1.4000000e+01
1.4000000e+01 1.4062500e+01 1.4062500e+01 1.4125000e+01
1.4125000e+01 1.4187500e+01 1.4187500e+01 1.4250000e+01
1.4250000e+01 1.4312500e+01 1.4312500e+01 1.4375000e+01
1.4375000e+01 1.4437500e+01 1.4437500e+01 1.4500000e+01
1.4500000e+01 1.4562500e+01 1.4562500e+01 1.4625000e+01
1.4625000e+01 1.4687500e+01 1.4687500e+01 1.4750000e+01
1.4750000e+01 1.4812500e+01 1.4812500e+01 1.4875000e+01
1.4875000e+01 1.4937500e+01 1.4937500e+01 1.5000000e+01
1.5000000e+01 1.5062500e+01 1.5062500e+01 1.5125000e+01
1.5125000e+01 1.5187500e+01 1.5187500e+01 1.5250000e+01
1.5250000e+01 1.5312500e+01 1.5312500e+01 1.5375000e+01
1.5375000e+01 1.5437500e+01 1.5437500e+01 1.5500000e+01
1.5500000e+01 1.5562500e+01 1.5562500e+01 1.5625000e+01
1.5625000e+01 1.5687500e+01 1.5687500e+01 1.5750000e+01
1.5750000e+01 1.5812500e+01 1.5812500e+01 1.5875000e+01
1.5875000e+01 1.5937500e+01 1.5937500e+01 1.6000000e+01
-1.6000000e+01 -1.5937500e+01 -1.5937500e+01 -1.5875000e+01
-1.5875000e+01 -1.5812500e+01 -1.5812500e+01 -1.5750000e+01
-1.5750000e+01 -1.5687500e+01 -1.5687500e+01 -1.5625000e+01
-1.5625000e+01 -1.5562500e+01 -1.5562500e+01 -1.5500000e+01
-1.5500000e+01 -1.5437500e+01 -1.5437500e+01 -1.5375000e+01
-1.5375000e+01 -1.5312500e+01 -1.5312500e+01 -1.5250000e+01
-1.5250000e+01 -1.5187500e+01 -1.5187500e+01 -1.5125000e+01
-1.5125000e+01 -1.5062500e+01 -1.5062500e+01 -1.5000000e+01
-1.5000000e+01 -1.4937500e+01 -1.4937500e+01 -1.4875000e+01
-1.4875000e+01 -1.4812500e+01 -1.4812500e+01 -1.4750000e+01
-1.4750000e+01 -1.4687500e+01 -1.4687500e+01 -1.4625000e+01
-1.4625000e+01 -1.4562500e+01 -1.4562500e+01 -1.4500000e+01
-1.4500000e+01 -1.4437500e+01 -1.4437500e+01 -1.4375000e+01
-1.4375000e+01 -1.4312500e+01 -1.4312500e+01 -1.4250000e+01
-1.4250000e+01 -1.4187500e+01 -1.4187500e+01 -1.4125000e+01
-1.4125000e+01 -1.4062500e+01 -1.4062500e+01 -1.4000000e+01
-1.4000000e+01 -1.3937500e+01 -1.3937500e+01 -1.3875000e+01
-1.3875000e+01 -1.3812500e+01 -1.3812500e+01 -1.3750000e+01
-1.3750000e+01 -1.3687500e+01 -1.3687500e+01 -1.3625000e+01
-1.3625000e+01 -1.3562500e+01 -1.3562500e+01 -1.3500000e+01
-1.3500000e+01 -1.3437500e+01 -1.3437500e+01 -1.3375000e+01
-1.3375000e+01 -1.3312500e+01 -1.3312500e+01 -1.3250000e+01
-1.3250000e+01 -1.3187500e+01 -1.3187500e+01 -1.3125000e+01
-1.3125000e+01 -1.3062500e+01 -1.3062500e+01 -1.3000000e+01
-1.3000000e+01 -1.2937500e+01 -1.2937500e+01 -1.2875000e+01
-1.2875000e+01 -1.2812500e+01 -1.2812500e+01 -1.2750000e+01
-1.2750000e+01 -1.2687500e+01 -1.2687500e+01 -1.2625000e+01
-1.2625000e+01 -1.2562500e+01 -1.2562500e+01 -1.2500000e+01
-1.2500000e+01 -1.2437500e+01 -1.2437500e+01 -1.2375000e+01
-1.2375000e+01 -1.2312500e+01 -1.2312500e+01 -1.2250000e+01
-1.2250000e+01 -1.2187500e+01 -1.2187500e+01 -1.2125000e+01
-1.2125000e+01 -1.2062500e+01 -1.2062500e+01 -1.2000000e+01
-1.2000000e+01 -1.1937500e+01 -1.1937500e+01 -1.1875000e+01
-1.1875000e+01 -1.1812500e+01 -1.1812500e+01 -1.1750000e+01
-1.1750000e+01 -1.1687500e+01 -1.1687500e+01 -1.1625000e+01
-1.1625000e+01 -1.1562500e+01 -1.1562500e+01 -1.1500000e+01
-1.1500000e+01 -1.1437500e+01 -1.1437500e+01 -1.1375000e+01
-1.1375000e+01 -1.1312500e+01 -1.1312500e+01 -1.1250000e+01
-1.1250000e+01 -1.1187500e+01 -1.1187500e+01 -1.1125000e+01
-1.1125000e+01 -1.1062500e+01 -1.1062500e+01 -1.1000000e+01
-1.1000000e+01 -1.0937500e+01 -1.0937500e+01 -1.0875000e+01
-1.0875000e+01 -1.0812500e+01 -1.0812500e+01 -1.0750000e+01
-1.0750000e+01 -1.0687500e+01 -1.0687500e+01 -1.0625000e+01
-1.0625000e+01 -1.0562500e+01 -1.0562500e+01 -1.0500000e+01
-1.0500000e+01 -1.0437500e+01 -1.0437500e+01 -1.0375000e+01
-1.0375000e+01 -1.0312500e+01 -1.0312500e+01 -1.0250000e+01
-1.0250000e+01 -1.0187500e+01 -1.0187500e+01 -1.0125000e+01
-1.0125000e+01 -1.0062500e+01 -1.0062500e+01 -1.0000000e+01
-1.0000000e+01 -9.9375000e+00 -9.9375000e+00 -9.8750000e+00
-9.8750000e+00 -9.8125000e+00 -9.8125000e+00 -9.7500000e+00
-9.7500000e+00 -9.6875000e+00 -9.6875000e+00 -9.6250000e+00
-9.6250000e+00 -9.5625000e+00 -9.5625000e+00 -9.5000000e+00
-9.5000000e+00 -9.4375000e+00 -9.4375000e+00 -9.3750000e+00
-9.3750000e+00 -9.3125000e+00 -9.3125000e+00 -9.2500000e+00
-9.2500000e+00 -9.1875000e+00 -9.1875000e+00 -9.1250000e+00
-9.1250000e+00 -9.0625000e+00 -9.0625000e+00 -9.0000000e+00
-9.0000000e+00 -8.9375000e+00 -8.9375000e+00 -8.8750000e+00
-8.8750000e+00 -8.8125000e+00 -8.8125000e+00 -8.7500000e+00
-8.7500000e+00 -8.6875000e+00 -8.6875000e+00 -8.6250000e+00
-8.6250000e+00 -8.5625000e+00 -8.5625000e+00 -8.5000000e+00
-8.5000000e+00 -8.4375000e+00 -8.4375000e+00 -8.3750000e+00
-8.3750000e+00 -8.3125000e+00 -8.3125000e+00 -8.2500000e+00
-8.2500000e+00 -8.1875000e+00 -8.1875000e+00 -8.1250000e+00
-8.1250000e+00 -8.0625000e+00 -8.0625000e+00 -8.0000000e+00
-8.0000000e+00 -7.9687500e+00 -7.9375000e+00 -7.9062500e+00
-7.8750000e+00 -7.8437500e+00 -7.8125000e+00 -7.7812500e+00
-7.7500000e+00 -7.7187500e+00 -7.6875000e+00 -7.6562500e+00
-7.6250000e+00 -7.5937500e+00 -7.5625000e+00 -7.5312500e+00
-7.5000000e+00 -7.4687500e+00 -7.4375000e+00 -7.4062500e+00
-7.3750000e+00 -7.3437500e+00 -7.3125000e+00 -7.2812500e+00
-7.2500000e+00 -7.2187500e+00 -7.1875000e+00 -7.1562500e+00
-7.1250000e+00 -7.0937500e+00 -7.0625000e+00 -7.0312500e+00
-7.0000000e+00 -6.9687500e+00 -6.9375000e+00 -6.9062500e+00
-6.8750000e+00 -6.8437500e+00 -6.8125000e+00 -6.7812500e+00
-6.7500000e+00 -6.7187500e+00 -6.6875000e+00 -6.6562500e+00
-6.6250000e+00 -6.5937500e+00 -6.5625000e+00 -6.5312500e+00
-6.5000000e+00 -6.4687500e+00 -6.4375000e+00 -6.4062500e+00
-6.3750000e+00 -6.3437500e+00 -6.3125000e+00 -6.2812500e+00
-6.2500000e+00 -6.2187500e+00 -6.1875000e+00 -6.1562500e+00
-6.1250000e+00 -6.0937500e+00 -6.0625000e+00 -6.0312500e+00
-6.0000000e+00 -5.9687500e+00 -5.9375000e+00 -5.9062500e+00
-5.8750000e+00 -5.8437500e+00 -5.8125000e+00 -5.7812500e+00
-5.7500000e+00 -5.7187500e+00 -5.6875000e+00 -5.6562500e+00
-5.6250000e+00 -5.5937500e+00 -5.5625000e+00 -5.5312500e+00
-5.5000000e+00 -5.4687500e+00 -5.4375000e+00 -5.4062500e+00
-5.3750000e+00 -5.3437500e+00 -5.3125000e+00 -5.2812500e+00
-5.2500000e+00 -5.2187500e+00 -5.1875000e+00 -5.1562500e+00
-5.1250000e+00 -5.0937500e+00 -5.0625000e+00 -5.0312500e+00
-5.0000000e+00 -4.9687500e+00 -4.9375000e+00 -4.9062500e+00
-4.8750000e+00 -4.8437500e+00 -4.8125000e+00 -4.7812500e+00
-4.7500000e+00 -4.7187500e+00 -4.6875000e+00 -4.6562500e+00
-4.6250000e+00 -4.5937500e+00 -4.5625000e+00 -4.5312500e+00
-4.5000000e+00 -4.4687500e+00 -4.4375000e+00 -4.4062500e+00
-4.3750000e+00 -4.3437500e+00 -4.3125000e+00 -4.2812500e+00
-4.2500000e+00 -4.2187500e+00 -4.1875000e+00 -4.1562500e+00
-4.1250000e+00 -4.0937500e+00 -4.0625000e+00 -4.0312500e+00
-3.9843750e+00 -3.9531250e+00 -3.9218750e+00 -3.8906250e+00
-3.8593750e+00 -3.8281250e+00 -3.7968750e+00 -3.7656250e+00
-3.7343750e+00 -3.7031250e+00 -3.6718750e+00 -3.6406250e+00
-3.6093750e+00 -3.5781250e+00 -3.5468750e+00 -3.5156250e+00
-3.4843750e+00 -3.4531250e+00 -3.4218750e+00 -3.3906250e+00
-3.3593750e+00 -3.3281250e+00 -3.2968750e+00 -3.2656250e+00
-3.2343750e+00 -3.2031250e+00 -3.1718750e+00 -3.1406250e+00
-3.1093750e+00 -3.0781250e+00 -3.0468750e+00 -3.0156250e+00
-2.9843750e+00 -2.9531250e+00 -2.9218750e+00 -2.8906250e+00
-2.8593750e+00 -2.8281250e+00 -2.7968750e+00 -2.7656250e+00
-2.7343750e+00 -2.7031250e+00 -2.6718750e+00 -2.6406250e+00
-2.6093750e+00 -2.5781250e+00 -2.5468750e+00 -2.5156250e+00
-2.4843750e+00 -2.4531250e+00 -2.4218750e+00 -2.3906250e+00
-2.3593750e+00 -2.3281250e+00 -2.2968750e+00 -2.2656250e+00
-2.2343750e+00 -2.2031250e+00 -2.1718750e+00 -2.1406250e+00
-2.1093750e+00 -2.0781250e+00 -2.0468750e+00 -2.0156250e+00
-1.9843750e+00 -1.9531250e+00 -1.9218750e+00 -1.8906250e+00
-1.8593750e+00 -1.8281250e+00 -1.7968750e+00 -1.7656250e+00
-1.7343750e+00 -1.7031250e+00 -1.6718750e+00 -1.6406250e+00
-1.6093750e+00 -1.5781250e+00 -1.5468750e+00 -1.5156250e+00
-1.4843750e+00 -1.4531250e+00 -1.4218750e+00 -1.3906250e+00
-1.3593750e+00 -1.3281250e+00 -1.2968750e+00 -1.2656250e+00
-1.2343750e+00 -1.2031250e+00 -1.1718750e+00 -1.1406250e+00
-1.1093750e+00 -1.0781250e+00 -1.0468750e+00 -1.0156250e+00
-9.8437500e-01 -9.5312500e-01 -9.2187500e-01 -8.9062500e-01
-8.5937500e-01 -8.2812500e-01 -7.9687500e-01 -7.6562500e-01
-7.3437500e-01 -7.0312500e-01 -6.7187500e-01 -6.4062500e-01
-6.0937500e-01 -5.7812500e-01 -5.4687500e-01 -5.1562500e-01
-4.8437500e-01 -4.5312500e-01 -4.2187500e-01 -3.9062500e-01
-3.5937500e-01 -3.2812500e-01 -2.9687500e-01 -2.6562500e-01
-2.3437500e-01 -2.0312500e-01 -1.7187500e-01 -1.4062500e-01
-1.0937500e-01 -7.8125000e-02 -4.6875000e-02 -1.5625000e-02
1.5625000e-02 4.6875000e-02 7.8125000e-02 1.0937500e-01
1.4062500e-01 1.7187500e-01 2.0312500e-01 2.3437500e-01
2.6562500e-01 2.9687500e-01 3.2812500e-01 3.5937500e-01
3.9062500e-01 4.2187500e-01 4.5312500e-01 4.8437500e-01
5.1562500e-01 5.4687500e-01 5.7812500e-01 6.0937500e-01
6.4062500e-01 6.7187500e-01 7.0312500e-01 7.3437500e-01
7.6562500e-01 7.9687500e-01 8.2812500e-01 8.5937500e-01
8.9062500e-01 9.2187500e-01 9.5312500e-01 9.8437500e-01
1.0156250e+00 1.0468750e+00 1.0781250e+00 1.1093750e+00
1.1406250e+00 1.1718750e+00 1.2031250e+00 1.2343750e+00
1.2656250e+00 1.2968750e+00 1.3281250e+00 1.3593750e+00
1.3906250e+00 1.4218750e+00 1.4531250e+00 1.4843750e+00
1.5156250e+00 1.5468750e+00 1.5781250e+00 1.6093750e+00
1.6406250e+00 1.6718750e+00 1.7031250e+00 1.7343750e+00
1.7656250e+00 1.7968750e+00 1.8281250e+00 1.8593750e+00
1.8906250e+00 1.9218750e+00 1.9531250e+00 1.9843750e+00
2.0156250e+00 2.0468750e+00 2.0781250e+00 2.1093750e+00
2.1406250e+00 2.1718750e+00 2.2031250e+00 2.2343750e+00
2.2656250e+00 2.2968750e+00 2.3281250e+00 2.3593750e+00
2.3906250e+00 2.4218750e+00 2.4531250e+00 2.4843750e+00
2.5156250e+00 2.5468750e+00 2.5781250e+00 2.6093750e+00
2.6406250e+00 2.6718750e+00 2.7031250e+00 2.7343750e+00
2.7656250e+00 2.7968750e+00 2.8281250e+00 2.8593750e+00
2.8906250e+00 2.9218750e+00 2.9531250e+00 2.9843750e+00
3.0156250e+00 3.0468750e+00 3.0781250e+00 3.1093750e+00
3.1406250e+00 3.1718750e+00 3.2031250e+00 3.2343750e+00
3.2656250e+00 3.2968750e+00 3.3281250e+00 3.3593750e+00
3.3906250e+00 3.4218750e+00 3.4531250e+00 3.4843750e+00
3.5156250e+00 3.5468750e+00 3.5781250e+00 3.6093750e+00
3.6406250e+00 3.6718750e+00 3.7031250e+00 3.7343750e+00
3.7656250e+00 3.7968750e+00 3.8281250e+00 3.8593750e+00
3.8906250e+00 3.9218750e+00 3.9531250e+00 3.9843750e+00
4.0312500e+00 4.0625000e+00 4.0937500e+00 4.1250000e+00
4.1562500e+00 4.1875000e+00 4.2187500e+00 4.2500000e+00
4.2812500e+00 4.3125000e+00 4.3437500e+00 4.3750000e+00
4.4062500e+00 4.4375000e+00 4.4687500e+00 4.5000000e+00
4.5312500e+00 4.5625000e+00 4.5937500e+00 4.6250000e+00
4.6562500e+00 4.6875000e+00 4.7187500e+00 4.7500000e+00
4.7812500e+00 4.8125000e+00 4.8437500e+00 4.8750000e+00
4.9062500e+00 4.9375000e+00 4.9687500e+00 5.0000000e+00
5.0312500e+00 5.0625000e+00 5.0937500e+00 5.1250000e+00
5.1562500e+00 5.1875000e+00 5.2187500e+00 5.2500000e+00
5.2812500e+00 5.3125000e+00 5.3437500e+00 5.3750000e+00
5.4062500e+00 5.4375000e+00 5.4687500e+00 5.5000000e+00
5.5312500e+00 5.5625000e+00 5.5937500e+00 5.6250000e+00
5.6562500e+00 5.6875000e+00 5.7187500e+00 5.7500000e+00
5.7812500e+00 5.8125000e+00 5.8437500e+00 5.8750000e+00
5.9062500e+00 5.9375000e+00 5.9687500e+00 6.0000000e+00
6.0312500e+00 6.0625000e+00 6.0937500e+00 6.1250000e+00
6.1562500e+00 6.1875000e+00 6.2187500e+00 6.2500000e+00
6.2812500e+00 6.3125000e+00 6.3437500e+00 6.3750000e+00
6.4062500e+00 6.4375000e+00 6.4687500e+00 6.5000000e+00
6.5312500e+00 6.5625000e+00 6.5937500e+00 6.6250000e+00
6.6562500e+00 6.6875000e+00 6.7187500e+00 6.7500000e+00
6.7812500e+00 6.8125000e+00 6.8437500e+00 6.8750000e+00
6.9062500e+00 6.9375000e+00 6.9687500e+00 7.0000000e+00
7.0312500e+00 7.0625000e+00 7.0937500e+00 7.1250000e+00
7.1562500e+00 7.1875000e+00 7.2187500e+00 7.2500000e+00
7.2812500e+00 7.3125000e+00 7.3437500e+00 7.3750000e+00
7.4062500e+00 7.4375000e+00 7.4687500e+00 7.5000000e+00
7.5312500e+00 7.5625000e+00 7.5937500e+00 7.6250000e+00
7.6562500e+00 7.6875000e+00 7.7187500e+00 7.7500000e+00
7.7812500e+00 7.8125000e+00 7.8437500e+00 7.8750000e+00
7.9062500e+00 7.9375000e+00 7.9687500e+00 8.0000000e+00
8.0000000e+00 8.0625000e+00 8.0625000e+00 8.1250000e+00
8.1250000e+00 8.1875000e+00 8.1875000e+00 8.2500000e+00
8.2500000e+00 8.3125000e+00 8.3125000e+00 8.3750000e+00
8.3750000e+00 8.4375000e+00 8.4375000e+00 8.5000000e+00
8.5000000e+00 8.5625000e+00 8.5625000e+00 8.6250000e+00
8.6250000e+00 8.6875000e+00 8.6875000e+00 8.7500000e+00
8.7500000e+00 8.8125000e+00 8.8125000e+00 8.8750000e+00
8.8750000e+00 8.9375000e+00 8.9375000e+00 9.0000000e+00
9.0000000e+00 9.0625000e+00 9.0625000e+00 9.1250000e+00
9.1250000e+00 9.1875000e+00 9.1875000e+00 9.2500000e+00
9.2500000e+00 9.3125000e+00 9.3125000e+00 9.3750000e+00
9.3750000e+00 9.4375000e+00 9.4375000e+00 9.5000000e+00
9.5000000e+00 9.5625000e+00 9.5625000e+00 9.6250000e+00
9.6250000e+00 9.6875000e+00 9.6875000e+00 9.7500000e+00
9.7500000e+00 9.8125000e+00 9.8125000e+00 9.8750000e+00
9.8750000e+00 9.9375000e+00 9.9375000e+00 1.0000000e+01
1.0000000e+01 1.0062500e+01 1.0062500e+01 1.0125000e+01
1.0125000e+01 1.0187500e+01 1.0187500e+01 1.0250000e+01
1.0250000e+01 1.0312500e+01 1.0312500e+01 1.0375000e+01
1.0375000e+01 1.0437500e+01 1.0437500e+01 1.0500000e+01
1.0500000e+01 1.0562500e+01 1.0562500e+01 1.0625000e+01
1.0625000e+01 1.0687500e+01 1.0687500e+01 1.0750000e+01
1.0750000e+01 1.0812500e+01 1.0812500e+01 1.0875000e+01
1.0875000e+01 1.0937500e+01 1.0937500e+01 1.1000000e+01
1.1000000e+01 1.1062500e+01 1.1062500e+01 1.1125000e+01
1.1125000e+01 1.1187500e+01 1.1187500e+01 1.1250000e+01
1.1250000e+01 1.1312500e+01 1.1312500e+01 1.1375000e+01
1.1375000e+01 1.1437500e+01 1.1437500e+01 1.1500000e+01
1.1500000e+01 1.1562500e+01 1.1562500e+01 1.1625000e+01
1.1625000e+01 1.1687500e+01 1.1687500e+01 1.1750000e+01
1.1750000e+01 1.1812500e+01 1.1812500e+01 1.1875000e+01
1.1875000e+01 1.1937500e+01 1.1937500e+01 1.2000000e+01
1.2000000e+01 1.2062500e+01 1.2062500e+01 1.2125000e+01
1.2125000e+01 1.2187500e+01 1.2187500e+01 1.2250000e+01
1.2250000e+01 1.2312500e+01 1.2312500e+01 1.2375000e+01
1.2375000e+01 1.2437500e+01 1.2437500e+01 1.2500000e+01
1.2500000e+01 1.2562500e+01 1.2562500e+01 1.2625000e+01
1.2625000e+01 1.2687500e+01 1.2687500e+01 1.2750000e+01
1.2750000e+01 1.2812500e+01 1.2812500e+01 1.2875000e+01
1.2875000e+01 1.2937500e+01 1.2937500e+01 1.3000000e+01
1.3000000e+01 1.3062500e+01 1.3062500e+01 1.3125000e+01
1.3125000e+01 1.3187500e+01 1.3187500e+01 1.3250000e+01
1.3250000e+01 1.3312500e+01 1.3312500e+01 1.3375000e+01
1.3375000e+01 1.3437500e+01 1.3437500e+01 1.3500000e+01
1.3500000e+01 1.3562500e+01 1.3562500e+01 1.3625000e+01
1.3625000e+01 1.3687500e+01 1.3687500e+01 1.3750000e+01
1.3750000e+01 1.3812500e+01 1.3812500e+01 1.3875000e+01
1.3875000e+01 1.3937500e+01 1.3937500e+01 1.4000000e+01
1.4000000e+01 1.4062500e+01 1.4062500e+01 1.4125000e+01
1.4125000e+01 1.4187500e+01 1.4187500e+01 1.4250000e+01
1.4250000e+01 1.4312500e+01 1.4312500e+01 1.4375000e+01
1.4375000e+01 1.4437500e+01 1.4437500e+01 1.4500000e+01
1.4500000e+01 1.4562500e+01 1.4562500e+01 1.4625000e+01
1.4625000e+01 1.4687500e+01 1.4687500e+01 1.4750000e+01
1.4750000e+01 1.4812500e+01 1.4812500e+01 1.4875000e+01
1.4875000e+01 1.4937500e+01 1.4937500e+01 1.5000000e+01
1.5000000e+01 1.5062500e+01 1.5062500e+01 1.5125000e+01
1.5125000e+01 1.5187500e+01 1.5187500e+01 1.5250000e+01
1.5250000e+01 1.5312500e+01 1.5312500e+01 1.5375000e+01
1.5375000e+01 1.5437500e+01 1.5437500e+01 1.5500000e+01
1.5500000e+01 1.5562500e+01 1.5562500e+01 1.5625000e+01
1.5625000e+01 1.5687500e+01 1.5687500e+01 1.5750000e+01
1.5750000e+01 1.5812500e+01 1.5812500e+01 1.5875000e+01
1.5875000e+01 1.5937500e+01 1.5937500e+01 1.6000000e+01
-1.6000000e+01 -1.5937500e+01 -1.5937500e+01 -1.5875000e+01
-1.5875000e+01 -1.5812500e+01 -1.5812500e+01 -1.5750000e+01
-1.5750000e+01 -1.5687500e+01 -1.5687500e+01 -1.5625000e+01
-1.5625000e+01 -1.5562500e+01 -1.5562500e+01 -1.5500000e+01
-1.5500000e+01 -1.5437500e+01 -1.5437500e+01 -1.5375000e+01
-1.5375000e+01 -1.5312500e+01 -1.5312500e+01 -1.5250000e+01
-1.5250000e+01 -1.5187500e+01 -1.5187500e+01 -1.5125000e+01
-1.5125000e+01 -1.5062500e+01 -1.5062500e+01 -1.5000000e+01
-1.5000000e+01 -1.4937500e+01 -1.4937500e+01 -1.4875000e+01
-1.4875000e+01 -1.4812500e+01 -1.4812500e+01 -1.4750000e+01
-1.4750000e+01 -1.4687500e+01 -1.4687500e+01 -1.4625000e+01
-1.4625000e+01 -1.4562500e+01 -1.4562500e+01 -1.4500000e+01
-1.4500000e+01 -1.4437500e+01 -1.4437500e+01 -1.4375000e+01
-1.4375000e+01 -1.4312500e+01 -1.4312500e+01 -1.4250000e+01
-1.4250000e+01 -1.4187500e+01 -1.4187500e+01 -1.4125000e+01
-1.4125000e+01 -1.4062500e+01 -1.4062500e+01 -1.4000000e+01
-1.4000000e+01 -1.3937500e+01 -1.3937500e+01 -1.3875000e+01
-1.3875000e+01 -1.3812500e+01 -1.3812500e+01 -1.3750000e+01
-1.3750000e+01 -1.3687500e+01 -1.3687500e+01 -1.3625000e+01
-1.3625000e+01 -1.3562500e+01 -1.3562500e+01 -1.3500000e+01
-1.3500000e+01 -1.3437500e+01 -1.3437500e+01 -1.3375000e+01
-1.3375000e+01 -1.3312500e+01 -1.3312500e+01 -1.3250000e+01
-1.3250000e+01 -1.3187500e+01 -1.3187500e+01 -1.3125000e+01
-1.3125000e+01 -1.3062500e+01 -1.3062500e+01 -1.3000000e+01
-1.3000000e+01 -1.2937500e+01 -1.2937500e+01 -1.2875000e+01
-1.2875000e+01 -1.2812500e+01 -1.2812500e+01 -1.2750000e+01
-1.2750000e+01 -1.2687500e+01 -1.2687500e+01 -1.2625000e+01
-1.2625000e+01 -1.2562500e+01 -1.2562500e+01 -1.2500000e+01
-1.2500000e+01 -1.2437500e+01 -1.2437500e+01 -1.2375000e+01
-1.2375000e+01 -1.2312500e+01 -1.2312500e+01 -1.2250000e+01
-1.2250000e+01 -1.2187500e+01 -1.2187500e+01 -1.2125000e+01
-1.2125000e+01 -1.2062500e+01 -1.2062500e+01 -1.2000000e+01
-1.2000000e+01 -1.1937500e+01 -1.1937500e+01 -1.1875000e+01
-1.1875000e+01 -1.1812500e+01 -1.1812500e+01 -1.1750000e+01
-1.1750000e+01 -1.1687500e+01 -1.1687500e+01 -1.1625000e+01
-1.1625000e+01 -1.1562500e+01 -1.1562500e+01 -1.1500000e+01
-1.1500000e+01 -1.1437500e+01 -1.1437500e+01 -1.1375000e+01
-1.1375000e+01 -1.1312500e+01 -1.1312500e+01 -1.1250000e+01
-1.1250000e+01 -1.1187500e+01 -1.1187500e+01 -1.1125000e+01
-1.1125000e+01 -1.1062500e+01 -1.1062500e+01 -1.1000000e+01
-1.1000000e+01 -1.0937500e+01 -1.0937500e+01 -1.0875000e+01
-1.0875000e+01 -1.0812500e+01 -1.0812500e+01 -1.0750000e+01
-1.0750000e+01 -1.0687500e+01 -1.0687500e+01 -1.0625000e+01
-1.0625000e+01 -1.0562500e+01 -1.0562500e+01 -1.0500000e+01
-1.0500000e+01 -1.0437500e+01 -1.0437500e+01 -1.0375000e+01
-1.0375000e+01 -1.0312500e+01 -1.0312500e+01 -1.0250000e+01
-1.0250000e+01 -1.0187500e+01 -1.0187500e+01 -1.0125000e+01
-1.0125000e+01 -1.0062500e+01 -1.0062500e+01 -1.0000000e+01
-1.0000000e+01 -9.9375000e+00 -9.9375000e+00 -9.8750000e+00
-9.8750000e+00 -9.8125000e+00 -9.8125000e+00 -9.7500000e+00
-9.7500000e+00 -9.6875000e+00 -9.6875000e+00 -9.6250000e+00
-9.6250000e+00 -9.5625000e+00 -9.5625000e+00 -9.5000000e+00
-9.5000000e+00 -9.4375000e+00 -9.4375000e+00 -9.3750000e+00
-9.3750000e+00 -9.3125000e+00 -9.3125000e+00 -9.2500000e+00
-9.2500000e+00 -9.1875000e+00 -9.1875000e+00 -9.1250000e+00
-9.1250000e+00 -9.0625000e+00 -9.0625000e+00 -9.0000000e+00
-9.0000000e+00 -8.9375000e+00 -8.9375000e+00 -8.8750000e+00
-8.8750000e+00 -8.8125000e+00 -8.8125000e+00 -8.7500000e+00
-8.7500000e+00 -8.6875000e+00 -8.6875000e+00 -8.6250000e+00
-8.6250000e+00 -8.5625000e+00 -8.5625000e+00 -8.5000000e+00
-8.5000000e+00 -8.4375000e+00 -8.4375000e+00 -8.3750000e+00
-8.3750000e+00 -8.3125000e+00 -8.3125000e+00 -8.2500000e+00
-8.2500000e+00 -8.1875000e+00 -8.1875000e+00 -8.1250000e+00
-8.1250000e+00 -8.0625000e+00 -8.0625000e+00 -8.0000000e+00
-8.0000000e+00 -7.9687500e+00 -7.9375000e+00 -7.9062500e+00
-7.8750000e+00 -7.8437500e+00 -7.8125000e+00 -7.7812500e+00
-7.7500000e+00 -7.7187500e+00 -7.6875000e+00 -7.6562500e+00
-7.6250000e+00 -7.5937500e+00 -7.5625000e+00 -7.5312500e+00
-7.5000000e+00 -7.4687500e+00 -7.4375000e+00 -7.4062500e+00
-7.3750000e+00 -7.3437500e+00 -7.3125000e+00 -7.2812500e+00
-7.2500000e+00 -7.2187500e+00 -7.1875000e+00 -7.1562500e+00
-7.1250000e+00 -7.0937500e+00 -7.0625000e+00 -7.0312500e+00
-7.0000000e+00 -6.9687500e+00 -6.9375000e+00 -6.9062500e+00
-6.8750000e+00 -6.8437500e+00 -6.8125000e+00 -6.7812500e+00
-6.7500000e+00 -6.7187500e+00 -6.6875000e+00 -6.6562500e+00
-6.6250000e+00 -6.5937500e+00 -6.5625000e+00 -6.5312500e+00
-6.5000000e+00 -6.4687500e+00 -6.4375000e+00 -6.4062500e+00
-6.3750000e+00 -6.3437500e+00 -6.3125000e+00 -6.2812500e+00
-6.2500000e+00 -6.2187500e+00 -6.1875000e+00 -6.1562500e+00
-6.1250000e+00 -6.0937500e+00 -6.0625000e+00 -6.0312500e+00
-6.0000000e+00 -5.9687500e+00 -5.9375000e+00 -5.9062500e+00
-5.8750000e+00 -5.8437500e+00 -5.8125000e+00 -5.7812500e+00
-5.7500000e+00 -5.7187500e+00 -5.6875000e+00 -5.6562500e+00
-5.6250000e+00 -5.5937500e+00 -5.5625000e+00 -5.5312500e+00
-5.5000000e+00 -5.4687500e+00 -5.4375000e+00 -5.4062500e+00
-5.3750000e+00 -5.3437500e+00 -5.3125000e+00 -5.2812500e+00
-5.2500000e+00 -5.2187500e+00 -5.1875000e+00 -5.1562500e+00
-5.1250000e+00 -5.0937500e+00 -5.0625000e+00 -5.0312500e+00
-5.0000000e+00 -4.9687500e+00 -4.9375000e+00 -4.9062500e+00
-4.8750000e+00 -4.8437500e+00 -4.8125000e+00 -4.7812500e+00
-4.7500000e+00 -4.7187500e+00 -4.6875000e+00 -4.6562500e+00
-4.6250000e+00 -4.5937500e+00 -4.5625000e+00 -4.5312500e+00
-4.5000000e+00 -4.4687500e+00 -4.4375000e+00 -4.4062500e+00
-4.3750000e+00 -4.3437500e+00 -4.3125000e+00 -4.2812500e+00
-4.2500000e+00 -4.2187500e+00 -4.1875000e+00 -4.1562500e+00
-4.1250000e+00 -4.0937500e+00 -4.0625000e+00 -4.0312500e+00
-3.9843750e+00 -3.9531250e+00 -3.9218750e+00 -3.8906250e+00
-3.8593750e+00 -3.8281250e+00 -3.7968750e+00 -3.7656250e+00
-3.7343750e+00 -3.7031250e+00 -3.6718750e+00 -3.6406250e+00
-3.6093750e+00 -3.5781250e+00 -3.5468750e+00 -3.5156250e+00
-3.4843750e+00 -3.4531250e+00 -3.4218750e+00 -3.3906250e+00
-3.3593750e+00 -3.3281250e+00 -3.2968750e+00 -3.2656250e+00
-3.2343750e+00 -3.2031250e+00 -3.1718750e+00 -3.1406250e+00
-3.1093750e+00 -3.0781250e+00 -3.0468750e+00 -3.0156250e+00
-2.9843750e+00 -2.9531250e+00 -2.9218750e+00 -2.8906250e+00
-2.8593750e+00 -2.8281250e+00 -2.7968750e+00 -2.7656250e+00
-2.7343750e+00 -2.7031250e+00 -2.6718750e+00 -2.6406250e+00
-2.6093750e+00 -2.5781250e+00 -2.5468750e+00 -2.5156250e+00
-2.4843750e+00 -2.4531250e+00 -2.4218750e+00 -2.3906250e+00
-2.3593750e+00 -2.3281250e+00 -2.2968750e+00 -2.2656250e+00
-2.2343750e+00 -2.2031250e+00 -2.1718750e+00 -2.1406250e+00
-2.1093750e+00 -2.0781250e+00 -2.0468750e+00 -2.0156250e+00
-1.9843750e+00 -1.9531250e+00 -1.9218750e+00 -1.8906250e+00
-1.8593750e+00 -1.8281250e+00 -1.7968750e+00 -1.7656250e+00
-1.7343750e+00 -1.7031250e+00 -1.6718750e+00 -1.6406250e+00
-1.6093750e+00 -1.5781250e+00 -1.5468750e+00 -1.5156250e+00
-1.4843750e+00 -1.4531250e+00 -1.4218750e+00 -1.3906250e+00
-1.3593750e+00 -1.3281250e+00 -1.2968750e+00 -1.2656250e+00
-1.2343750e+00 -1.2031250e+00 -1.1718750e+00 -1.1406250e+00
-1.1093750e+00 -1.0781250e+00 -1.0468750e+00 -1.0156250e+00
-9.8437500e-01 -9.5312500e-01 -9.2187500e-01 -8.9062500e-01
-8.5937500e-01 -8.2812500e-01 -7.9687500e-01 -7.6562500e-01
-7.3437500e-01 -7.0312500e-01 -6.7187500e-01 -6.4062500e-01
-6.0937500e-01 -5.7812500e-01 -5.4687500e-01 -5.1562500e-01
-4.8437500e-01 -4.5312500e-01 -4.2187500e-01 -3.9062500e-01
-3.5937500e-01 -3.2812500e-01 -2.9687500e-01 -2.6562500e-01
-2.3437500e-01 -2.0312500e-01 -1.7187500e-01 -1.4062500e-01
-1.0937500e-01 -7.8125000e-02 -4.6875000e-02 -1.5625000e-02
1.5625000e-02 4.6875000e-02 7.8125000e-02 1.0937500e-01
1.4062500e-01 1.7187500e-01 2.0312500e-01 2.3437500e-01
2.6562500e-01 2.9687500e-01 3.2812500e-01 3.5937500e-01
3.9062500e-01 4.2187500e-01 4.5312500e-01 4.8437500e-01
5.1562500e-01 5.4687500e-01 5.7812500e-01 6.0937500e-01
6.4062500e-01 6.7187500e-01 7.0312500e-01 7.3437500e-01
7.6562500e-01 7.9687500e-01 8.2812500e-01 8.5937500e-01
8.9062500e-01 9.2187500e-01 9.5312500e-01 9.8437500e-01
1.0156250e+00 1.0468750e+00 1.0781250e+00 1.1093750e+00
1.1406250e+00 1.1718750e+00 1.2031250e+00 1.2343750e+00
1.2656250e+00 1.2968750e+00 1.3281250e+00 1.3593750e+00
1.3906250e+00 1.4218750e+00 1.4531250e+00 1.4843750e+00
1.5156250e+00 1.5468750e+00 1.5781250e+00 1.6093750e+00
1.6406250e+00 1.6718750e+00 1.7031250e+00 1.7343750e+00
1.7656250e+00 1.7968750e+00 1.8281250e+00 1.8593750e+00
1.8906250e+00 1.9218750e+00 1.9531250e+00 1.9843750e+00
2.0156250e+00 2.0468750e+00 2.0781250e+00 2.1093750e+00
2.1406250e+00 2.1718750e+00 2.2031250e+00 2.2343750e+00
2.2656250e+00 2.2968750e+00 2.3281250e+00 2.3593750e+00
2.3906250e+00 2.4218750e+00 2.4531250e+00 2.4843750e+00
2.5156250e+00 2.5468750e+00 2.5781250e+00 2.6093750e+00
2.6406250e+00 2.6718750e+00 2.7031250e+00 2.7343750e+00
2.7656250e+00 2.7968750e+00 2.8281250e+00 2.8593750e+00
2.8906250e+00 2.9218750e+00 2.9531250e+00 2.9843750e+00
3.0156250e+00 3.0468750e+00 3.0781250e+00 3.1093750e+00
3.1406250e+00 3.1718750e+00 3.2031250e+00 3.2343750e+00
3.2656250e+00 3.2968750e+00 3.3281250e+00 3.3593750e+00
3.3906250e+00 3.4218750e+00 3.4531250e+00 3.4843750e+00
3.5156250e+00 3.5468750e+00 3.5781250e+00 3.6093750e+00
3.6406250e+00 3.6718750e+00 3.7031250e+00 3.7343750e+00
3.7656250e+00 3.7968750e+00 3.8281250e+00 3.8593750e+00
3.8906250e+00 3.9218750e+00 3.9531250e+00 3.9843750e+00
4.0312500e+00 4.0625000e+00 4.0937500e+00 4.1250000e+00
4.1562500e+00 4.1875000e+00 4.2187500e+00 4.2500000e+00
4.2812500e+00 4.3125000e+00 4.3437500e+00 4.3750000e+00
4.4062500e+00 4.4375000e+00 4.4687500e+00 4.5000000e+00
4.5312500e+00 4.5625000e+00 4.5937500e+00 4.6250000e+00
4.6562500e+00 4.6875000e+00 4.7187500e+00 4.7500000e+00
4.7812500e+00 4.8125000e+00 4.8437500e+00 4.8750000e+00
4.9062500e+00 4.9375000e+00 4.9687500e+00 5.0000000e+00
5.0312500e+00 5.0625000e+00 5.0937500e+00 5.1250000e+00
5.1562500e+00 5.1875000e+00 5.2187500e+00 5.2500000e+00
5.2812500e+00 5.3125000e+00 5.3437500e+00 5.3750000e+00
5.4062500e+00 5.4375000e+00 5.4687500e+00 5.5000000e+00
5.5312500e+00 5.5625000e+00 5.5937500e+00 5.6250000e+00
5.6562500e+00 5.6875000e+00 5.7187500e+00 5.7500000e+00
5.7812500e+00 5.8125000e+00 5.8437500e+00 5.8750000e+00
5.9062500e+00 5.9375000e+00 5.9687500e+00 6.0000000e+00
6.0312500e+00 6.0625000e+00 6.0937500e+00 6.1250000e+00
6.1562500e+00 6.1875000e+00 6.2187500e+00 6.2500000e+00
6.2812500e+00 6.3125000e+00 6.3437500e+00 6.3750000e+00
6.4062500e+00 6.4375000e+00 6.4687500e+00 6.5000000e+00
6.5312500e+00 6.5625000e+00 6.5937500e+00 6.6250000e+00
6.6562500e+00 6.6875000e+00 6.7187500e+00 6.7500000e+00
6.7812500e+00 6.8125000e+00 6.8437500e+00 6.8750000e+00
6.9062500e+00 6.9375000e+00 6.9687500e+00 7.0000000e+00
7.0312500e+00 7.0625000e+00 7.0937500e+00 7.1250000e+00
7.1562500e+00 7.1875000e+00 7.2187500e+00 7.2500000e+00
7.2812500e+00 7.3125000e+00 7.3437500e+00 7.3750000e+00
7.4062500e+00 7.4375000e+00 7.4687500e+00 7.5000000e+00
7.5312500e+00 7.5625000e+00 7.5937500e+00 7.6250000e+00
7.6562500e+00 7.6875000e+00 7.7187500e+00 7.7500000e+00
7.7812500e+00 7.8125000e+00 7.8437500e+00 7.8750000e+00
7.9062500e+00 7.9375000e+00 7.9687500e+00 8.0000000e+00
8.0000000e+00 8.0625000e+00 8.0625000e+00 8.1250000e+00
8.1250000e+00 8.1875000e+00 8.1875000e+00 8.2500000e+00
8.2500000e+00 8.3125000e+00 8.3125000e+00 8.3750000e+00
8.3750000e+00 8.4375000e+00 8.4375000e+00 8.5000000e+00
8.5000000e+00 8.5625000e+00 8.5625000e+00 8.6250000e+00
8.6250000e+00 8.6875000e+00 8.6875000e+00 8.7500000e+00
8.7500000e+00 8.8125000e+00 8.8125000e+00 8.8750000e+00
8.8750000e+00 8.9375000e+00 8.9375000e+00 9.0000000e+00
9.0000000e+00 9.0625000e+00 9.0625000e+00 9.1250000e+00
9.1250000e+00 9.1875000e+00 9.1875000e+00 9.2500000e+00
9.2500000e+00 9.3125000e+00 9.3125000e+00 9.3750000e+00
9.3750000e+00 9.4375000e+00 9.4375000e+00 9.5000000e+00
9.5000000e+00 9.5625000e+00 9.5625000e+00 9.6250000e+00
9.6250000e+00 9.6875000e+00 9.6875000e+00 9.7500000e+00
9.7500000e+00 9.8125000e+00 9.8125000e+00 9.8750000e+00
9.8750000e+00 9.9375000e+00 9.9375000e+00 1.0000000e+01
1.0000000e+01 1.0062500e+01 1.0062500e+01 1.0125000e+01
1.0125000e+01 1.0187500e+01 1.0187500e+01 1.0250000e+01
1.0250000e+01 1.0312500e+01 1.0312500e+01 1.0375000e+01
1.0375000e+01 1.0437500e+01 1.0437500e+01 1.0500000e+01
1.0500000e+01 1.0562500e+01 1.0562500e+01 1.0625000e+01
1.0625000e+01 1.0687500e+01 1.0687500e+01 1.0750000e+01
1.0750000e+01 1.0812500e+01 1.0812500e+01 1.0875000e+01
1.0875000e+01 1.0937500e+01 1.0937500e+01 1.1000000e+01
1.1000000e+01 1.1062500e+01 1.1062500e+01 1.1125000e+01
1.1125000e+01 1.1187500e+01 1.1187500e+01 1.1250000e+01
1.1250000e+01 1.1312500e+01 1.1312500e+01 1.1375000e+01
1.1375000e+01 1.1437500e+01 1.1437500e+01 1.1500000e+01
1.1500000e+01 1.1562500e+01 1.1562500e+01 1.1625000e+01
1.1625000e+01 1.1687500e+01 1.1687500e+01 1.1750000e+01
1.1750000e+01 1.1812500e+01 1.1812500e+01 1.1875000e+01
1.1875000e+01 1.1937500e+01 1.1937500e+01 1.2000000e+01
1.2000000e+01 1.2062500e+01 1.2062500e+01 1.2125000e+01
1.2125000e+01 1.2187500e+01 1.2187500e+01 1.2250000e+01
1.2250000e+01 1.2312500e+01 1.2312500e+01 1.2375000e+01
1.2375000e+01 1.2437500e+01 1.2437500e+01 1.2500000e+01
1.2500000e+01 1.2562500e+01 1.2562500e+01 1.2625000e+01
1.2625000e+01 1.2687500e+01 1.2687500e+01 1.2750000e+01
1.2750000e+01 1.2812500e+01 1.2812500e+01 1.2875000e+01
1.2875000e+01 1.2937500e+01 1.2937500e+01 1.3000000e+01
1.3000000e+01 1.3062500e+01 1.3062500e+01 1.3125000e+01
1.3125000e+01 1.3187500e+01 1.3187500e+01 1.3250000e+01
1.3250000e+01 1.3312500e+01 1.3312500e+01 1.3375000e+01
1.3375000e+01 1.3437500e+01 1.3437500e+01 1.3500000e+01
1.3500000e+01 1.3562500e+01 1.3562500e+01 1.3625000e+01
1.3625000e+01 1.3687500e+01 1.3687500e+01 1.3750000e+01
1.3750000e+01 1.3812500e+01 1.3812500e+01 1.3875000e+01
1.3875000e+01 1.3937500e+01 1.3937500e+01 1.4000000e+01
1.4000000e+01 1.4062500e+01 1.4062500e+01 1.4125000e+01
1.4125000e+01 1.4187500e+01 1.4187500e+01 1.4250000e+01
1.4250000e+01 1.4312500e+01 1.4312500e+01 1.4375000e+01
1.4375000e+01 1.4437500e+01 1.4437500e+01 1.4500000e+01
1.4500000e+01 1.4562500e+01 1.4562500e+01 1.4625000e+01
1.4625000e+01 1.4687500e+01 1.4687500e+01 1.4750000e+01
1.4750000e+01 1.4812500e+01 1.4812500e+01 1.4875000e+01
1.4875000e+01 1.4937500e+01 1.4937500e+01 1.5000000e+01
1.5000000e+01 1.5062500e+01 1.5062500e+01 1.5125000e+01
1.5125000e+01 1.5187500e+01 1.5187500e+01 1.5250000e+01
1.5250000e+01 1.5312500e+01 1.5312500e+01 1.5375000e+01
1.5375000e+01 1.5437500e+01 1.5437500e+01 1.5500000e+01
1.5500000e+01 1.5562500e+01 1.5562500e+01 1.5625000e+01
1.5625000e+01 1.5687500e+01 1.5687500e+01 1.5750000e+01
1.5750000e+01 1.5812500e+01 1.5812500e+01 1.5875000e+01
1.5875000e+01 1.5937500e+01 1.5937500e+01 1.6000000e+01
-1.6000000e+01 -1.5937500e+01 -1.5937500e+01 -1.5875000e+01
-1.5875000e+01 -1.5812500e+01 -1.5812500e+01 -1.5750000e+01
-1.5750000e+01 -1.5687500e+01 -1.5687500e+01 -1.5625000e+01
-1.5625000e+01 -1.5562500e+01 -1.5562500e+01 -1.5500000e+01
-1.5500000e+01 -1.5437500e+01 -1.5437500e+01 -1.5375000e+01
-1.5375000e+01 -1.5312500e+01 -1.5312500e+01 -1.5250000e+01
-1.5250000e+01 -1.5187500e+01 -1.5187500e+01 -1.5125000e+01
-1.5125000e+01 -1.5062500e+01 -1.5062500e+01 -1.5000000e+01
-1.5000000e+01 -1.4937500e+01 -1.4937500e+01 -1.4875000e+01
-1.4875000e+01 -1.4812500e+01 -1.4812500e+01 -1.4750000e+01
-1.4750000e+01 -1.4687500e+01 -1.4687500e+01 -1.4625000e+01
-1.4625000e+01 -1.4562500e+01 -1.4562500e+01 -1.4500000e+01
-1.4500000e+01 -1.4437500e+01 -1.4437500e+01 -1.4375000e+01
-1.4375000e+01 -1.4312500e+01 -1.4312500e+01 -1.4250000e+01
-1.4250000e+01 -1.4187500e+01 -1.4187500e+01 -1.4125000e+01
-1.4125000e+01 -1.4062500e+01 -1.4062500e+01 -1.4000000e+01
-1.4000000e+01 -1.3937500e+01 -1.3937500e+01 -1.3875000e+01
-1.3875000e+01 -1.3812500e+01 -1.3812500e+01 -1.3750000e+01
-1.3750000e+01 -1.3687500e+01 -1.3687500e+01 -1.3625000e+01
-1.3625000e+01 -1.3562500e+01 -1.3562500e+01 -1.3500000e+01
-1.3500000e+01 -1.3437500e+01 -1.3437500e+01 -1.3375000e+01
-1.3375000e+01 -1.3312500e+01 -1.3312500e+01 -1.3250000e+01
-1.3250000e+01 -1.3187500e+01 -1.3187500e+01 -1.3125000e+01
-1.3125000e+01 -1.3062500e+01 -1.3062500e+01 -1.3000000e+01
-1.3000000e+01 -1.2937500e+01 -1.2937500e+01 -1.2875000e+01
-1.2875000e+01 -1.2812500e+01 -1.2812500e+01 -1.2750000e+01
-1.2750000e+01 -1.2687500e+01 -1.2687500e+01 -1.2625000e+01
-1.2625000e+01 -1.2562500e+01 -1.2562500e+01 -1.2500000e+01
-1.2500000e+01 -1.2437500e+01 -1.2437500e+01 -1.2375000e+01
-1.2375000e+01 -1.2312500e+01 -1.2312500e+01 -1.2250000e+01
-1.2250000e+01 -1.2187500e+01 -1.2187500e+01 -1.2125000e+01
-1.2125000e+01 -1.2062500e+01 -1.2062500e+01 -1.2000000e+01
-1.2000000e+01 -1.1937500e+01 -1.1937500e+01 -1.1875000e+01
-1.1875000e+01 -1.1812500e+01 -1.1812500e+01 -1.1750000e+01
-1.1750000e+01 -1.1687500e+01 -1.1687500e+01 -1.1625000e+01
-1.1625000e+01 -1.1562500e+01 -1.1562500e+01 -1.1500000e+01
-1.1500000e+01 -1.1437500e+01 -1.1437500e+01 -1.1375000e+01
-1.1375000e+01 -1.1312500e+01 -1.1312500e+01 -1.1250000e+01
-1.1250000e+01 -1.1187500e+01 -1.1187500e+01 -1.1125000e+01
-1.1125000e+01 -1.1062500e+01 -1.1062500e+01 -1.1000000e+01
-1.1000000e+01 -1.0937500e+01 -1.0937500e+01 -1.0875000e+01
-1.0875000e+01 -1.0812500e+01 -1.0812500e+01 -1.0750000e+01
-1.0750000e+01 -1.0687500e+01 -1.0687500e+01 -1.0625000e+01
-1.0625000e+01 -1.0562500e+01 -1.0562500e+01 -1.0500000e+01
-1.0500000e+01 -1.0437500e+01 -1.0437500e+01 -1.0375000e+01
-1.0375000e+01 -1.0312500e+01 -1.0312500e+01 -1.0250000e+01
-1.0250000e+01 -1.0187500e+01 -1.0187500e+01 -1.0125000e+01
-1.0125000e+01 -1.0062500e+01 -1.0062500e+01 -1.0000000e+01
-1.0000000e+01 -9.9375000e+00 -9.9375000e+00 -9.8750000e+00
-9.8750000e+00 -9.8125000e+00 -9.8125000e+00 -9.7500000e+00
-9.7500000e+00 -9.6875000e+00 -9.6875000e+00 -9.6250000e+00
-9.6250000e+00 -9.5625000e+00 -9.5625000e+00 -9.5000000e+00
-9.5000000e+00 -9.4375000e+00 -9.4375000e+00 -9.3750000e+00
-9.3750000e+00 -9.3125000e+00 -9.3125000e+00 -9.2500000e+00
-9.2500000e+00 -9.1875000e+00 -9.1875000e+00 -9.1250000e+00
-9.1250000e+00 -9.0625000e+00 -9.0625000e+00 -9.0000000e+00
-9.0000000e+00 -8.9375000e+00 -8.9375000e+00 -8.8750000e+00
-8.8750000e+00 -8.8125000e+00 -8.8125000e+00 -8.7500000e+00
-8.7500000e+00 -8.6875000e+00 -8.6875000e+00 -8.6250000e+00
-8.6250000e+00 -8.5625000e+00 -8.5625000e+00 -8.5000000e+00
-8.5000000e+00 -8.4375000e+00 -8.4375000e+00 -8.3750000e+00
-8.3750000e+00 -8.3125000e+00 -8.3125000e+00 -8.2500000e+00
-8.2500000e+00 -8.1875000e+00 -8.1875000e+00 -8.1250000e+00
-8.1250000e+00 -8.0625000e+00 -8.0625000e+00 -8.0000000e+00
-8.0000000e+00 -7.9687500e+00 -7.9375000e+00 -7.9062500e+00
-7.8750000e+00 -7.8437500e+00 -7.8125000e+00 -7.7812500e+00
-7.7500000e+00 -7.7187500e+00 -7.6875000e+00 -7.6562500e+00
-7.6250000e+00 -7.5937500e+00 -7.5625000e+00 -7.5312500e+00
-7.5000000e+00 -7.4687500e+00 -7.4375000e+00 -7.4062500e+00
-7.3750000e+00 -7.3437500e+00 -7.3125000e+00 -7.2812500e+00
-7.2500000e+00 -7.2187500e+00 -7.1875000e+00 -7.1562500e+00
-7.1250000e+00 -7.0937500e+00 -7.0625000e+00 -7.0312500e+00
-7.0000000e+00 -6.9687500e+00 -6.9375000e+00 -6.9062500e+00
-6.8750000e+00 -6.8437500e+00 -6.8125000e+00 -6.7812500e+00
-6.7500000e+00 -6.7187500e+00 -6.6875000e+00 -6.6562500e+00
-6.6250000e+00 -6.5937500e+00 -6.5625000e+00 -6.5312500e+00
-6.5000000e+00 -6.4687500e+00 -6.4375000e+00 -6.4062500e+00
-6.3750000e+00 -6.3437500e+00 -6.3125000e+00 -6.2812500e+00
-6.2500000e+00 -6.2187500e+00 -6.1875000e+00 -6.1562500e+00
-6.1250000e+00 -6.0937500e+00 -6.0625000e+00 -6.0312500e+00
-6.0000000e+00 -5.9687500e+00 -5.9375000e+00 -5.9062500e+00
-5.8750000e+00 -5.8437500e+00 -5.8125000e+00 -5.7812500e+00
-5.7500000e+00 -5.7187500e+00 -5.6875000e+00 -5.6562500e+00
-5.6250000e+00 -5.5937500e+00 -5.5625000e+00 -5.5312500e+00
-5.5000000e+00 -5.4687500e+00 -5.4375000e+00 -5.4062500e+00
-5.3750000e+00 -5.3437500e+00 -5.3125000e+00 -5.2812500e+00
-5.2500000e+00 -5.2187500e+00 -5.1875000e+00 -5.1562500e+00
-5.1250000e+00 -5.0937500e+00 -5.0625000e+00 -5.0312500e+00
-5.0000000e+00 -4.9687500e+00 -4.9375000e+00 -4.9062500e+00
-4.8750000e+00 -4.8437500e+00 -4.8125000e+00 -4.7812500e+00
-4.7500000e+00 -4.7187500e+00 -4.6875000e+00 -4.6562500e+00
-4.6250000e+00 -4.5937500e+00 -4.5625000e+00 -4.5312500e+00
-4.5000000e+00 -4.4687500e+00 -4.4375000e+00 -4.4062500e+00
-4.3750000e+00 -4.3437500e+00 -4.3125000e+00 -4.2812500e+00
-4.2500000e+00 -4.2187500e+00 -4.1875000e+00 -4.1562500e+00
-4.1250000e+00 -4.0937500e+00 -4.0625000e+00 -4.0312500e+00
-3.9843750e+00 -3.9531250e+00 -3.9218750e+00 -3.8906250e+00
-3.8593750e+00 -3.8281250e+00 -3.7968750e+00 -3.7656250e+00
-3.7343750e+00 -3.7031250e+00 -3.6718750e+00 -3.6406250e+00
-3.6093750e+00 -3.5781250e+00 -3.5468750e+00 -3.5156250e+00
-3.4843750e+00 -3.4531250e+00 -3.4218750e+00 -3.3906250e+00
-3.3593750e+00 -3.3281250e+00 -3.2968750e+00 -3.2656250e+00
-3.2343750e+00 -3.2031250e+00 -3.1718750e+00 -3.1406250e+00
-3.1093750e+00 -3.0781250e+00 -3.0468750e+00 -3.0156250e+00
-2.9843750e+00 -2.9531250e+00 -2.9218750e+00 -2.8906250e+00
-2.8593750e+00 -2.8281250e+00 -2.7968750e+00 -2.7656250e+00
-2.7343750e+00 -2.7031250e+00 -2.6718750e+00 -2.6406250e+00
-2.6093750e+00 -2.5781250e+00 -2.5468750e+00 -2.5156250e+00
-2.4843750e+00 -2.4531250e+00 -2.4218750e+00 -2.3906250e+00
-2.3593750e+00 -2.3281250e+00 -2.2968750e+00 -2.2656250e+00
-2.2343750e+00 -2.2031250e+00 -2.1718750e+00 -2.1406250e+00
-2.1093750e+00 -2.0781250e+00 -2.0468750e+00 -2.0156250e+00
-1.9843750e+00 -1.9531250e+00 -1.9218750e+00 -1.8906250e+00
-1.8593750e+00 -1.8281250e+00 -1.7968750e+00 -1.7656250e+00
-1.7343750e+00 -1.7031250e+00 -1.6718750e+00 -1.6406250e+00
-1.6093750e+00 -1.5781250e+00 -1.5468750e+00 -1.5156250e+00
-1.4843750e+00 -1.4531250e+00 -1.4218750e+00 -1.3906250e+00
-1.3593750e+00 -1.3281250e+00 -1.2968750e+00 -1.2656250e+00
-1.2343750e+00 -1.2031250e+00 -1.1718750e+00 -1.1406250e+00
-1.1093750e+00 -1.0781250e+00 -1.0468750e+00 -1.0156250e+00
-9.8437500e-01 -9.5312500e-01 -9.2187500e-01 -8.9062500e-01
-8.5937500e-01 -8.2812500e-01 -7.9687500e-01 -7.6562500e-01
-7.3437500e-01 -7.0312500e-01 -6.7187500e-01 -6.4062500e-01
-6.0937500e-01 -5.7812500e-01 -5.4687500e-01 -5.1562500e-01
-4.8437500e-01 -4.5312500e-01 -4.2187500e-01 -3.9062500e-01
-3.5937500e-01 -3.2812500e-01 -2.9687500e-01 -2.6562500e-01
-2.3437500e-01 -2.0312500e-01 -1.7187500e-01 -1.4062500e-01
-1.0937500e-01 -7.8125000e-02 -4.6875000e-02 -1.5625000e-02
1.5625000e-02 4.6875000e-02 7.8125000e-02 1.0937500e-01
1.4062500e-01 1.7187500e-01 2.0312500e-01 2.3437500e-01
2.6562500e-01 2.9687500e-01 3.2812500e-01 3.5937500e-01
3.9062500e-01 4.2187500e-01 4.5312500e-01 4.8437500e-01
5.1562500e-01 5.4687500e-01 5.7812500e-01 6.0937500e-01
6.4062500e-01 6.7187500e-01 7.0312500e-01 7.3437500e-01
7.6562500e-01 7.9687500e-01 8.2812500e-01 8.5937500e-01
8.9062500e-01 9.2187500e-01 9.5312500e-01 9.8437500e-01
1.0156250e+00 1.0468750e+00 1.0781250e+00 1.1093750e+00
1.1406250e+00 1.1718750e+00 1.2031250e+00 1.2343750e+00
1.2656250e+00 1.2968750e+00 1.3281250e+00 1.3593750e+00
1.3906250e+00 1.4218750e+00 1.4531250e+00 1.4843750e+00
1.5156250e+00 1.5468750e+00 1.5781250e+00 1.6093750e+00
1.6406250e+00 1.6718750e+00 1.7031250e+00 1.7343750e+00
1.7656250e+00 1.7968750e+00 1.8281250e+00 1.8593750e+00
1.8906250e+00 1.9218750e+00 1.9531250e+00 1.9843750e+00
2.0156250e+00 2.0468750e+00 2.0781250e+00 2.1093750e+00
2.1406250e+00 2.1718750e+00 2.2031250e+00 2.2343750e+00
2.2656250e+00 2.2968750e+00 2.3281250e+00 2.3593750e+00
2.3906250e+00 2.4218750e+00 2.4531250e+00 2.4843750e+00
2.5156250e+00 2.5468750e+00 2.5781250e+00 2.6093750e+00
2.6406250e+00 2.6718750e+00 2.7031250e+00 2.7343750e+00
2.7656250e+00 2.7968750e+00 2.8281250e+00 2.8593750e+00
2.8906250e+00 2.9218750e+00 2.9531250e+00 2.9843750e+00
3.0156250e+00 3.0468750e+00 3.0781250e+00 3.1093750e+00
3.1406250e+00 3.1718750e+00 3.2031250e+00 3.2343750e+00
3.2656250e+00 3.2968750e+00 3.3281250e+00 3.3593750e+00
3.3906250e+00 3.4218750e+00 3.4531250e+00 3.4843750e+00
3.5156250e+00 3.5468750e+00 3.5781250e+00 3.6093750e+00
3.6406250e+00 3.6718750e+00 3.7031250e+00 3.7343750e+00
3.7656250e+00 3.7968750e+00 3.8281250e+00 3.8593750e+00
3.8906250e+00 3.9218750e+00 3.9531250e+00 3.9843750e+00
4.0312500e+00 4.0625000e+00 4.0937500e+00 4.1250000e+00
4.1562500e+00 4.1875000e+00 4.2187500e+00 4.2500000e+00
4.2812500e+00 4.3125000e+00 4.3437500e+00 4.3750000e+00
4.4062500e+00 4.4375000e+00 4.4687500e+00 4.5000000e+00
4.5312500e+00 4.5625000e+00 4.5937500e+00 4.6250000e+00
4.6562500e+00 4.6875000e+00 4.7187500e+00 4.7500000e+00
4.7812500e+00 4.8125000e+00 4.8437500e+00 4.8750000e+00
4.9062500e+00 4.9375000e+00 4.9687500e+00 5.0000000e+00
5.0312500e+00 5.0625000e+00 5.0937500e+00 5.1250000e+00
5.1562500e+00 5.1875000e+00 5.2187500e+00 5.2500000e+00
5.2812500e+00 5.3125000e+00 5.3437500e+00 5.3750000e+00
5.4062500e+00 5.4375000e+00 5.4687500e+00 5.5000000e+00
5.5312500e+00 5.5625000e+00 5.5937500e+00 5.6250000e+00
5.6562500e+00 5.6875000e+00 5.7187500e+00 5.7500000e+00
5.7812500e+00 5.8125000e+00 5.8437500e+00 5.8750000e+00
5.9062500e+00 5.9375000e+00 5.9687500e+00 6.0000000e+00
6.0312500e+00 6.0625000e+00 6.0937500e+00 6.1250000e+00
6.1562500e+00 6.1875000e+00 6.2187500e+00 6.2500000e+00
6.2812500e+00 6.3125000e+00 6.3437500e+00 6.3750000e+00
6.4062500e+00 6.4375000e+00 6.4687500e+00 6.5000000e+00
6.5312500e+00 6.5625000e+00 6.5937500e+00 6.6250000e+00
6.6562500e+00 6.6875000e+00 6.7187500e+00 6.7500000e+00
6.7812500e+00 6.8125000e+00 6.8437500e+00 6.8750000e+00
6.9062500e+00 6.9375000e+00 6.9687500e+00 7.0000000e+00
7.0312500e+00 7.0625000e+00 7.0937500e+00 7.1250000e+00
7.1562500e+00 7.1875000e+00 7.2187500e+00 7.2500000e+00
7.2812500e+00 7.3125000e+00 7.3437500e+00 7.3750000e+00
7.4062500e+00 7.4375000e+00 7.4687500e+00 7.5000000e+00
7.5312500e+00 7.5625000e+00 7.5937500e+00 7.6250000e+00
7.6562500e+00 7.6875000e+00 7.7187500e+00 7.7500000e+00
7.7812500e+00 7.8125000e+00 7.8437500e+00 7.8750000e+00
7.9062500e+00 7.9375000e+00 7.9687500e+00 8.0000000e+00
8.0000000e+00 8.0625000e+00 8.0625000e+00 8.1250000e+00
8.1250000e+00 8.1875000e+00 8.1875000e+00 8.2500000e+00
8.2500000e+00 8.3125000e+00 8.3125000e+00 8.3750000e+00
8.3750000e+00 8.4375000e+00 8.4375000e+00 8.5000000e+00
8.5000000e+00 8.5625000e+00 8.5625000e+00 8.6250000e+00
8.6250000e+00 8.6875000e+00 8.6875000e+00 8.7500000e+00
8.7500000e+00 8.8125000e+00 8.8125000e+00 8.8750000e+00
8.8750000e+00 8.9375000e+00 8.9375000e+00 9.0000000e+00
9.0000000e+00 9.0625000e+00 9.0625000e+00 9.1250000e+00
9.1250000e+00 9.1875000e+00 9.1875000e+00 9.2500000e+00
9.2500000e+00 9.3125000e+00 9.3125000e+00 9.3750000e+00
9.3750000e+00 9.4375000e+00 9.4375000e+00 9.5000000e+00
9.5000000e+00 9.5625000e+00 9.5625000e+00 9.6250000e+00
9.6250000e+00 9.6875000e+00 9.6875000e+00 9.7500000e+00
9.7500000e+00 9.8125000e+00 9.8125000e+00 9.8750000e+00
9.8750000e+00 9.9375000e+00 9.9375000e+00 1.0000000e+01
1.0000000e+01 1.0062500e+01 1.0062500e+01 1.0125000e+01
1.0125000e+01 1.0187500e+01 1.0187500e+01 1.0250000e+01
1.0250000e+01 1.0312500e+01 1.0312500e+01 1.0375000e+01
1.0375000e+01 1.0437500e+01 1.0437500e+01 1.0500000e+01
1.0500000e+01 1.0562500e+01 1.0562500e+01 1.0625000e+01
1.0625000e+01 1.0687500e+01 1.0687500e+01 1.0750000e+01
1.0750000e+01 1.0812500e+01 1.0812500e+01 1.0875000e+01
1.0875000e+01 1.0937500e+01 1.0937500e+01 1.1000000e+01
1.1000000e+01 1.1062500e+01 1.1062500e+01 1.1125000e+01
1.1125000e+01 1.1187500e+01 1.1187500e+01 1.1250000e+01
1.1250000e+01 1.1312500e+01 1.1312500e+01 1.1375000e+01
1.1375000e+01 1.1437500e+01 1.1437500e+01 1.1500000e+01
1.1500000e+01 1.1562500e+01 1.1562500e+01 1.1625000e+01
1.1625000e+01 1.1687500e+01 1.1687500e+01 1.1750000e+01
1.1750000e+01 1.1812500e+01 1.1812500e+01 1.1875000e+01
1.1875000e+01 1.1937500e+01 1.1937500e+01 1.2000000e+01
1.2000000e+01 1.2062500e+01 1.2062500e+01 1.2125000e+01
1.2125000e+01 1.2187500e+01 1.2187500e+01 1.2250000e+01
1.2250000e+01 1.2312500e+01 1.2312500e+01 1.2375000e+01
1.2375000e+01 1.2437500e+01 1.2437500e+01 1.2500000e+01
1.2500000e+01 1.2562500e+01 1.2562500e+01 1.2625000e+01
1.2625000e+01 1.2687500e+01 1.2687500e+01 1.2750000e+01
1.2750000e+01 1.2812500e+01 1.2812500e+01 1.2875000e+01
1.2875000e+01 1.2937500e+01 1.2937500e+01 1.3000000e+01
1.3000000e+01 1.3062500e+01 1.3062500e+01 1.3125000e+01
1.3125000e+01 1.3187500e+01 1.3187500e+01 1.3250000e+01
1.3250000e+01 1.3312500e+01 1.3312500e+01 1.3375000e+01
1.3375000e+01 1.3437500e+01 1.3437500e+01 1.3500000e+01
1.3500000e+01 1.3562500e+01 1.3562500e+01 1.3625000e+01
1.3625000e+01 1.3687500e+01 1.3687500e+01 1.3750000e+01
1.3750000e+01 1.3812500e+01 1.3812500e+01 1.3875000e+01
1.3875000e+01 1.3937500e+01 1.3937500e+01 1.4000000e+01
1.4000000e+01 1.4062500e+01 1.4062500e+01 1.4125000e+01
1.4125000e+01 1.4187500e+01 1.4187500e+01 1.4250000e+01
1.4250000e+01 1.4312500e+01 1.4312500e+01 1.4375000e+01
1.4375000e+01 1.4437500e+01 1.4437500e+01 1.4500000e+01
1.4500000e+01 1.4562500e+01 1.4562500e+01 1.4625000e+01
1.4625000e+01 1.4687500e+01 1.4687500e+01 1.4750000e+01
1.4750000e+01 1.4812500e+01 1.4812500e+01 1.4875000e+01
1.4875000e+01 1.4937500e+01 1.4937500e+01 1.5000000e+01
1.5000000e+01 1.5062500e+01 1.5062500e+01 1.5125000e+01
1.5125000e+01 1.5187500e+01 1.5187500e+01 1.5250000e+01
1.5250000e+01 1.5312500e+01 1.5312500e+01 1.5375000e+01
1.5375000e+01 1.5437500e+01 1.5437500e+01 1.5500000e+01
1.5500000e+01 1.5562500e+01 1.5562500e+01 1.5625000e+01
1.5625000e+01 1.5687500e+01 1.5687500e+01 1.5750000e+01
1.5750000e+01 1.5812500e+01 1.5812500e+01 1.5875000e+01
1.5875000e+01 1.5937500e+01 1.5937500e+01 1.6000000e+01
