CMD, D, D, TKEEP, TLAST
DATA, 268369928, 49935758, 0x0, 0
DATA, 3858302787, 4262461702, 0x0, 0
DATA, 382271563, 191892321, 0x0, 0
DATA, 601552998, 4167501744, 0x0, 0
DATA, 4155309610, 189399900, 0x0, 0
DATA, 207878252, 4167041351, 0x0, 0
DATA, 3076366, 3994946117, 0x0, 0
DATA, 4242021181, 4192657888, 0x0, 0
DATA, 274786638, 3863606977, 0x0, 0
DATA, 4284542926, 186320699, 0x0, 0
DATA, 166204598, 44958822, 0x0, 0
DATA, 762962217, 4107864085, 0x0, 0
DATA, 4262198134, 364516011, 0x0, 0
DATA, 89848821, 4051302493, 0x0, 0
DATA, 4075027684, 4139318563, 0x0, 0
DATA, 4205901557, 4186508512, 0x0, 0
DATA, 3661364270, 4028372557, 0x0, 0
DATA, 8645398, 211226876, 0x0, 0
DATA, 3921610581, 3925471988, 0x0, 0
DATA, 4078951773, 217120715, 0x0, 0
DATA, 3884913125, 4272025839, 0x0, 0
DATA, 275250344, 234879683, 0x0, 0
DATA, 163192891, 635039822, 0x0, 0
DATA, 388495344, 183307169, 0x0, 0
DATA, 4176675750, 466486084, 0x0, 0
DATA, 4034341696, 320204446, 0x0, 0
DATA, 4264822716, 14222175, 0x0, 0
DATA, 479719551, 4256562620, 0x0, 0
DATA, 431557999, 241556380, 0x0, 0
DATA, 3876388788, 3645578761, 0x0, 0
DATA, 17960647, 109577322, 0x0, 0
DATA, 4255900082, 4271443139, 0x0, 0
DATA, 407171042, 4163367756, 0x0, 0
DATA, 3699641745, 20511300, 0x0, 0
DATA, 305459207, 4144625556, 0x0, 0
DATA, 82972944, 4223473320, 0x0, 0
DATA, 135006276, 135005083, 0x0, 0
DATA, 3988252729, 3613456184, 0x0, 0
DATA, 4254016684, 867698043, 0x0, 0
DATA, 105975184, 3624138151, 0x0, 0
DATA, 4184345564, 3971224137, 0x0, 0
DATA, 4027845193, 4166715852, 0x0, 0
DATA, 332662281, 191895961, 0x0, 0
DATA, 4247067454, 4196791860, 0x0, 0
DATA, 392561420, 15270527, 0x0, 0
DATA, 97578876, 3823502465, 0x0, 0
DATA, 166919434, 4097044734, 0x0, 0
DATA, 346751334, 405413573, 0x0, 0
DATA, 419235193, 4018014951, 0x0, 0
DATA, 4243255769, 236779970, 0x0, 0
DATA, 4267114902, 228719190, 0x0, 0
DATA, 4207354084, 248904354, 0x0, 0
DATA, 429325189, 375656033, 0x0, 0
DATA, 4225820752, 3981117361, 0x0, 0
DATA, 268046111, 4139185960, 0x0, 0
DATA, 4019588760, 3620202287, 0x0, 0
DATA, 331617528, 4065588314, 0x0, 0
DATA, 248123220, 752613063, 0x0, 0
DATA, 294582455, 16848391, 0x0, 0
DATA, 4091678355, 251793548, 0x0, 0
DATA, 4241953538, 3980397843, 0x0, 0
DATA, 164949283, 57344773, 0x0, 0
DATA, 274597462, 4289458808, 0x0, 0
DATA, 165223011, 4128377007, 0x0, 0
DATA, 68745060, 0, 0x0F, 1
DATA, 2415853578, 4070767829, 0x0, 0
DATA, 4143647158, 72412276, 0x0, 0
DATA, 3752594068, 499446589, 0x0, 0
DATA, 202244531, 3927245199, 0x0, 0
DATA, 4223204777, 360056437, 0x0, 0
DATA, 3963809484, 4095277144, 0x0, 0
DATA, 4292405157, 12584369, 0x0, 0
DATA, 4166777188, 486339471, 0x0, 0
DATA, 260961445, 4263446405, 0x0, 0
DATA, 75828072, 139135561, 0x0, 0
DATA, 97847772, 4161728814, 0x0, 0
DATA, 244711775, 118161515, 0x0, 0
DATA, 367457848, 432997207, 0x0, 0
DATA, 191826174, 180288460, 0x0, 0
DATA, 20055151, 4237883086, 0x0, 0
DATA, 260308737, 4219596624, 0x0, 0
DATA, 235006762, 224913085, 0x0, 0
DATA, 4103275885, 278986888, 0x0, 0
DATA, 176948353, 254614675, 0x0, 0
DATA, 4289200845, 4275895011, 0x0, 0
DATA, 575277743, 29170679, 0x0, 0
DATA, 81127662, 307434929, 0x0, 0
DATA, 455854, 4180679748, 0x0, 0
DATA, 32700013, 4102092170, 0x0, 0
DATA, 89654639, 4173662475, 0x0, 0
DATA, 313722844, 123204954, 0x0, 0
DATA, 116257790, 152035536, 0x0, 0
DATA, 3785430201, 4132044337, 0x0, 0
DATA, 52891328, 3868593681, 0x0, 0
DATA, 4259967074, 150267658, 0x0, 0
DATA, 31587866, 454162357, 0x0, 0
DATA, 4189529174, 4223011994, 0x0, 0
DATA, 4107533489, 141501139, 0x0, 0
DATA, 197590205, 4029744522, 0x0, 0
DATA, 295109533, 3901749860, 0x0, 0
DATA, 3843290666, 4246998082, 0x0, 0
DATA, 3737586611, 8973909, 0x0, 0
DATA, 4279369354, 209906224, 0x0, 0
DATA, 230222986, 369620708, 0x0, 0
DATA, 212600631, 172229291, 0x0, 0
DATA, 4001103893, 3803575169, 0x0, 0
DATA, 81987769, 4119727002, 0x0, 0
DATA, 313978964, 164891950, 0x0, 0
DATA, 4177129044, 112389160, 0x0, 0
DATA, 223484174, 4262129074, 0x0, 0
DATA, 128383631, 4143975224, 0x0, 0
DATA, 79173237, 11930929, 0x0, 0
DATA, 596182620, 174133794, 0x0, 0
DATA, 3854435141, 83558586, 0x0, 0
DATA, 4209244716, 4188271487, 0x0, 0
DATA, 4208067352, 47449914, 0x0, 0
DATA, 4274916507, 4100720644, 0x0, 0
DATA, 155129061, 4264492129, 0x0, 0
DATA, 4028559981, 4110745314, 0x0, 0
DATA, 4175097466, 314439770, 0x0, 0
DATA, 4247778903, 165412811, 0x0, 0
DATA, 40570859, 3827438052, 0x0, 0
DATA, 4227459850, 3941929541, 0x0, 0
DATA, 251335941, 4207212427, 0x0, 0
DATA, 3605984903, 266201055, 0x0, 0
DATA, 99807043, 3943366288, 0x0, 0
DATA, 3978882609, 234223047, 0x0, 0
DATA, 126015775, 59965377, 0x0, 0
DATA, 165282486, 63899378, 0x0, 0
DATA, 69140916, 0, 0x0F, 1
DATA, 2415853568, 4245164803, 0x0, 0
DATA, 145029840, 4256499450, 0x0, 0
DATA, 4206368783, 3909742389, 0x0, 0
DATA, 9109256, 3575190444, 0x0, 0
DATA, 3940286950, 4240701843, 0x0, 0
DATA, 254341497, 4084271032, 0x0, 0
DATA, 4133754132, 199555608, 0x0, 0
DATA, 158006128, 35723292, 0x0, 0
DATA, 134937954, 116259899, 0x0, 0
DATA, 25811937, 33159007, 0x0, 0
DATA, 4017351015, 4214413759, 0x0, 0
DATA, 3981904754, 4161477763, 0x0, 0
DATA, 170722279, 73465698, 0x0, 0
DATA, 211814743, 66387887, 0x0, 0
DATA, 198638867, 435558362, 0x0, 0
DATA, 3842376241, 49804649, 0x0, 0
DATA, 139205329, 52300614, 0x0, 0
DATA, 262991916, 45999007, 0x0, 0
DATA, 154866113, 3882615431, 0x0, 0
DATA, 4131587705, 508885858, 0x0, 0
DATA, 4094548245, 4132377963, 0x0, 0
DATA, 4049078237, 3960280736, 0x0, 0
DATA, 4142409734, 4200525750, 0x0, 0
DATA, 4008768807, 218297160, 0x0, 0
DATA, 15864525, 43781416, 0x0, 0
DATA, 4232578734, 579607663, 0x0, 0
DATA, 4284090479, 4012244847, 0x0, 0
DATA, 6102803, 4290252020, 0x0, 0
DATA, 4097184167, 456327889, 0x0, 0
DATA, 3971486597, 216466629, 0x0, 0
DATA, 64093685, 337315327, 0x0, 0
DATA, 39588655, 319817988, 0x0, 0
DATA, 167766559, 83102853, 0x0, 0
DATA, 159254377, 66258897, 0x0, 0
DATA, 4164550810, 4010536897, 0x0, 0
DATA, 4026208647, 77779620, 0x0, 0
DATA, 4230932720, 3756458785, 0x0, 0
DATA, 687210578, 3917612989, 0x0, 0
DATA, 4097898526, 535426625, 0x0, 0
DATA, 4133410382, 4023315668, 0x0, 0
DATA, 249558313, 3876590936, 0x0, 0
DATA, 2099972, 118032278, 0x0, 0
DATA, 4122864792, 49482225, 0x0, 0
DATA, 4025812627, 3692106577, 0x0, 0
DATA, 271385702, 4235067059, 0x0, 0
DATA, 4278649243, 286721300, 0x0, 0
DATA, 248775218, 223546758, 0x0, 0
DATA, 165545968, 94577408, 0x0, 0
DATA, 49610310, 3642040045, 0x0, 0
DATA, 4129552281, 274071994, 0x0, 0
DATA, 4248042764, 3822649816, 0x0, 0
DATA, 3981826340, 4207607449, 0x0, 0
DATA, 21166367, 4068406891, 0x0, 0
DATA, 4233624211, 4061853085, 0x0, 0
DATA, 3966435814, 466749064, 0x0, 0
DATA, 110821803, 4056019604, 0x0, 0
DATA, 139332063, 199885560, 0x0, 0
DATA, 4226480518, 143730058, 0x0, 0
DATA, 4033808121, 185529666, 0x0, 0
DATA, 194900577, 4080006101, 0x0, 0
DATA, 4273936327, 156956265, 0x0, 0
DATA, 3928088400, 4239330680, 0x0, 0
DATA, 91620809, 115675043, 0x0, 0
DATA, 4063237459, 4064736464, 0x0, 0
DATA, 4062508822, 0, 0x0F, 1
DATA, 268369922, 4259318128, 0x0, 0
DATA, 4229560163, 48108005, 0x0, 0
DATA, 209971314, 123199236, 0x0, 0
DATA, 4022015091, 108855890, 0x0, 0
DATA, 4279637865, 36568555, 0x0, 0
DATA, 501742925, 100534377, 0x0, 0
DATA, 892136883, 3568893571, 0x0, 0
DATA, 110178202, 3662088935, 0x0, 0
DATA, 3967351468, 87098202, 0x0, 0
DATA, 224004639, 3934458440, 0x0, 0
DATA, 4280613297, 3629585196, 0x0, 0
DATA, 154990877, 4193712075, 0x0, 0
DATA, 23650742, 222298045, 0x0, 0
DATA, 287770020, 42730001, 0x0, 0
DATA, 270014291, 4272357417, 0x0, 0
DATA, 4041012390, 3748201600, 0x0, 0
DATA, 4073583277, 179245684, 0x0, 0
DATA, 4004185613, 488176931, 0x0, 0
DATA, 418778243, 317057871, 0x0, 0
DATA, 404162345, 4223465846, 0x0, 0
DATA, 50729709, 202107854, 0x0, 0
DATA, 4204200790, 4139842880, 0x0, 0
DATA, 4289993462, 3994479, 0x0, 0
DATA, 4261211939, 3895859611, 0x0, 0
DATA, 86643079, 3810588691, 0x0, 0
DATA, 7866418, 4245420805, 0x0, 0
DATA, 575990794, 143988962, 0x0, 0
DATA, 236388947, 4113832274, 0x0, 0
DATA, 47578579, 269288032, 0x0, 0
DATA, 79039291, 3920157511, 0x0, 0
DATA, 140702856, 451540959, 0x0, 0
DATA, 3857704989, 3684301902, 0x0, 0
DATA, 4204265221, 4239590422, 0x0, 0
DATA, 4175230516, 207748196, 0x0, 0
DATA, 400291178, 242091639, 0x0, 0
DATA, 332390743, 545587757, 0x0, 0
DATA, 4115405019, 4259446613, 0x0, 0
DATA, 382603142, 22999126, 0x0, 0
DATA, 3936951021, 4284282937, 0x0, 0
DATA, 405723084, 288088677, 0x0, 0
DATA, 500367514, 3994289672, 0x0, 0
DATA, 33757170, 46855371, 0x0, 0
DATA, 4096403587, 258151543, 0x0, 0
DATA, 34790566, 560994695, 0x0, 0
DATA, 129106790, 4287365599, 0x0, 0
DATA, 4135979182, 4207152299, 0x0, 0
DATA, 336859445, 98820455, 0x0, 0
DATA, 4024959162, 82645149, 0x0, 0
DATA, 4104269430, 240122671, 0x0, 0
DATA, 4209436864, 93384611, 0x0, 0
DATA, 3563330455, 4138132956, 0x0, 0
DATA, 3781492556, 166990428, 0x0, 0
DATA, 4052090095, 4233697465, 0x0, 0
DATA, 118554913, 4246209086, 0x0, 0
DATA, 3536390835, 3903519519, 0x0, 0
DATA, 4137352090, 263064238, 0x0, 0
DATA, 205452609, 249888790, 0x0, 0
DATA, 127597877, 322443011, 0x0, 0
DATA, 101975450, 465959164, 0x0, 0
DATA, 4155507170, 3978627221, 0x0, 0
DATA, 4096067024, 3878753344, 0x0, 0
DATA, 3968726492, 273356308, 0x0, 0
DATA, 4095997743, 4117690621, 0x0, 0
DATA, 26603787, 4138135314, 0x0, 0
DATA, 147260106, 0, 0x0F, 1
DATA, 2415853580, 248705995, 0x0, 0
DATA, 4023192753, 177735374, 0x0, 0
DATA, 4255185194, 4193915185, 0x0, 0
DATA, 4138927888, 4169934376, 0x0, 0
DATA, 104534039, 288491557, 0x0, 0
DATA, 320604369, 236050946, 0x0, 0
DATA, 4105634267, 4156690709, 0x0, 0
DATA, 60822032, 4274513338, 0x0, 0
DATA, 3840614901, 4246469398, 0x0, 0
DATA, 4080796070, 60617005, 0x0, 0
DATA, 3888973606, 321586716, 0x0, 0
DATA, 257890600, 4181327978, 0x0, 0
DATA, 472251289, 4246534141, 0x0, 0
DATA, 4289655338, 128397954, 0x0, 0
DATA, 4167170446, 3916890654, 0x0, 0
DATA, 3904573553, 40829372, 0x0, 0
DATA, 4221959273, 43517232, 0x0, 0
DATA, 200404941, 122810697, 0x0, 0
DATA, 267392897, 624166818, 0x0, 0
DATA, 4060806364, 4145280924, 0x0, 0
DATA, 156045274, 224986904, 0x0, 0
DATA, 3916624501, 3815968661, 0x0, 0
DATA, 3569084687, 3945922168, 0x0, 0
DATA, 4261088798, 4094888226, 0x0, 0
DATA, 357113626, 4043564126, 0x0, 0
DATA, 308148928, 449054692, 0x0, 0
DATA, 30995790, 323874097, 0x0, 0
DATA, 3822845457, 4242666672, 0x0, 0
DATA, 3688373535, 20441341, 0x0, 0
DATA, 342624013, 225967521, 0x0, 0
DATA, 433525715, 4116640511, 0x0, 0
DATA, 239862926, 22285469, 0x0, 0
DATA, 92199013, 654773925, 0x0, 0
DATA, 316344299, 4246267927, 0x0, 0
DATA, 346613042, 467732081, 0x0, 0
DATA, 68680969, 4184935368, 0x0, 0
DATA, 4076143453, 15278610, 0x0, 0
DATA, 4213902746, 4233028204, 0x0, 0
DATA, 191823601, 18740293, 0x0, 0
DATA, 437847527, 398131407, 0x0, 0
DATA, 4103992530, 4175626659, 0x0, 0
DATA, 301138668, 236910953, 0x0, 0
DATA, 3885236062, 3994153408, 0x0, 0
DATA, 221966368, 4043234829, 0x0, 0
DATA, 15407831, 28051274, 0x0, 0
DATA, 313791723, 584780449, 0x0, 0
DATA, 4198494259, 3707375981, 0x0, 0
DATA, 209254600, 3988389612, 0x0, 0
DATA, 211684672, 4071486454, 0x0, 0
DATA, 142009638, 4221042300, 0x0, 0
DATA, 10158140, 4241097882, 0x0, 0
DATA, 4209768811, 54463619, 0x0, 0
DATA, 407559492, 61408054, 0x0, 0
DATA, 4032564759, 154147940, 0x0, 0
DATA, 4084794201, 4013888795, 0x0, 0
DATA, 3876391576, 91291658, 0x0, 0
DATA, 4260296575, 330957524, 0x0, 0
DATA, 4210159246, 4162388867, 0x0, 0
DATA, 4237032661, 264441981, 0x0, 0
DATA, 172096422, 3934253710, 0x0, 0
DATA, 62327924, 4079093545, 0x0, 0
DATA, 350226971, 285801031, 0x0, 0
DATA, 142809116, 4230487976, 0x0, 0
DATA, 431685195, 4139783303, 0x0, 0
DATA, 4126407976, 0, 0x0F, 1
DATA, 268369934, 169931338, 0x0, 0
DATA, 4170579329, 4289722325, 0x0, 0
DATA, 3884191167, 63298057, 0x0, 0
DATA, 4186769417, 320806368, 0x0, 0
DATA, 4072929693, 3876590943, 0x0, 0
DATA, 464779405, 224398919, 0x0, 0
DATA, 248059002, 3987540550, 0x0, 0
DATA, 4119389399, 3952932041, 0x0, 0
DATA, 154331014, 305528595, 0x0, 0
DATA, 4092392374, 4260492123, 0x0, 0
DATA, 4270001009, 4070641610, 0x0, 0
DATA, 4163171943, 4105705057, 0x0, 0
DATA, 3873310275, 235343424, 0x0, 0
DATA, 94831726, 653200785, 0x0, 0
DATA, 3774151439, 4254602294, 0x0, 0
DATA, 627642835, 4291753877, 0x0, 0
DATA, 304609001, 854001488, 0x0, 0
DATA, 4227067677, 44894101, 0x0, 0
DATA, 4201971436, 137305130, 0x0, 0
DATA, 257294160, 4198369840, 0x0, 0
DATA, 158857586, 4234341162, 0x0, 0
DATA, 20254099, 369752908, 0x0, 0
DATA, 4270063432, 4159505995, 0x0, 0
DATA, 145294574, 544870229, 0x0, 0
DATA, 3911061511, 4000456048, 0x0, 0
DATA, 458164099, 174186570, 0x0, 0
DATA, 4235584646, 3959554495, 0x0, 0
DATA, 3760330899, 4041739904, 0x0, 0
DATA, 4091017982, 179240297, 0x0, 0
DATA, 4044228659, 4080665389, 0x0, 0
DATA, 356909385, 4154712432, 0x0, 0
DATA, 4063035574, 4033805756, 0x0, 0
DATA, 3951361123, 89192025, 0x0, 0
DATA, 4063493644, 277023911, 0x0, 0
DATA, 4100924750, 6229077, 0x0, 0
DATA, 64615782, 116918380, 0x0, 0
DATA, 4232309018, 53282592, 0x0, 0
DATA, 4285397591, 10487706, 0x0, 0
DATA, 315170259, 3628213336, 0x0, 0
DATA, 109961982, 564990108, 0x0, 0
DATA, 3404126, 14480927, 0x0, 0
DATA, 552267279, 650978658, 0x0, 0
DATA, 4006018707, 4087547465, 0x0, 0
DATA, 168432424, 3811449497, 0x0, 0
DATA, 349238448, 3949786896, 0x0, 0
DATA, 426716661, 347534114, 0x0, 0
DATA, 4279369062, 3420522960, 0x0, 0
DATA, 29818859, 45610841, 0x0, 0
DATA, 4184469388, 4103137429, 0x0, 0
DATA, 416481378, 4280226430, 0x0, 0
DATA, 153685565, 4219003393, 0x0, 0
DATA, 4189453937, 4233625790, 0x0, 0
DATA, 4228777605, 138611350, 0x0, 0
DATA, 202174462, 4138201458, 0x0, 0
DATA, 54589249, 4124318116, 0x0, 0
DATA, 3995332954, 188812131, 0x0, 0
DATA, 4116648296, 4208004468, 0x0, 0
DATA, 183955764, 28570187, 0x0, 0
DATA, 4089778213, 597483997, 0x0, 0
DATA, 4183818479, 3807964093, 0x0, 0
DATA, 227411106, 4128369462, 0x0, 0
DATA, 101907673, 3917741823, 0x0, 0
DATA, 420733282, 397282863, 0x0, 0
DATA, 4178055777, 231536200, 0x0, 0
DATA, 5507801, 0, 0x0F, 1
DATA, 268369924, 4170313252, 0x0, 0
DATA, 3953397491, 357438699, 0x0, 0
DATA, 4293204772, 3622173413, 0x0, 0
DATA, 402981693, 4083155416, 0x0, 0
DATA, 340720190, 189332978, 0x0, 0
DATA, 167048235, 95356709, 0x0, 0
DATA, 460336517, 4115398888, 0x0, 0
DATA, 120781583, 36303434, 0x0, 0
DATA, 82581386, 484055651, 0x0, 0
DATA, 4171501188, 183694579, 0x0, 0
DATA, 4075099953, 4151177227, 0x0, 0
DATA, 4279497399, 401473515, 0x0, 0
DATA, 376307788, 206962006, 0x0, 0
DATA, 4064082972, 539957502, 0x0, 0
DATA, 4142791840, 3929014058, 0x0, 0
DATA, 4215283497, 3733421, 0x0, 0
DATA, 4111067631, 55968462, 0x0, 0
DATA, 4145813890, 3895908020, 0x0, 0
DATA, 4171754886, 4199609970, 0x0, 0
DATA, 3662291944, 4112526359, 0x0, 0
DATA, 4162715664, 84018293, 0x0, 0
DATA, 4010083367, 3814650567, 0x0, 0
DATA, 4093112103, 4120172567, 0x0, 0
DATA, 4108456477, 3926454480, 0x0, 0
DATA, 4210357391, 543221525, 0x0, 0
DATA, 189657383, 4129818976, 0x0, 0
DATA, 118295494, 61271973, 0x0, 0
DATA, 26873108, 72358505, 0x0, 0
DATA, 4168477610, 4189914723, 0x0, 0
DATA, 4210097558, 45023350, 0x0, 0
DATA, 425786896, 4196339340, 0x0, 0
DATA, 105649299, 335544677, 0x0, 0
DATA, 3629846292, 4125489108, 0x0, 0
DATA, 4205382412, 4215924490, 0x0, 0
DATA, 50266932, 4286322250, 0x0, 0
DATA, 4286778823, 3788833201, 0x0, 0
DATA, 467719023, 3775395376, 0x0, 0
DATA, 251128411, 135395663, 0x0, 0
DATA, 4057597482, 274656463, 0x0, 0
DATA, 4243527051, 4066506689, 0x0, 0
DATA, 146150440, 198907449, 0x0, 0
DATA, 188352303, 4208000805, 0x0, 0
DATA, 120004840, 4170780183, 0x0, 0
DATA, 451535943, 4246932735, 0x0, 0
DATA, 456784357, 20971536, 0x0, 0
DATA, 80547813, 248709834, 0x0, 0
DATA, 4264816460, 4001172385, 0x0, 0
DATA, 4037598254, 193793433, 0x0, 0
DATA, 83427622, 26730754, 0x0, 0
DATA, 3972986118, 331552468, 0x0, 0
DATA, 341438899, 4063355203, 0x0, 0
DATA, 4280946356, 192408365, 0x0, 0
DATA, 4173589335, 3952348707, 0x0, 0
DATA, 266800474, 4167637028, 0x0, 0
DATA, 107214286, 584189440, 0x0, 0
DATA, 4114345547, 16972049, 0x0, 0
DATA, 4058905625, 484507303, 0x0, 0
DATA, 4219271829, 3793614228, 0x0, 0
DATA, 4189518639, 4014804759, 0x0, 0
DATA, 11405961, 4196271543, 0x0, 0
DATA, 70976721, 4016568199, 0x0, 0
DATA, 3894477572, 3793487376, 0x0, 0
DATA, 327481888, 4093117022, 0x0, 0
DATA, 19665010, 4146063869, 0x0, 0
DATA, 4206488774, 0, 0x0F, 1
DATA, 2415853574, 4201909474, 0x0, 0
DATA, 3851487706, 202444407, 0x0, 0
DATA, 4235659608, 275637579, 0x0, 0
DATA, 4171692444, 107876790, 0x0, 0
DATA, 26221524, 29952716, 0x0, 0
DATA, 43838378, 4169400388, 0x0, 0
DATA, 4144622998, 657519132, 0x0, 0
DATA, 4284679340, 256704202, 0x0, 0
DATA, 398918313, 250793642, 0x0, 0
DATA, 218501918, 4117753781, 0x0, 0
DATA, 101179777, 148173915, 0x0, 0
DATA, 156169216, 352446602, 0x0, 0
DATA, 253689970, 519641950, 0x0, 0
DATA, 4061589143, 3906145357, 0x0, 0
DATA, 61535310, 3911447242, 0x0, 0
DATA, 243531592, 4268427467, 0x0, 0
DATA, 3660381265, 4053729866, 0x0, 0
DATA, 4055634249, 69989503, 0x0, 0
DATA, 318565849, 4141804479, 0x0, 0
DATA, 3811966159, 4135647232, 0x0, 0
DATA, 551947412, 92205176, 0x0, 0
DATA, 4278389256, 4238352392, 0x0, 0
DATA, 4019713011, 4218417399, 0x0, 0
DATA, 4206750681, 4117101174, 0x0, 0
DATA, 3649633420, 58593357, 0x0, 0
DATA, 4149876986, 3924830375, 0x0, 0
DATA, 3999205456, 20649080, 0x0, 0
DATA, 281276364, 3820486475, 0x0, 0
DATA, 192546451, 3860855432, 0x0, 0
DATA, 4256831610, 160829666, 0x0, 0
DATA, 4085840228, 4150717989, 0x0, 0
DATA, 806353773, 379850900, 0x0, 0
DATA, 3996380007, 561776025, 0x0, 0
DATA, 4154327009, 4256166643, 0x0, 0
DATA, 441126576, 4019385739, 0x0, 0
DATA, 175443760, 4186963170, 0x0, 0
DATA, 139724883, 4088654462, 0x0, 0
DATA, 127790552, 50593152, 0x0, 0
DATA, 592514054, 4242670408, 0x0, 0
DATA, 4145284860, 253092686, 0x0, 0
DATA, 4266918036, 4209177799, 0x0, 0
DATA, 5117996, 356908774, 0x0, 0
DATA, 4234743232, 4283885540, 0x0, 0
DATA, 486741740, 266142632, 0x0, 0
DATA, 4083553103, 4160679124, 0x0, 0
DATA, 4287033128, 4109952073, 0x0, 0
DATA, 41227646, 4201643922, 0x0, 0
DATA, 4119460030, 4071884198, 0x0, 0
DATA, 3994030891, 4139647242, 0x0, 0
DATA, 54134355, 112458393, 0x0, 0
DATA, 4244831612, 93723479, 0x0, 0
DATA, 4241946572, 4036422371, 0x0, 0
DATA, 185270054, 243803305, 0x0, 0
DATA, 4070379882, 179114363, 0x0, 0
DATA, 4206163051, 4179430733, 0x0, 0
DATA, 4180471269, 3844011135, 0x0, 0
DATA, 251003844, 3981704527, 0x0, 0
DATA, 160432313, 4224903990, 0x0, 0
DATA, 97057727, 4053923608, 0x0, 0
DATA, 4128704570, 4254133329, 0x0, 0
DATA, 4240702881, 4284540570, 0x0, 0
DATA, 4058379816, 4078566618, 0x0, 0
DATA, 4187946820, 48757574, 0x0, 0
DATA, 35056339, 342161352, 0x0, 0
DATA, 287500809, 0, 0x0F, 1
DATA, 2415853577, 7336548, 0x0, 0
DATA, 4149803034, 421785370, 0x0, 0
DATA, 490276322, 4272691153, 0x0, 0
DATA, 49280669, 4096001150, 0x0, 0
DATA, 4164943645, 205650918, 0x0, 0
DATA, 61413313, 4241160901, 0x0, 0
DATA, 561644649, 3744334176, 0x0, 0
DATA, 4023713098, 23925079, 0x0, 0
DATA, 3998682806, 76407159, 0x0, 0
DATA, 67162015, 113307241, 0x0, 0
DATA, 346228060, 4256629124, 0x0, 0
DATA, 4270585563, 333779110, 0x0, 0
DATA, 187295553, 360317980, 0x0, 0
DATA, 294517814, 134152449, 0x0, 0
DATA, 4100128340, 65271589, 0x0, 0
DATA, 4100266273, 4188996078, 0x0, 0
DATA, 4292480455, 19526704, 0x0, 0
DATA, 320145353, 482940665, 0x0, 0
DATA, 4582867, 4007206043, 0x0, 0
DATA, 72820385, 4078565456, 0x0, 0
DATA, 4293521696, 563743807, 0x0, 0
DATA, 3929342094, 283697926, 0x0, 0
DATA, 4149532608, 565376373, 0x0, 0
DATA, 3788448042, 4020885461, 0x0, 0
DATA, 4178897920, 270009931, 0x0, 0
DATA, 4196009155, 3799971620, 0x0, 0
DATA, 4078768054, 4067029528, 0x0, 0
DATA, 3712222740, 41027778, 0x0, 0
DATA, 4021222109, 62261163, 0x0, 0
DATA, 299371646, 4036166625, 0x0, 0
DATA, 4129293314, 337438192, 0x0, 0
DATA, 3727295516, 3621450033, 0x0, 0
DATA, 3728668432, 252768516, 0x0, 0
DATA, 4154330621, 4164943381, 0x0, 0
DATA, 718993586, 265093915, 0x0, 0
DATA, 3885238342, 309203416, 0x0, 0
DATA, 117057367, 4097637864, 0x0, 0
DATA, 575276911, 3973057229, 0x0, 0
DATA, 251003306, 90188195, 0x0, 0
DATA, 4159106411, 280500651, 0x0, 0
DATA, 3908892334, 448659033, 0x0, 0
DATA, 431092390, 4002744257, 0x0, 0
DATA, 4186633746, 4206827434, 0x0, 0
DATA, 132446028, 136383993, 0x0, 0
DATA, 174123365, 2752138, 0x0, 0
DATA, 3917940127, 4060792, 0x0, 0
DATA, 4261738623, 451547920, 0x0, 0
DATA, 41087249, 3463118767, 0x0, 0
DATA, 4275764164, 3995929347, 0x0, 0
DATA, 4219137899, 356709649, 0x0, 0
DATA, 136241262, 4015591019, 0x0, 0
DATA, 537462961, 137951429, 0x0, 0
DATA, 3883067360, 4018738243, 0x0, 0
DATA, 359196732, 244181841, 0x0, 0
DATA, 93192934, 4220909806, 0x0, 0
DATA, 167634973, 4010275483, 0x0, 0
DATA, 191112853, 65210657, 0x0, 0
DATA, 184423397, 3934062257, 0x0, 0
DATA, 3804506935, 4111992891, 0x0, 0
DATA, 4090565686, 4090949516, 0x0, 0
DATA, 4117298690, 156042877, 0x0, 0
DATA, 429390369, 4240376665, 0x0, 0
DATA, 22284239, 93655156, 0x0, 0
DATA, 4105894746, 4077651969, 0x0, 0
DATA, 25098322, 0, 0x0F, 1
DATA, 268369931, 4210943925, 0x0, 0
DATA, 12906289, 3802334738, 0x0, 0
DATA, 308670775, 3848401044, 0x0, 0
DATA, 199942961, 87751204, 0x0, 0
DATA, 156173326, 339735774, 0x0, 0
DATA, 277481156, 581570183, 0x0, 0
DATA, 4288870280, 3850629564, 0x0, 0
DATA, 106948698, 4136239211, 0x0, 0
DATA, 4173527078, 92861988, 0x0, 0
DATA, 4112323260, 4249350085, 0x0, 0
DATA, 139335133, 3998688658, 0x0, 0
DATA, 109644377, 3984788153, 0x0, 0
DATA, 11337788, 4087014596, 0x0, 0
DATA, 4116244301, 4075291532, 0x0, 0
DATA, 86906005, 132842731, 0x0, 0
DATA, 3954442728, 4228647770, 0x0, 0
DATA, 281742790, 4202296094, 0x0, 0
DATA, 4241692299, 4000968575, 0x0, 0
DATA, 415489059, 111808493, 0x0, 0
DATA, 4080007703, 3920294984, 0x0, 0
DATA, 149029535, 2623374, 0x0, 0
DATA, 4202171064, 85925240, 0x0, 0
DATA, 4279238692, 327876848, 0x0, 0
DATA, 4136697023, 3930193315, 0x0, 0
DATA, 234554508, 4168428017, 0x0, 0
DATA, 4113566017, 247671294, 0x0, 0
DATA, 227403234, 318439623, 0x0, 0
DATA, 10617703, 489096553, 0x0, 0
DATA, 322830638, 265095603, 0x0, 0
DATA, 766173999, 298055365, 0x0, 0
DATA, 330034260, 4284419515, 0x0, 0
DATA, 95034367, 4283894796, 0x0, 0
DATA, 53478978, 60625821, 0x0, 0
DATA, 188090991, 228131199, 0x0, 0
DATA, 48755707, 156628483, 0x0, 0
DATA, 2233402, 386603349, 0x0, 0
DATA, 4179426221, 3994677706, 0x0, 0
DATA, 4076800467, 290520785, 0x0, 0
DATA, 4262068127, 4006349399, 0x0, 0
DATA, 4231271997, 3926388942, 0x0, 0
DATA, 3765238414, 270468631, 0x0, 0
DATA, 4220452228, 343409817, 0x0, 0
DATA, 3963877020, 4047960869, 0x0, 0
DATA, 145548498, 206041704, 0x0, 0
DATA, 3996719963, 221058690, 0x0, 0
DATA, 4154326058, 4220973510, 0x0, 0
DATA, 214102122, 4233489083, 0x0, 0
DATA, 509936851, 593950975, 0x0, 0
DATA, 3999271511, 4183485146, 0x0, 0
DATA, 3997894011, 4092659167, 0x0, 0
DATA, 262666118, 3913616274, 0x0, 0
DATA, 483522244, 385622045, 0x0, 0
DATA, 4042840774, 420409358, 0x0, 0
DATA, 4271176593, 216195767, 0x0, 0
DATA, 191035920, 209842018, 0x0, 0
DATA, 109318222, 12970388, 0x0, 0
DATA, 71229692, 267976744, 0x0, 0
DATA, 4253155604, 4224970692, 0x0, 0
DATA, 4235596709, 96139656, 0x0, 0
DATA, 4268888858, 29494164, 0x0, 0
DATA, 4113698626, 4194570860, 0x0, 0
DATA, 110169049, 4243851153, 0x0, 0
DATA, 212407821, 4217831136, 0x0, 0
DATA, 3986692200, 4169985781, 0x0, 0
DATA, 58724488, 0, 0x0F, 1
DATA, 268369921, 124843720, 0x0, 0
DATA, 4044954861, 4147110719, 0x0, 0
DATA, 570224216, 417073984, 0x0, 0
DATA, 4074835023, 128977947, 0x0, 0
DATA, 59180003, 46399166, 0x0, 0
DATA, 182781988, 356188561, 0x0, 0
DATA, 65470941, 217849229, 0x0, 0
DATA, 4010016433, 3936483563, 0x0, 0
DATA, 3866368087, 4194440505, 0x0, 0
DATA, 101583516, 3819304993, 0x0, 0
DATA, 462620750, 3996060253, 0x0, 0
DATA, 105575514, 185067061, 0x0, 0
DATA, 4019464423, 4079810490, 0x0, 0
DATA, 3908892584, 4281927471, 0x0, 0
DATA, 4053800299, 3790005271, 0x0, 0
DATA, 4110423520, 3991150356, 0x0, 0
DATA, 140053407, 317260714, 0x0, 0
DATA, 362352498, 513933718, 0x0, 0
DATA, 4259445015, 4285210261, 0x0, 0
DATA, 163771611, 4226416623, 0x0, 0
DATA, 116783345, 3970236980, 0x0, 0
DATA, 448057062, 4013169908, 0x0, 0
DATA, 206239764, 169471847, 0x0, 0
DATA, 15132957, 117697185, 0x0, 0
DATA, 205063972, 4191549335, 0x0, 0
DATA, 4081116284, 3983671820, 0x0, 0
DATA, 172491694, 4177980850, 0x0, 0
DATA, 3767601078, 74124583, 0x0, 0
DATA, 47508001, 4067492054, 0x0, 0
DATA, 259194571, 601226383, 0x0, 0
DATA, 228071443, 4097171418, 0x0, 0
DATA, 33944074, 606077765, 0x0, 0
DATA, 3780311751, 4187814822, 0x0, 0
DATA, 3922526740, 3974237556, 0x0, 0
DATA, 77464116, 4103864799, 0x0, 0
DATA, 128839772, 472184328, 0x0, 0
DATA, 4199547625, 342165148, 0x0, 0
DATA, 4056863705, 355199642, 0x0, 0
DATA, 4031183064, 607254029, 0x0, 0
DATA, 144963463, 4042722788, 0x0, 0
DATA, 15793857, 4155377288, 0x0, 0
DATA, 4005361164, 159841038, 0x0, 0
DATA, 4272613693, 582875083, 0x0, 0
DATA, 4253878585, 4105116184, 0x0, 0
DATA, 179897612, 139593958, 0x0, 0
DATA, 618004153, 4135576885, 0x0, 0
DATA, 19658077, 211023800, 0x0, 0
DATA, 490674344, 4014345726, 0x0, 0
DATA, 456450912, 346748171, 0x0, 0
DATA, 360906839, 289273201, 0x0, 0
DATA, 1903764, 4259571244, 0x0, 0
DATA, 3959880405, 31327414, 0x0, 0
DATA, 4019321326, 3997955383, 0x0, 0
DATA, 4100714590, 4232841648, 0x0, 0
DATA, 3941861720, 4187092299, 0x0, 0
DATA, 4212321417, 4230803919, 0x0, 0
DATA, 172691759, 258670603, 0x0, 0
DATA, 4180018178, 4116973216, 0x0, 0
DATA, 307293103, 3787328850, 0x0, 0
DATA, 330237228, 4220195634, 0x0, 0
DATA, 573703553, 4293191497, 0x0, 0
DATA, 4091872966, 3888110884, 0x0, 0
DATA, 4266518515, 531625339, 0x0, 0
DATA, 465235720, 181467020, 0x0, 0
DATA, 311756694, 0, 0x0F, 1
DATA, 2415853571, 291180057, 0x0, 0
DATA, 133954160, 346232672, 0x0, 0
DATA, 33754315, 4211540898, 0x0, 0
DATA, 3880778676, 4246800281, 0x0, 0
DATA, 4181784075, 4110286645, 0x0, 0
DATA, 4001757896, 3884126870, 0x0, 0
DATA, 4172290407, 4011387984, 0x0, 0
DATA, 183568186, 173875272, 0x0, 0
DATA, 4266527091, 4099735485, 0x0, 0
DATA, 4167239436, 621353084, 0x0, 0
DATA, 286781779, 62707440, 0x0, 0
DATA, 4065524964, 394527646, 0x0, 0
DATA, 254482372, 105448195, 0x0, 0
DATA, 4210098276, 267653312, 0x0, 0
DATA, 139711362, 4104126464, 0x0, 0
DATA, 53022243, 330237834, 0x0, 0
DATA, 4280150796, 4275432801, 0x0, 0
DATA, 4036559170, 242480599, 0x0, 0
DATA, 4096063152, 4030989437, 0x0, 0
DATA, 151525272, 4234548253, 0x0, 0
DATA, 4158132820, 43639964, 0x0, 0
DATA, 300016609, 293404965, 0x0, 0
DATA, 480185469, 4278258114, 0x0, 0
DATA, 4118475319, 4113303205, 0x0, 0
DATA, 4113498161, 35587739, 0x0, 0
DATA, 14681323, 4230600975, 0x0, 0
DATA, 70576187, 80084101, 0x0, 0
DATA, 4116577000, 4105966117, 0x0, 0
DATA, 3867017853, 4124705543, 0x0, 0
DATA, 140770723, 386396606, 0x0, 0
DATA, 4163504790, 3967353004, 0x0, 0
DATA, 18027170, 3956403384, 0x0, 0
DATA, 3842832588, 3863277409, 0x0, 0
DATA, 175898598, 565436277, 0x0, 0
DATA, 192151530, 36768121, 0x0, 0
DATA, 8456559, 191368353, 0x0, 0
DATA, 242096735, 4233879743, 0x0, 0
DATA, 218497133, 4064677478, 0x0, 0
DATA, 3968207466, 4268687247, 0x0, 0
DATA, 323491749, 60488549, 0x0, 0
DATA, 172880009, 562356688, 0x0, 0
DATA, 376644434, 47253231, 0x0, 0
DATA, 339142106, 4204260102, 0x0, 0
DATA, 4294964916, 4065126939, 0x0, 0
DATA, 445384938, 3832014149, 0x0, 0
DATA, 24564513, 4083024363, 0x0, 0
DATA, 118621024, 4289203937, 0x0, 0
DATA, 4128902799, 3823170999, 0x0, 0
DATA, 4230409680, 503583476, 0x0, 0
DATA, 38605183, 18475222, 0x0, 0
DATA, 28574938, 4255848745, 0x0, 0
DATA, 4026919506, 4175104251, 0x0, 0
DATA, 4177784644, 4196070888, 0x0, 0
DATA, 267389849, 4222419519, 0x0, 0
DATA, 35713687, 371848902, 0x0, 0
DATA, 79883788, 547749458, 0x0, 0
DATA, 163057340, 296672117, 0x0, 0
DATA, 4261539709, 136376068, 0x0, 0
DATA, 401540609, 4083680550, 0x0, 0
DATA, 73926323, 338168491, 0x0, 0
DATA, 4119331198, 329057240, 0x0, 0
DATA, 12842108, 4161991073, 0x0, 0
DATA, 79567125, 3947498139, 0x0, 0
DATA, 4151972452, 4138073649, 0x0, 0
DATA, 64220970, 0, 0x0F, 1
DATA, 268369933, 447739650, 0x0, 0
DATA, 297273730, 59706658, 0x0, 0
DATA, 102571793, 4131914384, 0x0, 0
DATA, 128778820, 4150983632, 0x0, 0
DATA, 69129210, 299760368, 0x0, 0
DATA, 339610406, 147329521, 0x0, 0
DATA, 4029804230, 4148234975, 0x0, 0
DATA, 154402661, 346305936, 0x0, 0
DATA, 82573489, 224594066, 0x0, 0
DATA, 161942589, 3825856822, 0x0, 0
DATA, 4263181380, 4090032998, 0x0, 0
DATA, 57667523, 269550897, 0x0, 0
DATA, 135919909, 15274213, 0x0, 0
DATA, 4209242295, 109183866, 0x0, 0
DATA, 221574983, 4121164228, 0x0, 0
DATA, 3913802237, 255915885, 0x0, 0
DATA, 281086841, 3682014021, 0x0, 0
DATA, 182253366, 4148884786, 0x0, 0
DATA, 4104124093, 4203541568, 0x0, 0
DATA, 51117412, 92536153, 0x0, 0
DATA, 413332212, 3712026825, 0x0, 0
DATA, 4065984740, 4273802297, 0x0, 0
DATA, 4121881664, 158993616, 0x0, 0
DATA, 4143976969, 4222227866, 0x0, 0
DATA, 4040560060, 180349734, 0x0, 0
DATA, 407434981, 213518509, 0x0, 0
DATA, 319809684, 46273636, 0x0, 0
DATA, 4021415047, 157153296, 0x0, 0
DATA, 339474479, 3967158121, 0x0, 0
DATA, 3852140824, 4249743388, 0x0, 0
DATA, 490015183, 4001555849, 0x0, 0
DATA, 4072273308, 3939432984, 0x0, 0
DATA, 111929629, 580453971, 0x0, 0
DATA, 4209119784, 4235200903, 0x0, 0
DATA, 4147777898, 4240114636, 0x0, 0
DATA, 4275437974, 3827955329, 0x0, 0
DATA, 79361151, 68748266, 0x0, 0
DATA, 3948604993, 4005562139, 0x0, 0
DATA, 330428936, 160956921, 0x0, 0
DATA, 224067967, 9901499, 0x0, 0
DATA, 36042095, 4257485731, 0x0, 0
DATA, 57804480, 13175978, 0x0, 0
DATA, 7669544, 4268748786, 0x0, 0
DATA, 4087277921, 312927549, 0x0, 0
DATA, 3883980639, 3787071334, 0x0, 0
DATA, 4224715060, 219673206, 0x0, 0
DATA, 3978493909, 4107930443, 0x0, 0
DATA, 609148260, 265480682, 0x0, 0
DATA, 4071425467, 4283759803, 0x0, 0
DATA, 507905862, 4286115276, 0x0, 0
DATA, 3722968143, 311945760, 0x0, 0
DATA, 3744269130, 393736510, 0x0, 0
DATA, 4028501163, 4226941601, 0x0, 0
DATA, 49936033, 4169399202, 0x0, 0
DATA, 341962553, 309924254, 0x0, 0
DATA, 3896311808, 4177203481, 0x0, 0
DATA, 634323306, 50856709, 0x0, 0
DATA, 829756545, 151718417, 0x0, 0
DATA, 115668620, 235346030, 0x0, 0
DATA, 48434442, 551288735, 0x0, 0
DATA, 393540277, 4082437094, 0x0, 0
DATA, 109907671, 443750684, 0x0, 0
DATA, 3828799289, 4105045805, 0x0, 0
DATA, 90036850, 4108450095, 0x0, 0
DATA, 4251517847, 0, 0x0F, 1
DATA, 2415853583, 63241240, 0x0, 0
DATA, 4021611813, 242550578, 0x0, 0
DATA, 4169336916, 42861441, 0x0, 0
DATA, 3829269215, 82899583, 0x0, 0
DATA, 4285337527, 4059495102, 0x0, 0
DATA, 4114421142, 335089163, 0x0, 0
DATA, 114821456, 199818499, 0x0, 0
DATA, 3942638772, 45346258, 0x0, 0
DATA, 3998806390, 108727425, 0x0, 0
DATA, 92539981, 168495789, 0x0, 0
DATA, 4096654743, 3968536199, 0x0, 0
DATA, 4024761850, 4228587976, 0x0, 0
DATA, 4273406995, 312743146, 0x0, 0
DATA, 477763915, 4189186734, 0x0, 0
DATA, 30013147, 14605283, 0x0, 0
DATA, 179830455, 307428964, 0x0, 0
DATA, 4223794895, 3859549853, 0x0, 0
DATA, 261615134, 388954632, 0x0, 0
DATA, 4252886421, 87423106, 0x0, 0
DATA, 4111262526, 4173401828, 0x0, 0
DATA, 4292149074, 4277068619, 0x0, 0
DATA, 531297503, 419238836, 0x0, 0
DATA, 378269303, 4244971761, 0x0, 0
DATA, 4110684267, 4179027673, 0x0, 0
DATA, 41224520, 4027447900, 0x0, 0
DATA, 4178181025, 101911033, 0x0, 0
DATA, 4142533346, 4107539709, 0x0, 0
DATA, 195626216, 4261222427, 0x0, 0
DATA, 4103078673, 4282183648, 0x0, 0
DATA, 73604419, 4287167749, 0x0, 0
DATA, 260769393, 177269794, 0x0, 0
DATA, 4249222145, 3957386338, 0x0, 0
DATA, 579796043, 47576547, 0x0, 0
DATA, 4210951099, 3896111384, 0x0, 0
DATA, 4243197992, 4266850867, 0x0, 0
DATA, 4187874558, 4096259937, 0x0, 0
DATA, 4168094253, 141098563, 0x0, 0
DATA, 3940545731, 24043065, 0x0, 0
DATA, 4248172736, 279709195, 0x0, 0
DATA, 4239333128, 4125621006, 0x0, 0
DATA, 4024624746, 4007002033, 0x0, 0
DATA, 3959293162, 4060024154, 0x0, 0
DATA, 692320035, 4187168869, 0x0, 0
DATA, 3946190810, 4234215960, 0x0, 0
DATA, 4292080651, 4090561921, 0x0, 0
DATA, 37093037, 43845180, 0x0, 0
DATA, 320929055, 3908040674, 0x0, 0
DATA, 4282512720, 107674843, 0x0, 0
DATA, 272568661, 277547182, 0x0, 0
DATA, 63699648, 492696043, 0x0, 0
DATA, 357370021, 4079943275, 0x0, 0
DATA, 86379079, 418448024, 0x0, 0
DATA, 9434139, 4024559390, 0x0, 0
DATA, 3926713533, 4140171135, 0x0, 0
DATA, 4080795097, 3904376771, 0x0, 0
DATA, 307239838, 134610551, 0x0, 0
DATA, 27331676, 4150394779, 0x0, 0
DATA, 3984061978, 420939203, 0x0, 0
DATA, 281678396, 37622713, 0x0, 0
DATA, 230957567, 4236644107, 0x0, 0
DATA, 68550583, 3813008146, 0x0, 0
DATA, 4285337842, 3966632370, 0x0, 0
DATA, 37287836, 237169438, 0x0, 0
DATA, 211612614, 59108513, 0x0, 0
DATA, 528350281, 0, 0x0F, 1
DATA, 2415853573, 230359775, 0x0, 0
DATA, 4154324420, 4031838904, 0x0, 0
DATA, 4201908743, 3954438344, 0x0, 0
DATA, 4050909695, 4123131797, 0x0, 0
DATA, 11338525, 209386249, 0x0, 0
DATA, 4028629548, 4081642848, 0x0, 0
DATA, 4043830420, 3832669983, 0x0, 0
DATA, 4264173993, 4215341484, 0x0, 0
DATA, 61468073, 86772143, 0x0, 0
DATA, 311229764, 4076592973, 0x0, 0
DATA, 274532786, 4203217508, 0x0, 0
DATA, 3781888962, 3928237366, 0x0, 0
DATA, 210430718, 57801528, 0x0, 0
DATA, 4199678939, 64552280, 0x0, 0
DATA, 354422722, 181066223, 0x0, 0
DATA, 4184728669, 441519833, 0x0, 0
DATA, 322898527, 279177442, 0x0, 0
DATA, 123143238, 400035290, 0x0, 0
DATA, 84939354, 192416033, 0x0, 0
DATA, 131464979, 3632272221, 0x0, 0
DATA, 4232713663, 281811671, 0x0, 0
DATA, 4000583879, 66714310, 0x0, 0
DATA, 229898805, 426640212, 0x0, 0
DATA, 4287370682, 4240379885, 0x0, 0
DATA, 3725334651, 61274248, 0x0, 0
DATA, 326234701, 4190044831, 0x0, 0
DATA, 3918261358, 582352918, 0x0, 0
DATA, 208742641, 4144101598, 0x0, 0
DATA, 360517785, 3926984732, 0x0, 0
DATA, 3844277714, 226683721, 0x0, 0
DATA, 108196301, 3991078016, 0x0, 0
DATA, 233439415, 279901864, 0x0, 0
DATA, 208599870, 2169757, 0x0, 0
DATA, 4240895424, 4190106219, 0x0, 0
DATA, 236911732, 149092094, 0x0, 0
DATA, 138545874, 309854317, 0x0, 0
DATA, 243656121, 4220783460, 0x0, 0
DATA, 3961121948, 4158719033, 0x0, 0
DATA, 10291626, 159777189, 0x0, 0
DATA, 405731244, 4177455120, 0x0, 0
DATA, 223485933, 3803711581, 0x0, 0
DATA, 4060084932, 147264485, 0x0, 0
DATA, 4073193560, 149616380, 0x0, 0
DATA, 458887103, 4131255533, 0x0, 0
DATA, 303365589, 262668038, 0x0, 0
DATA, 4197378904, 169015493, 0x0, 0
DATA, 230293467, 4005885364, 0x0, 0
DATA, 37085818, 3547983546, 0x0, 0
DATA, 272825004, 3868788171, 0x0, 0
DATA, 90236823, 515638263, 0x0, 0
DATA, 3972269317, 229637657, 0x0, 0
DATA, 4261873210, 4267645413, 0x0, 0
DATA, 27463553, 331676768, 0x0, 0
DATA, 4181721826, 4281271865, 0x0, 0
DATA, 563487715, 4107269472, 0x0, 0
DATA, 168956012, 4110481188, 0x0, 0
DATA, 3962235438, 4289131646, 0x0, 0
DATA, 354350812, 3860209150, 0x0, 0
DATA, 64748177, 312802871, 0x0, 0
DATA, 4257155155, 162726567, 0x0, 0
DATA, 117049955, 293199542, 0x0, 0
DATA, 4280020840, 171112862, 0x0, 0
DATA, 4194570350, 3725720136, 0x0, 0
DATA, 4089115682, 456784375, 0x0, 0
DATA, 3998556216, 0, 0x0F, 1
DATA, 268369927, 59441839, 0x0, 0
DATA, 3909481719, 3922397797, 0x0, 0
DATA, 486934518, 4288410304, 0x0, 0
DATA, 197654787, 4293195666, 0x0, 0
DATA, 247202332, 3736667361, 0x0, 0
DATA, 4248703881, 3938318451, 0x0, 0
DATA, 4137093456, 4179944527, 0x0, 0
DATA, 4169138425, 4292283016, 0x0, 0
DATA, 126879225, 4163698317, 0x0, 0
DATA, 218497733, 4231201061, 0x0, 0
DATA, 274594187, 3822060456, 0x0, 0
DATA, 4207869648, 4192536503, 0x0, 0
DATA, 4087024261, 53214501, 0x0, 0
DATA, 4140425010, 3988130363, 0x0, 0
DATA, 4004588666, 4214678018, 0x0, 0
DATA, 130091392, 4164611792, 0x0, 0
DATA, 29416609, 4142267102, 0x0, 0
DATA, 4136308471, 3844737051, 0x0, 0
DATA, 4202040449, 4106745891, 0x0, 0
DATA, 254022042, 3866559276, 0x0, 0
DATA, 46728991, 4215013405, 0x0, 0
DATA, 4176744560, 505487031, 0x0, 0
DATA, 4039904235, 4197444752, 0x0, 0
DATA, 4168679340, 396424269, 0x0, 0
DATA, 4269016576, 180488674, 0x0, 0
DATA, 242883160, 3847026840, 0x0, 0
DATA, 4113964068, 109047195, 0x0, 0
DATA, 4217566027, 4172875939, 0x0, 0
DATA, 29752502, 3910140623, 0x0, 0
DATA, 426772225, 117113862, 0x0, 0
DATA, 4223735497, 85459385, 0x0, 0
DATA, 275379926, 343929788, 0x0, 0
DATA, 3760387156, 4233828133, 0x0, 0
DATA, 4031842222, 4262330156, 0x0, 0
DATA, 175704928, 340583620, 0x0, 0
DATA, 4148890526, 90834584, 0x0, 0
DATA, 96012757, 101245318, 0x0, 0
DATA, 140580604, 310255800, 0x0, 0
DATA, 3874162504, 97190926, 0x0, 0
DATA, 415363200, 186053211, 0x0, 0
DATA, 349307130, 4036628409, 0x0, 0
DATA, 4269675265, 3964859828, 0x0, 0
DATA, 4285921894, 4064416395, 0x0, 0
DATA, 195490239, 4279695290, 0x0, 0
DATA, 4207083502, 4122607534, 0x0, 0
DATA, 187100488, 4202037485, 0x0, 0
DATA, 68886859, 4243791567, 0x0, 0
DATA, 48109741, 205059498, 0x0, 0
DATA, 3975026412, 65462859, 0x0, 0
DATA, 3981902990, 3884834592, 0x0, 0
DATA, 169346363, 264960940, 0x0, 0
DATA, 51578592, 4280685167, 0x0, 0
DATA, 72748677, 4046058937, 0x0, 0
DATA, 4001821321, 4286714760, 0x0, 0
DATA, 4214813862, 77991824, 0x0, 0
DATA, 144895448, 77206964, 0x0, 0
DATA, 144247288, 320795380, 0x0, 0
DATA, 4253215765, 4007987242, 0x0, 0
DATA, 102566923, 226101365, 0x0, 0
DATA, 4217704227, 227016860, 0x0, 0
DATA, 327350787, 275715979, 0x0, 0
DATA, 115940681, 300091150, 0x0, 0
DATA, 4149808970, 4270063675, 0x0, 0
DATA, 372181938, 3907130919, 0x0, 0
DATA, 67827135, 0, 0x0F, 1
DATA, 268369928, 6888339, 0x0, 0
DATA, 3748594136, 44822774, 0x0, 0
DATA, 4281922932, 319028463, 0x0, 0
DATA, 3788702857, 209128933, 0x0, 0
DATA, 322693987, 3973576483, 0x0, 0
DATA, 181604692, 78043433, 0x0, 0
DATA, 330170714, 20779965, 0x0, 0
DATA, 4149146211, 4120576858, 0x0, 0
DATA, 346828133, 3727363165, 0x0, 0
DATA, 248183156, 4073521211, 0x0, 0
DATA, 267319143, 4262992842, 0x0, 0
DATA, 546310957, 27071058, 0x0, 0
DATA, 4165013039, 3983739920, 0x0, 0
DATA, 4013550525, 4215534025, 0x0, 0
DATA, 3627678324, 61085226, 0x0, 0
DATA, 340918308, 3670605761, 0x0, 0
DATA, 318771341, 25957790, 0x0, 0
DATA, 249825448, 214563276, 0x0, 0
DATA, 3746824694, 4054708935, 0x0, 0
DATA, 442760109, 4277403311, 0x0, 0
DATA, 4177727765, 78708398, 0x0, 0
DATA, 70511737, 147056998, 0x0, 0
DATA, 4077848779, 4040041206, 0x0, 0
DATA, 353704254, 430573860, 0x0, 0
DATA, 4048621275, 242084260, 0x0, 0
DATA, 426050316, 13900759, 0x0, 0
DATA, 4208466094, 309985149, 0x0, 0
DATA, 4055368515, 4133496898, 0x0, 0
DATA, 4196205375, 69330783, 0x0, 0
DATA, 263193358, 64360867, 0x0, 0
DATA, 3948018202, 4094424602, 0x0, 0
DATA, 4207217550, 134741101, 0x0, 0
DATA, 4115850587, 4049327298, 0x0, 0
DATA, 3923509825, 81856679, 0x0, 0
DATA, 4167576229, 3780256672, 0x0, 0
DATA, 3538422370, 4204066976, 0x0, 0
DATA, 4050903588, 3828414304, 0x0, 0
DATA, 3947171570, 4124248720, 0x0, 0
DATA, 364903227, 238816285, 0x0, 0
DATA, 4180217659, 8197059, 0x0, 0
DATA, 177469022, 3869576503, 0x0, 0
DATA, 4258719993, 4289734342, 0x0, 0
DATA, 4208652696, 436667663, 0x0, 0
DATA, 17299564, 4153400685, 0x0, 0
DATA, 4065921064, 457376661, 0x0, 0
DATA, 3852272490, 4111529720, 0x0, 0
DATA, 4040094227, 4098491203, 0x0, 0
DATA, 429848750, 4013689222, 0x0, 0
DATA, 3957780316, 3647601729, 0x0, 0
DATA, 304617030, 54073116, 0x0, 0
DATA, 4117298411, 183956748, 0x0, 0
DATA, 169736373, 4204923018, 0x0, 0
DATA, 4073582737, 3848597062, 0x0, 0
DATA, 4218944454, 4029673088, 0x0, 0
DATA, 252372622, 12119909, 0x0, 0
DATA, 4219204155, 4153540946, 0x0, 0
DATA, 115934154, 507448445, 0x0, 0
DATA, 543348535, 4275306014, 0x0, 0
DATA, 435682708, 311692145, 0x0, 0
DATA, 99809056, 92136376, 0x0, 0
DATA, 4058778375, 3965912435, 0x0, 0
DATA, 4090950499, 4252103544, 0x0, 0
DATA, 3946116240, 825756103, 0x0, 0
DATA, 4132898624, 80937381, 0x0, 0
DATA, 81070555, 0, 0x0F, 1
DATA, 2415853578, 4191814922, 0x0, 0
DATA, 4067620028, 320538209, 0x0, 0
DATA, 4144424596, 4209376057, 0x0, 0
DATA, 339801212, 24380453, 0x0, 0
DATA, 388826373, 288419075, 0x0, 0
DATA, 4107922628, 4002614223, 0x0, 0
DATA, 199355729, 4198235669, 0x0, 0
DATA, 117964600, 39525770, 0x0, 0
DATA, 88602853, 4139651180, 0x0, 0
DATA, 197201842, 4268297479, 0x0, 0
DATA, 247660508, 138277777, 0x0, 0
DATA, 4231464405, 3903327883, 0x0, 0
DATA, 4197519003, 4223794893, 0x0, 0
DATA, 4232772125, 4126150864, 0x0, 0
DATA, 4226423897, 518521125, 0x0, 0
DATA, 4034525902, 127277030, 0x0, 0
DATA, 19004899, 4204129736, 0x0, 0
DATA, 463010046, 196799270, 0x0, 0
DATA, 255133932, 120132523, 0x0, 0
DATA, 6556832, 3732931583, 0x0, 0
DATA, 4274453964, 200145830, 0x0, 0
DATA, 399506874, 4133544282, 0x0, 0
DATA, 607973401, 134077603, 0x0, 0
DATA, 3913029720, 4131917076, 0x0, 0
DATA, 89002296, 3959752319, 0x0, 0
DATA, 247270530, 3666937377, 0x0, 0
DATA, 3905746494, 109186060, 0x0, 0
DATA, 202109064, 38475969, 0x0, 0
DATA, 4263843050, 3983477503, 0x0, 0
DATA, 4225900301, 189333822, 0x0, 0
DATA, 3800298802, 4112124621, 0x0, 0
DATA, 3738567702, 106752840, 0x0, 0
DATA, 20381908, 53941004, 0x0, 0
DATA, 67379148, 132907607, 0x0, 0
DATA, 3917416136, 226024169, 0x0, 0
DATA, 344188871, 4286382022, 0x0, 0
DATA, 4187422990, 4018925990, 0x0, 0
DATA, 63694542, 4021680304, 0x0, 0
DATA, 4220579024, 4279626230, 0x0, 0
DATA, 351793367, 4087939668, 0x0, 0
DATA, 96342792, 69930351, 0x0, 0
DATA, 4241945983, 344715828, 0x0, 0
DATA, 256508668, 98497025, 0x0, 0
DATA, 161091055, 3784500190, 0x0, 0
DATA, 4250994135, 4046519972, 0x0, 0
DATA, 3915320746, 4145942013, 0x0, 0
DATA, 4202303612, 6753352, 0x0, 0
DATA, 347996969, 3850569287, 0x0, 0
DATA, 73333898, 4118217164, 0x0, 0
DATA, 336984236, 3898081982, 0x0, 0
DATA, 4257680523, 207876378, 0x0, 0
DATA, 206830887, 4180342662, 0x0, 0
DATA, 4179165684, 540342801, 0x0, 0
DATA, 4075156712, 268896757, 0x0, 0
DATA, 186651002, 4234599794, 0x0, 0
DATA, 4268557967, 178978239, 0x0, 0
DATA, 3996913188, 3978492918, 0x0, 0
DATA, 4083345035, 208792713, 0x0, 0
DATA, 4271964450, 97585306, 0x0, 0
DATA, 4257351347, 4004513522, 0x0, 0
DATA, 580906409, 4161349471, 0x0, 0
DATA, 3785624656, 295118147, 0x0, 0
DATA, 4242086744, 535040471, 0x0, 0
DATA, 4168425355, 2231254, 0x0, 0
DATA, 320990959, 0, 0x0F, 1
DATA, 2415853568, 269423043, 0x0, 0
DATA, 4143055192, 4213896326, 0x0, 0
DATA, 4387845, 4060873290, 0x0, 0
DATA, 3677940608, 300933685, 0x0, 0
DATA, 4044096946, 4039636614, 0x0, 0
DATA, 4209502760, 4243516908, 0x0, 0
DATA, 4254726948, 4225170293, 0x0, 0
DATA, 502070232, 370151852, 0x0, 0
DATA, 4177264886, 19852490, 0x0, 0
DATA, 3993435610, 4222352140, 0x0, 0
DATA, 4185131752, 3900045467, 0x0, 0
DATA, 4214548019, 4020300111, 0x0, 0
DATA, 4107270537, 120452124, 0x0, 0
DATA, 3960008888, 4207738136, 0x0, 0
DATA, 4256634752, 4171035485, 0x0, 0
DATA, 330489706, 527039316, 0x0, 0
DATA, 284036024, 4208588490, 0x0, 0
DATA, 265158516, 3780969586, 0x0, 0
DATA, 4079620797, 275849992, 0x0, 0
DATA, 72025973, 348263491, 0x0, 0
DATA, 369494169, 30281635, 0x0, 0
DATA, 3685485015, 200595666, 0x0, 0
DATA, 234291640, 3821797644, 0x0, 0
DATA, 3984979558, 4091408898, 0x0, 0
DATA, 4215595083, 9176308, 0x0, 0
DATA, 334832015, 3878483552, 0x0, 0
DATA, 126875236, 4080208751, 0x0, 0
DATA, 678297258, 10620811, 0x0, 0
DATA, 4290840256, 261227511, 0x0, 0
DATA, 133106890, 4051114172, 0x0, 0
DATA, 122221154, 3935043670, 0x0, 0
DATA, 192803059, 4244246944, 0x0, 0
DATA, 4098882270, 292285163, 0x0, 0
DATA, 4053663450, 4147707445, 0x0, 0
DATA, 3485989528, 4247059435, 0x0, 0
DATA, 3945726117, 3764450479, 0x0, 0
DATA, 78505106, 4187479521, 0x0, 0
DATA, 4169068089, 309663288, 0x0, 0
DATA, 284366801, 4193707819, 0x0, 0
DATA, 4211795205, 4156425401, 0x0, 0
DATA, 3900838040, 3953988911, 0x0, 0
DATA, 4243910122, 35255795, 0x0, 0
DATA, 4069513968, 4246012150, 0x0, 0
DATA, 152306937, 207288447, 0x0, 0
DATA, 4063231088, 3952805984, 0x0, 0
DATA, 64554534, 4199806875, 0x0, 0
DATA, 476972116, 194966786, 0x0, 0
DATA, 61020519, 4157274658, 0x0, 0
DATA, 4239066708, 4166843982, 0x0, 0
DATA, 705158830, 874253478, 0x0, 0
DATA, 3212275, 360249481, 0x0, 0
DATA, 4051892772, 4087084423, 0x0, 0
DATA, 4194168189, 166853654, 0x0, 0
DATA, 470872477, 4230089625, 0x0, 0
DATA, 140311710, 3993891184, 0x0, 0
DATA, 39060644, 149947711, 0x0, 0
DATA, 3485989087, 4282451979, 0x0, 0
DATA, 39058892, 419237256, 0x0, 0
DATA, 307954684, 4139319692, 0x0, 0
DATA, 3958175440, 4036615219, 0x0, 0
DATA, 4160021578, 52887642, 0x0, 0
DATA, 3989042173, 4217828927, 0x0, 0
DATA, 296282898, 3821204810, 0x0, 0
DATA, 178713502, 3880514868, 0x0, 0
DATA, 4077254626, 0, 0x0F, 1
DATA, 268369922, 234938291, 0x0, 0
DATA, 3651663046, 44041174, 0x0, 0
DATA, 3959494910, 47184304, 0x0, 0
DATA, 3800300622, 59373278, 0x0, 0
DATA, 4235992250, 315684385, 0x0, 0
DATA, 174581330, 4202036328, 0x0, 0
DATA, 4175162710, 3794265186, 0x0, 0
DATA, 4089910074, 41352458, 0x0, 0
DATA, 3890339408, 81601396, 0x0, 0
DATA, 4172483322, 4151835571, 0x0, 0
DATA, 305458799, 4269796618, 0x0, 0
DATA, 3934648446, 4098815934, 0x0, 0
DATA, 37029070, 403700523, 0x0, 0
DATA, 3978946101, 4123332543, 0x0, 0
DATA, 4250928892, 4265998250, 0x0, 0
DATA, 4098299572, 4095544171, 0x0, 0
DATA, 3971082984, 4085253124, 0x0, 0
DATA, 4154718886, 440732631, 0x0, 0
DATA, 68806432, 4145282486, 0x0, 0
DATA, 260050532, 4275301921, 0x0, 0
DATA, 230750688, 3876522066, 0x0, 0
DATA, 3819245871, 4093190687, 0x0, 0
DATA, 227273605, 4238604962, 0x0, 0
DATA, 284949080, 4111790770, 0x0, 0
DATA, 4287958059, 4125885351, 0x0, 0
DATA, 4282513928, 321322809, 0x0, 0
DATA, 3993960209, 242936112, 0x0, 0
DATA, 23720903, 388109463, 0x0, 0
DATA, 12190147, 4149748430, 0x0, 0
DATA, 354615937, 4188991012, 0x0, 0
DATA, 4186769956, 205129566, 0x0, 0
DATA, 53998548, 276501007, 0x0, 0
DATA, 4140043137, 372836140, 0x0, 0
DATA, 4248436108, 4190570381, 0x0, 0
DATA, 236198372, 204869055, 0x0, 0
DATA, 78316169, 4265018235, 0x0, 0
DATA, 407179970, 4063099115, 0x0, 0
DATA, 184154351, 4281001920, 0x0, 0
DATA, 7735264, 186131942, 0x0, 0
DATA, 4176213946, 567540993, 0x0, 0
DATA, 4093899322, 734530061, 0x0, 0
DATA, 3903195168, 81329390, 0x0, 0
DATA, 3802209795, 128973566, 0x0, 0
DATA, 110567588, 38992997, 0x0, 0
DATA, 4294706112, 116589901, 0x0, 0
DATA, 259058994, 3812227052, 0x0, 0
DATA, 3616537910, 3960015244, 0x0, 0
DATA, 33423034, 4248366914, 0x0, 0
DATA, 4039376927, 82380410, 0x0, 0
DATA, 58187425, 365755350, 0x0, 0
DATA, 166529652, 530909860, 0x0, 0
DATA, 184620829, 4126342389, 0x0, 0
DATA, 205586027, 3839294307, 0x0, 0
DATA, 185006005, 4202038369, 0x0, 0
DATA, 346095459, 4274647773, 0x0, 0
DATA, 3793823767, 128318693, 0x0, 0
DATA, 229444988, 349045872, 0x0, 0
DATA, 4139774911, 178594467, 0x0, 0
DATA, 59570810, 4096461999, 0x0, 0
DATA, 577634625, 511779493, 0x0, 0
DATA, 161871561, 4158323622, 0x0, 0
DATA, 121373798, 257820843, 0x0, 0
DATA, 3987012429, 3915775984, 0x0, 0
DATA, 4187497723, 238616456, 0x0, 0
DATA, 3859611810, 0, 0x0F, 1
DATA, 2415853580, 17947746, 0x0, 0
DATA, 443867417, 10028703, 0x0, 0
DATA, 4218945816, 4003456735, 0x0, 0
DATA, 375125777, 170527496, 0x0, 0
DATA, 257234591, 628356549, 0x0, 0
DATA, 4019648176, 622926961, 0x0, 0
DATA, 4090562725, 3695380905, 0x0, 0
DATA, 4154851433, 4093180596, 0x0, 0
DATA, 4006813835, 456524868, 0x0, 0
DATA, 125370468, 3839957857, 0x0, 0
DATA, 119926503, 438769740, 0x0, 0
DATA, 4112119954, 4276351689, 0x0, 0
DATA, 4235524523, 166596047, 0x0, 0
DATA, 284364638, 47776587, 0x0, 0
DATA, 4248637739, 55764921, 0x0, 0
DATA, 3733388649, 6355276, 0x0, 0
DATA, 536804415, 4013288616, 0x0, 0
DATA, 3651595594, 54726696, 0x0, 0
DATA, 4293261290, 4124834785, 0x0, 0
DATA, 341045312, 154993219, 0x0, 0
DATA, 109646217, 304283199, 0x0, 0
DATA, 118288589, 4070507110, 0x0, 0
DATA, 365233797, 4186178972, 0x0, 0
DATA, 207621734, 13100917, 0x0, 0
DATA, 470351554, 180619745, 0x0, 0
DATA, 4012373020, 4112317614, 0x0, 0
DATA, 70521695, 3943557140, 0x0, 0
DATA, 4245223461, 3881304311, 0x0, 0
DATA, 49092723, 3924821826, 0x0, 0
DATA, 4107014902, 4131395366, 0x0, 0
DATA, 269617057, 113052062, 0x0, 0
DATA, 266276592, 419300763, 0x0, 0
DATA, 295110784, 163843226, 0x0, 0
DATA, 126876863, 4230408813, 0x0, 0
DATA, 165872116, 239463785, 0x0, 0
DATA, 3951698519, 4018343654, 0x0, 0
DATA, 4210750123, 316867604, 0x0, 0
DATA, 4039176553, 3912501876, 0x0, 0
DATA, 228855029, 324787227, 0x0, 0
DATA, 336133983, 4294900986, 0x0, 0
DATA, 4102419496, 90370148, 0x0, 0
DATA, 3856138484, 4280555578, 0x0, 0
DATA, 65793446, 320207248, 0x0, 0
DATA, 57606800, 4151512332, 0x0, 0
DATA, 3902278932, 180223131, 0x0, 0
DATA, 4107673197, 4213439933, 0x0, 0
DATA, 66253230, 3895065667, 0x0, 0
DATA, 4261549363, 335291125, 0x0, 0
DATA, 4266790139, 3932886523, 0x0, 0
DATA, 3982948358, 109570408, 0x0, 0
DATA, 4079951978, 258995607, 0x0, 0
DATA, 4152231315, 3898545377, 0x0, 0
DATA, 161873063, 4184072326, 0x0, 0
DATA, 4099342140, 29818286, 0x0, 0
DATA, 4221171016, 4146135057, 0x0, 0
DATA, 306836315, 3553428258, 0x0, 0
DATA, 70328389, 3841323196, 0x0, 0
DATA, 4138863332, 139332932, 0x0, 0
DATA, 3874085146, 3987600913, 0x0, 0
DATA, 3794074528, 188154326, 0x0, 0
DATA, 4163303326, 128191298, 0x0, 0
DATA, 4158518153, 136647392, 0x0, 0
DATA, 4116243812, 4225167372, 0x0, 0
DATA, 3986624831, 4213835797, 0x0, 0
DATA, 213321003, 0, 0x0F, 1
DATA, 268369934, 4271968614, 0x0, 0
DATA, 304020088, 417922531, 0x0, 0
DATA, 244055907, 457962323, 0x0, 0
DATA, 3830842025, 3808556329, 0x0, 0
DATA, 57079725, 189332620, 0x0, 0
DATA, 197986571, 196600557, 0x0, 0
DATA, 109183136, 3979022679, 0x0, 0
DATA, 115864734, 4181134806, 0x0, 0
DATA, 4206627081, 4242996323, 0x0, 0
DATA, 188680452, 3776648901, 0x0, 0
DATA, 331350514, 3941665020, 0x0, 0
DATA, 3998347973, 77663293, 0x0, 0
DATA, 194842201, 250941768, 0x0, 0
DATA, 4283175537, 61927809, 0x0, 0
DATA, 350880237, 4105309961, 0x0, 0
DATA, 79435636, 119339352, 0x0, 0
DATA, 4069596057, 4137810972, 0x0, 0
DATA, 480445744, 435415714, 0x0, 0
DATA, 239403118, 4173597856, 0x0, 0
DATA, 384626358, 4262392938, 0x0, 0
DATA, 155196726, 537389961, 0x0, 0
DATA, 4030851954, 118949332, 0x0, 0
DATA, 50593977, 9177561, 0x0, 0
DATA, 4151761535, 3895201704, 0x0, 0
DATA, 418442918, 193004826, 0x0, 0
DATA, 4203543515, 209322719, 0x0, 0
DATA, 217324277, 74514271, 0x0, 0
DATA, 279377565, 4169070744, 0x0, 0
DATA, 321784559, 3852264850, 0x0, 0
DATA, 4224975193, 341057703, 0x0, 0
DATA, 4258657001, 3884903838, 0x0, 0
DATA, 4002349485, 40168230, 0x0, 0
DATA, 107743338, 4232642464, 0x0, 0
DATA, 3659590471, 4176872400, 0x0, 0
DATA, 211685998, 4235851779, 0x0, 0
DATA, 145688942, 4076733937, 0x0, 0
DATA, 4267643330, 630785072, 0x0, 0
DATA, 268039323, 4205969024, 0x0, 0
DATA, 27128039, 4203870656, 0x0, 0
DATA, 3866167212, 251721784, 0x0, 0
DATA, 260221, 467668294, 0x0, 0
DATA, 4213371507, 25221151, 0x0, 0
DATA, 4003727450, 77261545, 0x0, 0
DATA, 628879591, 211606223, 0x0, 0
DATA, 261953428, 722204355, 0x0, 0
DATA, 44168083, 469826169, 0x0, 0
DATA, 4123137814, 280687586, 0x0, 0
DATA, 177730898, 582880761, 0x0, 0
DATA, 139855306, 421850287, 0x0, 0
DATA, 4074302412, 3863153261, 0x0, 0
DATA, 3969451117, 217712537, 0x0, 0
DATA, 325054361, 102303951, 0x0, 0
DATA, 4234345472, 3913152493, 0x0, 0
DATA, 4262065901, 4182775976, 0x0, 0
DATA, 3774739567, 469758790, 0x0, 0
DATA, 3955882638, 370537869, 0x0, 0
DATA, 87160276, 77926829, 0x0, 0
DATA, 214829635, 480837117, 0x0, 0
DATA, 578878908, 99615385, 0x0, 0
DATA, 155909944, 4113169519, 0x0, 0
DATA, 423362229, 421201405, 0x0, 0
DATA, 4165661593, 4057595752, 0x0, 0
DATA, 4150984665, 463077742, 0x0, 0
DATA, 3929814673, 3792900816, 0x0, 0
DATA, 4283961710, 0, 0x0F, 1
DATA, 268369924, 4191290536, 0x0, 0
DATA, 198116426, 135657286, 0x0, 0
DATA, 337386679, 266135785, 0x0, 0
DATA, 19723437, 320147285, 0x0, 0
DATA, 3209917, 253100053, 0x0, 0
DATA, 4250534593, 4132837575, 0x0, 0
DATA, 4112187905, 4019526246, 0x0, 0
DATA, 149747537, 4268363855, 0x0, 0
DATA, 4155379174, 344261907, 0x0, 0
DATA, 4172083568, 196222422, 0x0, 0
DATA, 51441800, 17695510, 0x0, 0
DATA, 509209140, 4192796181, 0x0, 0
DATA, 241697770, 69463096, 0x0, 0
DATA, 250997725, 4266001954, 0x0, 0
DATA, 4171427806, 4057133497, 0x0, 0
DATA, 460448210, 4120318062, 0x0, 0
DATA, 95750539, 59179564, 0x0, 0
DATA, 4022792927, 4263639674, 0x0, 0
DATA, 138803125, 178323367, 0x0, 0
DATA, 248055589, 123666242, 0x0, 0
DATA, 202965632, 142871222, 0x0, 0
DATA, 144434187, 3794726135, 0x0, 0
DATA, 4173794352, 105316590, 0x0, 0
DATA, 4000260714, 4265537604, 0x0, 0
DATA, 89658051, 96794780, 0x0, 0
DATA, 4212918582, 4084339099, 0x0, 0
DATA, 979690, 4209510837, 0x0, 0
DATA, 307035575, 67764782, 0x0, 0
DATA, 139918815, 3790604697, 0x0, 0
DATA, 4091675939, 31335498, 0x0, 0
DATA, 284756922, 3980986365, 0x0, 0
DATA, 198311644, 4202501410, 0x0, 0
DATA, 4145216255, 216071082, 0x0, 0
DATA, 3755610726, 165343212, 0x0, 0
DATA, 145946489, 359402384, 0x0, 0
DATA, 534055227, 488694031, 0x0, 0
DATA, 3950502337, 3930127627, 0x0, 0
DATA, 4072998688, 4212583729, 0x0, 0
DATA, 555742839, 3974367459, 0x0, 0
DATA, 3970370803, 439152602, 0x0, 0
DATA, 4215344182, 462748221, 0x0, 0
DATA, 228134268, 157614351, 0x0, 0
DATA, 3868007191, 4234354848, 0x0, 0
DATA, 4083939971, 3852799737, 0x0, 0
DATA, 166921526, 116528313, 0x0, 0
DATA, 607918843, 532612774, 0x0, 0
DATA, 4247908888, 4261280827, 0x0, 0
DATA, 4198303855, 4158390575, 0x0, 0
DATA, 526714100, 3870485633, 0x0, 0
DATA, 92407681, 4115528797, 0x0, 0
DATA, 4283699765, 4210233252, 0x0, 0
DATA, 3471336, 210835081, 0x0, 0
DATA, 4045276629, 188753524, 0x0, 0
DATA, 212395905, 459414084, 0x0, 0
DATA, 199825329, 80610109, 0x0, 0
DATA, 170653769, 4197584046, 0x0, 0
DATA, 41614836, 295112713, 0x0, 0
DATA, 135337306, 360520252, 0x0, 0
DATA, 524809800, 267127735, 0x0, 0
DATA, 3915709988, 149420816, 0x0, 0
DATA, 4248308538, 4110226241, 0x0, 0
DATA, 21034361, 4237688001, 0x0, 0
DATA, 3799844088, 4261670060, 0x0, 0
DATA, 329846359, 4003080173, 0x0, 0
DATA, 215026610, 0, 0x0F, 1
DATA, 2415853574, 432340423, 0x0, 0
DATA, 112003411, 311034794, 0x0, 0
DATA, 4263375579, 4100648635, 0x0, 0
DATA, 549650906, 171038554, 0x0, 0
DATA, 39254398, 6155764, 0x0, 0
DATA, 15075904, 4109698141, 0x0, 0
DATA, 392826378, 4250989331, 0x0, 0
DATA, 105706983, 164499527, 0x0, 0
DATA, 167121635, 4268489590, 0x0, 0
DATA, 209188746, 4192139917, 0x0, 0
DATA, 4027708253, 187372037, 0x0, 0
DATA, 4260297028, 4154914829, 0x0, 0
DATA, 4079750581, 40509026, 0x0, 0
DATA, 373752690, 250736943, 0x0, 0
DATA, 247789494, 4072082326, 0x0, 0
DATA, 4119727078, 3933009198, 0x0, 0
DATA, 4281668825, 153880799, 0x0, 0
DATA, 4256823520, 4122477814, 0x0, 0
DATA, 4110350142, 4226484764, 0x0, 0
DATA, 3923313597, 224986398, 0x0, 0
DATA, 88803898, 35188514, 0x0, 0
DATA, 4183954186, 212403409, 0x0, 0
DATA, 4188930835, 4276683250, 0x0, 0
DATA, 118485990, 384172706, 0x0, 0
DATA, 30149007, 3997179390, 0x0, 0
DATA, 429781073, 4039452725, 0x0, 0
DATA, 4001759934, 390199323, 0x0, 0
DATA, 119674567, 483724298, 0x0, 0
DATA, 4246671133, 35911242, 0x0, 0
DATA, 4268685701, 246091869, 0x0, 0
DATA, 5572123, 418193983, 0x0, 0
DATA, 4175367599, 150150076, 0x0, 0
DATA, 4271832938, 483716996, 0x0, 0
DATA, 3999663277, 4072468998, 0x0, 0
DATA, 4038135748, 525204108, 0x0, 0
DATA, 191101237, 4270849584, 0x0, 0
DATA, 166856767, 3863868539, 0x0, 0
DATA, 4286256666, 4017687845, 0x0, 0
DATA, 370801796, 164300690, 0x0, 0
DATA, 4233304585, 3927967149, 0x0, 0
DATA, 111997025, 402310547, 0x0, 0
DATA, 3995205140, 4230547725, 0x0, 0
DATA, 4008515521, 4255904293, 0x0, 0
DATA, 444859426, 34733722, 0x0, 0
DATA, 69272497, 70777296, 0x0, 0
DATA, 148055649, 4287559891, 0x0, 0
DATA, 313206722, 4201180783, 0x0, 0
DATA, 4150263163, 203432458, 0x0, 0
DATA, 3759344187, 154936138, 0x0, 0
DATA, 382990696, 379584298, 0x0, 0
DATA, 4230609631, 4150725726, 0x0, 0
DATA, 73343213, 78773583, 0x0, 0
DATA, 4059162143, 64350537, 0x0, 0
DATA, 53608753, 72805657, 0x0, 0
DATA, 4245750710, 3959939858, 0x0, 0
DATA, 4134658398, 84602053, 0x0, 0
DATA, 4200917200, 373222087, 0x0, 0
DATA, 3639871220, 208859017, 0x0, 0
DATA, 4126604918, 4166451443, 0x0, 0
DATA, 187110351, 8719808, 0x0, 0
DATA, 114352847, 4136831959, 0x0, 0
DATA, 4180412604, 3899460024, 0x0, 0
DATA, 202245816, 609736718, 0x0, 0
DATA, 3815638968, 65009097, 0x0, 0
DATA, 4241551106, 0, 0x0F, 1
DATA, 2415853577, 87549118, 0x0, 0
DATA, 811210847, 262414451, 0x0, 0
DATA, 252181239, 86307463, 0x0, 0
DATA, 4181592252, 124383776, 0x0, 0
DATA, 3920682134, 394919452, 0x0, 0
DATA, 3898663151, 4179814307, 0x0, 0
DATA, 569375002, 3809741362, 0x0, 0
DATA, 4004185998, 84474888, 0x0, 0
DATA, 75691859, 208869802, 0x0, 0
DATA, 73859469, 3934126992, 0x0, 0
DATA, 4242800898, 219802612, 0x0, 0
DATA, 170338070, 42398359, 0x0, 0
DATA, 4052224970, 4109240947, 0x0, 0
DATA, 4172679640, 112135861, 0x0, 0
DATA, 3925935471, 47386471, 0x0, 0
DATA, 311290949, 557517183, 0x0, 0
DATA, 4174837311, 3957522529, 0x0, 0
DATA, 357817727, 113511689, 0x0, 0
DATA, 183429504, 343606186, 0x0, 0
DATA, 4040027398, 4134473014, 0x0, 0
DATA, 4282783760, 4083278889, 0x0, 0
DATA, 102165636, 173141720, 0x0, 0
DATA, 4232834945, 3787189745, 0x0, 0
DATA, 4086955526, 4027904877, 0x0, 0
DATA, 4194110687, 5121710, 0x0, 0
DATA, 4149474051, 4111464583, 0x0, 0
DATA, 205131052, 139659852, 0x0, 0
DATA, 4258658454, 4239850037, 0x0, 0
DATA, 3964397503, 4140955401, 0x0, 0
DATA, 4258402685, 4135513939, 0x0, 0
DATA, 112394461, 111993141, 0x0, 0
DATA, 44243984, 3987340794, 0x0, 0
DATA, 812974165, 474944264, 0x0, 0
DATA, 3775538029, 304605014, 0x0, 0
DATA, 3605213, 174782217, 0x0, 0
DATA, 4055111278, 247598657, 0x0, 0
DATA, 3590843989, 4024826872, 0x0, 0
DATA, 20769854, 174785769, 0x0, 0
DATA, 4213113097, 405536444, 0x0, 0
DATA, 3891131501, 4065263075, 0x0, 0
DATA, 189588540, 4057400624, 0x0, 0
DATA, 4138797824, 4263057688, 0x0, 0
DATA, 80012960, 535496465, 0x0, 0
DATA, 4849469, 270071635, 0x0, 0
DATA, 307484703, 4011914460, 0x0, 0
DATA, 314911546, 4030597029, 0x0, 0
DATA, 4292543914, 169809930, 0x0, 0
DATA, 3967738858, 4204665179, 0x0, 0
DATA, 192353856, 3923837934, 0x0, 0
DATA, 3784043340, 181012700, 0x0, 0
DATA, 334102173, 3731034048, 0x0, 0
DATA, 488635880, 3986155862, 0x0, 0
DATA, 169020671, 249695218, 0x0, 0
DATA, 4198894369, 4278774551, 0x0, 0
DATA, 4050782420, 4153742012, 0x0, 0
DATA, 494215466, 4192864541, 0x0, 0
DATA, 4266192348, 248571526, 0x0, 0
DATA, 30016894, 3826780676, 0x0, 0
DATA, 125375582, 142151126, 0x0, 0
DATA, 255915726, 269684721, 0x0, 0
DATA, 67832468, 4190497562, 0x0, 0
DATA, 3658086376, 4182182769, 0x0, 0
DATA, 6161916, 4212717134, 0x0, 0
DATA, 4008967354, 4150191527, 0x0, 0
DATA, 168957282, 0, 0x0F, 1
DATA, 268369931, 4049604052, 0x0, 0
DATA, 190777784, 4007659843, 0x0, 0
DATA, 293276294, 195429771, 0x0, 0
DATA, 237309633, 117106288, 0x0, 0
DATA, 125558906, 177603880, 0x0, 0
DATA, 57145310, 4153991347, 0x0, 0
DATA, 4190702474, 4228188761, 0x0, 0
DATA, 4279890881, 86703370, 0x0, 0
DATA, 178128160, 4258783021, 0x0, 0
DATA, 4200859010, 4143579628, 0x0, 0
DATA, 682299876, 4173593721, 0x0, 0
DATA, 450168456, 4199675261, 0x0, 0
DATA, 353245380, 3080685, 0x0, 0
DATA, 60686854, 4124505694, 0x0, 0
DATA, 294524107, 225970055, 0x0, 0
DATA, 4207476674, 231348335, 0x0, 0
DATA, 296024116, 435421373, 0x0, 0
DATA, 4247720740, 359065534, 0x0, 0
DATA, 38664304, 36694326, 0x0, 0
DATA, 4077062176, 3684693654, 0x0, 0
DATA, 4286383000, 4162189568, 0x0, 0
DATA, 3877834725, 4276743432, 0x0, 0
DATA, 256237682, 3936025259, 0x0, 0
DATA, 138935793, 4233755905, 0x0, 0
DATA, 358619049, 3707441024, 0x0, 0
DATA, 3929665864, 430964444, 0x0, 0
DATA, 185924155, 544217213, 0x0, 0
DATA, 311823970, 4130407708, 0x0, 0
DATA, 487721643, 4126541107, 0x0, 0
DATA, 83890118, 4240773275, 0x0, 0
DATA, 702413858, 4279828808, 0x0, 0
DATA, 4078036996, 4214688561, 0x0, 0
DATA, 4149811268, 13959708, 0x0, 0
DATA, 502990370, 176359699, 0x0, 0
DATA, 4280679584, 4216197500, 0x0, 0
DATA, 4262527721, 239534576, 0x0, 0
DATA, 97522182, 3878944257, 0x0, 0
DATA, 4001103685, 477622856, 0x0, 0
DATA, 281345231, 211158325, 0x0, 0
DATA, 590810139, 156300844, 0x0, 0
DATA, 28183962, 4007525016, 0x0, 0
DATA, 26740298, 217131491, 0x0, 0
DATA, 4184276814, 4158127149, 0x0, 0
DATA, 4143777443, 67640319, 0x0, 0
DATA, 31201952, 4199999737, 0x0, 0
DATA, 237634658, 164621763, 0x0, 0
DATA, 328066814, 4173462083, 0x0, 0
DATA, 231140245, 4139254585, 0x0, 0
DATA, 117442265, 434763449, 0x0, 0
DATA, 4055832114, 4225969704, 0x0, 0
DATA, 4091541015, 3927636203, 0x0, 0
DATA, 13628549, 233630754, 0x0, 0
DATA, 4049859986, 3886672612, 0x0, 0
DATA, 3946052879, 8381079, 0x0, 0
DATA, 328078026, 3944147429, 0x0, 0
DATA, 532943350, 7663012, 0x0, 0
DATA, 202769298, 3975217062, 0x0, 0
DATA, 383322455, 3953003244, 0x0, 0
DATA, 4278447933, 57482458, 0x0, 0
DATA, 19268924, 4124579314, 0x0, 0
DATA, 174913160, 103877121, 0x0, 0
DATA, 97453503, 3979481475, 0x0, 0
DATA, 303236673, 220464448, 0x0, 0
DATA, 4051233199, 4206166876, 0x0, 0
DATA, 127205392, 0, 0x0F, 1
DATA, 268369921, 160361780, 0x0, 0
DATA, 4124905205, 307362599, 0x0, 0
DATA, 400486802, 333116235, 0x0, 0
DATA, 4189776791, 4044746354, 0x0, 0
DATA, 3898931076, 268241274, 0x0, 0
DATA, 4083090150, 4062247349, 0x0, 0
DATA, 283443949, 4014220007, 0x0, 0
DATA, 4121098412, 433782022, 0x0, 0
DATA, 3898861589, 487916016, 0x0, 0
DATA, 197072482, 165478707, 0x0, 0
DATA, 265684936, 4044749905, 0x0, 0
DATA, 4188925423, 165087026, 0x0, 0
DATA, 57407820, 3895985583, 0x0, 0
DATA, 386199408, 4840694, 0x0, 0
DATA, 205708156, 3937142062, 0x0, 0
DATA, 4257422833, 86109626, 0x0, 0
DATA, 4163371629, 168827962, 0x0, 0
DATA, 333971920, 145555605, 0x0, 0
DATA, 3838509750, 410112551, 0x0, 0
DATA, 292744050, 4255512440, 0x0, 0
DATA, 4287562424, 140513888, 0x0, 0
DATA, 4224710470, 4275304305, 0x0, 0
DATA, 76216247, 141689877, 0x0, 0
DATA, 3750097416, 390526295, 0x0, 0
DATA, 3891068221, 368049326, 0x0, 0
DATA, 4238538397, 3723166620, 0x0, 0
DATA, 4186835547, 422832304, 0x0, 0
DATA, 4243061845, 148308160, 0x0, 0
DATA, 3981044205, 4268811498, 0x0, 0
DATA, 669251457, 324659080, 0x0, 0
DATA, 4078173660, 4269602075, 0x0, 0
DATA, 3929925339, 223085235, 0x0, 0
DATA, 4140894663, 95874872, 0x0, 0
DATA, 93129751, 4294448252, 0x0, 0
DATA, 151584339, 11401670, 0x0, 0
DATA, 124384628, 14033084, 0x0, 0
DATA, 4199808131, 3712421524, 0x0, 0
DATA, 4004380563, 4076732574, 0x0, 0
DATA, 4069006087, 488834834, 0x0, 0
DATA, 369429317, 3717656785, 0x0, 0
DATA, 296357340, 4038391988, 0x0, 0
DATA, 290188110, 273732643, 0x0, 0
DATA, 4143311510, 165146547, 0x0, 0
DATA, 326699236, 400096258, 0x0, 0
DATA, 4122865828, 250612519, 0x0, 0
DATA, 4206559864, 112788348, 0x0, 0
DATA, 256966684, 203684767, 0x0, 0
DATA, 123731993, 242946371, 0x0, 0
DATA, 4138082059, 4251912714, 0x0, 0
DATA, 107350037, 3858892814, 0x0, 0
DATA, 3817015364, 3853262919, 0x0, 0
DATA, 96729400, 191430936, 0x0, 0
DATA, 279837766, 352776758, 0x0, 0
DATA, 268108939, 4108385182, 0x0, 0
DATA, 331418558, 65927912, 0x0, 0
DATA, 4097575908, 89197004, 0x0, 0
DATA, 4077781993, 4212329173, 0x0, 0
DATA, 4251124011, 3889954427, 0x0, 0
DATA, 4102229863, 159192914, 0x0, 0
DATA, 3982882672, 372568989, 0x0, 0
DATA, 270658617, 41944803, 0x0, 0
DATA, 339798731, 6294305, 0x0, 0
DATA, 374405125, 175831925, 0x0, 0
DATA, 4261549946, 77523841, 0x0, 0
DATA, 75370589, 0, 0x0F, 1
DATA, 2415853571, 4115265781, 0x0, 0
DATA, 527436353, 4192466044, 0x0, 0
DATA, 68876360, 129107844, 0x0, 0
DATA, 200542907, 4207413233, 0x0, 0
DATA, 210109234, 39321001, 0x0, 0
DATA, 312606429, 806029539, 0x0, 0
DATA, 3629117651, 4208326876, 0x0, 0
DATA, 4225436065, 4166382257, 0x0, 0
DATA, 4162914337, 4287298573, 0x0, 0
DATA, 88410201, 3835491424, 0x0, 0
DATA, 4164682943, 366018293, 0x0, 0
DATA, 320277807, 106304380, 0x0, 0
DATA, 4167046174, 4150724750, 0x0, 0
DATA, 4085645978, 4096077785, 0x0, 0
DATA, 324862242, 4154660668, 0x0, 0
DATA, 9179105, 405014281, 0x0, 0
DATA, 4194631501, 45353560, 0x0, 0
DATA, 3862100645, 242874160, 0x0, 0
DATA, 13762040, 4244239982, 0x0, 0
DATA, 3899001461, 4192990300, 0x0, 0
DATA, 180490068, 4217827401, 0x0, 0
DATA, 3793876568, 462298124, 0x0, 0
DATA, 85916333, 3829338983, 0x0, 0
DATA, 315810787, 183170980, 0x0, 0
DATA, 199945631, 4150396672, 0x0, 0
DATA, 3865245850, 179957011, 0x0, 0
DATA, 254022755, 4065987270, 0x0, 0
DATA, 43317310, 238354663, 0x0, 0
DATA, 331480037, 161417838, 0x0, 0
DATA, 3969443752, 322308993, 0x0, 0
DATA, 100197439, 3713020843, 0x0, 0
DATA, 4292482757, 57738961, 0x0, 0
DATA, 162915954, 3808096424, 0x0, 0
DATA, 365297354, 4213572987, 0x0, 0
DATA, 435478158, 31782890, 0x0, 0
DATA, 3950766631, 3644654196, 0x0, 0
DATA, 317585136, 248643320, 0x0, 0
DATA, 3987400718, 121309823, 0x0, 0
DATA, 190907184, 310640358, 0x0, 0
DATA, 4167691055, 216661513, 0x0, 0
DATA, 4068150513, 4107933693, 0x0, 0
DATA, 4218623158, 303293428, 0x0, 0
DATA, 3960078971, 134947671, 0x0, 0
DATA, 4216582839, 4084981712, 0x0, 0
DATA, 141488852, 99093789, 0x0, 0
DATA, 4288676175, 4131583129, 0x0, 0
DATA, 4226416680, 4203210002, 0x0, 0
DATA, 4292542776, 4140692423, 0x0, 0
DATA, 238882324, 4223928782, 0x0, 0
DATA, 3670474865, 290199686, 0x0, 0
DATA, 3835755234, 4009556962, 0x0, 0
DATA, 219545354, 128911372, 0x0, 0
DATA, 4141876886, 4242017097, 0x0, 0
DATA, 192877346, 155975554, 0x0, 0
DATA, 4243060237, 4154325139, 0x0, 0
DATA, 4225826559, 4071688245, 0x0, 0
DATA, 4187359553, 4242739468, 0x0, 0
DATA, 3783718661, 8907123, 0x0, 0
DATA, 665125591, 75045062, 0x0, 0
DATA, 169536583, 4282977541, 0x0, 0
DATA, 4156228763, 4205897956, 0x0, 0
DATA, 541064189, 4195614888, 0x0, 0
DATA, 3967813336, 213450422, 0x0, 0
DATA, 258018961, 3606053540, 0x0, 0
DATA, 4157276742, 0, 0x0F, 1
DATA, 268369933, 122617347, 0x0, 0
DATA, 247330080, 58723347, 0x0, 0
DATA, 4187621182, 260837053, 0x0, 0
DATA, 3989442604, 4201186526, 0x0, 0
DATA, 67438159, 278526074, 0x0, 0
DATA, 4270980033, 4271372577, 0x0, 0
DATA, 4023385067, 3994749421, 0x0, 0
DATA, 366348963, 4230869022, 0x0, 0
DATA, 121113654, 83437334, 0x0, 0
DATA, 461703513, 275581327, 0x0, 0
DATA, 795615854, 4053657771, 0x0, 0
DATA, 3943754676, 230426734, 0x0, 0
DATA, 189135779, 4029356103, 0x0, 0
DATA, 175437446, 212661198, 0x0, 0
DATA, 131400136, 7474577, 0x0, 0
DATA, 4243719009, 4172157752, 0x0, 0
DATA, 118881248, 383126823, 0x0, 0
DATA, 4032948522, 104653886, 0x0, 0
DATA, 196087762, 4194106839, 0x0, 0
DATA, 4062907590, 4003589624, 0x0, 0
DATA, 4030855662, 178456203, 0x0, 0
DATA, 235604829, 328013192, 0x0, 0
DATA, 4015523256, 4068216787, 0x0, 0
DATA, 3967681999, 213776019, 0x0, 0
DATA, 3979734634, 4012842056, 0x0, 0
DATA, 3999079602, 4211736596, 0x0, 0
DATA, 4165539211, 3765829469, 0x0, 0
DATA, 4185197287, 4187097369, 0x0, 0
DATA, 3822455161, 4263906414, 0x0, 0
DATA, 305725087, 146411311, 0x0, 0
DATA, 462742636, 173080542, 0x0, 0
DATA, 201125615, 260108027, 0x0, 0
DATA, 4053337119, 4106427199, 0x0, 0
DATA, 4234682025, 4210553509, 0x0, 0
DATA, 4108446652, 4186310642, 0x0, 0
DATA, 4138337434, 49605796, 0x0, 0
DATA, 4080273617, 4133684608, 0x0, 0
DATA, 59300709, 4000188766, 0x0, 0
DATA, 4245749477, 4217177797, 0x0, 0
DATA, 282393613, 4076667800, 0x0, 0
DATA, 128322622, 3947298857, 0x0, 0
DATA, 3950832635, 338820174, 0x0, 0
DATA, 4244109554, 4075294303, 0x0, 0
DATA, 4098619745, 221513125, 0x0, 0
DATA, 4132309809, 370010813, 0x0, 0
DATA, 4252361995, 3742763874, 0x0, 0
DATA, 4223268079, 86376091, 0x0, 0
DATA, 3918328879, 328469221, 0x0, 0
DATA, 4255124002, 4293792990, 0x0, 0
DATA, 4246936229, 4034728428, 0x0, 0
DATA, 4235398110, 96997906, 0x0, 0
DATA, 68224406, 486086788, 0x0, 0
DATA, 4055102951, 4055241269, 0x0, 0
DATA, 9830351, 3871012245, 0x0, 0
DATA, 179505647, 194709235, 0x0, 0
DATA, 47969631, 107352012, 0x0, 0
DATA, 3911447632, 36304997, 0x0, 0
DATA, 263914941, 4204129546, 0x0, 0
DATA, 590080264, 141359376, 0x0, 0
DATA, 3677684998, 4104583614, 0x0, 0
DATA, 183891093, 289935280, 0x0, 0
DATA, 4105828487, 4161665732, 0x0, 0
DATA, 79102420, 4245875504, 0x0, 0
DATA, 3934590641, 66126568, 0x0, 0
DATA, 4247323398, 0, 0x0F, 1
DATA, 2415853583, 4278314266, 0x0, 0
DATA, 202828675, 288752969, 0x0, 0
DATA, 4057005729, 4187746944, 0x0, 0
DATA, 3488146916, 4060014823, 0x0, 0
DATA, 4022004773, 40642864, 0x0, 0
DATA, 4093642956, 4187161569, 0x0, 0
DATA, 54393482, 4003068660, 0x0, 0
DATA, 3985964441, 4221235932, 0x0, 0
DATA, 3980785318, 3968658487, 0x0, 0
DATA, 4091536054, 216789918, 0x0, 0
DATA, 4273337876, 4176076765, 0x0, 0
DATA, 271972016, 177017026, 0x0, 0
DATA, 27986066, 157282412, 0x0, 0
DATA, 4187223253, 3934847268, 0x0, 0
DATA, 4186300029, 4162128720, 0x0, 0
DATA, 3897821293, 4035837693, 0x0, 0
DATA, 382996043, 4285658290, 0x0, 0
DATA, 4138931911, 293791275, 0x0, 0
DATA, 3924099489, 312603232, 0x0, 0
DATA, 83946914, 235142246, 0x0, 0
DATA, 3863286067, 4173199843, 0x0, 0
DATA, 4064678965, 25630209, 0x0, 0
DATA, 4112712084, 203880888, 0x0, 0
DATA, 4164349684, 241298373, 0x0, 0
DATA, 3871667, 280358175, 0x0, 0
DATA, 4261612545, 3861971628, 0x0, 0
DATA, 3861371099, 284035017, 0x0, 0
DATA, 168226633, 4144237084, 0x0, 0
DATA, 20710321, 182318000, 0x0, 0
DATA, 4126799394, 4048223225, 0x0, 0
DATA, 30934844, 4140501531, 0x0, 0
DATA, 4054909401, 4289060724, 0x0, 0
DATA, 139397411, 143726976, 0x0, 0
DATA, 139983042, 668074654, 0x0, 0
DATA, 263781220, 4006536543, 0x0, 0
DATA, 298718183, 42734571, 0x0, 0
DATA, 4171565669, 359914061, 0x0, 0
DATA, 4023576084, 4192863714, 0x0, 0
DATA, 4088209760, 3980521560, 0x0, 0
DATA, 199886575, 3762226089, 0x0, 0
DATA, 4170651241, 480577359, 0x0, 0
DATA, 148109519, 239733148, 0x0, 0
DATA, 4288809444, 4061338481, 0x0, 0
DATA, 4170442655, 3968990595, 0x0, 0
DATA, 148114033, 3794996871, 0x0, 0
DATA, 135125324, 4163497320, 0x0, 0
DATA, 4288871394, 258943576, 0x0, 0
DATA, 70129314, 62129769, 0x0, 0
DATA, 181994370, 33219282, 0x0, 0
DATA, 4240964349, 4292935677, 0x0, 0
DATA, 4158909479, 4011856511, 0x0, 0
DATA, 65470401, 327415646, 0x0, 0
DATA, 240852751, 4229371427, 0x0, 0
DATA, 4133096463, 4100789059, 0x0, 0
DATA, 124718081, 262601439, 0x0, 0
DATA, 4078175488, 3885688589, 0x0, 0
DATA, 62061346, 38670959, 0x0, 0
DATA, 4270063189, 42666868, 0x0, 0
DATA, 4189524187, 3975156664, 0x0, 0
DATA, 4088925860, 245633254, 0x0, 0
DATA, 4260882189, 3802861126, 0x0, 0
DATA, 117573615, 34012169, 0x0, 0
DATA, 4075758438, 29356409, 0x0, 0
DATA, 347939476, 102041680, 0x0, 0
DATA, 4121554274, 0, 0x0F, 1
DATA, 2415853573, 4089973759, 0x0, 0
DATA, 3597794281, 4092332299, 0x0, 0
DATA, 4289988388, 240449035, 0x0, 0
DATA, 3853902804, 3963158205, 0x0, 0
DATA, 3940087787, 4090167437, 0x0, 0
DATA, 4053923229, 4088660513, 0x0, 0
DATA, 256247749, 144634358, 0x0, 0
DATA, 4223858378, 4170582685, 0x0, 0
DATA, 138283267, 154402089, 0x0, 0
DATA, 45018548, 392831860, 0x0, 0
DATA, 4081453998, 3779070147, 0x0, 0
DATA, 3844210272, 4142004742, 0x0, 0
DATA, 187034605, 4027515266, 0x0, 0
DATA, 22933423, 47575948, 0x0, 0
DATA, 23650530, 235929624, 0x0, 0
DATA, 4278388361, 4148763986, 0x0, 0
DATA, 321843877, 3969253081, 0x0, 0
DATA, 160037229, 4083023582, 0x0, 0
DATA, 4027440892, 41223595, 0x0, 0
DATA, 4216448120, 29819865, 0x0, 0
DATA, 4136702484, 84347279, 0x0, 0
DATA, 4171955875, 4145552076, 0x0, 0
DATA, 3606383072, 3901754523, 0x0, 0
DATA, 84600949, 54728209, 0x0, 0
DATA, 4237886120, 4125886251, 0x0, 0
DATA, 3817859607, 191367378, 0x0, 0
DATA, 308938516, 20894911, 0x0, 0
DATA, 3954247296, 7920776, 0x0, 0
DATA, 4158911150, 157217195, 0x0, 0
DATA, 4124108271, 4038656411, 0x0, 0
DATA, 3904435846, 339141274, 0x0, 0
DATA, 4221371346, 4238669437, 0x0, 0
DATA, 216001712, 3847547739, 0x0, 0
DATA, 362083388, 4071753612, 0x0, 0
DATA, 99025977, 262861904, 0x0, 0
DATA, 30414553, 222226177, 0x0, 0
DATA, 358282126, 4253881432, 0x0, 0
DATA, 37428048, 3916166451, 0x0, 0
DATA, 144900555, 3945852644, 0x0, 0
DATA, 128578344, 3870878666, 0x0, 0
DATA, 4216325651, 3526426769, 0x0, 0
DATA, 3898737190, 7471124, 0x0, 0
DATA, 3666741387, 4266387961, 0x0, 0
DATA, 4238214732, 224727437, 0x0, 0
DATA, 4168220081, 4200324542, 0x0, 0
DATA, 464329128, 536866100, 0x0, 0
DATA, 441378770, 18097128, 0x0, 0
DATA, 695921998, 582676264, 0x0, 0
DATA, 259384375, 4181393185, 0x0, 0
DATA, 4288671911, 3982620991, 0x0, 0
DATA, 4005754077, 57081627, 0x0, 0
DATA, 256961945, 135518675, 0x0, 0
DATA, 76410679, 115474586, 0x0, 0
DATA, 10813201, 4234800776, 0x0, 0
DATA, 288687926, 4250282813, 0x0, 0
DATA, 4124438620, 3973252615, 0x0, 0
DATA, 926356543, 4028493256, 0x0, 0
DATA, 3863738011, 4153599919, 0x0, 0
DATA, 3913614855, 4175225452, 0x0, 0
DATA, 3948734042, 59309289, 0x0, 0
DATA, 630977569, 3899189485, 0x0, 0
DATA, 166006127, 188612539, 0x0, 0
DATA, 176227728, 4206035591, 0x0, 0
DATA, 379590077, 130021753, 0x0, 0
DATA, 4147908071, 0, 0x0F, 1
DATA, 268369927, 4281467149, 0x0, 0
DATA, 133630914, 241832248, 0x0, 0
DATA, 371524974, 4262395181, 0x0, 0
DATA, 97181728, 305529120, 0x0, 0
DATA, 4060998295, 1510821, 0x0, 0
DATA, 9440114, 208203618, 0x0, 0
DATA, 4231330919, 571017014, 0x0, 0
DATA, 358552743, 4028431662, 0x0, 0
DATA, 4189391318, 3878287604, 0x0, 0
DATA, 4294119084, 194243121, 0x0, 0
DATA, 66653222, 62911209, 0x0, 0
DATA, 65008938, 279448736, 0x0, 0
DATA, 175108992, 51577057, 0x0, 0
DATA, 238222897, 4244243247, 0x0, 0
DATA, 4106745737, 273093499, 0x0, 0
DATA, 111285039, 4007923768, 0x0, 0
DATA, 285667392, 3892835746, 0x0, 0
DATA, 11928897, 3788570616, 0x0, 0
DATA, 257428800, 325059507, 0x0, 0
DATA, 3403223342, 80154884, 0x0, 0
DATA, 4085318494, 156306409, 0x0, 0
DATA, 587727406, 201265248, 0x0, 0
DATA, 4045996865, 4180479377, 0x0, 0
DATA, 4235986433, 4208191653, 0x0, 0
DATA, 4241553287, 9430320, 0x0, 0
DATA, 208211292, 177536034, 0x0, 0
DATA, 266729928, 3899851844, 0x0, 0
DATA, 4117368423, 4160162458, 0x0, 0
DATA, 4275699926, 191563741, 0x0, 0
DATA, 4179286349, 51387767, 0x0, 0
DATA, 133893936, 4139112609, 0x0, 0
DATA, 504229503, 197652140, 0x0, 0
DATA, 4233689266, 45874912, 0x0, 0
DATA, 101189658, 60883812, 0x0, 0
DATA, 4043902861, 4158919497, 0x0, 0
DATA, 3871338384, 4276876756, 0x0, 0
DATA, 4204868724, 241362832, 0x0, 0
DATA, 218037934, 241693283, 0x0, 0
DATA, 4085053652, 323290654, 0x0, 0
DATA, 3990085763, 53736012, 0x0, 0
DATA, 4235064992, 3971803920, 0x0, 0
DATA, 659299829, 557781013, 0x0, 0
DATA, 42857025, 159246375, 0x0, 0
DATA, 268048898, 66186468, 0x0, 0
DATA, 4096516324, 4267707789, 0x0, 0
DATA, 3837527767, 3897552266, 0x0, 0
DATA, 412152661, 236646318, 0x0, 0
DATA, 4197390893, 4012702561, 0x0, 0
DATA, 4192609797, 4130468119, 0x0, 0
DATA, 336196871, 560529340, 0x0, 0
DATA, 387708634, 232191701, 0x0, 0
DATA, 3961450082, 4277072042, 0x0, 0
DATA, 4214622287, 3830507377, 0x0, 0
DATA, 272629744, 9757783, 0x0, 0
DATA, 3829728326, 3963685358, 0x0, 0
DATA, 94765707, 3848406852, 0x0, 0
DATA, 3903387995, 4048686084, 0x0, 0
DATA, 4233097430, 4223992144, 0x0, 0
DATA, 4288093909, 4062112766, 0x0, 0
DATA, 3967214373, 191960299, 0x0, 0
DATA, 4239588949, 326766626, 0x0, 0
DATA, 63963591, 572790129, 0x0, 0
DATA, 289403336, 4272626937, 0x0, 0
DATA, 4200721480, 3821925741, 0x0, 0
DATA, 4192917668, 0, 0x0F, 1
DATA, 268369928, 4188733303, 0x0, 0
DATA, 3888183113, 4115986782, 0x0, 0
DATA, 3724017487, 313132361, 0x0, 0
DATA, 4235791460, 113446272, 0x0, 0
DATA, 218623663, 4092135957, 0x0, 0
DATA, 3901554819, 508228030, 0x0, 0
DATA, 34475882, 627053079, 0x0, 0
DATA, 3793882451, 13235979, 0x0, 0
DATA, 4272618522, 4194902345, 0x0, 0
DATA, 37875909, 152893183, 0x0, 0
DATA, 353698272, 3741382217, 0x0, 0
DATA, 4241026175, 3999002170, 0x0, 0
DATA, 4132499176, 723906835, 0x0, 0
DATA, 4193259885, 3982687393, 0x0, 0
DATA, 50789033, 4278720887, 0x0, 0
DATA, 176292555, 4293847203, 0x0, 0
DATA, 4232717795, 459081158, 0x0, 0
DATA, 166670568, 3959028320, 0x0, 0
DATA, 391188468, 271256931, 0x0, 0
DATA, 452005123, 3937789860, 0x0, 0
DATA, 394070291, 87687282, 0x0, 0
DATA, 4266332720, 62980295, 0x0, 0
DATA, 4079156211, 150140227, 0x0, 0
DATA, 4142794153, 4072345907, 0x0, 0
DATA, 140574879, 4063169519, 0x0, 0
DATA, 216004608, 452070833, 0x0, 0
DATA, 555154491, 47115853, 0x0, 0
DATA, 165416497, 4098546878, 0x0, 0
DATA, 4111591244, 4273138396, 0x0, 0
DATA, 79955372, 4283427873, 0x0, 0
DATA, 4250008354, 316402116, 0x0, 0
DATA, 164562825, 3863410211, 0x0, 0
DATA, 4072666279, 86513899, 0x0, 0
DATA, 193654253, 3753509115, 0x0, 0
DATA, 4276814439, 4233357626, 0x0, 0
DATA, 4031515870, 4285848043, 0x0, 0
DATA, 162392469, 4164813047, 0x0, 0
DATA, 53605348, 42139878, 0x0, 0
DATA, 737736879, 4207477447, 0x0, 0
DATA, 166068687, 235731339, 0x0, 0
DATA, 321921535, 3919116775, 0x0, 0
DATA, 5834063, 81267080, 0x0, 0
DATA, 4241692656, 61861602, 0x0, 0
DATA, 18606205, 321088, 0x0, 0
DATA, 4123202933, 147128765, 0x0, 0
DATA, 4208065214, 4159107483, 0x0, 0
DATA, 3865053950, 194909624, 0x0, 0
DATA, 297468380, 288621786, 0x0, 0
DATA, 4179363126, 328080436, 0x0, 0
DATA, 61149584, 472974060, 0x0, 0
DATA, 4277657259, 177795674, 0x0, 0
DATA, 4071809194, 312800636, 0x0, 0
DATA, 112251695, 503456124, 0x0, 0
DATA, 3748860142, 3715304444, 0x0, 0
DATA, 220192361, 521988270, 0x0, 0
DATA, 4265534255, 447885723, 0x0, 0
DATA, 207031153, 4102949438, 0x0, 0
DATA, 3992257964, 188091950, 0x0, 0
DATA, 4087021337, 4190889352, 0x0, 0
DATA, 3965062576, 4291560501, 0x0, 0
DATA, 191966525, 313790158, 0x0, 0
DATA, 4227397673, 3939756818, 0x0, 0
DATA, 226488688, 99093161, 0x0, 0
DATA, 31329042, 430699147, 0x0, 0
DATA, 4133476019, 0, 0x0F, 1
DATA, 2415853578, 157938957, 0x0, 0
DATA, 135597423, 4280678583, 0x0, 0
DATA, 4020380153, 4233098606, 0x0, 0
DATA, 3874681395, 4006015438, 0x0, 0
DATA, 3690728454, 4254788985, 0x0, 0
DATA, 164233852, 366016440, 0x0, 0
DATA, 4158128682, 51382022, 0x0, 0
DATA, 4061659071, 29031899, 0x0, 0
DATA, 3626621198, 394327196, 0x0, 0
DATA, 3998347219, 4206359950, 0x0, 0
DATA, 3794928264, 238022778, 0x0, 0
DATA, 4282642701, 28640781, 0x0, 0
DATA, 169345600, 23601106, 0x0, 0
DATA, 4012704629, 4055629430, 0x0, 0
DATA, 3970760633, 3519609848, 0x0, 0
DATA, 520536, 161349615, 0x0, 0
DATA, 360974205, 268694832, 0x0, 0
DATA, 4002286021, 518329666, 0x0, 0
DATA, 3998029588, 109379694, 0x0, 0
DATA, 362478194, 4002024264, 0x0, 0
DATA, 4236639826, 76214902, 0x0, 0
DATA, 4048031934, 594414846, 0x0, 0
DATA, 64035935, 4188079960, 0x0, 0
DATA, 454358354, 130287253, 0x0, 0
DATA, 4286645550, 698154228, 0x0, 0
DATA, 4100316637, 106623319, 0x0, 0
DATA, 4176286386, 4193584467, 0x0, 0
DATA, 4189982863, 4104716192, 0x0, 0
DATA, 4225109760, 68295192, 0x0, 0
DATA, 4050392413, 3533964713, 0x0, 0
DATA, 544017294, 78379556, 0x0, 0
DATA, 34666392, 94769412, 0x0, 0
DATA, 4219929105, 233243326, 0x0, 0
DATA, 86632810, 4065391376, 0x0, 0
DATA, 197062508, 35581512, 0x0, 0
DATA, 293076293, 190839945, 0x0, 0
DATA, 87361035, 4293857258, 0x0, 0
DATA, 36766892, 369621727, 0x0, 0
DATA, 32047695, 3924037267, 0x0, 0
DATA, 105644753, 228721176, 0x0, 0
DATA, 4093967261, 4107926340, 0x0, 0
DATA, 350751928, 4108511141, 0x0, 0
DATA, 4031966352, 4196996383, 0x0, 0
DATA, 4032563532, 4134534869, 0x0, 0
DATA, 132899514, 4108254421, 0x0, 0
DATA, 20380113, 4252569130, 0x0, 0
DATA, 4011851676, 4258140945, 0x0, 0
DATA, 4217311516, 4283431837, 0x0, 0
DATA, 4207472552, 4071424421, 0x0, 0
DATA, 734401113, 4215676816, 0x0, 0
DATA, 390720208, 4268100434, 0x0, 0
DATA, 386996952, 4027445127, 0x0, 0
DATA, 343808708, 3658418493, 0x0, 0
DATA, 4040557898, 4001042355, 0x0, 0
DATA, 4068275436, 3962896624, 0x0, 0
DATA, 281667158, 197264364, 0x0, 0
DATA, 3792307977, 374797427, 0x0, 0
DATA, 4061717866, 4019191698, 0x0, 0
DATA, 204540889, 3655133558, 0x0, 0
DATA, 4025348255, 207754016, 0x0, 0
DATA, 4275247263, 4243658985, 0x0, 0
DATA, 76485261, 72219517, 0x0, 0
DATA, 4223858197, 4183032375, 0x0, 0
DATA, 4016962882, 4275176545, 0x0, 0
DATA, 45283157, 0, 0x0F, 1
DATA, 2415853568, 56627628, 0x0, 0
DATA, 251657708, 126358930, 0x0, 0
DATA, 58775115, 281209208, 0x0, 0
DATA, 3939170422, 3973899074, 0x0, 0
DATA, 4151770552, 4139576082, 0x0, 0
DATA, 4292539439, 315890440, 0x0, 0
DATA, 4015390545, 249226938, 0x0, 0
DATA, 105317068, 3721070842, 0x0, 0
DATA, 281798431, 4009624359, 0x0, 0
DATA, 4208535245, 580255473, 0x0, 0
DATA, 81586271, 4031050684, 0x0, 0
DATA, 4240505869, 4064867308, 0x0, 0
DATA, 141563837, 304349160, 0x0, 0
DATA, 4002936338, 142934122, 0x0, 0
DATA, 4130139075, 4149865633, 0x0, 0
DATA, 293075592, 3739684877, 0x0, 0
DATA, 4106686299, 34082261, 0x0, 0
DATA, 4269607412, 423823894, 0x0, 0
DATA, 287635356, 4012710255, 0x0, 0
DATA, 66846091, 145746879, 0x0, 0
DATA, 205719034, 4227723222, 0x0, 0
DATA, 96206113, 4175427461, 0x0, 0
DATA, 20444644, 648942835, 0x0, 0
DATA, 4166386875, 3935304594, 0x0, 0
DATA, 4152172155, 4051895183, 0x0, 0
DATA, 69468355, 3985837224, 0x0, 0
DATA, 4293194027, 286648617, 0x0, 0
DATA, 639045043, 4237490932, 0x0, 0
DATA, 270994585, 4109956657, 0x0, 0
DATA, 263585360, 4287241104, 0x0, 0
DATA, 53537923, 4185329470, 0x0, 0
DATA, 4285859245, 3770286517, 0x0, 0
DATA, 3823040954, 208079922, 0x0, 0
DATA, 3449818760, 4152357791, 0x0, 0
DATA, 169211455, 289991592, 0x0, 0
DATA, 4039704981, 3930918761, 0x0, 0
DATA, 104005118, 586087171, 0x0, 0
DATA, 4286318465, 4269148521, 0x0, 0
DATA, 4255122074, 3875079237, 0x0, 0
DATA, 4097312901, 460847531, 0x0, 0
DATA, 232134738, 105055406, 0x0, 0
DATA, 145945226, 4294963917, 0x0, 0
DATA, 385017654, 4133810812, 0x0, 0
DATA, 815206670, 345369497, 0x0, 0
DATA, 9634547, 4147640092, 0x0, 0
DATA, 386470216, 350216996, 0x0, 0
DATA, 4065986801, 4195021510, 0x0, 0
DATA, 14025329, 390269462, 0x0, 0
DATA, 443809209, 4256034432, 0x0, 0
DATA, 4016835245, 180623994, 0x0, 0
DATA, 245560641, 4067299575, 0x0, 0
DATA, 92267192, 4215996883, 0x0, 0
DATA, 4191681289, 4277397607, 0x0, 0
DATA, 4140964311, 196477750, 0x0, 0
DATA, 132517651, 4149152939, 0x0, 0
DATA, 300552115, 4199024135, 0x0, 0
DATA, 199945315, 3999070574, 0x0, 0
DATA, 380437760, 4204527271, 0x0, 0
DATA, 41873189, 386991105, 0x0, 0
DATA, 277672801, 4285987647, 0x0, 0
DATA, 611778107, 4056680495, 0x0, 0
DATA, 49274331, 3804295876, 0x0, 0
DATA, 143853595, 39255424, 0x0, 0
DATA, 137166029, 289738483, 0x0, 0
DATA, 4225440104, 0, 0x0F, 1
DATA, 268369922, 431428842, 0x0, 0
DATA, 19330206, 3851614743, 0x0, 0
DATA, 4009693543, 40240015, 0x0, 0
DATA, 3513903220, 184352118, 0x0, 0
DATA, 274724061, 89126818, 0x0, 0
DATA, 4217433286, 288025588, 0x0, 0
DATA, 4207609173, 47311698, 0x0, 0
DATA, 4141613382, 4212390363, 0x0, 0
DATA, 66383959, 169997013, 0x0, 0
DATA, 501745395, 115013099, 0x0, 0
DATA, 4224839515, 4070503593, 0x0, 0
DATA, 4854200, 3892177418, 0x0, 0
DATA, 4103135509, 105120776, 0x0, 0
DATA, 4221175142, 50268696, 0x0, 0
DATA, 4174114713, 318767848, 0x0, 0
DATA, 4212519164, 4147641726, 0x0, 0
DATA, 4126673260, 336328953, 0x0, 0
DATA, 212399895, 375920227, 0x0, 0
DATA, 191172159, 4184339669, 0x0, 0
DATA, 512747821, 552724007, 0x0, 0
DATA, 3976591575, 3771403929, 0x0, 0
DATA, 4138208878, 87559376, 0x0, 0
DATA, 514326010, 54004757, 0x0, 0
DATA, 181143812, 4141418263, 0x0, 0
DATA, 27338995, 4202231196, 0x0, 0
DATA, 4265478945, 9571348, 0x0, 0
DATA, 4096328954, 3911639686, 0x0, 0
DATA, 4275896617, 3784898255, 0x0, 0
DATA, 7665842, 4051430456, 0x0, 0
DATA, 38868019, 4161996668, 0x0, 0
DATA, 3886876418, 30475574, 0x0, 0
DATA, 4084653394, 344065036, 0x0, 0
DATA, 1964969, 4133745458, 0x0, 0
DATA, 217189978, 35589075, 0x0, 0
DATA, 458422890, 58066336, 0x0, 0
DATA, 3901818833, 4081060348, 0x0, 0
DATA, 122297574, 114224086, 0x0, 0
DATA, 264903778, 108329357, 0x0, 0
DATA, 142666313, 4244635378, 0x0, 0
DATA, 16125598, 4288482061, 0x0, 0
DATA, 4224193169, 316542647, 0x0, 0
DATA, 4284158876, 4067162169, 0x0, 0
DATA, 4112713373, 3785027431, 0x0, 0
DATA, 282332822, 696448782, 0x0, 0
DATA, 154126219, 4104521922, 0x0, 0
DATA, 4000513917, 4166455680, 0x0, 0
DATA, 3983339229, 4220970037, 0x0, 0
DATA, 120840580, 150140529, 0x0, 0
DATA, 109383403, 80544750, 0x0, 0
DATA, 4129629727, 3999532049, 0x0, 0
DATA, 296420981, 41812535, 0x0, 0
DATA, 3677349722, 271444693, 0x0, 0
DATA, 114359526, 4208525658, 0x0, 0
DATA, 307038878, 158008430, 0x0, 0
DATA, 602734921, 3787844874, 0x0, 0
DATA, 36766793, 432804527, 0x0, 0
DATA, 30931950, 4148692554, 0x0, 0
DATA, 341903768, 333126323, 0x0, 0
DATA, 4198760072, 142348662, 0x0, 0
DATA, 3720876477, 55038643, 0x0, 0
DATA, 175963431, 196611425, 0x0, 0
DATA, 4107147911, 3842046111, 0x0, 0
DATA, 4028237382, 4196794146, 0x0, 0
DATA, 458097519, 471853462, 0x0, 0
DATA, 4209174205, 0, 0x0F, 1
DATA, 2415853580, 254804245, 0x0, 0
DATA, 45617145, 104139760, 0x0, 0
DATA, 435228586, 4258524719, 0x0, 0
DATA, 176746143, 4238216681, 0x0, 0
DATA, 4277399611, 267445656, 0x0, 0
DATA, 182055853, 58064344, 0x0, 0
DATA, 3767471788, 3957588240, 0x0, 0
DATA, 73375, 4172736352, 0x0, 0
DATA, 112132526, 339410636, 0x0, 0
DATA, 321460358, 4100199417, 0x0, 0
DATA, 367527014, 4089118670, 0x0, 0
DATA, 4202688890, 4088266666, 0x0, 0
DATA, 137562792, 4142397691, 0x0, 0
DATA, 3821798511, 3967476593, 0x0, 0
DATA, 213573886, 316538736, 0x0, 0
DATA, 4053138489, 204077311, 0x0, 0
DATA, 3844863366, 4186698907, 0x0, 0
DATA, 4170184882, 720435707, 0x0, 0
DATA, 4271894468, 4075423671, 0x0, 0
DATA, 4262137573, 225446796, 0x0, 0
DATA, 22417152, 4184796516, 0x0, 0
DATA, 4006801266, 9635634, 0x0, 0
DATA, 4265281765, 4168092966, 0x0, 0
DATA, 72606388, 170984375, 0x0, 0
DATA, 15596226, 46203546, 0x0, 0
DATA, 141228267, 309719550, 0x0, 0
DATA, 4192270179, 235213146, 0x0, 0
DATA, 3919252697, 279780377, 0x0, 0
DATA, 4221177074, 373554886, 0x0, 0
DATA, 84677005, 4226215305, 0x0, 0
DATA, 4107997148, 4116909339, 0x0, 0
DATA, 4283890523, 4104650482, 0x0, 0
DATA, 4283491954, 4206096003, 0x0, 0
DATA, 138679021, 3932490663, 0x0, 0
DATA, 3840867581, 164490462, 0x0, 0
DATA, 3886875507, 4007264798, 0x0, 0
DATA, 73721630, 194252342, 0x0, 0
DATA, 226686883, 3813998768, 0x0, 0
DATA, 3999924, 4163304657, 0x0, 0
DATA, 405198284, 319427023, 0x0, 0
DATA, 3664902790, 22155894, 0x0, 0
DATA, 4123002118, 378406563, 0x0, 0
DATA, 4204463180, 90177819, 0x0, 0
DATA, 298055223, 93908028, 0x0, 0
DATA, 4195160748, 4214292270, 0x0, 0
DATA, 240386116, 3767408592, 0x0, 0
DATA, 110885098, 32444750, 0x0, 0
DATA, 3922271713, 199823199, 0x0, 0
DATA, 4261015675, 4184610285, 0x0, 0
DATA, 4079224786, 9106913, 0x0, 0
DATA, 3702656829, 109308714, 0x0, 0
DATA, 3964141722, 4269080561, 0x0, 0
DATA, 291568350, 623382498, 0x0, 0
DATA, 4179104489, 3997564366, 0x0, 0
DATA, 339412967, 4198636857, 0x0, 0
DATA, 3804597, 3866955334, 0x0, 0
DATA, 248248154, 37687070, 0x0, 0
DATA, 4226022812, 152763047, 0x0, 0
DATA, 71630485, 4200337722, 0x0, 0
DATA, 293214797, 4123919343, 0x0, 0
DATA, 4071101809, 3948681416, 0x0, 0
DATA, 124062170, 401933411, 0x0, 0
DATA, 62908363, 4067954494, 0x0, 0
DATA, 4170975765, 4110159870, 0x0, 0
DATA, 33757740, 0, 0x0F, 1
DATA, 268369934, 97639209, 0x0, 0
DATA, 4229036960, 76484533, 0x0, 0
DATA, 4172748194, 4084204036, 0x0, 0
DATA, 4286840412, 3967285720, 0x0, 0
DATA, 9235120, 209252012, 0x0, 0
DATA, 4155304784, 3918195622, 0x0, 0
DATA, 3949716508, 2172276, 0x0, 0
DATA, 607125673, 127207238, 0x0, 0
DATA, 631181081, 601025354, 0x0, 0
DATA, 87233496, 332537369, 0x0, 0
DATA, 48361547, 47967410, 0x0, 0
DATA, 210372056, 4274582184, 0x0, 0
DATA, 4266781761, 398454570, 0x0, 0
DATA, 4188077955, 120323139, 0x0, 0
DATA, 3714907443, 96014890, 0x0, 0
DATA, 3796959228, 4269280815, 0x0, 0
DATA, 3885888001, 4069137921, 0x0, 0
DATA, 278530331, 4282517269, 0x0, 0
DATA, 33555096, 296876050, 0x0, 0
DATA, 4011135957, 4105567692, 0x0, 0
DATA, 4208002896, 3992147, 0x0, 0
DATA, 4141813558, 4088458498, 0x0, 0
DATA, 3909943065, 4206173559, 0x0, 0
DATA, 3962766280, 4212264602, 0x0, 0
DATA, 391310368, 4119134407, 0x0, 0
DATA, 4253482880, 4200197427, 0x0, 0
DATA, 4030657305, 230945420, 0x0, 0
DATA, 3861646908, 256770820, 0x0, 0
DATA, 4262984623, 3873303396, 0x0, 0
DATA, 254084015, 163842012, 0x0, 0
DATA, 4148822034, 3998092091, 0x0, 0
DATA, 4230019000, 64685095, 0x0, 0
DATA, 4161857200, 4253032367, 0x0, 0
DATA, 364844123, 4157275079, 0x0, 0
DATA, 4041078702, 3882222082, 0x0, 0
DATA, 4286773849, 622784976, 0x0, 0
DATA, 132439627, 89319082, 0x0, 0
DATA, 4276550108, 3933006040, 0x0, 0
DATA, 83819550, 552079189, 0x0, 0
DATA, 36699690, 113699556, 0x0, 0
DATA, 335810414, 4221570005, 0x0, 0
DATA, 85596028, 4187487000, 0x0, 0
DATA, 3789032866, 344256730, 0x0, 0
DATA, 4145407967, 3989828919, 0x0, 0
DATA, 4240569475, 86250457, 0x0, 0
DATA, 114233312, 475145007, 0x0, 0
DATA, 4150387976, 476122656, 0x0, 0
DATA, 3968790981, 4196861554, 0x0, 0
DATA, 3696684939, 166723166, 0x0, 0
DATA, 4056348148, 344455039, 0x0, 0
DATA, 98043514, 4087281516, 0x0, 0
DATA, 269417847, 4016570555, 0x0, 0
DATA, 4238601840, 3768064636, 0x0, 0
DATA, 527830204, 87231656, 0x0, 0
DATA, 4037668696, 4121235412, 0x0, 0
DATA, 2028624, 377820098, 0x0, 0
DATA, 525011117, 53934800, 0x0, 0
DATA, 169738622, 43051884, 0x0, 0
DATA, 114688682, 4186899137, 0x0, 0
DATA, 153422425, 3895593878, 0x0, 0
DATA, 4107210665, 215018495, 0x0, 0
DATA, 3717202712, 170071591, 0x0, 0
DATA, 3875342931, 4068014127, 0x0, 0
DATA, 4104972544, 3909619517, 0x0, 0
DATA, 31651351, 0, 0x0F, 1
DATA, 268369924, 62326083, 0x0, 0
DATA, 309859584, 4125158848, 0x0, 0
DATA, 4227792459, 120850646, 0x0, 0
DATA, 4019328682, 308932210, 0x0, 0
DATA, 4159963642, 3844536336, 0x0, 0
DATA, 371394153, 4238541426, 0x0, 0
DATA, 3653369795, 3791125266, 0x0, 0
DATA, 14029259, 3889299958, 0x0, 0
DATA, 4273866526, 363133029, 0x0, 0
DATA, 3983011893, 4252819534, 0x0, 0
DATA, 4174906361, 325124354, 0x0, 0
DATA, 3974754523, 176229983, 0x0, 0
DATA, 3572625643, 187299870, 0x0, 0
DATA, 4160098400, 4056810917, 0x0, 0
DATA, 218172073, 51574335, 0x0, 0
DATA, 45282271, 334631959, 0x0, 0
DATA, 564654656, 3912690580, 0x0, 0
DATA, 3628931655, 4053602881, 0x0, 0
DATA, 4057853888, 4021812214, 0x0, 0
DATA, 4198505303, 18150879, 0x0, 0
DATA, 125829752, 4220450258, 0x0, 0
DATA, 352981574, 4089313801, 0x0, 0
DATA, 239472595, 251599395, 0x0, 0
DATA, 4196397691, 142479865, 0x0, 0
DATA, 4294049299, 281878935, 0x0, 0
DATA, 531299570, 76541510, 0x0, 0
DATA, 281347163, 78968244, 0x0, 0
DATA, 4263250362, 4178974070, 0x0, 0
DATA, 270332258, 4210552463, 0x0, 0
DATA, 243732718, 4025420207, 0x0, 0
DATA, 4143510114, 232320436, 0x0, 0
DATA, 33683151, 474549656, 0x0, 0
DATA, 220139963, 62457593, 0x0, 0
DATA, 4002473414, 3989049015, 0x0, 0
DATA, 3971084141, 458430039, 0x0, 0
DATA, 306314611, 4038065121, 0x0, 0
DATA, 4145155174, 482551368, 0x0, 0
DATA, 57416697, 4035835499, 0x0, 0
DATA, 186583414, 4272093699, 0x0, 0
DATA, 177930353, 71628022, 0x0, 0
DATA, 3893228665, 247457373, 0x0, 0
DATA, 4160954179, 161344592, 0x0, 0
DATA, 3899592514, 4074966884, 0x0, 0
DATA, 4154978581, 4179881454, 0x0, 0
DATA, 4277535593, 342623077, 0x0, 0
DATA, 46405653, 4231526063, 0x0, 0
DATA, 4198757001, 227405449, 0x0, 0
DATA, 190448069, 4121231177, 0x0, 0
DATA, 3649697190, 835716299, 0x0, 0
DATA, 4072406718, 237697189, 0x0, 0
DATA, 3948091739, 4238737333, 0x0, 0
DATA, 171434795, 1376533, 0x0, 0
DATA, 4226215786, 126880724, 0x0, 0
DATA, 432605482, 97442090, 0x0, 0
DATA, 4244773068, 4275437847, 0x0, 0
DATA, 4259614, 157611832, 0x0, 0
DATA, 73920542, 151779352, 0x0, 0
DATA, 4250142117, 325756, 0x0, 0
DATA, 4195087414, 4212327123, 0x0, 0
DATA, 4191288292, 142148551, 0x0, 0
DATA, 417405841, 4120123061, 0x0, 0
DATA, 4259245441, 382661316, 0x0, 0
DATA, 153225417, 3849656707, 0x0, 0
DATA, 36508032, 4089634565, 0x0, 0
DATA, 3970243281, 0, 0x0F, 1
DATA, 2415853574, 3961977129, 0x0, 0
DATA, 4060681438, 3857772650, 0x0, 0
DATA, 4135583821, 4164486243, 0x0, 0
DATA, 4244771448, 87361351, 0x0, 0
DATA, 4274054065, 3868388903, 0x0, 0
DATA, 119797007, 4116320686, 0x0, 0
DATA, 183889885, 4290640934, 0x0, 0
DATA, 203679150, 3830446057, 0x0, 0
DATA, 65073447, 336397237, 0x0, 0
DATA, 355594958, 305728230, 0x0, 0
DATA, 98441228, 3917353476, 0x0, 0
DATA, 3981774624, 20121572, 0x0, 0
DATA, 365626837, 4238408573, 0x0, 0
DATA, 176172537, 4179487192, 0x0, 0
DATA, 3847162927, 5640059, 0x0, 0
DATA, 219744738, 4188537646, 0x0, 0
DATA, 4270649249, 499979056, 0x0, 0
DATA, 3993631346, 3987799166, 0x0, 0
DATA, 4294634384, 242423135, 0x0, 0
DATA, 4224255100, 3910667449, 0x0, 0
DATA, 57871139, 22350967, 0x0, 0
DATA, 4278716166, 4195477855, 0x0, 0
DATA, 3879348724, 4019186643, 0x0, 0
DATA, 3995204191, 4226343886, 0x0, 0
DATA, 5903220, 3872268029, 0x0, 0
DATA, 127527970, 4139191622, 0x0, 0
DATA, 4031837548, 52494957, 0x0, 0
DATA, 4161733119, 4220575969, 0x0, 0
DATA, 46991399, 333579710, 0x0, 0
DATA, 4186443241, 430903233, 0x0, 0
DATA, 360835159, 4148424446, 0x0, 0
DATA, 520228388, 111015967, 0x0, 0
DATA, 4099470724, 4200261987, 0x0, 0
DATA, 274202193, 4156102672, 0x0, 0
DATA, 58393361, 4275177195, 0x0, 0
DATA, 193655780, 4029673836, 0x0, 0
DATA, 4060023738, 454561779, 0x0, 0
DATA, 19853956, 95091843, 0x0, 0
DATA, 48764604, 630524935, 0x0, 0
DATA, 162400487, 4275699629, 0x0, 0
DATA, 304555382, 4084002590, 0x0, 0
DATA, 4272288861, 550960451, 0x0, 0
DATA, 3971285117, 1382194, 0x0, 0
DATA, 99809345, 3874946678, 0x0, 0
DATA, 249295006, 96397016, 0x0, 0
DATA, 296750963, 4010010282, 0x0, 0
DATA, 4060803518, 3785233061, 0x0, 0
DATA, 125308718, 4210952937, 0x0, 0
DATA, 147331168, 4244702351, 0x0, 0
DATA, 4284680542, 191038295, 0x0, 0
DATA, 616296653, 4288667946, 0x0, 0
DATA, 4217962080, 4206100399, 0x0, 0
DATA, 113440462, 3858434125, 0x0, 0
DATA, 4128773577, 4272487376, 0x0, 0
DATA, 4162977737, 154794556, 0x0, 0
DATA, 4060016078, 216141392, 0x0, 0
DATA, 3691178799, 4179688693, 0x0, 0
DATA, 279837378, 300680228, 0x0, 0
DATA, 87491620, 4165399110, 0x0, 0
DATA, 551487416, 4246137824, 0x0, 0
DATA, 2813038, 3805743468, 0x0, 0
DATA, 408353138, 4192730650, 0x0, 0
DATA, 4064213479, 346743510, 0x0, 0
DATA, 3833009625, 3785816867, 0x0, 0
DATA, 4130209031, 0, 0x0F, 1
DATA, 2415853577, 3901545140, 0x0, 0
DATA, 3527672183, 141028936, 0x0, 0
DATA, 134018011, 60493983, 0x0, 0
DATA, 207616595, 171441226, 0x0, 0
DATA, 261093938, 4134138026, 0x0, 0
DATA, 36303628, 4174316760, 0x0, 0
DATA, 227209231, 4244504619, 0x0, 0
DATA, 142737003, 18413065, 0x0, 0
DATA, 4154190672, 4281010461, 0x0, 0
DATA, 4286317196, 1962209, 0x0, 0
DATA, 187826844, 404749626, 0x0, 0
DATA, 3922784434, 3988325376, 0x0, 0
DATA, 4165850281, 4112451098, 0x0, 0
DATA, 4106163641, 4292476488, 0x0, 0
DATA, 202835533, 405209301, 0x0, 0
DATA, 4066901019, 4182056643, 0x0, 0
DATA, 4195086161, 4084796558, 0x0, 0
DATA, 37741940, 73660830, 0x0, 0
DATA, 4216579587, 4154789572, 0x0, 0
DATA, 195890019, 91488742, 0x0, 0
DATA, 3998808365, 124654286, 0x0, 0
DATA, 394464027, 3773628230, 0x0, 0
DATA, 229512845, 322376164, 0x0, 0
DATA, 4121953287, 3959946969, 0x0, 0
DATA, 4244839988, 3974699539, 0x0, 0
DATA, 3488552829, 4157409057, 0x0, 0
DATA, 4190821786, 134347910, 0x0, 0
DATA, 46916914, 129564866, 0x0, 0
DATA, 4251777368, 112329602, 0x0, 0
DATA, 11070295, 3961907361, 0x0, 0
DATA, 240191421, 3533032, 0x0, 0
DATA, 173672373, 287569123, 0x0, 0
DATA, 200538900, 227865161, 0x0, 0
DATA, 24572105, 3633382320, 0x0, 0
DATA, 127138641, 3997612, 0x0, 0
DATA, 515443793, 4290770121, 0x0, 0
DATA, 4044748279, 4058253370, 0x0, 0
DATA, 120191850, 59374376, 0x0, 0
DATA, 197522911, 3963485639, 0x0, 0
DATA, 4131462082, 121830866, 0x0, 0
DATA, 4250538209, 62586388, 0x0, 0
DATA, 4128317204, 4166778624, 0x0, 0
DATA, 119725060, 148565365, 0x0, 0
DATA, 384697666, 4714376, 0x0, 0
DATA, 253681431, 599196358, 0x0, 0
DATA, 102103846, 15989680, 0x0, 0
DATA, 3934451459, 4222740580, 0x0, 0
DATA, 3762551097, 67239232, 0x0, 0
DATA, 4238077830, 4220590995, 0x0, 0
DATA, 4031377044, 497026884, 0x0, 0
DATA, 132191650, 4267511638, 0x0, 0
DATA, 479788032, 151585187, 0x0, 0
DATA, 4043505507, 4180086445, 0x0, 0
DATA, 447281130, 4012055757, 0x0, 0
DATA, 3981634348, 4054119604, 0x0, 0
DATA, 80422628, 100397215, 0x0, 0
DATA, 4273280506, 337192784, 0x0, 0
DATA, 3955427474, 4138014317, 0x0, 0
DATA, 200478645, 4171494205, 0x0, 0
DATA, 4287697946, 62324055, 0x0, 0
DATA, 141031039, 22741404, 0x0, 0
DATA, 3892505412, 3892312392, 0x0, 0
DATA, 4159962478, 4045014671, 0x0, 0
DATA, 248579410, 4093832019, 0x0, 0
DATA, 75689439, 0, 0x0F, 1
DATA, 268369931, 134283841, 0x0, 0
DATA, 71626497, 356842315, 0x0, 0
DATA, 4090224512, 84669944, 0x0, 0
DATA, 4139643222, 3813019740, 0x0, 0
DATA, 398188068, 4246406508, 0x0, 0
DATA, 160563068, 341962328, 0x0, 0
DATA, 44759485, 563546880, 0x0, 0
DATA, 4178572836, 61667728, 0x0, 0
DATA, 4036690386, 4143380867, 0x0, 0
DATA, 35579202, 268108534, 0x0, 0
DATA, 4284222153, 4162188855, 0x0, 0
DATA, 4214363827, 11411800, 0x0, 0
DATA, 186319126, 342422930, 0x0, 0
DATA, 3492022982, 4196012342, 0x0, 0
DATA, 246810755, 4107008998, 0x0, 0
DATA, 3862162792, 3933924033, 0x0, 0
DATA, 3980263430, 4163564297, 0x0, 0
DATA, 38598886, 4029738307, 0x0, 0
DATA, 4292410927, 3971016751, 0x0, 0
DATA, 242419348, 206045930, 0x0, 0
DATA, 317383650, 4107664742, 0x0, 0
DATA, 256969142, 4088729285, 0x0, 0
DATA, 3830774982, 112525452, 0x0, 0
DATA, 4114085778, 4115528354, 0x0, 0
DATA, 4016638447, 124909260, 0x0, 0
DATA, 4009357383, 80810450, 0x0, 0
DATA, 38083130, 4020966550, 0x0, 0
DATA, 271257796, 4232841131, 0x0, 0
DATA, 4142013305, 3818718889, 0x0, 0
DATA, 3931375498, 4146198939, 0x0, 0
DATA, 4211407908, 4278190218, 0x0, 0
DATA, 3798134583, 4183557579, 0x0, 0
DATA, 15862266, 157291075, 0x0, 0
DATA, 113641413, 4243652036, 0x0, 0
DATA, 231142115, 123339381, 0x0, 0
DATA, 4130344172, 3778278264, 0x0, 0
DATA, 47387744, 4100065740, 0x0, 0
DATA, 4202372314, 4263446387, 0x0, 0
DATA, 4234677566, 218301842, 0x0, 0
DATA, 168363518, 4180735168, 0x0, 0
DATA, 4120245770, 68551458, 0x0, 0
DATA, 4281471843, 123405592, 0x0, 0
DATA, 159975298, 108918603, 0x0, 0
DATA, 4271960187, 4128305521, 0x0, 0
DATA, 4139851579, 530321985, 0x0, 0
DATA, 4064994637, 4058315200, 0x0, 0
DATA, 3805540996, 4247845435, 0x0, 0
DATA, 72746624, 376509968, 0x0, 0
DATA, 4178059812, 4121165734, 0x0, 0
DATA, 23331966, 134742293, 0x0, 0
DATA, 65601313, 3980846969, 0x0, 0
DATA, 3757627597, 252777040, 0x0, 0
DATA, 4253672041, 111020461, 0x0, 0
DATA, 4204322674, 419491268, 0x0, 0
DATA, 4045801549, 4026144360, 0x0, 0
DATA, 109840826, 3957132738, 0x0, 0
DATA, 4152301096, 4164233263, 0x0, 0
DATA, 73074846, 252323953, 0x0, 0
DATA, 131733898, 3982424264, 0x0, 0
DATA, 4095542293, 4135388441, 0x0, 0
DATA, 200211942, 4274785518, 0x0, 0
DATA, 285277845, 42729070, 0x0, 0
DATA, 4206956970, 3613001105, 0x0, 0
DATA, 289011576, 4190566240, 0x0, 0
DATA, 4125487141, 0, 0x0F, 1
DATA, 268369921, 4284808103, 0x0, 0
DATA, 4277199519, 4257088139, 0x0, 0
DATA, 4278909151, 242419620, 0x0, 0
DATA, 4138273642, 211809626, 0x0, 0
DATA, 4235132459, 201461662, 0x0, 0
DATA, 3855350811, 4151176337, 0x0, 0
DATA, 4267377507, 493480773, 0x0, 0
DATA, 3663787285, 3901354478, 0x0, 0
DATA, 4062188837, 4127194411, 0x0, 0
DATA, 4279769274, 42142106, 0x0, 0
DATA, 133698199, 4182833680, 0x0, 0
DATA, 210233580, 4220840950, 0x0, 0
DATA, 259524147, 444858005, 0x0, 0
DATA, 4051113536, 305266662, 0x0, 0
DATA, 4024445111, 151386934, 0x0, 0
DATA, 340453757, 80808814, 0x0, 0
DATA, 4294639673, 105645042, 0x0, 0
DATA, 39986074, 4220974620, 0x0, 0
DATA, 4142267904, 71830298, 0x0, 0
DATA, 226037456, 4060158757, 0x0, 0
DATA, 4239982493, 107150772, 0x0, 0
DATA, 4169729464, 4079677058, 0x0, 0
DATA, 39916593, 3984846008, 0x0, 0
DATA, 4268954813, 458622929, 0x0, 0
DATA, 299831326, 713634, 0x0, 0
DATA, 387382814, 165620988, 0x0, 0
DATA, 852163615, 4238087529, 0x0, 0
DATA, 4050522769, 4010014550, 0x0, 0
DATA, 165935003, 48237390, 0x0, 0
DATA, 44100932, 3556307200, 0x0, 0
DATA, 4127396830, 138343454, 0x0, 0
DATA, 4139978186, 468127999, 0x0, 0
DATA, 220462300, 4163043547, 0x0, 0
DATA, 182843550, 3984266627, 0x0, 0
DATA, 3975996304, 4108128602, 0x0, 0
DATA, 65800734, 514916551, 0x0, 0
DATA, 4121894187, 4217698287, 0x0, 0
DATA, 4166579916, 593555065, 0x0, 0
DATA, 276499543, 23522435, 0x0, 0
DATA, 4063494564, 3858696914, 0x0, 0
DATA, 4009759081, 227673385, 0x0, 0
DATA, 46202925, 4107467422, 0x0, 0
DATA, 4091284391, 4250929734, 0x0, 0
DATA, 4266067493, 3829594923, 0x0, 0
DATA, 3951494564, 18489587, 0x0, 0
DATA, 4231988981, 104660855, 0x0, 0
DATA, 3977187585, 4064747146, 0x0, 0
DATA, 80088256, 111604412, 0x0, 0
DATA, 4119795354, 4015004494, 0x0, 0
DATA, 56163009, 4282324685, 0x0, 0
DATA, 4116910638, 4138472046, 0x0, 0
DATA, 76477325, 157676886, 0x0, 0
DATA, 203756735, 23332011, 0x0, 0
DATA, 414123512, 4201900273, 0x0, 0
DATA, 257683895, 70249760, 0x0, 0
DATA, 4003316, 116135801, 0x0, 0
DATA, 3694329023, 3978302676, 0x0, 0
DATA, 3685087877, 4108320894, 0x0, 0
DATA, 63043926, 4236632073, 0x0, 0
DATA, 4215474199, 9372212, 0x0, 0
DATA, 4158194533, 294915484, 0x0, 0
DATA, 57869727, 207155355, 0x0, 0
DATA, 97253875, 3919712107, 0x0, 0
DATA, 3871020740, 3743410395, 0x0, 0
DATA, 104394362, 0, 0x0F, 1
DATA, 2415853571, 156829049, 0x0, 0
DATA, 3986810574, 4149079628, 0x0, 0
DATA, 63507304, 3589414977, 0x0, 0
DATA, 523759570, 121749675, 0x0, 0
DATA, 4187552897, 138869043, 0x0, 0
DATA, 101703971, 4105041188, 0x0, 0
DATA, 4056026856, 138151069, 0x0, 0
DATA, 502659657, 3893620912, 0x0, 0
DATA, 4168420506, 4020959753, 0x0, 0
DATA, 4111661413, 4253545672, 0x0, 0
DATA, 4022331772, 4232176688, 0x0, 0
DATA, 4201908958, 4205775205, 0x0, 0
DATA, 285932197, 4150790433, 0x0, 0
DATA, 241298247, 3961061099, 0x0, 0
DATA, 127791567, 4093377135, 0x0, 0
DATA, 4251056650, 219223243, 0x0, 0
DATA, 3989700046, 3997367815, 0x0, 0
DATA, 48435016, 3933402079, 0x0, 0
DATA, 3914854996, 3879996663, 0x0, 0
DATA, 4182775312, 321325678, 0x0, 0
DATA, 4005362195, 105120450, 0x0, 0
DATA, 4128245151, 4249489938, 0x0, 0
DATA, 130750340, 3837198332, 0x0, 0
DATA, 271058965, 4158259774, 0x0, 0
DATA, 4190571392, 375846770, 0x0, 0
DATA, 4003535557, 4124835272, 0x0, 0
DATA, 41486097, 57868278, 0x0, 0
DATA, 3949526302, 484376885, 0x0, 0
DATA, 79953890, 188610700, 0x0, 0
DATA, 4050845857, 298129410, 0x0, 0
DATA, 4163040426, 4119987412, 0x0, 0
DATA, 400491208, 4233752090, 0x0, 0
DATA, 347800847, 13300099, 0x0, 0
DATA, 4243518001, 4032829087, 0x0, 0
DATA, 3939038886, 4103403279, 0x0, 0
DATA, 3993755467, 4273736823, 0x0, 0
DATA, 219549350, 3993431534, 0x0, 0
DATA, 4046522911, 4194368673, 0x0, 0
DATA, 4243714008, 409733941, 0x0, 0
DATA, 195960213, 25228939, 0x0, 0
DATA, 3834377745, 3716022865, 0x0, 0
DATA, 554893259, 4080857173, 0x0, 0
DATA, 384363457, 4150722269, 0x0, 0
DATA, 34862379, 52036268, 0x0, 0
DATA, 4130607225, 235336342, 0x0, 0
DATA, 135001977, 139987005, 0x0, 0
DATA, 3892583608, 3881106531, 0x0, 0
DATA, 419691113, 342747142, 0x0, 0
DATA, 527561639, 374205128, 0x0, 0
DATA, 220453726, 4123001912, 0x0, 0
DATA, 418053590, 4272879333, 0x0, 0
DATA, 4153668018, 549520751, 0x0, 0
DATA, 3930394500, 4022546871, 0x0, 0
DATA, 236191883, 4032681778, 0x0, 0
DATA, 415943110, 3844087438, 0x0, 0
DATA, 298783237, 4221173800, 0x0, 0
DATA, 98040595, 3947361071, 0x0, 0
DATA, 4098816365, 535626124, 0x0, 0
DATA, 3821270162, 190045013, 0x0, 0
DATA, 4272030085, 3795259841, 0x0, 0
DATA, 193715303, 258475061, 0x0, 0
DATA, 301521473, 3906405738, 0x0, 0
DATA, 4107732734, 4156492462, 0x0, 0
DATA, 4204129887, 271386999, 0x0, 0
DATA, 3972528715, 0, 0x0F, 1
DATA, 268369933, 4290844106, 0x0, 0
DATA, 4044948459, 4094354651, 0x0, 0
DATA, 160430700, 168489349, 0x0, 0
DATA, 3850634539, 130879586, 0x0, 0
DATA, 294704229, 330102420, 0x0, 0
DATA, 343607599, 4207276244, 0x0, 0
DATA, 436215447, 3902995403, 0x0, 0
DATA, 235737168, 4205316172, 0x0, 0
DATA, 4233364297, 3905486428, 0x0, 0
DATA, 310114529, 571663712, 0x0, 0
DATA, 4254138663, 209650120, 0x0, 0
DATA, 129106840, 4166844513, 0x0, 0
DATA, 173668360, 509606997, 0x0, 0
DATA, 195433273, 3328377139, 0x0, 0
DATA, 4234214370, 158006907, 0x0, 0
DATA, 4182632475, 26215725, 0x0, 0
DATA, 370746036, 3808289644, 0x0, 0
DATA, 3909353522, 4149276509, 0x0, 0
DATA, 4198039477, 4198822726, 0x0, 0
DATA, 414711701, 353629484, 0x0, 0
DATA, 3936877678, 4289991886, 0x0, 0
DATA, 3902270410, 540142513, 0x0, 0
DATA, 3851682163, 219612571, 0x0, 0
DATA, 325844073, 558764612, 0x0, 0
DATA, 4032296369, 415563021, 0x0, 0
DATA, 260503788, 3945395934, 0x0, 0
DATA, 4186377648, 377882668, 0x0, 0
DATA, 3966177325, 3968668390, 0x0, 0
DATA, 4087608414, 251528850, 0x0, 0
DATA, 4179101820, 194441143, 0x0, 0
DATA, 3994159515, 3785947543, 0x0, 0
DATA, 12780197, 4067567153, 0x0, 0
DATA, 194115277, 3897948040, 0x0, 0
DATA, 4233956770, 58459068, 0x0, 0
DATA, 274987739, 4229041583, 0x0, 0
DATA, 271195242, 153811154, 0x0, 0
DATA, 4287295415, 77327780, 0x0, 0
DATA, 4154851385, 4005164684, 0x0, 0
DATA, 3973245924, 4182769239, 0x0, 0
DATA, 4155245073, 19340242, 0x0, 0
DATA, 4280415691, 222874250, 0x0, 0
DATA, 377356379, 144563486, 0x0, 0
DATA, 3922923792, 394796023, 0x0, 0
DATA, 3975278681, 172169508, 0x0, 0
DATA, 3592419299, 34999709, 0x0, 0
DATA, 120915510, 3981958080, 0x0, 0
DATA, 575937589, 3736927011, 0x0, 0
DATA, 4190438686, 49470949, 0x0, 0
DATA, 47385554, 4072078206, 0x0, 0
DATA, 4249034950, 42991304, 0x0, 0
DATA, 177673885, 3962311972, 0x0, 0
DATA, 235146543, 79097387, 0x0, 0
DATA, 125365058, 4148172589, 0x0, 0
DATA, 4056806176, 315883169, 0x0, 0
DATA, 4255445886, 4129422990, 0x0, 0
DATA, 220791875, 102497916, 0x0, 0
DATA, 3866548421, 201990265, 0x0, 0
DATA, 4284157557, 4083278787, 0x0, 0
DATA, 67170436, 31392977, 0x0, 0
DATA, 4228969665, 321780744, 0x0, 0
DATA, 245177647, 90245393, 0x0, 0
DATA, 4145807304, 407312091, 0x0, 0
DATA, 4244177081, 158656497, 0x0, 0
DATA, 87356061, 3789494068, 0x0, 0
DATA, 4228254362, 0, 0x0F, 1
DATA, 2415853583, 4019190069, 0x0, 0
DATA, 119933130, 3980915307, 0x0, 0
DATA, 4264037350, 228074854, 0x0, 0
DATA, 3865638022, 313656432, 0x0, 0
DATA, 300485162, 4088141606, 0x0, 0
DATA, 3798399275, 439218889, 0x0, 0
DATA, 3961782707, 4283756164, 0x0, 0
DATA, 229962574, 3758033942, 0x0, 0
DATA, 172943975, 4087612399, 0x0, 0
DATA, 58722167, 4028825745, 0x0, 0
DATA, 4157670154, 4275768158, 0x0, 0
DATA, 4262923389, 20972634, 0x0, 0
DATA, 4253808843, 3958046843, 0x0, 0
DATA, 4247260980, 4144103012, 0x0, 0
DATA, 364450367, 40833710, 0x0, 0
DATA, 519437395, 272299657, 0x0, 0
DATA, 4223728152, 4036754064, 0x0, 0
DATA, 3755809714, 3997041514, 0x0, 0
DATA, 106954567, 4187418932, 0x0, 0
DATA, 178452801, 241109201, 0x0, 0
DATA, 4232579202, 4271377219, 0x0, 0
DATA, 66717641, 4185127077, 0x0, 0
DATA, 4146656341, 247339334, 0x0, 0
DATA, 248580668, 3413303, 0x0, 0
DATA, 4068539835, 210695066, 0x0, 0
DATA, 301401315, 284888695, 0x0, 0
DATA, 100465069, 4159308383, 0x0, 0
DATA, 3869634353, 3973647924, 0x0, 0
DATA, 4247648652, 4279046647, 0x0, 0
DATA, 462751393, 186837108, 0x0, 0
DATA, 4203743603, 140901671, 0x0, 0
DATA, 268429408, 60363244, 0x0, 0
DATA, 4240508532, 46398085, 0x0, 0
DATA, 275381928, 97517137, 0x0, 0
DATA, 246616232, 397022774, 0x0, 0
DATA, 50204396, 3890939353, 0x0, 0
DATA, 4123522608, 4239196801, 0x0, 0
DATA, 7864972, 4102093624, 0x0, 0
DATA, 4288612489, 3943629094, 0x0, 0
DATA, 3658807497, 272557533, 0x0, 0
DATA, 4107538113, 233441457, 0x0, 0
DATA, 4245550377, 4045921677, 0x0, 0
DATA, 4061852365, 4270585402, 0x0, 0
DATA, 3811048016, 17759440, 0x0, 0
DATA, 211027445, 350951754, 0x0, 0
DATA, 3783324749, 744290262, 0x0, 0
DATA, 200206977, 3837075565, 0x0, 0
DATA, 4133226488, 440531325, 0x0, 0
DATA, 153747990, 3573218126, 0x0, 0
DATA, 432019865, 4271761878, 0x0, 0
DATA, 533928495, 3944416414, 0x0, 0
DATA, 266602845, 360051608, 0x0, 0
DATA, 4155316034, 136189940, 0x0, 0
DATA, 134352468, 4238994720, 0x0, 0
DATA, 3725064055, 3794276520, 0x0, 0
DATA, 4258725062, 4096724309, 0x0, 0
DATA, 3741446987, 650443434, 0x0, 0
DATA, 35386362, 162785403, 0x0, 0
DATA, 253169985, 3951555219, 0x0, 0
DATA, 3958367749, 4030264824, 0x0, 0
DATA, 142805697, 479662567, 0x0, 0
DATA, 4030856686, 3787777153, 0x0, 0
DATA, 105319523, 3814323236, 0x0, 0
DATA, 95811235, 4062375144, 0x0, 0
DATA, 283119674, 0, 0x0F, 1
DATA, 2415853573, 285669533, 0x0, 0
DATA, 4239128545, 3818396762, 0x0, 0
DATA, 4064083832, 233115069, 0x0, 0
DATA, 295834711, 158662579, 0x0, 0
DATA, 3929415858, 17041455, 0x0, 0
DATA, 4290974023, 4215674625, 0x0, 0
DATA, 4271633530, 340127608, 0x0, 0
DATA, 4263507704, 4247849139, 0x0, 0
DATA, 4107864071, 504956257, 0x0, 0
DATA, 3903452760, 4045341614, 0x0, 0
DATA, 4250333454, 278005652, 0x0, 0
DATA, 4114944743, 341966296, 0x0, 0
DATA, 4085585667, 4218288387, 0x0, 0
DATA, 4200005148, 54592890, 0x0, 0
DATA, 187302699, 4006805735, 0x0, 0
DATA, 4161861528, 4054063194, 0x0, 0
DATA, 112328970, 4263511305, 0x0, 0
DATA, 475401399, 4184467624, 0x0, 0
DATA, 103480778, 144894686, 0x0, 0
DATA, 77066854, 12256204, 0x0, 0
DATA, 4064871629, 65734388, 0x0, 0
DATA, 131266938, 125627471, 0x0, 0
DATA, 610933550, 4064576, 0x0, 0
DATA, 489419740, 4059239820, 0x0, 0
DATA, 4176152190, 4045271724, 0x0, 0
DATA, 197586193, 4164484774, 0x0, 0
DATA, 200804874, 3944942342, 0x0, 0
DATA, 12838526, 3981973413, 0x0, 0
DATA, 3592940368, 339269515, 0x0, 0
DATA, 3574395069, 4121626021, 0x0, 0
DATA, 133691569, 794558274, 0x0, 0
DATA, 4096458520, 45153074, 0x0, 0
DATA, 4055692021, 4288814087, 0x0, 0
DATA, 4037211848, 370873360, 0x0, 0
DATA, 4103989990, 101127570, 0x0, 0
DATA, 3942976391, 101910213, 0x0, 0
DATA, 147123634, 603516118, 0x0, 0
DATA, 4052278708, 100993733, 0x0, 0
DATA, 104532238, 4028889980, 0x0, 0
DATA, 81207412, 3891071647, 0x0, 0
DATA, 4021754272, 241047500, 0x0, 0
DATA, 4068670454, 3871011245, 0x0, 0
DATA, 4087742225, 277739965, 0x0, 0
DATA, 175907550, 371526557, 0x0, 0
DATA, 580646937, 782293045, 0x0, 0
DATA, 521073941, 4080202926, 0x0, 0
DATA, 183108772, 3442350176, 0x0, 0
DATA, 559416802, 21165837, 0x0, 0
DATA, 4188999045, 164885593, 0x0, 0
DATA, 147068594, 328930926, 0x0, 0
DATA, 4019062822, 349236768, 0x0, 0
DATA, 4174910435, 4237429702, 0x0, 0
DATA, 4121691700, 4189388884, 0x0, 0
DATA, 4196597429, 330629638, 0x0, 0
DATA, 4036956131, 4130672793, 0x0, 0
DATA, 278661768, 175760433, 0x0, 0
DATA, 169089729, 4127917445, 0x0, 0
DATA, 114758012, 146079670, 0x0, 0
DATA, 4279566255, 3870556921, 0x0, 0
DATA, 4256436735, 4130861582, 0x0, 0
DATA, 364966120, 4195094273, 0x0, 0
DATA, 3834113468, 535890892, 0x0, 0
DATA, 149817132, 107875571, 0x0, 0
DATA, 4169595455, 3566409715, 0x0, 0
DATA, 136706202, 0, 0x0F, 1
DATA, 268369927, 4061593387, 0x0, 0
DATA, 224265012, 231870275, 0x0, 0
DATA, 3990943413, 3619679399, 0x0, 0
DATA, 232585737, 11073487, 0x0, 0
DATA, 86711915, 4103009850, 0x0, 0
DATA, 4093842690, 47443494, 0x0, 0
DATA, 259059112, 238085134, 0x0, 0
DATA, 4238204300, 111146935, 0x0, 0
DATA, 338101729, 4139186318, 0x0, 0
DATA, 4170187169, 4193384908, 0x0, 0
DATA, 405471595, 391847148, 0x0, 0
DATA, 3766544103, 4066840089, 0x0, 0
DATA, 4022005847, 3937266802, 0x0, 0
DATA, 167306045, 72802887, 0x0, 0
DATA, 4107799912, 74131523, 0x0, 0
DATA, 266792687, 438760946, 0x0, 0
DATA, 4034137689, 373031405, 0x0, 0
DATA, 246420827, 4103335711, 0x0, 0
DATA, 4232835228, 500894674, 0x0, 0
DATA, 3698194605, 146211323, 0x0, 0
DATA, 52946233, 159588681, 0x0, 0
DATA, 406979897, 4106684817, 0x0, 0
DATA, 4259245325, 386213141, 0x0, 0
DATA, 4057126026, 161147280, 0x0, 0
DATA, 678554659, 276828538, 0x0, 0
DATA, 4152296132, 547091992, 0x0, 0
DATA, 301265092, 4174250661, 0x0, 0
DATA, 95752899, 3711429922, 0x0, 0
DATA, 97515665, 4054392669, 0x0, 0
DATA, 126350330, 3935895708, 0x0, 0
DATA, 3887202134, 4166852730, 0x0, 0
DATA, 256698809, 111091293, 0x0, 0
DATA, 374862906, 4183233199, 0x0, 0
DATA, 4278975977, 4062382855, 0x0, 0
DATA, 4145870791, 4175688682, 0x0, 0
DATA, 272632065, 223020140, 0x0, 0
DATA, 105053629, 324734729, 0x0, 0
DATA, 3970498503, 287565257, 0x0, 0
DATA, 117568708, 22283114, 0x0, 0
DATA, 74513690, 97316058, 0x0, 0
DATA, 4246142219, 3971552007, 0x0, 0
DATA, 559345106, 131796424, 0x0, 0
DATA, 369485652, 4185129456, 0x0, 0
DATA, 65928518, 3658808119, 0x0, 0
DATA, 56819724, 4182579135, 0x0, 0
DATA, 245236664, 4211736974, 0x0, 0
DATA, 238677975, 231528922, 0x0, 0
DATA, 4048420286, 4193051710, 0x0, 0
DATA, 3789225344, 101514069, 0x0, 0
DATA, 142210544, 4264033390, 0x0, 0
DATA, 161935071, 3898145564, 0x0, 0
DATA, 4245481430, 259787097, 0x0, 0
DATA, 4006086361, 4209113409, 0x0, 0
DATA, 300024152, 91882477, 0x0, 0
DATA, 4254274944, 3906732648, 0x0, 0
DATA, 125964964, 4145930359, 0x0, 0
DATA, 4149678332, 261749851, 0x0, 0
DATA, 4043311980, 3700619687, 0x0, 0
DATA, 215283672, 383388429, 0x0, 0
DATA, 73531692, 342360668, 0x0, 0
DATA, 3467905154, 320602080, 0x0, 0
DATA, 4082628980, 4206626753, 0x0, 0
DATA, 196014546, 215284555, 0x0, 0
DATA, 4216461055, 151056702, 0x0, 0
DATA, 3647995075, 0, 0x0F, 1
DATA, 268369928, 290263096, 0x0, 0
DATA, 97457358, 280166183, 0x0, 0
DATA, 3862035071, 131924959, 0x0, 0
DATA, 4084143210, 3960007767, 0x0, 0
DATA, 66710675, 4253487459, 0x0, 0
DATA, 119932867, 4057001861, 0x0, 0
DATA, 149550514, 3549892016, 0x0, 0
DATA, 103353107, 3991601827, 0x0, 0
DATA, 286327081, 189928763, 0x0, 0
DATA, 4100583225, 3966441581, 0x0, 0
DATA, 65868083, 4248634484, 0x0, 0
DATA, 4153995507, 201716580, 0x0, 0
DATA, 4101696877, 4165923927, 0x0, 0
DATA, 40568292, 213392234, 0x0, 0
DATA, 222423890, 17689847, 0x0, 0
DATA, 4283694786, 117307618, 0x0, 0
DATA, 244191546, 336921084, 0x0, 0
DATA, 120057887, 237828426, 0x0, 0
DATA, 4253085090, 34006182, 0x0, 0
DATA, 50131070, 3936358928, 0x0, 0
DATA, 212336576, 4174119880, 0x0, 0
DATA, 3882223610, 3833659692, 0x0, 0
DATA, 4030139033, 4103855620, 0x0, 0
DATA, 4041474554, 4227525753, 0x0, 0
DATA, 4294374345, 78834066, 0x0, 0
DATA, 4121098054, 3869114092, 0x0, 0
DATA, 366021124, 288036403, 0x0, 0
DATA, 8321542, 4128239653, 0x0, 0
DATA, 72875915, 4224516487, 0x0, 0
DATA, 3898931933, 308283584, 0x0, 0
DATA, 3824748215, 4202429530, 0x0, 0
DATA, 4212850831, 560788098, 0x0, 0
DATA, 4077578609, 4205183686, 0x0, 0
DATA, 273877003, 4160352650, 0x0, 0
DATA, 51906038, 205455860, 0x0, 0
DATA, 87885057, 4104262027, 0x0, 0
DATA, 4060735996, 291308642, 0x0, 0
DATA, 350289471, 4126083730, 0x0, 0
DATA, 385548794, 36828695, 0x0, 0
DATA, 657509, 176615500, 0x0, 0
DATA, 4180608303, 201456592, 0x0, 0
DATA, 4161469727, 4211465059, 0x0, 0
DATA, 4230937383, 4088725512, 0x0, 0
DATA, 54396828, 624232510, 0x0, 0
DATA, 4070509299, 309656874, 0x0, 0
DATA, 4255053180, 31265110, 0x0, 0
DATA, 247473370, 4203487897, 0x0, 0
DATA, 4158059774, 4276877383, 0x0, 0
DATA, 34539239, 29227373, 0x0, 0
DATA, 87888988, 3930059572, 0x0, 0
DATA, 4082635913, 36828074, 0x0, 0
DATA, 27852631, 4230807730, 0x0, 0
DATA, 4095279896, 4247197696, 0x0, 0
DATA, 4100775579, 180099304, 0x0, 0
DATA, 3961323845, 691274979, 0x0, 0
DATA, 4258990590, 4057005953, 0x0, 0
DATA, 4006803276, 4253745514, 0x0, 0
DATA, 211484560, 224585895, 0x0, 0
DATA, 65071521, 4100849420, 0x0, 0
DATA, 4032169785, 4292607377, 0x0, 0
DATA, 4289394928, 4061793855, 0x0, 0
DATA, 728037579, 4053138467, 0x0, 0
DATA, 4057527927, 4251787006, 0x0, 0
DATA, 3669620718, 4137290031, 0x0, 0
DATA, 4088392977, 0, 0x0F, 1
DATA, 2415853578, 3855422048, 0x0, 0
DATA, 792788253, 4271838552, 0x0, 0
DATA, 3953072053, 4268422519, 0x0, 0
DATA, 18220102, 30535191, 0x0, 0
DATA, 71561456, 97644551, 0x0, 0
DATA, 56098419, 399835632, 0x0, 0
DATA, 497685872, 4219538834, 0x0, 0
DATA, 4230023413, 99353496, 0x0, 0
DATA, 4145090503, 4126141990, 0x0, 0
DATA, 4085378486, 4122352317, 0x0, 0
DATA, 518718420, 4217317647, 0x0, 0
DATA, 84997052, 4233561499, 0x0, 0
DATA, 3910858593, 4053796214, 0x0, 0
DATA, 70646273, 193848071, 0x0, 0
DATA, 3957519703, 30078409, 0x0, 0
DATA, 4119335487, 3894278275, 0x0, 0
DATA, 10885054, 146343305, 0x0, 0
DATA, 107478976, 4290442905, 0x0, 0
DATA, 4154266454, 181597831, 0x0, 0
DATA, 47643447, 4271173675, 0x0, 0
DATA, 214703053, 4014806913, 0x0, 0
DATA, 444786962, 462487421, 0x0, 0
DATA, 3816753319, 3896965520, 0x0, 0
DATA, 57741856, 3895000149, 0x0, 0
DATA, 4150720589, 90840545, 0x0, 0
DATA, 121434698, 3980201740, 0x0, 0
DATA, 4156552054, 112524505, 0x0, 0
DATA, 4152157721, 172430340, 0x0, 0
DATA, 4144297075, 397664279, 0x0, 0
DATA, 129563856, 3577291985, 0x0, 0
DATA, 276109182, 3970293616, 0x0, 0
DATA, 14749987, 3996520529, 0x0, 0
DATA, 4179631841, 4271047296, 0x0, 0
DATA, 4246531032, 3986697920, 0x0, 0
DATA, 4155910082, 30999367, 0x0, 0
DATA, 4098691263, 4235592855, 0x0, 0
DATA, 135985736, 4185982456, 0x0, 0
DATA, 1959600, 4272557259, 0x0, 0
DATA, 4108905500, 4261875513, 0x0, 0
DATA, 4115527293, 443612219, 0x0, 0
DATA, 3864982429, 580846783, 0x0, 0
DATA, 243067749, 321061184, 0x0, 0
DATA, 276830738, 154729064, 0x0, 0
DATA, 129436051, 19406066, 0x0, 0
DATA, 4017618939, 4152168059, 0x0, 0
DATA, 293928318, 22873139, 0x0, 0
DATA, 3967355900, 381418989, 0x0, 0
DATA, 4162655553, 4008049955, 0x0, 0
DATA, 133292665, 4066310243, 0x0, 0
DATA, 316998017, 4067163251, 0x0, 0
DATA, 4113763867, 128455123, 0x0, 0
DATA, 4264364786, 233765721, 0x0, 0
DATA, 17359586, 42142231, 0x0, 0
DATA, 4047437557, 3987341920, 0x0, 0
DATA, 3885696747, 4087672906, 0x0, 0
DATA, 4038323135, 3791785286, 0x0, 0
DATA, 4049463722, 4025024202, 0x0, 0
DATA, 153680347, 4017548705, 0x0, 0
DATA, 4187487675, 3562276924, 0x0, 0
DATA, 414121620, 4036164093, 0x0, 0
DATA, 89264236, 3915057849, 0x0, 0
DATA, 283971482, 173473256, 0x0, 0
DATA, 4235595091, 182451415, 0x0, 0
DATA, 4114282705, 4032232720, 0x0, 0
DATA, 4114221772, 0, 0x0F, 1
DATA, 2415853568, 4004902043, 0x0, 0
DATA, 4121560902, 77069512, 0x0, 0
DATA, 4205380494, 159249631, 0x0, 0
DATA, 4156625590, 252514670, 0x0, 0
DATA, 4230676275, 4154198298, 0x0, 0
DATA, 292811757, 4282257073, 0x0, 0
DATA, 3797548587, 4101959721, 0x0, 0
DATA, 95874156, 4163374796, 0x0, 0
DATA, 4165002590, 4181653982, 0x0, 0
DATA, 4009693017, 99350714, 0x0, 0
DATA, 3653371506, 55901274, 0x0, 0
DATA, 4156290186, 365488456, 0x0, 0
DATA, 252504299, 3939638099, 0x0, 0
DATA, 4273732099, 49682001, 0x0, 0
DATA, 95091961, 95156306, 0x0, 0
DATA, 390591106, 4041995209, 0x0, 0
DATA, 418054170, 4208782289, 0x0, 0
DATA, 4201906483, 249690923, 0x0, 0
DATA, 3948345970, 152044671, 0x0, 0
DATA, 4281789993, 4264690940, 0x0, 0
DATA, 3988259330, 3920890543, 0x0, 0
DATA, 305594510, 3945981907, 0x0, 0
DATA, 17891448, 262604018, 0x0, 0
DATA, 9700384, 62383493, 0x0, 0
DATA, 128457504, 3998811498, 0x0, 0
DATA, 185335142, 209255448, 0x0, 0
DATA, 56690231, 387456022, 0x0, 0
DATA, 121769619, 4281922018, 0x0, 0
DATA, 221906372, 86965570, 0x0, 0
DATA, 270142451, 250741554, 0x0, 0
DATA, 75044174, 60879550, 0x0, 0
DATA, 3589990484, 288881555, 0x0, 0
DATA, 4102484964, 3991461574, 0x0, 0
DATA, 3645239412, 221316742, 0x0, 0
DATA, 4124509097, 306184770, 0x0, 0
DATA, 4203603109, 145224742, 0x0, 0
DATA, 4056544084, 352257765, 0x0, 0
DATA, 3950381874, 394656757, 0x0, 0
DATA, 3773224208, 467334604, 0x0, 0
DATA, 117238512, 772344414, 0x0, 0
DATA, 292424485, 4244369550, 0x0, 0
DATA, 4223467106, 226492593, 0x0, 0
DATA, 4184930563, 3977506944, 0x0, 0
DATA, 4006668121, 4219598591, 0x0, 0
DATA, 4287623052, 3996379989, 0x0, 0
DATA, 4212191125, 3615296338, 0x0, 0
DATA, 3859933185, 3819310199, 0x0, 0
DATA, 4145419351, 4289264780, 0x0, 0
DATA, 106559227, 130806079, 0x0, 0
DATA, 160229996, 4026196935, 0x0, 0
DATA, 51382331, 4250012864, 0x0, 0
DATA, 94110532, 3959027895, 0x0, 0
DATA, 4007986106, 358026736, 0x0, 0
DATA, 96345355, 4062315470, 0x0, 0
DATA, 4218481662, 4221499981, 0x0, 0
DATA, 135915711, 4226937744, 0x0, 0
DATA, 4126735901, 4276346327, 0x0, 0
DATA, 433121895, 358151711, 0x0, 0
DATA, 299963534, 122093707, 0x0, 0
DATA, 436729534, 111216735, 0x0, 0
DATA, 164490260, 4114616016, 0x0, 0
DATA, 170588676, 25099991, 0x0, 0
DATA, 4036432372, 384369949, 0x0, 0
DATA, 4140761210, 4263111143, 0x0, 0
DATA, 31584317, 0, 0x0F, 1
DATA, 268369922, 4020767449, 0x0, 0
DATA, 3842307680, 65869913, 0x0, 0
DATA, 4026465169, 4220980800, 0x0, 0
DATA, 3741190525, 4067691082, 0x0, 0
DATA, 34208677, 3928364324, 0x0, 0
DATA, 200933585, 3568762345, 0x0, 0
DATA, 3982952086, 153093895, 0x0, 0
DATA, 4184603967, 117379022, 0x0, 0
DATA, 4067896119, 4259517326, 0x0, 0
DATA, 3980593677, 4287886267, 0x0, 0
DATA, 4204783415, 35844241, 0x0, 0
DATA, 4266791547, 4273666604, 0x0, 0
DATA, 352984268, 3810856441, 0x0, 0
DATA, 4123390716, 3813341511, 0x0, 0
DATA, 440333953, 3632663066, 0x0, 0
DATA, 4054389510, 211945881, 0x0, 0
DATA, 34210466, 38274870, 0x0, 0
DATA, 313723194, 263581901, 0x0, 0
DATA, 211937166, 4270130485, 0x0, 0
DATA, 335739982, 4234868729, 0x0, 0
DATA, 342032007, 3939308058, 0x0, 0
DATA, 3852340305, 3769835598, 0x0, 0
DATA, 78968948, 221716023, 0x0, 0
DATA, 30872380, 132120383, 0x0, 0
DATA, 359991753, 160628931, 0x0, 0
DATA, 33165082, 652220663, 0x0, 0
DATA, 330564938, 210244332, 0x0, 0
DATA, 4134791200, 190183617, 0x0, 0
DATA, 49868038, 714148440, 0x0, 0
DATA, 3626566301, 4167827739, 0x0, 0
DATA, 222626414, 145031976, 0x0, 0
DATA, 65139016, 733420602, 0x0, 0
DATA, 109830651, 128194243, 0x0, 0
DATA, 4011984967, 4019710282, 0x0, 0
DATA, 4176286901, 557515023, 0x0, 0
DATA, 3694390932, 77850266, 0x0, 0
DATA, 271917344, 4102948807, 0x0, 0
DATA, 3638091739, 4253356630, 0x0, 0
DATA, 3976718748, 4294056116, 0x0, 0
DATA, 189070659, 326962206, 0x0, 0
DATA, 193652905, 168885044, 0x0, 0
DATA, 4257287149, 38866327, 0x0, 0
DATA, 4273932064, 146273354, 0x0, 0
DATA, 4233493553, 4278062202, 0x0, 0
DATA, 4046256834, 349307057, 0x0, 0
DATA, 4245359165, 4206359295, 0x0, 0
DATA, 4151381672, 5830012, 0x0, 0
DATA, 3947753187, 596705537, 0x0, 0
DATA, 4146464447, 274073884, 0x0, 0
DATA, 3751543701, 38344759, 0x0, 0
DATA, 104720322, 21633589, 0x0, 0
DATA, 4021818681, 100330822, 0x0, 0
DATA, 4128242163, 383841020, 0x0, 0
DATA, 675740506, 4047961071, 0x0, 0
DATA, 33029711, 606407558, 0x0, 0
DATA, 3995928909, 227149160, 0x0, 0
DATA, 518588809, 4028099206, 0x0, 0
DATA, 4258788767, 3706187359, 0x0, 0
DATA, 4291430107, 3987275225, 0x0, 0
DATA, 4168481358, 3971938415, 0x0, 0
DATA, 86900254, 3885492803, 0x0, 0
DATA, 529003172, 210243240, 0x0, 0
DATA, 3918727722, 4233817574, 0x0, 0
DATA, 4096981114, 102828574, 0x0, 0
DATA, 50395187, 0, 0x0F, 1
DATA, 2415853580, 4228248823, 0x0, 0
DATA, 4115134158, 4787120, 0x0, 0
DATA, 183174153, 3754491805, 0x0, 0
DATA, 101190072, 4293328396, 0x0, 0
DATA, 3908889558, 4128635678, 0x0, 0
DATA, 4009560253, 528416346, 0x0, 0
DATA, 4198110548, 68022569, 0x0, 0
DATA, 4172346459, 334042929, 0x0, 0
DATA, 4192539552, 316276358, 0x0, 0
DATA, 89715668, 3998478281, 0x0, 0
DATA, 186313765, 4134735403, 0x0, 0
DATA, 4029415693, 4124902179, 0x0, 0
DATA, 4229421258, 4119327252, 0x0, 0
DATA, 4155115000, 4293784689, 0x0, 0
DATA, 340326040, 688062152, 0x0, 0
DATA, 3948544121, 4214752611, 0x0, 0
DATA, 144053650, 107278056, 0x0, 0
DATA, 4082761153, 4285071810, 0x0, 0
DATA, 396424903, 4204069637, 0x0, 0
DATA, 44044197, 334890433, 0x0, 0
DATA, 4019789458, 3922589222, 0x0, 0
DATA, 329963960, 401276019, 0x0, 0
DATA, 4278517510, 4189584521, 0x0, 0
DATA, 4107204082, 393350051, 0x0, 0
DATA, 121238360, 4282118003, 0x0, 0
DATA, 4162916311, 194163, 0x0, 0
DATA, 4039371626, 3897617360, 0x0, 0
DATA, 130223951, 106101822, 0x0, 0
DATA, 156106878, 4288678691, 0x0, 0
DATA, 208661730, 3624396872, 0x0, 0
DATA, 4026262414, 4250332959, 0x0, 0
DATA, 4282125531, 32178374, 0x0, 0
DATA, 4294645870, 65596604, 0x0, 0
DATA, 208797095, 4270328687, 0x0, 0
DATA, 113640570, 2292334, 0x0, 0
DATA, 201521279, 409796334, 0x0, 0
DATA, 3730965821, 4292476783, 0x0, 0
DATA, 90572797, 4059434300, 0x0, 0
DATA, 190054932, 320738687, 0x0, 0
DATA, 73271516, 3452828738, 0x0, 0
DATA, 75967155, 4056550718, 0x0, 0
DATA, 511041109, 3992061304, 0x0, 0
DATA, 43971149, 128781983, 0x0, 0
DATA, 4123330690, 4160880685, 0x0, 0
DATA, 557456739, 165868498, 0x0, 0
DATA, 31779853, 259066683, 0x0, 0
DATA, 37487738, 4200200534, 0x0, 0
DATA, 513865121, 97968592, 0x0, 0
DATA, 4051507355, 4046258709, 0x0, 0
DATA, 4261476526, 290193953, 0x0, 0
DATA, 11928373, 120983905, 0x0, 0
DATA, 3965911552, 186251416, 0x0, 0
DATA, 176099945, 4186827986, 0x0, 0
DATA, 150264780, 4246078876, 0x0, 0
DATA, 3959164765, 4239007411, 0x0, 0
DATA, 3769504775, 63178262, 0x0, 0
DATA, 4172346043, 3808498489, 0x0, 0
DATA, 237770290, 4125686793, 0x0, 0
DATA, 4150974535, 305202792, 0x0, 0
DATA, 4158789054, 284226847, 0x0, 0
DATA, 105574172, 306050823, 0x0, 0
DATA, 3736253, 247329883, 0x0, 0
DATA, 4161664087, 4234343505, 0x0, 0
DATA, 4108379195, 4052360245, 0x0, 0
DATA, 3931176490, 0, 0x0F, 1
DATA, 268369934, 228319337, 0x0, 0
DATA, 413073366, 4278781020, 0x0, 0
DATA, 4180079716, 3983275102, 0x0, 0
DATA, 155189935, 3748721975, 0x0, 0
DATA, 240446100, 28836384, 0x0, 0
DATA, 41679275, 26208429, 0x0, 0
DATA, 94700583, 272629910, 0x0, 0
DATA, 32042373, 4137481746, 0x0, 0
DATA, 4229432556, 244970532, 0x0, 0
DATA, 3924887624, 4158463118, 0x0, 0
DATA, 466166290, 4051107446, 0x0, 0
DATA, 669325848, 72289908, 0x0, 0
DATA, 531102944, 159057920, 0x0, 0
DATA, 112005514, 37422672, 0x0, 0
DATA, 3975153728, 4099016354, 0x0, 0
DATA, 4192798172, 300354162, 0x0, 0
DATA, 222096745, 130154941, 0x0, 0
DATA, 360441855, 600835054, 0x0, 0
DATA, 266146521, 43252712, 0x0, 0
DATA, 375785146, 220263090, 0x0, 0
DATA, 4194957922, 4236577755, 0x0, 0
DATA, 3849654324, 3889885571, 0x0, 0
DATA, 4119276332, 3993372551, 0x0, 0
DATA, 167702693, 177401978, 0x0, 0
DATA, 76679842, 4177792617, 0x0, 0
DATA, 620957824, 4253160812, 0x0, 0
DATA, 4052154664, 169675437, 0x0, 0
DATA, 3947299913, 4180009168, 0x0, 0
DATA, 124651336, 4284025750, 0x0, 0
DATA, 3976982669, 315557432, 0x0, 0
DATA, 4094558294, 4169204714, 0x0, 0
DATA, 165738374, 4160881576, 0x0, 0
DATA, 167184009, 15330908, 0x0, 0
DATA, 151327062, 151714777, 0x0, 0
DATA, 181470442, 3972666736, 0x0, 0
DATA, 4282648685, 715990146, 0x0, 0
DATA, 4164942686, 168301464, 0x0, 0
DATA, 143323423, 3711895540, 0x0, 0
DATA, 110232078, 30797750, 0x0, 0
DATA, 4090953002, 4003793201, 0x0, 0
DATA, 3973972396, 335817793, 0x0, 0
DATA, 103341330, 23593780, 0x0, 0
DATA, 3907794735, 372121126, 0x0, 0
DATA, 96403534, 176952101, 0x0, 0
DATA, 4197188051, 4061201905, 0x0, 0
DATA, 35784576, 186449403, 0x0, 0
DATA, 3870886146, 95420497, 0x0, 0
DATA, 3786083820, 208732486, 0x0, 0
DATA, 478146806, 54909841, 0x0, 0
DATA, 301272035, 248186683, 0x0, 0
DATA, 187235015, 218295137, 0x0, 0
DATA, 4143315922, 279899720, 0x0, 0
DATA, 572976384, 4003726582, 0x0, 0
DATA, 228919800, 3912893350, 0x0, 0
DATA, 165610871, 4231265306, 0x0, 0
DATA, 234554656, 3749311391, 0x0, 0
DATA, 360256028, 4166329094, 0x0, 0
DATA, 126159652, 300742175, 0x0, 0
DATA, 4247586805, 4086433180, 0x0, 0
DATA, 94107120, 4179889958, 0x0, 0
DATA, 3786668697, 31517561, 0x0, 0
DATA, 13705751, 3884260263, 0x0, 0
DATA, 3854628381, 4103931458, 0x0, 0
DATA, 4184611611, 4188018771, 0x0, 0
DATA, 4255974772, 0, 0x0F, 1
DATA, 268369924, 255719346, 0x0, 0
DATA, 4227990239, 3992907088, 0x0, 0
DATA, 3737317636, 55121956, 0x0, 0
DATA, 18876673, 110106062, 0x0, 0
DATA, 4074503217, 234816946, 0x0, 0
DATA, 4233104475, 82184722, 0x0, 0
DATA, 168892442, 4246212001, 0x0, 0
DATA, 4281863816, 3721391260, 0x0, 0
DATA, 4239328539, 190515757, 0x0, 0
DATA, 315816762, 63104485, 0x0, 0
DATA, 60229282, 3944805456, 0x0, 0
DATA, 147194330, 3941791229, 0x0, 0
DATA, 3927639873, 4153017407, 0x0, 0
DATA, 212986961, 51585728, 0x0, 0
DATA, 872675900, 182587594, 0x0, 0
DATA, 941424635, 153293952, 0x0, 0
DATA, 4258533438, 64609505, 0x0, 0
DATA, 3999268916, 4278844237, 0x0, 0
DATA, 4268224545, 307296082, 0x0, 0
DATA, 262011550, 4091153084, 0x0, 0
DATA, 475529123, 4033617683, 0x0, 0
DATA, 4053332173, 358216925, 0x0, 0
DATA, 4192671729, 3967805113, 0x0, 0
DATA, 3903449464, 74967707, 0x0, 0
DATA, 3742500094, 23652691, 0x0, 0
DATA, 192746205, 3986095920, 0x0, 0
DATA, 3953256233, 107805555, 0x0, 0
DATA, 4114676272, 65206073, 0x0, 0
DATA, 133170014, 124778295, 0x0, 0
DATA, 150150532, 4001041243, 0x0, 0
DATA, 4232120818, 3987730189, 0x0, 0
DATA, 143788695, 207941642, 0x0, 0
DATA, 208991317, 3829406339, 0x0, 0
DATA, 3901160232, 3855746120, 0x0, 0
DATA, 3968668973, 4187683357, 0x0, 0
DATA, 3689279372, 4042981501, 0x0, 0
DATA, 415431101, 4153467810, 0x0, 0
DATA, 4237363305, 227153587, 0x0, 0
DATA, 4063826098, 3649183096, 0x0, 0
DATA, 181866495, 4016509354, 0x0, 0
DATA, 4156429840, 4281865983, 0x0, 0
DATA, 3897553765, 4202896497, 0x0, 0
DATA, 4076076489, 141429829, 0x0, 0
DATA, 4157276379, 4102885403, 0x0, 0
DATA, 3794466495, 4061722413, 0x0, 0
DATA, 4193195725, 140308592, 0x0, 0
DATA, 4084664221, 4213891446, 0x0, 0
DATA, 577691520, 269491604, 0x0, 0
DATA, 59046660, 3737905292, 0x0, 0
DATA, 331813474, 3766946961, 0x0, 0
DATA, 3677620381, 4199085210, 0x0, 0
DATA, 3875594513, 327349656, 0x0, 0
DATA, 19273254, 3930655161, 0x0, 0
DATA, 4224449214, 3801673186, 0x0, 0
DATA, 110370601, 4272620736, 0x0, 0
DATA, 128124634, 319295751, 0x0, 0
DATA, 4097118200, 4153071757, 0x0, 0
DATA, 4043705417, 4250596765, 0x0, 0
DATA, 3702585427, 172948084, 0x0, 0
DATA, 4157010177, 599125402, 0x0, 0
DATA, 404889238, 4109373274, 0x0, 0
DATA, 42520838, 322176457, 0x0, 0
DATA, 4180020584, 4271124944, 0x0, 0
DATA, 4194769908, 4241687646, 0x0, 0
DATA, 4112315506, 0, 0x0F, 1
DATA, 2415853574, 3870099943, 0x0, 0
DATA, 447087579, 605950639, 0x0, 0
DATA, 4020765040, 4209834726, 0x0, 0
DATA, 105189123, 4141487124, 0x0, 0
DATA, 4158921568, 94832261, 0x0, 0
DATA, 4216779185, 4042129844, 0x0, 0
DATA, 62921273, 158726418, 0x0, 0
DATA, 302391614, 3892840310, 0x0, 0
DATA, 187039868, 343675533, 0x0, 0
DATA, 236186211, 4147515479, 0x0, 0
DATA, 4244630611, 4083945308, 0x0, 0
DATA, 187490604, 18289490, 0x0, 0
DATA, 401736864, 4264030217, 0x0, 0
DATA, 4288609121, 304611270, 0x0, 0
DATA, 136637347, 3850572604, 0x0, 0
DATA, 84207819, 3645831644, 0x0, 0
DATA, 4137680506, 176550643, 0x0, 0
DATA, 44830499, 82119020, 0x0, 0
DATA, 69856598, 3995269407, 0x0, 0
DATA, 37228422, 323156975, 0x0, 0
DATA, 133106855, 147524332, 0x0, 0
DATA, 4145413299, 4192471332, 0x0, 0
DATA, 120781487, 3822451808, 0x0, 0
DATA, 4023116692, 105906232, 0x0, 0
DATA, 4225960511, 118292098, 0x0, 0
DATA, 4116315446, 4132437975, 0x0, 0
DATA, 357299959, 4292868981, 0x0, 0
DATA, 4166975825, 4255191866, 0x0, 0
DATA, 4212002499, 4277470899, 0x0, 0
DATA, 4246928374, 3986683841, 0x0, 0
DATA, 4051830218, 315294676, 0x0, 0
DATA, 4284804228, 4238537812, 0x0, 0
DATA, 363272231, 4268693046, 0x0, 0
DATA, 155972495, 35063643, 0x0, 0
DATA, 4074041941, 4175300195, 0x0, 0
DATA, 273158329, 222753843, 0x0, 0
DATA, 97056686, 4015919335, 0x0, 0
DATA, 308340203, 171641631, 0x0, 0
DATA, 3992778436, 24451722, 0x0, 0
DATA, 4223533245, 4104913876, 0x0, 0
DATA, 52435092, 130283929, 0x0, 0
DATA, 3865310150, 3955811159, 0x0, 0
DATA, 181596752, 241894347, 0x0, 0
DATA, 3671862, 4135182021, 0x0, 0
DATA, 3999402696, 355213143, 0x0, 0
DATA, 4084928319, 4083284064, 0x0, 0
DATA, 4130661668, 77914555, 0x0, 0
DATA, 4246542869, 4264695286, 0x0, 0
DATA, 3938840578, 242090487, 0x0, 0
DATA, 57017177, 3909018119, 0x0, 0
DATA, 3868002008, 4136963030, 0x0, 0
DATA, 662038806, 3943558455, 0x0, 0
DATA, 4081189778, 505022864, 0x0, 0
DATA, 4020239887, 4074697796, 0x0, 0
DATA, 4168944949, 241561669, 0x0, 0
DATA, 216926211, 167508507, 0x0, 0
DATA, 4236176798, 4233041397, 0x0, 0
DATA, 4034787287, 4046055593, 0x0, 0
DATA, 4051694866, 522578476, 0x0, 0
DATA, 22223554, 4231528034, 0x0, 0
DATA, 451085872, 88413577, 0x0, 0
DATA, 38271684, 286525627, 0x0, 0
DATA, 5370920, 4258336225, 0x0, 0
DATA, 80667400, 729942818, 0x0, 0
DATA, 59111804, 0, 0x0F, 1
DATA, 2415853577, 4061785490, 0x0, 0
DATA, 4008313994, 524416007, 0x0, 0
DATA, 152442299, 45411921, 0x0, 0
DATA, 4025341651, 4274981996, 0x0, 0
DATA, 210770000, 4211545947, 0x0, 0
DATA, 104857898, 4194506125, 0x0, 0
DATA, 4001696488, 4111538683, 0x0, 0
DATA, 3955822749, 421601839, 0x0, 0
DATA, 4263571701, 3884450016, 0x0, 0
DATA, 4205969785, 4164551889, 0x0, 0
DATA, 4268162813, 4226746058, 0x0, 0
DATA, 525403314, 86438964, 0x0, 0
DATA, 195885914, 323753809, 0x0, 0
DATA, 306452124, 32117330, 0x0, 0
DATA, 270796067, 4100191139, 0x0, 0
DATA, 207225028, 218433101, 0x0, 0
DATA, 256047022, 3964995085, 0x0, 0
DATA, 118872431, 57679604, 0x0, 0
DATA, 200739059, 88215977, 0x0, 0
DATA, 3593802720, 47641952, 0x0, 0
DATA, 224400166, 460523630, 0x0, 0
DATA, 4126732380, 4176349916, 0x0, 0
DATA, 4161077644, 4189125854, 0x0, 0
DATA, 4196144271, 4233097357, 0x0, 0
DATA, 328080051, 4091347688, 0x0, 0
DATA, 4068151799, 4175628779, 0x0, 0
DATA, 186118525, 131398527, 0x0, 0
DATA, 74120105, 301201590, 0x0, 0
DATA, 21496403, 281283555, 0x0, 0
DATA, 4287427361, 358031072, 0x0, 0
DATA, 4207801285, 3962042794, 0x0, 0
DATA, 4122086553, 424148362, 0x0, 0
DATA, 137824663, 191957186, 0x0, 0
DATA, 4241220378, 154593796, 0x0, 0
DATA, 91361857, 297204539, 0x0, 0
DATA, 48495436, 493607212, 0x0, 0
DATA, 390261651, 3944017825, 0x0, 0
DATA, 539883766, 3961587289, 0x0, 0
DATA, 4293526010, 4105038711, 0x0, 0
DATA, 4140567530, 325190462, 0x0, 0
DATA, 584185727, 3790992339, 0x0, 0
DATA, 250080459, 215548668, 0x0, 0
DATA, 4231260336, 314768958, 0x0, 0
DATA, 3927568403, 348780283, 0x0, 0
DATA, 4292737927, 4130737290, 0x0, 0
DATA, 3983738546, 170462727, 0x0, 0
DATA, 158793471, 88870008, 0x0, 0
DATA, 4269416056, 225443560, 0x0, 0
DATA, 4113960607, 3814784452, 0x0, 0
DATA, 3959356337, 28577541, 0x0, 0
DATA, 337780036, 75695923, 0x0, 0
DATA, 691204922, 59375547, 0x0, 0
DATA, 4104527085, 390263191, 0x0, 0
DATA, 342693388, 3972203912, 0x0, 0
DATA, 4157989134, 224522497, 0x0, 0
DATA, 43709009, 353697467, 0x0, 0
DATA, 4263571094, 4235924227, 0x0, 0
DATA, 340597214, 4006478793, 0x0, 0
DATA, 334299463, 185001441, 0x0, 0
DATA, 3897022302, 4229890410, 0x0, 0
DATA, 3942777838, 4178445982, 0x0, 0
DATA, 65665643, 465765981, 0x0, 0
DATA, 26476431, 188286284, 0x0, 0
DATA, 3978428135, 540869033, 0x0, 0
DATA, 4053071122, 0, 0x0F, 1
DATA, 268369931, 4149406967, 0x0, 0
DATA, 3980328291, 185655792, 0x0, 0
DATA, 3861779871, 4278128446, 0x0, 0
DATA, 4020042980, 240380619, 0x0, 0
DATA, 602993441, 309337494, 0x0, 0
DATA, 4271431945, 49947692, 0x0, 0
DATA, 4023195821, 98825145, 0x0, 0
DATA, 453564615, 122616992, 0x0, 0
DATA, 217520347, 224461474, 0x0, 0
DATA, 4143312336, 4250793866, 0x0, 0
DATA, 535363986, 4037609515, 0x0, 0
DATA, 4131975235, 4025801572, 0x0, 0
DATA, 4260363612, 49680859, 0x0, 0
DATA, 4261214040, 3895395918, 0x0, 0
DATA, 432212065, 4097379899, 0x0, 0
DATA, 64553187, 17437073, 0x0, 0
DATA, 385679503, 408028194, 0x0, 0
DATA, 31913719, 156100142, 0x0, 0
DATA, 4139711112, 4165140205, 0x0, 0
DATA, 4251444806, 3763138295, 0x0, 0
DATA, 1902025, 223799510, 0x0, 0
DATA, 2226830, 4195218131, 0x0, 0
DATA, 115079203, 329842379, 0x0, 0
DATA, 311624446, 64027107, 0x0, 0
DATA, 166262064, 377620066, 0x0, 0
DATA, 4060088354, 4182181365, 0x0, 0
DATA, 72282408, 4221173405, 0x0, 0
DATA, 49553242, 20771439, 0x0, 0
DATA, 4099209444, 3885890883, 0x0, 0
DATA, 4262066159, 194962790, 0x0, 0
DATA, 4066512828, 425983271, 0x0, 0
DATA, 4012049724, 4081315454, 0x0, 0
DATA, 171109715, 3991932207, 0x0, 0
DATA, 73790801, 4078830077, 0x0, 0
DATA, 3867282340, 4054382700, 0x0, 0
DATA, 392884663, 4165532691, 0x0, 0
DATA, 28567902, 47315622, 0x0, 0
DATA, 4123855772, 3655066072, 0x0, 0
DATA, 3999983437, 175051261, 0x0, 0
DATA, 4213109735, 148445491, 0x0, 0
DATA, 4178648835, 177337137, 0x0, 0
DATA, 46261568, 4069062007, 0x0, 0
DATA, 160104821, 127201393, 0x0, 0
DATA, 4237104373, 340331020, 0x0, 0
DATA, 413535836, 4139516560, 0x0, 0
DATA, 4285791223, 401739855, 0x0, 0
DATA, 136244704, 55834063, 0x0, 0
DATA, 4083154201, 189536610, 0x0, 0
DATA, 622463540, 4205966396, 0x0, 0
DATA, 218043003, 4212331592, 0x0, 0
DATA, 4071621489, 151317814, 0x0, 0
DATA, 159775491, 3783010848, 0x0, 0
DATA, 4173787273, 43263047, 0x0, 0
DATA, 38920386, 4170316881, 0x0, 0
DATA, 4265410301, 4167168509, 0x0, 0
DATA, 4181253174, 415759133, 0x0, 0
DATA, 3950052444, 384564487, 0x0, 0
DATA, 127864763, 4137875417, 0x0, 0
DATA, 337185034, 160225958, 0x0, 0
DATA, 4275370463, 98828268, 0x0, 0
DATA, 3779141070, 103209309, 0x0, 0
DATA, 4271498641, 4036166004, 0x0, 0
DATA, 4069254179, 4031116649, 0x0, 0
DATA, 91293606, 34668058, 0x0, 0
DATA, 146084431, 0, 0x0F, 1
DATA, 268369921, 4256301737, 0x0, 0
DATA, 3975670052, 111613369, 0x0, 0
DATA, 435221683, 3966704447, 0x0, 0
DATA, 269941607, 145879899, 0x0, 0
DATA, 149556739, 250479418, 0x0, 0
DATA, 4101111235, 26741978, 0x0, 0
DATA, 109969213, 182320597, 0x0, 0
DATA, 4262662114, 4158845541, 0x0, 0
DATA, 4184599147, 415687252, 0x0, 0
DATA, 323946665, 4184931020, 0x0, 0
DATA, 4248503369, 4216455465, 0x0, 0
DATA, 4182510612, 385352218, 0x0, 0
DATA, 260840269, 4256360847, 0x0, 0
DATA, 247981123, 168427408, 0x0, 0
DATA, 333188197, 4153022095, 0x0, 0
DATA, 221512325, 89063063, 0x0, 0
DATA, 3897683090, 3992650516, 0x0, 0
DATA, 4131392371, 3903921435, 0x0, 0
DATA, 4219077853, 3972858146, 0x0, 0
DATA, 106165895, 3885701012, 0x0, 0
DATA, 376700212, 209384259, 0x0, 0
DATA, 164959628, 50329519, 0x0, 0
DATA, 53283932, 3729785167, 0x0, 0
DATA, 77985865, 4240319742, 0x0, 0
DATA, 4111603149, 4249031332, 0x0, 0
DATA, 175174596, 103278743, 0x0, 0
DATA, 97514194, 437258697, 0x0, 0
DATA, 56820863, 3471110430, 0x0, 0
DATA, 396887783, 4077517272, 0x0, 0
DATA, 286061375, 4124376620, 0x0, 0
DATA, 4037545269, 45223152, 0x0, 0
DATA, 4112709910, 235474056, 0x0, 0
DATA, 64023669, 3884191663, 0x0, 0
DATA, 8917694, 99087192, 0x0, 0
DATA, 167055698, 66127398, 0x0, 0
DATA, 4264421821, 518057540, 0x0, 0
DATA, 220394576, 4128568191, 0x0, 0
DATA, 4287302033, 127135810, 0x0, 0
DATA, 33292724, 248312919, 0x0, 0
DATA, 4133886051, 104728690, 0x0, 0
DATA, 3835370625, 322835403, 0x0, 0
DATA, 4243457577, 4103211924, 0x0, 0
DATA, 131604012, 44566396, 0x0, 0
DATA, 161679047, 296876698, 0x0, 0
DATA, 4158718441, 4267047578, 0x0, 0
DATA, 184287316, 186249851, 0x0, 0
DATA, 282189390, 319356186, 0x0, 0
DATA, 565381733, 127202699, 0x0, 0
DATA, 533257462, 185470486, 0x0, 0
DATA, 529730029, 3939501947, 0x0, 0
DATA, 4182111618, 105449352, 0x0, 0
DATA, 3604410369, 3851158404, 0x0, 0
DATA, 3917482099, 4147578087, 0x0, 0
DATA, 208926527, 251529629, 0x0, 0
DATA, 4162649586, 33289986, 0x0, 0
DATA, 303171938, 626720303, 0x0, 0
DATA, 4287689365, 205321159, 0x0, 0
DATA, 441257198, 164034580, 0x0, 0
DATA, 31649250, 532540618, 0x0, 0
DATA, 3999527314, 4262719442, 0x0, 0
DATA, 3577872509, 4210615403, 0x0, 0
DATA, 4165264430, 258608560, 0x0, 0
DATA, 3970370290, 28310565, 0x0, 0
DATA, 75631933, 4103927736, 0x0, 0
DATA, 379062460, 0, 0x0F, 1
DATA, 2415853571, 4237946771, 0x0, 0
DATA, 3890871189, 3923834598, 0x0, 0
DATA, 4240702786, 100014903, 0x0, 0
DATA, 115084838, 3766155007, 0x0, 0
DATA, 4174250377, 4256692271, 0x0, 0
DATA, 4209110462, 4012571971, 0x0, 0
DATA, 3206410, 4264819884, 0x0, 0
DATA, 324406079, 4086954067, 0x0, 0
DATA, 172298309, 192347959, 0x0, 0
DATA, 4292213173, 4262594089, 0x0, 0
DATA, 112912000, 4199876027, 0x0, 0
DATA, 4242532554, 4158847158, 0x0, 0
DATA, 4279700717, 112134723, 0x0, 0
DATA, 4095213568, 51899856, 0x0, 0
DATA, 119662853, 32837388, 0x0, 0
DATA, 219549247, 143265543, 0x0, 0
DATA, 320206480, 55111058, 0x0, 0
DATA, 4202108172, 154663222, 0x0, 0
DATA, 207877178, 39976764, 0x0, 0
DATA, 39328258, 4120830578, 0x0, 0
DATA, 3939040680, 282989854, 0x0, 0
DATA, 235671507, 4183164532, 0x0, 0
DATA, 68811541, 44634009, 0x0, 0
DATA, 4079549091, 193534414, 0x0, 0
DATA, 4180554148, 475134468, 0x0, 0
DATA, 4165991955, 4033871520, 0x0, 0
DATA, 4255773589, 4171167212, 0x0, 0
DATA, 23718455, 135930349, 0x0, 0
DATA, 4065391756, 254219870, 0x0, 0
DATA, 105580663, 4194435093, 0x0, 0
DATA, 4258070967, 4090892468, 0x0, 0
DATA, 4176607316, 4180674545, 0x0, 0
DATA, 232907793, 101326629, 0x0, 0
DATA, 3805537700, 92472477, 0x0, 0
DATA, 3917424698, 302380787, 0x0, 0
DATA, 4064876632, 4106024057, 0x0, 0
DATA, 3811241831, 93054349, 0x0, 0
DATA, 411432810, 4058782265, 0x0, 0
DATA, 262011755, 59638471, 0x0, 0
DATA, 293543769, 173277375, 0x0, 0
DATA, 3683786475, 461762032, 0x0, 0
DATA, 3637574110, 318835332, 0x0, 0
DATA, 215150267, 93977309, 0x0, 0
DATA, 3968208025, 4197784535, 0x0, 0
DATA, 79364989, 388692005, 0x0, 0
DATA, 106630041, 4253551012, 0x0, 0
DATA, 5109421, 180153192, 0x0, 0
DATA, 3950506573, 85716735, 0x0, 0
DATA, 3983016383, 4248437885, 0x0, 0
DATA, 4231140909, 362672595, 0x0, 0
DATA, 4100524802, 4277731853, 0x0, 0
DATA, 4280548380, 3859417787, 0x0, 0
DATA, 4099145885, 283054070, 0x0, 0
DATA, 244586564, 64942022, 0x0, 0
DATA, 4288473482, 303818632, 0x0, 0
DATA, 18412052, 4247392182, 0x0, 0
DATA, 4233240496, 4098037399, 0x0, 0
DATA, 520945851, 83882801, 0x0, 0
DATA, 319422019, 333191280, 0x0, 0
DATA, 3807251623, 4044751406, 0x0, 0
DATA, 22675899, 3896116315, 0x0, 0
DATA, 89451235, 636808564, 0x0, 0
DATA, 161614621, 272103916, 0x0, 0
DATA, 182391519, 4064808581, 0x0, 0
DATA, 4294371370, 0, 0x0F, 1
DATA, 268369933, 4126930192, 0x0, 0
DATA, 4160810427, 4095923688, 0x0, 0
DATA, 477818663, 3893885824, 0x0, 0
DATA, 3614311105, 163709545, 0x0, 0
DATA, 4268692393, 71299651, 0x0, 0
DATA, 206182685, 4160160977, 0x0, 0
DATA, 3764253965, 4250270218, 0x0, 0
DATA, 331030591, 496704322, 0x0, 0
DATA, 4790315, 149028286, 0x0, 0
DATA, 289207418, 182981632, 0x0, 0
DATA, 4287822663, 388499621, 0x0, 0
DATA, 4184927410, 3987931089, 0x0, 0
DATA, 4184866590, 234621140, 0x0, 0
DATA, 559677022, 3952413163, 0x0, 0
DATA, 4070959592, 152312012, 0x0, 0
DATA, 119076047, 3850635912, 0x0, 0
DATA, 283238200, 167445976, 0x0, 0
DATA, 623242972, 279504560, 0x0, 0
DATA, 3933869091, 4162061890, 0x0, 0
DATA, 4288869898, 101774532, 0x0, 0
DATA, 75038227, 404153627, 0x0, 0
DATA, 186258972, 133297849, 0x0, 0
DATA, 4237370426, 278591081, 0x0, 0
DATA, 4076141623, 113906705, 0x0, 0
DATA, 86376568, 2361516, 0x0, 0
DATA, 4235069365, 151911193, 0x0, 0
DATA, 103352900, 4021225515, 0x0, 0
DATA, 317842341, 4074964580, 0x0, 0
DATA, 3633121478, 247202249, 0x0, 0
DATA, 200803040, 34083448, 0x0, 0
DATA, 75569058, 3893885966, 0x0, 0
DATA, 213911470, 3939433822, 0x0, 0
DATA, 176682672, 4291037239, 0x0, 0
DATA, 4246273458, 113447727, 0x0, 0
DATA, 4088397116, 45677034, 0x0, 0
DATA, 4246799459, 207427297, 0x0, 0
DATA, 4127252298, 35457390, 0x0, 0
DATA, 174323684, 3916436231, 0x0, 0
DATA, 187370955, 3939895941, 0x0, 0
DATA, 319025851, 239132545, 0x0, 0
DATA, 4025283130, 4223595553, 0x0, 0
DATA, 245176961, 97000452, 0x0, 0
DATA, 4128367271, 29434874, 0x0, 0
DATA, 36697180, 190711144, 0x0, 0
DATA, 149089054, 254147880, 0x0, 0
DATA, 311499919, 3704555566, 0x0, 0
DATA, 4234477801, 3945201992, 0x0, 0
DATA, 4048742829, 4150000198, 0x0, 0
DATA, 4176354070, 315948170, 0x0, 0
DATA, 115610181, 276364553, 0x0, 0
DATA, 120328109, 4152489704, 0x0, 0
DATA, 106371320, 72155458, 0x0, 0
DATA, 4080474617, 6492026, 0x0, 0
DATA, 110759434, 72812328, 0x0, 0
DATA, 375329749, 4020635313, 0x0, 0
DATA, 3743282460, 3952149292, 0x0, 0
DATA, 233832014, 4221962528, 0x0, 0
DATA, 400422600, 11211682, 0x0, 0
DATA, 4136565168, 378860657, 0x0, 0
DATA, 49224121, 3622435047, 0x0, 0
DATA, 168559824, 4233165943, 0x0, 0
DATA, 4157081581, 4185196228, 0x0, 0
DATA, 250280761, 4016434991, 0x0, 0
DATA, 3935696794, 4288807504, 0x0, 0
DATA, 4110935280, 0, 0x0F, 1
DATA, 2415853583, 485821556, 0x0, 0
DATA, 58721465, 3822516821, 0x0, 0
DATA, 4231723958, 3905353705, 0x0, 0
DATA, 3909610635, 4137422936, 0x0, 0
DATA, 42402449, 3826780074, 0x0, 0
DATA, 136964441, 3966701328, 0x0, 0
DATA, 282133025, 3944877316, 0x0, 0
DATA, 4170455403, 359398689, 0x0, 0
DATA, 421856594, 4118939408, 0x0, 0
DATA, 78906739, 114225288, 0x0, 0
DATA, 310576234, 81191937, 0x0, 0
DATA, 489683649, 4273275237, 0x0, 0
DATA, 3737189031, 3719295307, 0x0, 0
DATA, 521738345, 3906595449, 0x0, 0
DATA, 4138403903, 4077259673, 0x0, 0
DATA, 131465186, 4240641197, 0x0, 0
DATA, 72224063, 4204724258, 0x0, 0
DATA, 255000279, 200411268, 0x0, 0
DATA, 124977486, 3910863549, 0x0, 0
DATA, 389217730, 59771555, 0x0, 0
DATA, 4180215400, 397542394, 0x0, 0
DATA, 4246342530, 3946118697, 0x0, 0
DATA, 312934090, 528288055, 0x0, 0
DATA, 521672045, 3980196214, 0x0, 0
DATA, 138940390, 196879363, 0x0, 0
DATA, 4092456729, 406655983, 0x0, 0
DATA, 202570391, 3788903135, 0x0, 0
DATA, 4115074790, 617932043, 0x0, 0
DATA, 4018138064, 4198694397, 0x0, 0
DATA, 9764891, 3622840479, 0x0, 0
DATA, 432733236, 155916875, 0x0, 0
DATA, 87428095, 4145347671, 0x0, 0
DATA, 155252759, 204471000, 0x0, 0
DATA, 4263709364, 3870683631, 0x0, 0
DATA, 3888190212, 4208391337, 0x0, 0
DATA, 252445546, 139530450, 0x0, 0
DATA, 1699015, 429129139, 0x0, 0
DATA, 10549500, 4254860043, 0x0, 0
DATA, 171311121, 734663148, 0x0, 0
DATA, 4015786604, 5964365, 0x0, 0
DATA, 127589544, 4158387470, 0x0, 0
DATA, 396173138, 233508887, 0x0, 0
DATA, 70518937, 190709444, 0x0, 0
DATA, 348321393, 168752595, 0x0, 0
DATA, 4177130571, 407964870, 0x0, 0
DATA, 4049343028, 4173665233, 0x0, 0
DATA, 4099342642, 175700855, 0x0, 0
DATA, 70390106, 4134990352, 0x0, 0
DATA, 243404632, 4232124030, 0x0, 0
DATA, 3943111266, 4011717500, 0x0, 0
DATA, 48304883, 3955884441, 0x0, 0
DATA, 4173002828, 4004516706, 0x0, 0
DATA, 4060608098, 4055954787, 0x0, 0
DATA, 106697214, 4035050953, 0x0, 0
DATA, 448461336, 4215531910, 0x0, 0
DATA, 3997699047, 4039902994, 0x0, 0
DATA, 3947233130, 76870337, 0x0, 0
DATA, 4156875853, 128119146, 0x0, 0
DATA, 3971477425, 4075881099, 0x0, 0
DATA, 4269933967, 43320578, 0x0, 0
DATA, 4026531610, 4244111054, 0x0, 0
DATA, 364444399, 4212264397, 0x0, 0
DATA, 568721895, 349959859, 0x0, 0
DATA, 4152822774, 342945654, 0x0, 0
DATA, 4291628050, 0, 0x0F, 1
DATA, 2415853573, 252641492, 0x0, 0
DATA, 4118025179, 4099678820, 0x0, 0
DATA, 204340473, 4106744799, 0x0, 0
DATA, 4093642497, 3963158069, 0x0, 0
DATA, 4161797003, 4251314667, 0x0, 0
DATA, 4157801502, 4057599386, 0x0, 0
DATA, 4228058167, 20445898, 0x0, 0
DATA, 138742609, 134806808, 0x0, 0
DATA, 427554895, 211023087, 0x0, 0
DATA, 4121692016, 333318702, 0x0, 0
DATA, 3955487202, 294656208, 0x0, 0
DATA, 4180608450, 146736178, 0x0, 0
DATA, 3976725793, 3875141432, 0x0, 0
DATA, 108400328, 4214415853, 0x0, 0
DATA, 534249744, 75105169, 0x0, 0
DATA, 243070036, 75636700, 0x0, 0
DATA, 4238674482, 4172223237, 0x0, 0
DATA, 178389092, 4034199971, 0x0, 0
DATA, 4260296313, 308802391, 0x0, 0
DATA, 4173393745, 103352060, 0x0, 0
DATA, 145484114, 327549657, 0x0, 0
DATA, 139912667, 3476241, 0x0, 0
DATA, 4128507659, 3792370669, 0x0, 0
DATA, 18813288, 4286975191, 0x0, 0
DATA, 3898870741, 465436334, 0x0, 0
DATA, 4166456555, 41614050, 0x0, 0
DATA, 184159461, 331618838, 0x0, 0
DATA, 4082893341, 326897220, 0x0, 0
DATA, 3754097065, 4042063898, 0x0, 0
DATA, 4174710031, 3631349561, 0x0, 0
DATA, 3926195248, 128644008, 0x0, 0
DATA, 536413153, 46267742, 0x0, 0
DATA, 4225899912, 528213647, 0x0, 0
DATA, 3994355257, 227728541, 0x0, 0
DATA, 282460651, 95092622, 0x0, 0
DATA, 266009866, 4238472852, 0x0, 0
DATA, 302324807, 458822608, 0x0, 0
DATA, 4244303431, 4117166566, 0x0, 0
DATA, 4269603373, 3820561928, 0x0, 0
DATA, 131853827, 4052549910, 0x0, 0
DATA, 168026281, 4237888153, 0x0, 0
DATA, 281150578, 4096328381, 0x0, 0
DATA, 126941988, 7866764, 0x0, 0
DATA, 3884912501, 175701836, 0x0, 0
DATA, 152893919, 492700905, 0x0, 0
DATA, 24381217, 428337097, 0x0, 0
DATA, 387513537, 154073022, 0x0, 0
DATA, 4142267718, 90238124, 0x0, 0
DATA, 92599751, 3949322767, 0x0, 0
DATA, 107274695, 215547781, 0x0, 0
DATA, 4092989197, 4102162962, 0x0, 0
DATA, 4119332378, 3929014707, 0x0, 0
DATA, 4039305201, 4275770186, 0x0, 0
DATA, 84671146, 4178051791, 0x0, 0
DATA, 278137051, 4121291652, 0x0, 0
DATA, 4114802990, 136052044, 0x0, 0
DATA, 429066253, 3690260977, 0x0, 0
DATA, 4093898212, 151855971, 0x0, 0
DATA, 3903126032, 4289992541, 0x0, 0
DATA, 320672609, 4189847021, 0x0, 0
DATA, 4058184015, 89459794, 0x0, 0
DATA, 3781227398, 4083945894, 0x0, 0
DATA, 525991511, 4276880080, 0x0, 0
DATA, 90237537, 4161538390, 0x0, 0
DATA, 196482151, 0, 0x0F, 1
DATA, 268369927, 4191019942, 0x0, 0
DATA, 4221633444, 4149276385, 0x0, 0
DATA, 4087477752, 40105856, 0x0, 0
DATA, 40433381, 259587560, 0x0, 0
DATA, 322433119, 82178741, 0x0, 0
DATA, 4116177948, 4232380427, 0x0, 0
DATA, 4282973194, 172032724, 0x0, 0
DATA, 141303287, 3755926431, 0x0, 0
DATA, 2157645, 4048938188, 0x0, 0
DATA, 3955360512, 4153798381, 0x0, 0
DATA, 4787712, 3746897525, 0x0, 0
DATA, 24640630, 267844530, 0x0, 0
DATA, 4094626259, 79163767, 0x0, 0
DATA, 4271833671, 4161535788, 0x0, 0
DATA, 148966421, 4185981777, 0x0, 0
DATA, 4107600915, 37608633, 0x0, 0
DATA, 4000837360, 38466158, 0x0, 0
DATA, 3962959401, 4246798907, 0x0, 0
DATA, 4107663843, 4286577874, 0x0, 0
DATA, 290653604, 4267968424, 0x0, 0
DATA, 60812590, 124907534, 0x0, 0
DATA, 135399841, 4049993845, 0x0, 0
DATA, 108853848, 26347360, 0x0, 0
DATA, 94765675, 143050612, 0x0, 0
DATA, 3985511792, 135134925, 0x0, 0
DATA, 4247259908, 3948802976, 0x0, 0
DATA, 418842724, 4121170054, 0x0, 0
DATA, 146209240, 370012720, 0x0, 0
DATA, 4028696700, 4217635771, 0x0, 0
DATA, 456525007, 428016801, 0x0, 0
DATA, 4276615286, 4074110457, 0x0, 0
DATA, 249238618, 4096528347, 0x0, 0
DATA, 3950314008, 283186605, 0x0, 0
DATA, 178523583, 4105240663, 0x0, 0
DATA, 461045735, 457640197, 0x0, 0
DATA, 4027117267, 36176697, 0x0, 0
DATA, 4244769917, 4293591580, 0x0, 0
DATA, 117112993, 4233955728, 0x0, 0
DATA, 284427239, 197391951, 0x0, 0
DATA, 124324416, 3804103644, 0x0, 0
DATA, 4105892734, 4180280335, 0x0, 0
DATA, 3967807480, 167383974, 0x0, 0
DATA, 291379412, 3908375713, 0x0, 0
DATA, 92606388, 4255383580, 0x0, 0
DATA, 3976527429, 601559406, 0x0, 0
DATA, 4153082771, 4112316455, 0x0, 0
DATA, 4077583140, 4261941862, 0x0, 0
DATA, 4079809817, 258081454, 0x0, 0
DATA, 239990900, 4176025696, 0x0, 0
DATA, 3860861569, 11340382, 0x0, 0
DATA, 4211269652, 4026330016, 0x0, 0
DATA, 3941061786, 257886658, 0x0, 0
DATA, 59703456, 75760804, 0x0, 0
DATA, 583265384, 291180386, 0x0, 0
DATA, 4141938894, 3978297661, 0x0, 0
DATA, 580913396, 26861237, 0x0, 0
DATA, 4240968582, 4083283071, 0x0, 0
DATA, 37353201, 150469649, 0x0, 0
DATA, 4131786642, 3933206237, 0x0, 0
DATA, 3995530673, 4264239895, 0x0, 0
DATA, 4231330656, 399373942, 0x0, 0
DATA, 248574978, 30475735, 0x0, 0
DATA, 4006338581, 117698792, 0x0, 0
DATA, 4147374554, 159064703, 0x0, 0
DATA, 3731166511, 0, 0x0F, 1
