0.271484375000 0.285156250000 0.453125000000 0.478515625000
0.648437500000 0.687500000000 0.851562500000 0.898437500000
1.046875000000 1.101562500000 1.218750000000 1.281250000000
1.359375000000 1.437500000000 1.468750000000 1.554687500000
1.546875000000 1.632812500000 1.593750000000 1.679687500000
1.601562500000 1.695312500000 1.601562500000 1.695312500000
1.585937500000 1.679687500000 1.570312500000 1.656250000000
1.554687500000 1.648437500000 1.554687500000 1.648437500000
1.562500000000 1.656250000000 1.578125000000 1.671875000000
1.585937500000 1.679687500000 1.593750000000 1.687500000000
1.578125000000 1.671875000000 1.539062500000 1.625000000000
1.460937500000 1.546875000000 1.351562500000 1.437500000000
1.203125000000 1.281250000000 1.039062500000 1.101562500000
0.847656250000 0.898437500000 0.652343750000 0.687500000000
0.458984375000 0.488281250000 0.287109375000 0.306640625000
0.142578125000 0.151367187500 0.031738281250 0.033447265625
-0.041748046875 -0.045654296875 -0.084472656250 -0.090332031250
-0.102050781250 -0.110351562500 -0.103515625000 -0.108398437500
-0.096191406250 -0.100585937500 -0.090332031250 -0.096679687500
-0.093261718750 -0.099121093750 -0.108398437500 -0.115234375000
-0.132812500000 -0.141601562500 -0.159179687500 -0.170898437500
-0.178710937500 -0.189453125000 -0.177734375000 -0.191406250000
-0.149414062500 -0.157226562500 -0.078613281250 -0.085449218750
0.036132812500 0.039550781250 0.195312500000 0.206054687500
0.386718750000 0.416015625000 0.605468750000 0.644531250000
0.828125000000 0.882812500000 1.031250000000 1.101562500000
1.195312500000 1.281250000000 1.304687500000 1.398437500000
1.351562500000 1.445312500000 1.320312500000 1.414062500000
1.218750000000 1.304687500000 1.062500000000 1.132812500000
0.859375000000 0.921875000000 0.648437500000 0.695312500000
0.447265625000 0.478515625000 0.279296875000 0.298828125000
0.166015625000 0.179687500000 0.124511718750 0.132812500000
0.153320312500 0.165039062500 0.253906250000 0.273437500000
0.416015625000 0.443359375000 0.613281250000 0.660156250000
0.832031250000 0.894531250000 1.054687500000 1.132812500000
1.250000000000 1.343750000000 1.414062500000 1.515625000000
1.531250000000 1.640625000000 1.601562500000 1.718750000000
1.640625000000 1.765625000000 1.640625000000 1.765625000000
1.625000000000 1.750000000000 1.609375000000 1.726562500000
1.585937500000 1.710937500000 1.585937500000 1.703125000000
1.585937500000 1.710937500000 1.593750000000 1.718750000000
1.609375000000 1.734375000000 1.609375000000 1.734375000000
1.585937500000 1.710937500000 1.531250000000 1.648437500000
1.437500000000 1.546875000000 1.296875000000 1.398437500000
1.125000000000 1.218750000000 0.925781250000 1.000000000000
0.714843750000 0.773437500000 0.507812500000 0.550781250000
0.328125000000 0.351562500000 0.185546875000 0.199218750000
0.098632812500 0.105957031250 0.076171875000 0.082519531250
0.120117187500 0.129882812500 0.228515625000 0.249023437500
0.394531250000 0.425781250000 0.597656250000 0.648437500000
0.828125000000 0.894531250000 1.062500000000 1.156250000000
1.296875000000 1.406250000000 1.492187500000 1.617187500000
1.656250000000 1.796875000000 1.765625000000 1.921875000000
1.828125000000 1.984375000000 1.835937500000 1.992187500000
1.796875000000 1.953125000000 1.710937500000 1.859375000000
1.585937500000 1.718750000000 1.421875000000 1.546875000000
1.242187500000 1.351562500000 1.046875000000 1.140625000000
0.843750000000 0.914062500000 0.632812500000 0.687500000000
0.427734375000 0.462890625000 0.230468750000 0.248046875000
0.049072265625 0.052734375000 -0.108398437500 -0.119140625000
-0.236328125000 -0.257812500000 -0.326171875000 -0.353515625000
-0.371093750000 -0.402343750000 -0.369140625000 -0.402343750000
-0.314453125000 -0.341796875000 -0.209960937500 -0.228515625000
-0.057128906250 -0.062500000000 0.132812500000 0.146484375000
0.349609375000 0.384765625000 0.582031250000 0.636718750000
0.812500000000 0.886718750000 1.023437500000 1.117187500000
1.203125000000 1.312500000000 1.328125000000 1.453125000000
1.406250000000 1.531250000000 1.414062500000 1.539062500000
1.351562500000 1.476562500000 1.234375000000 1.351562500000
1.062500000000 1.164062500000 0.855468750000 0.933593750000
0.613281250000 0.671875000000 0.367187500000 0.404296875000
0.128906250000 0.141601562500 -0.085449218750 -0.094726562500
-0.263671875000 -0.292968750000 -0.390625000000 -0.429687500000
-0.455078125000 -0.500000000000 -0.457031250000 -0.500000000000
-0.390625000000 -0.429687500000 -0.261718750000 -0.287109375000
-0.077636718750 -0.085449218750 0.147460937500 0.160156250000
0.396484375000 0.435546875000 0.652343750000 0.718750000000
0.898437500000 0.988281250000 1.109375000000 1.218750000000
1.265625000000 1.390625000000 1.359375000000 1.492187500000
1.382812500000 1.515625000000 1.328125000000 1.460937500000
1.210937500000 1.328125000000 1.031250000000 1.140625000000
0.832031250000 0.917968750000 0.617187500000 0.679687500000
0.416015625000 0.458984375000 0.253906250000 0.283203125000
0.148437500000 0.164062500000 0.111816406250 0.123046875000
0.144531250000 0.160156250000 0.247070312500 0.271484375000
0.404296875000 0.447265625000 0.605468750000 0.667968750000
0.824218750000 0.910156250000 1.039062500000 1.148437500000
1.234375000000 1.367187500000 1.406250000000 1.546875000000
1.523437500000 1.679687500000 1.601562500000 1.765625000000
1.632812500000 1.812500000000 1.632812500000 1.812500000000
1.617187500000 1.789062500000 1.585937500000 1.750000000000
1.554687500000 1.718750000000 1.531250000000 1.695312500000
1.515625000000 1.679687500000 1.515625000000 1.671875000000
1.515625000000 1.679687500000 1.515625000000 1.679687500000
1.507812500000 1.679687500000 1.484375000000 1.648437500000
1.429687500000 1.585937500000 1.343750000000 1.492187500000
1.226562500000 1.359375000000 1.070312500000 1.187500000000
0.898437500000 0.996093750000 0.703125000000 0.781250000000
0.500000000000 0.554687500000 0.298828125000 0.333984375000
0.115234375000 0.126953125000 -0.044433593750 -0.050781250000
-0.171875000000 -0.189453125000 -0.261718750000 -0.289062500000
-0.308593750000 -0.343750000000 -0.316406250000 -0.351562500000
-0.279296875000 -0.310546875000 -0.204101562500 -0.226562500000
-0.094238281250 -0.102539062500 0.047851562500 0.053710937500
0.210937500000 0.236328125000 0.394531250000 0.437500000000
0.593750000000 0.660156250000 0.796875000000 0.890625000000
0.996093750000 1.109375000000 1.195312500000 1.335937500000
1.375000000000 1.539062500000 1.531250000000 1.718750000000
1.664062500000 1.859375000000 1.750000000000 1.960937500000
1.804687500000 2.015625000000 1.804687500000 2.015625000000
1.750000000000 1.953125000000 1.648437500000 1.843750000000
1.492187500000 1.671875000000 1.304687500000 1.468750000000
1.093750000000 1.226562500000 0.863281250000 0.968750000000
0.636718750000 0.710937500000 0.427734375000 0.476562500000
0.251953125000 0.285156250000 0.125976562500 0.142578125000
0.057861328125 0.065917968750 0.052978515625 0.060546875000
0.112792968750 0.124511718750 0.231445312500 0.259765625000
0.398437500000 0.447265625000 0.601562500000 0.679687500000
0.828125000000 0.929687500000 1.054687500000 1.187500000000
1.281250000000 1.437500000000 1.476562500000 1.656250000000
1.625000000000 1.828125000000 1.734375000000 1.953125000000
1.796875000000 2.015625000000 1.804687500000 2.031250000000
1.757812500000 1.984375000000 1.671875000000 1.890625000000
1.554687500000 1.750000000000 1.398437500000 1.578125000000
1.218750000000 1.375000000000 1.031250000000 1.156250000000
0.824218750000 0.929687500000 0.617187500000 0.699218750000
0.414062500000 0.468750000000 0.218750000000 0.248046875000
0.041015625000 0.044677734375 -0.116210937500 -0.132812500000
-0.245117187500 -0.277343750000 -0.337890625000 -0.380859375000
-0.380859375000 -0.431640625000 -0.376953125000 -0.423828125000
-0.314453125000 -0.357421875000 -0.204101562500 -0.228515625000
-0.035644531250 -0.045410156250 0.166015625000 0.187500000000
0.394531250000 0.447265625000 0.636718750000 0.722656250000
0.867187500000 0.984375000000 1.070312500000 1.210937500000
1.226562500000 1.390625000000 1.328125000000 1.500000000000
1.351562500000 1.531250000000 1.304687500000 1.484375000000
1.195312500000 1.359375000000 1.031250000000 1.179687500000
0.835937500000 0.949218750000 0.625000000000 0.710937500000
0.417968750000 0.476562500000 0.246093750000 0.279296875000
0.126953125000 0.141601562500 0.065429687500 0.076171875000
0.078125000000 0.089355468750 0.162109375000 0.183593750000
0.310546875000 0.355468750000 0.511718750000 0.585937500000
0.746093750000 0.851562500000 1.000000000000 1.140625000000
1.250000000000 1.421875000000 1.476562500000 1.679687500000
1.656250000000 1.898437500000 1.796875000000 2.046875000000
1.867187500000 2.125000000000 1.875000000000 2.140625000000
1.812500000000 2.062500000000 1.695312500000 1.929687500000
1.523437500000 1.734375000000 1.312500000000 1.500000000000
1.070312500000 1.226562500000 0.828125000000 0.949218750000
0.597656250000 0.679687500000 0.386718750000 0.441406250000
0.218750000000 0.251953125000 0.105957031250 0.120605468750
0.053710937500 0.061035156250 0.065917968750 0.077148437500
0.140625000000 0.160156250000 0.269531250000 0.308593750000
0.445312500000 0.507812500000 0.644531250000 0.742187500000
0.859375000000 0.988281250000 1.070312500000 1.226562500000
1.257812500000 1.445312500000 1.414062500000 1.617187500000
1.531250000000 1.757812500000 1.601562500000 1.843750000000
1.632812500000 1.875000000000 1.632812500000 1.875000000000
1.601562500000 1.843750000000 1.562500000000 1.796875000000
1.507812500000 1.734375000000 1.453125000000 1.671875000000
1.414062500000 1.625000000000 1.382812500000 1.593750000000
1.367187500000 1.570312500000 1.359375000000 1.562500000000
1.351562500000 1.562500000000 1.359375000000 1.562500000000
1.367187500000 1.570312500000 1.367187500000 1.578125000000
1.367187500000 1.578125000000 1.367187500000 1.578125000000
1.375000000000 1.585937500000 1.375000000000 1.585937500000
1.390625000000 1.601562500000 1.406250000000 1.625000000000
1.429687500000 1.648437500000 1.460937500000 1.687500000000
1.492187500000 1.726562500000 1.523437500000 1.757812500000
1.546875000000 1.789062500000 1.562500000000 1.796875000000
1.546875000000 1.789062500000 1.507812500000 1.742187500000
1.445312500000 1.671875000000 1.343750000000 1.562500000000
1.210937500000 1.406250000000 1.054687500000 1.226562500000
0.878906250000 1.015625000000 0.679687500000 0.789062500000
0.474609375000 0.554687500000 0.271484375000 0.320312500000
0.083496093750 0.097656250000 -0.083984375000 -0.098632812500
-0.222656250000 -0.257812500000 -0.320312500000 -0.371093750000
-0.373046875000 -0.433593750000 -0.371093750000 -0.435546875000
-0.320312500000 -0.373046875000 -0.214843750000 -0.250000000000
-0.061035156250 -0.069824218750 0.129882812500 0.152343750000
0.347656250000 0.406250000000 0.578125000000 0.671875000000
0.800781250000 0.933593750000 1.007812500000 1.164062500000
1.164062500000 1.359375000000 1.281250000000 1.492187500000
1.328125000000 1.554687500000 1.320312500000 1.539062500000
1.242187500000 1.453125000000 1.117187500000 1.296875000000
0.945312500000 1.101562500000 0.746093750000 0.871093750000
0.539062500000 0.628906250000 0.343750000000 0.400390625000
0.166015625000 0.196289062500 0.025268554688 0.030273437500
-0.076660156250 -0.089843750000 -0.141601562500 -0.164062500000
-0.166992187500 -0.194335937500 -0.166992187500 -0.193359375000
-0.147460937500 -0.173828125000 -0.124023437500 -0.144531250000
-0.100585937500 -0.116210937500 -0.083007812500 -0.098144531250
-0.077636718750 -0.092773437500 -0.081542968750 -0.097656250000
-0.086914062500 -0.101562500000 -0.088378906250 -0.104492187500
-0.079101562500 -0.091796875000 -0.041015625000 -0.048583984375
0.021362304688 0.024536132812 0.117187500000 0.137695312500
0.245117187500 0.287109375000 0.402343750000 0.470703125000
0.582031250000 0.679687500000 0.769531250000 0.898437500000
0.953125000000 1.125000000000 1.132812500000 1.328125000000
1.281250000000 1.507812500000 1.406250000000 1.656250000000
1.500000000000 1.765625000000 1.554687500000 1.828125000000
1.578125000000 1.851562500000 1.570312500000 1.843750000000
1.539062500000 1.812500000000 1.492187500000 1.757812500000
1.437500000000 1.695312500000 1.375000000000 1.625000000000
1.328125000000 1.570312500000 1.296875000000 1.523437500000
1.273437500000 1.500000000000 1.273437500000 1.507812500000
1.296875000000 1.531250000000 1.343750000000 1.578125000000
1.398437500000 1.648437500000 1.460937500000 1.734375000000
1.531250000000 1.812500000000 1.593750000000 1.875000000000
1.625000000000 1.921875000000 1.632812500000 1.929687500000
1.601562500000 1.890625000000 1.515625000000 1.796875000000
1.398437500000 1.648437500000 1.226562500000 1.453125000000
1.023437500000 1.218750000000 0.812500000000 0.960937500000
0.597656250000 0.707031250000 0.400390625000 0.474609375000
0.241210937500 0.287109375000 0.134765625000 0.160156250000
0.096679687500 0.114257812500 0.125976562500 0.148437500000
0.220703125000 0.259765625000 0.369140625000 0.437500000000
0.554687500000 0.660156250000 0.761718750000 0.902343750000
0.960937500000 1.140625000000 1.132812500000 1.343750000000
1.250000000000 1.492187500000 1.312500000000 1.562500000000
1.304687500000 1.554687500000 1.226562500000 1.453125000000
1.085937500000 1.289062500000 0.886718750000 1.054687500000
0.656250000000 0.785156250000 0.412109375000 0.492187500000
0.171875000000 0.205078125000 -0.049072265625 -0.057373046875
-0.231445312500 -0.275390625000 -0.363281250000 -0.431640625000
-0.429687500000 -0.515625000000 -0.435546875000 -0.523437500000
-0.380859375000 -0.453125000000 -0.265625000000 -0.316406250000
-0.098144531250 -0.118652343750 0.108398437500 0.125000000000
0.335937500000 0.402343750000 0.574218750000 0.683593750000
0.800781250000 0.957031250000 1.000000000000 1.195312500000
1.164062500000 1.390625000000 1.273437500000 1.523437500000
1.320312500000 1.578125000000 1.304687500000 1.562500000000
1.226562500000 1.468750000000 1.101562500000 1.320312500000
0.929687500000 1.117187500000 0.734375000000 0.882812500000
0.531250000000 0.640625000000 0.339843750000 0.406250000000
0.171875000000 0.206054687500 0.035156250000 0.041992187500
-0.062988281250 -0.076171875000 -0.124511718750 -0.144531250000
-0.147460937500 -0.176757812500 -0.149414062500 -0.178710937500
-0.137695312500 -0.166015625000 -0.124023437500 -0.146484375000
-0.113769531250 -0.137695312500 -0.113769531250 -0.137695312500
-0.125976562500 -0.151367187500 -0.139648437500 -0.170898437500
-0.155273437500 -0.186523437500 -0.151367187500 -0.181640625000
-0.125000000000 -0.148437500000 -0.058349609375 -0.072753906250
0.042236328125 0.051269531250 0.186523437500 0.225585937500
0.363281250000 0.439453125000 0.566406250000 0.679687500000
0.769531250000 0.929687500000 0.960937500000 1.156250000000
1.117187500000 1.351562500000 1.226562500000 1.476562500000
1.265625000000 1.531250000000 1.242187500000 1.500000000000
1.148437500000 1.390625000000 1.007812500000 1.210937500000
0.820312500000 0.992187500000 0.621093750000 0.750000000000
0.425781250000 0.511718750000 0.257812500000 0.312500000000
0.138671875000 0.168945312500 0.081542968750 0.100585937500
0.093261718750 0.113769531250 0.174804687500 0.212890625000
0.318359375000 0.384765625000 0.507812500000 0.617187500000
0.730468750000 0.882812500000 0.964843750000 1.164062500000
1.187500000000 1.437500000000 1.390625000000 1.687500000000
1.554687500000 1.882812500000 1.664062500000 2.031250000000
1.734375000000 2.093750000000 1.742187500000 2.109375000000
1.703125000000 2.062500000000 1.617187500000 1.968750000000
1.500000000000 1.820312500000 1.343750000000 1.632812500000
1.171875000000 1.429687500000 0.984375000000 1.203125000000
0.789062500000 0.960937500000 0.593750000000 0.726562500000
0.400390625000 0.486328125000 0.213867187500 0.263671875000
0.045898437500 0.054443359375 -0.102539062500 -0.123046875000
-0.220703125000 -0.271484375000 -0.306640625000 -0.373046875000
-0.351562500000 -0.425781250000 -0.345703125000 -0.423828125000
-0.298828125000 -0.363281250000 -0.198242187500 -0.244140625000
-0.056152343750 -0.070800781250 0.121582031250 0.148437500000
0.324218750000 0.398437500000 0.546875000000 0.664062500000
0.761718750000 0.929687500000 0.960937500000 1.171875000000
1.125000000000 1.375000000000 1.250000000000 1.523437500000
1.312500000000 1.609375000000 1.328125000000 1.617187500000
1.273437500000 1.554687500000 1.156250000000 1.421875000000
1.000000000000 1.226562500000 0.804687500000 0.984375000000
0.582031250000 0.710937500000 0.353515625000 0.431640625000
0.129882812500 0.160156250000 -0.067871093750 -0.083007812500
-0.231445312500 -0.285156250000 -0.349609375000 -0.429687500000
-0.410156250000 -0.503906250000 -0.414062500000 -0.507812500000
-0.359375000000 -0.443359375000 -0.250000000000 -0.308593750000
-0.092285156250 -0.112792968750 0.102050781250 0.125976562500
0.320312500000 0.394531250000 0.546875000000 0.675781250000
0.773437500000 0.949218750000 0.972656250000 1.195312500000
1.140625000000 1.406250000000 1.257812500000 1.546875000000
1.320312500000 1.625000000000 1.328125000000 1.632812500000
1.273437500000 1.562500000000 1.156250000000 1.429687500000
1.000000000000 1.226562500000 0.796875000000 0.984375000000
0.578125000000 0.714843750000 0.351562500000 0.431640625000
0.129882812500 0.159179687500 -0.066894531250 -0.083984375000
-0.231445312500 -0.287109375000 -0.349609375000 -0.429687500000
-0.410156250000 -0.503906250000 -0.414062500000 -0.511718750000
-0.359375000000 -0.445312500000 -0.248046875000 -0.308593750000
-0.092285156250 -0.114746093750 0.101562500000 0.123535156250
0.318359375000 0.394531250000 0.546875000000 0.675781250000
0.765625000000 0.953125000000 0.968750000000 1.203125000000
1.132812500000 1.398437500000 1.250000000000 1.546875000000
1.312500000000 1.625000000000 1.312500000000 1.625000000000
1.250000000000 1.554687500000 1.140625000000 1.414062500000
0.976562500000 1.210937500000 0.781250000000 0.976562500000
0.570312500000 0.707031250000 0.351562500000 0.437500000000
0.147460937500 0.182617187500 -0.035400390625 -0.044921875000
-0.181640625000 -0.227539062500 -0.285156250000 -0.357421875000
-0.341796875000 -0.425781250000 -0.349609375000 -0.435546875000
-0.310546875000 -0.386718750000 -0.230468750000 -0.287109375000
-0.116699218750 -0.141601562500 0.030395507812 0.037841796875
0.196289062500 0.245117187500 0.376953125000 0.468750000000
0.566406250000 0.707031250000 0.761718750000 0.953125000000
0.953125000000 1.187500000000 1.132812500000 1.414062500000
1.304687500000 1.625000000000 1.445312500000 1.804687500000
1.562500000000 1.953125000000 1.648437500000 2.062500000000
1.695312500000 2.109375000000 1.687500000000 2.109375000000
1.640625000000 2.046875000000 1.539062500000 1.929687500000
1.406250000000 1.750000000000 1.226562500000 1.531250000000
1.023437500000 1.281250000000 0.804687500000 1.007812500000
0.593750000000 0.742187500000 0.396484375000 0.498046875000
0.230468750000 0.291015625000 0.112304687500 0.138671875000
0.043457031250 0.057373046875 0.036132812500 0.046142578125
0.091308593750 0.113769531250 0.200195312500 0.251953125000
0.359375000000 0.449218750000 0.554687500000 0.695312500000
0.769531250000 0.968750000000 0.996093750000 1.250000000000
1.210937500000 1.523437500000 1.414062500000 1.773437500000
1.570312500000 1.976562500000 1.687500000000 2.125000000000
1.750000000000 2.203125000000 1.750000000000 2.203125000000
1.695312500000 2.140625000000 1.585937500000 2.000000000000
1.429687500000 1.804687500000 1.242187500000 1.562500000000
1.023437500000 1.289062500000 0.792968750000 1.000000000000
0.578125000000 0.726562500000 0.378906250000 0.476562500000
0.215820312500 0.275390625000 0.098144531250 0.122558593750
0.035644531250 0.044189453125 0.031738281250 0.042480468750
0.085937500000 0.108398437500 0.195312500000 0.247070312500
0.355468750000 0.451171875000 0.550781250000 0.695312500000
0.765625000000 0.968750000000 0.996093750000 1.257812500000
1.218750000000 1.539062500000 1.414062500000 1.789062500000
1.578125000000 2.000000000000 1.695312500000 2.140625000000
1.757812500000 2.218750000000 1.757812500000 2.218750000000
1.695312500000 2.156250000000 1.570312500000 2.000000000000
1.406250000000 1.781250000000 1.195312500000 1.515625000000
0.960937500000 1.218750000000 0.722656250000 0.914062500000
0.496093750000 0.628906250000 0.302734375000 0.386718750000
0.160156250000 0.204101562500 0.083007812500 0.102539062500
0.072753906250 0.092773437500 0.132812500000 0.167968750000
0.251953125000 0.320312500000 0.417968750000 0.531250000000
0.609375000000 0.777343750000 0.804687500000 1.023437500000
0.980468750000 1.250000000000 1.109375000000 1.414062500000
1.187500000000 1.507812500000 1.187500000000 1.515625000000
1.125000000000 1.429687500000 0.996093750000 1.273437500000
0.832031250000 1.062500000000 0.640625000000 0.816406250000
0.453125000000 0.578125000000 0.291015625000 0.371093750000
0.176757812500 0.223632812500 0.123535156250 0.157226562500
0.137695312500 0.176757812500 0.218750000000 0.277343750000
0.355468750000 0.453125000000 0.535156250000 0.679687500000
0.730468750000 0.937500000000 0.929687500000 1.187500000000
1.109375000000 1.429687500000 1.265625000000 1.617187500000
1.375000000000 1.757812500000 1.445312500000 1.851562500000
1.476562500000 1.898437500000 1.484375000000 1.906250000000
1.476562500000 1.890625000000 1.453125000000 1.867187500000
1.437500000000 1.843750000000 1.429687500000 1.835937500000
1.437500000000 1.843750000000 1.445312500000 1.851562500000
1.453125000000 1.867187500000 1.453125000000 1.867187500000
1.429687500000 1.843750000000 1.382812500000 1.781250000000
1.296875000000 1.664062500000 1.171875000000 1.507812500000
1.023437500000 1.312500000000 0.835937500000 1.078125000000
0.644531250000 0.832031250000 0.460937500000 0.589843750000
0.294921875000 0.380859375000 0.166015625000 0.212890625000
0.087402343750 0.113281250000 0.066894531250 0.085937500000
0.107421875000 0.138671875000 0.206054687500 0.265625000000
0.353515625000 0.458984375000 0.539062500000 0.695312500000
0.750000000000 0.964843750000 0.964843750000 1.250000000000
1.171875000000 1.515625000000 1.359375000000 1.757812500000
1.507812500000 1.945312500000 1.609375000000 2.078125000000
1.671875000000 2.156250000000 1.671875000000 2.156250000000
1.625000000000 2.109375000000 1.539062500000 1.992187500000
1.406250000000 1.820312500000 1.250000000000 1.617187500000
1.062500000000 1.382812500000 0.875000000000 1.132812500000
0.683593750000 0.882812500000 0.500000000000 0.648437500000
0.332031250000 0.427734375000 0.187500000000 0.245117187500
0.078613281250 0.099121093750 -0.006408691406 -0.007598876953
-0.060546875000 -0.078613281250 -0.089355468750 -0.112792968750
-0.092773437500 -0.123046875000 -0.088867187500 -0.114746093750
-0.075195312500 -0.099121093750 -0.064941406250 -0.083496093750
-0.058593750000 -0.073242187500 -0.059326171875 -0.076171875000
-0.069824218750 -0.089355468750 -0.083496093750 -0.106445312500
-0.093750000000 -0.124023437500 -0.099121093750 -0.128906250000
-0.089843750000 -0.114257812500 -0.055419921875 -0.073242187500
0.008850097656 0.011413574219 0.100585937500 0.131835937500
0.223632812500 0.291015625000 0.373046875000 0.486328125000
0.542968750000 0.707031250000 0.714843750000 0.933593750000
0.890625000000 1.164062500000 1.054687500000 1.375000000000
1.195312500000 1.562500000000 1.312500000000 1.710937500000
1.390625000000 1.820312500000 1.445312500000 1.882812500000
1.460937500000 1.914062500000 1.460937500000 1.906250000000
1.437500000000 1.882812500000 1.398437500000 1.835937500000
1.359375000000 1.781250000000 1.328125000000 1.742187500000
1.296875000000 1.695312500000 1.273437500000 1.664062500000
1.257812500000 1.648437500000 1.257812500000 1.648437500000
1.265625000000 1.656250000000 1.273437500000 1.671875000000
1.289062500000 1.687500000000 1.304687500000 1.710937500000
1.320312500000 1.726562500000 1.328125000000 1.742187500000
1.335937500000 1.750000000000 1.335937500000 1.750000000000
1.328125000000 1.742187500000 1.320312500000 1.734375000000
1.304687500000 1.710937500000 1.289062500000 1.695312500000
1.273437500000 1.671875000000 1.257812500000 1.656250000000
1.257812500000 1.648437500000 1.257812500000 1.656250000000
1.265625000000 1.664062500000 1.281250000000 1.695312500000
1.312500000000 1.734375000000 1.351562500000 1.781250000000
1.382812500000 1.828125000000 1.421875000000 1.867187500000
1.445312500000 1.906250000000 1.445312500000 1.914062500000
1.437500000000 1.890625000000 1.390625000000 1.835937500000
1.320312500000 1.742187500000 1.210937500000 1.601562500000
1.078125000000 1.421875000000 0.921875000000 1.218750000000
0.750000000000 0.992187500000 0.574218750000 0.757812500000
0.400390625000 0.531250000000 0.240234375000 0.320312500000
0.103027343750 0.134765625000 -0.007598876953 -0.010192871094
-0.086425781250 -0.115234375000 -0.134765625000 -0.176757812500
-0.152343750000 -0.203125000000 -0.150390625000 -0.197265625000
-0.126953125000 -0.170898437500 -0.095703125000 -0.127929687500
-0.060791015625 -0.081542968750 -0.027832031250 -0.035400390625
0.000991821289 -0.001373291016 0.019775390625 0.025512695312
0.034179687500 0.041992187500 0.036865234375 0.050537109375
0.037353515625 0.049804687500 0.034423828125 0.046630859375
0.034667968750 0.046142578125 0.033935546875 0.044433593750
0.034912109375 0.043945312500 0.034912109375 0.047119140625
0.033935546875 0.047607421875 0.031494140625 0.041748046875
0.019042968750 0.027465820312 0.001495361328 0.003997802734
-0.021240234375 -0.029663085938 -0.051757812500 -0.070312500000
-0.086914062500 -0.118164062500 -0.119628906250 -0.159179687500
-0.141601562500 -0.188476562500 -0.148437500000 -0.197265625000
-0.132812500000 -0.177734375000 -0.089355468750 -0.118652343750
-0.014770507812 -0.020263671875 0.088378906250 0.119140625000
0.220703125000 0.294921875000 0.375000000000 0.500000000000
0.546875000000 0.730468750000 0.722656250000 0.968750000000
0.894531250000 1.195312500000 1.054687500000 1.406250000000
1.187500000000 1.593750000000 1.296875000000 1.742187500000
1.375000000000 1.843750000000 1.421875000000 1.906250000000
1.437500000000 1.937500000000 1.437500000000 1.929687500000
1.414062500000 1.890625000000 1.375000000000 1.851562500000
1.343750000000 1.804687500000 1.304687500000 1.750000000000
1.273437500000 1.710937500000 1.250000000000 1.679687500000
1.234375000000 1.664062500000 1.234375000000 1.656250000000
1.242187500000 1.664062500000 1.250000000000 1.679687500000
1.257812500000 1.695312500000 1.273437500000 1.710937500000
1.281250000000 1.726562500000 1.289062500000 1.742187500000
1.296875000000 1.750000000000 1.296875000000 1.750000000000
1.304687500000 1.757812500000 1.304687500000 1.757812500000
1.304687500000 1.750000000000 1.304687500000 1.757812500000
1.296875000000 1.757812500000 1.296875000000 1.750000000000
1.296875000000 1.757812500000 1.296875000000 1.750000000000
1.289062500000 1.742187500000 1.281250000000 1.726562500000
1.265625000000 1.710937500000 1.250000000000 1.687500000000
1.234375000000 1.671875000000 1.218750000000 1.656250000000
1.218750000000 1.648437500000 1.218750000000 1.656250000000
1.234375000000 1.671875000000 1.257812500000 1.710937500000
1.296875000000 1.757812500000 1.343750000000 1.828125000000
1.390625000000 1.890625000000 1.437500000000 1.945312500000
1.468750000000 1.984375000000 1.468750000000 1.992187500000
1.445312500000 1.960937500000 1.382812500000 1.875000000000
1.281250000000 1.742187500000 1.140625000000 1.554687500000
0.976562500000 1.328125000000 0.789062500000 1.078125000000
0.597656250000 0.816406250000 0.417968750000 0.570312500000
0.261718750000 0.355468750000 0.145507812500 0.200195312500
0.083007812500 0.112792968750 0.078125000000 0.104492187500
0.128906250000 0.176757812500 0.233398437500 0.320312500000
0.386718750000 0.523437500000 0.566406250000 0.765625000000
0.753906250000 1.031250000000 0.945312500000 1.289062500000
1.117187500000 1.523437500000 1.265625000000 1.726562500000
1.375000000000 1.875000000000 1.437500000000 1.968750000000
1.476562500000 2.015625000000 1.468750000000 2.015625000000
1.445312500000 1.976562500000 1.406250000000 1.921875000000
1.359375000000 1.851562500000 1.312500000000 1.796875000000
1.273437500000 1.742187500000 1.242187500000 1.703125000000
1.226562500000 1.679687500000 1.218750000000 1.664062500000
1.210937500000 1.664062500000 1.218750000000 1.664062500000
1.218750000000 1.671875000000 1.218750000000 1.671875000000
1.218750000000 1.671875000000 1.218750000000 1.671875000000
1.218750000000 1.671875000000 1.226562500000 1.679687500000
1.242187500000 1.703125000000 1.265625000000 1.742187500000
1.304687500000 1.789062500000 1.351562500000 1.851562500000
1.398437500000 1.921875000000 1.437500000000 1.976562500000
1.468750000000 2.015625000000 1.468750000000 2.015625000000
1.437500000000 1.976562500000 1.375000000000 1.890625000000
1.257812500000 1.734375000000 1.117187500000 1.531250000000
0.933593750000 1.289062500000 0.738281250000 1.023437500000
0.546875000000 0.750000000000 0.367187500000 0.503906250000
0.218750000000 0.302734375000 0.124511718750 0.169921875000
0.085449218750 0.118164062500 0.113281250000 0.155273437500
0.197265625000 0.271484375000 0.333984375000 0.460937500000
0.503906250000 0.695312500000 0.691406250000 0.953125000000
0.875000000000 1.203125000000 1.031250000000 1.421875000000
1.140625000000 1.578125000000 1.195312500000 1.656250000000
1.187500000000 1.648437500000 1.117187500000 1.546875000000
0.988281250000 1.367187500000 0.812500000000 1.125000000000
0.601562500000 0.832031250000 0.373046875000 0.523437500000
0.155273437500 0.216796875000 -0.044433593750 -0.062988281250
-0.209960937500 -0.292968750000 -0.330078125000 -0.457031250000
-0.394531250000 -0.546875000000 -0.402343750000 -0.554687500000
-0.351562500000 -0.488281250000 -0.248046875000 -0.343750000000
-0.099121093750 -0.136718750000 0.086425781250 0.121093750000
0.291015625000 0.406250000000 0.503906250000 0.699218750000
0.710937500000 0.992187500000 0.898437500000 1.250000000000
1.054687500000 1.468750000000 1.164062500000 1.625000000000
1.218750000000 1.703125000000 1.226562500000 1.710937500000
1.171875000000 1.640625000000 1.070312500000 1.492187500000
0.921875000000 1.289062500000 0.738281250000 1.031250000000
0.535156250000 0.742187500000 0.320312500000 0.447265625000
0.113769531250 0.158203125000 -0.071777343750 -0.101074218750
-0.226562500000 -0.318359375000 -0.337890625000 -0.472656250000
-0.394531250000 -0.550781250000 -0.394531250000 -0.550781250000
-0.337890625000 -0.474609375000 -0.226562500000 -0.318359375000
-0.067871093750 -0.094726562500 0.129882812500 0.180664062500
0.349609375000 0.490234375000 0.574218750000 0.804687500000
0.785156250000 1.101562500000 0.964843750000 1.351562500000
1.101562500000 1.539062500000 1.171875000000 1.648437500000
1.179687500000 1.656250000000 1.125000000000 1.578125000000
0.458984375000 0.636718750000 0.527343750000 0.730468750000
0.585937500000 0.812500000000 0.632812500000 0.875000000000
0.664062500000 0.917968750000 0.683593750000 0.945312500000
0.687500000000 0.949218750000 0.675781250000 0.933593750000
0.648437500000 0.898437500000 0.613281250000 0.851562500000
0.566406250000 0.785156250000 0.511718750000 0.710937500000
0.447265625000 0.617187500000 0.373046875000 0.519531250000
0.291015625000 0.400390625000 0.201171875000 0.279296875000
0.106933593750 0.146484375000 0.008850097656 0.013122558594
-0.082031250000 -0.113769531250 -0.164062500000 -0.228515625000
-0.227539062500 -0.314453125000 -0.263671875000 -0.367187500000
-0.267578125000 -0.373046875000 -0.234375000000 -0.322265625000
-0.154296875000 -0.213867187500 -0.030517578125 -0.041259765625
0.134765625000 0.187500000000 0.335937500000 0.466796875000
0.562500000000 0.781250000000 0.800781250000 1.109375000000
1.039062500000 1.445312500000 1.257812500000 1.750000000000
1.453125000000 2.015625000000 1.601562500000 2.218750000000
1.703125000000 2.359375000000 1.750000000000 2.437500000000
1.750000000000 2.437500000000 1.703125000000 2.375000000000
1.625000000000 2.265625000000 1.515625000000 2.109375000000
1.390625000000 1.937500000000 1.265625000000 1.757812500000
1.140625000000 1.578125000000 1.015625000000 1.414062500000
0.914062500000 1.273437500000 0.824218750000 1.140625000000
0.738281250000 1.031250000000 0.664062500000 0.921875000000
0.597656250000 0.828125000000 0.531250000000 0.742187500000
0.472656250000 0.656250000000 0.419921875000 0.582031250000
0.378906250000 0.527343750000 0.359375000000 0.498046875000
0.363281250000 0.507812500000 0.400390625000 0.558593750000
0.472656250000 0.660156250000 0.582031250000 0.808593750000
0.722656250000 1.007812500000 0.886718750000 1.234375000000
1.062500000000 1.484375000000 1.242187500000 1.734375000000
1.398437500000 1.953125000000 1.523437500000 2.125000000000
1.601562500000 2.234375000000 1.632812500000 2.265625000000
1.601562500000 2.234375000000 1.515625000000 2.109375000000
1.390625000000 1.937500000000 1.234375000000 1.718750000000
1.062500000000 1.484375000000 0.902343750000 1.257812500000
0.765625000000 1.070312500000 0.667968750000 0.933593750000
0.625000000000 0.875000000000 0.636718750000 0.890625000000
0.707031250000 0.988281250000 0.828125000000 1.156250000000
0.988281250000 1.382812500000 1.171875000000 1.640625000000
1.375000000000 1.921875000000 1.570312500000 2.203125000000
1.757812500000 2.453125000000 1.898437500000 2.656250000000
2.000000000000 2.796875000000 2.062500000000 2.890625000000
2.078125000000 2.890625000000 2.031250000000 2.828125000000
1.929687500000 2.703125000000 1.789062500000 2.500000000000
1.609375000000 2.250000000000 1.398437500000 1.960937500000
1.171875000000 1.640625000000 0.933593750000 1.304687500000
0.695312500000 0.972656250000 0.472656250000 0.660156250000
0.269531250000 0.376953125000 0.096191406250 0.133789062500
-0.042724609375 -0.060058593750 -0.147460937500 -0.204101562500
-0.208984375000 -0.292968750000 -0.236328125000 -0.330078125000
-0.227539062500 -0.318359375000 -0.192382812500 -0.271484375000
-0.134765625000 -0.191406250000 -0.062255859375 -0.091308593750
0.016601562500 0.022216796875 0.100585937500 0.141601562500
0.187500000000 0.261718750000 0.265625000000 0.375000000000
0.345703125000 0.480468750000 0.414062500000 0.582031250000
0.480468750000 0.671875000000 0.542968750000 0.761718750000
0.601562500000 0.843750000000 0.664062500000 0.929687500000
0.726562500000 1.015625000000 0.792968750000 1.109375000000
0.859375000000 1.203125000000 0.933593750000 1.304687500000
1.007812500000 1.414062500000 1.093750000000 1.531250000000
1.179687500000 1.656250000000 1.265625000000 1.773437500000
1.351562500000 1.898437500000 1.437500000000 2.015625000000
1.515625000000 2.125000000000 1.585937500000 2.234375000000
1.648437500000 2.312500000000 1.695312500000 2.375000000000
1.718750000000 2.406250000000 1.718750000000 2.421875000000
1.695312500000 2.390625000000 1.648437500000 2.312500000000
1.570312500000 2.203125000000 1.468750000000 2.062500000000
1.335937500000 1.882812500000 1.187500000000 1.671875000000
1.023437500000 1.429687500000 0.839843750000 1.179687500000
0.664062500000 0.925781250000 0.488281250000 0.687500000000
0.339843750000 0.476562500000 0.210937500000 0.296875000000
0.119140625000 0.168945312500 0.065917968750 0.094238281250
0.049072265625 0.071289062500 0.070312500000 0.099609375000
0.120117187500 0.167968750000 0.191406250000 0.267578125000
0.271484375000 0.380859375000 0.349609375000 0.490234375000
0.417968750000 0.585937500000 0.468750000000 0.660156250000
0.498046875000 0.703125000000 0.507812500000 0.718750000000
0.507812500000 0.714843750000 0.498046875000 0.699218750000
0.494140625000 0.695312500000 0.503906250000 0.710937500000
0.539062500000 0.757812500000 0.605468750000 0.855468750000
0.707031250000 0.996093750000 0.835937500000 1.179687500000
0.984375000000 1.390625000000 1.148437500000 1.617187500000
1.304687500000 1.843750000000 1.437500000000 2.031250000000
1.546875000000 2.171875000000 1.601562500000 2.265625000000
1.609375000000 2.281250000000 1.570312500000 2.218750000000
1.476562500000 2.078125000000 1.343750000000 1.898437500000
1.187500000000 1.679687500000 1.015625000000 1.437500000000
0.847656250000 1.195312500000 0.691406250000 0.976562500000
0.558593750000 0.792968750000 0.464843750000 0.656250000000
0.402343750000 0.570312500000 0.375000000000 0.531250000000
0.378906250000 0.535156250000 0.406250000000 0.574218750000
0.449218750000 0.636718750000 0.500000000000 0.707031250000
0.554687500000 0.781250000000 0.597656250000 0.843750000000
0.636718750000 0.894531250000 0.660156250000 0.929687500000
0.667968750000 0.941406250000 0.660156250000 0.929687500000
0.644531250000 0.902343750000 0.613281250000 0.863281250000
0.566406250000 0.804687500000 0.511718750000 0.726562500000
0.453125000000 0.636718750000 0.378906250000 0.531250000000
0.292968750000 0.416015625000 0.203125000000 0.289062500000
0.105468750000 0.151367187500 0.008850097656 0.013977050781
-0.084960937500 -0.121582031250 -0.168945312500 -0.240234375000
-0.234375000000 -0.332031250000 -0.273437500000 -0.386718750000
-0.277343750000 -0.390625000000 -0.243164062500 -0.341796875000
-0.159179687500 -0.224609375000 -0.032714843750 -0.045654296875
0.135742187500 0.192382812500 0.337890625000 0.478515625000
0.562500000000 0.800781250000 0.804687500000 1.140625000000
1.039062500000 1.468750000000 1.257812500000 1.781250000000
1.437500000000 2.046875000000 1.585937500000 2.250000000000
1.679687500000 2.375000000000 1.718750000000 2.437500000000
1.710937500000 2.421875000000 1.656250000000 2.359375000000
1.570312500000 2.234375000000 1.460937500000 2.078125000000
1.343750000000 1.906250000000 1.226562500000 1.734375000000
1.117187500000 1.578125000000 1.023437500000 1.460937500000
0.964843750000 1.367187500000 0.929687500000 1.320312500000
0.925781250000 1.320312500000 0.949218750000 1.351562500000
1.000000000000 1.421875000000 1.062500000000 1.515625000000
1.148437500000 1.632812500000 1.234375000000 1.757812500000
1.335937500000 1.890625000000 1.421875000000 2.015625000000
1.507812500000 2.140625000000 1.578125000000 2.250000000000
1.640625000000 2.328125000000 1.679687500000 2.390625000000
1.703125000000 2.421875000000 1.695312500000 2.406250000000
1.671875000000 2.375000000000 1.617187500000 2.296875000000
1.546875000000 2.203125000000 1.445312500000 2.062500000000
1.328125000000 1.890625000000 1.195312500000 1.703125000000
1.046875000000 1.484375000000 0.886718750000 1.257812500000
0.722656250000 1.031250000000 0.566406250000 0.808593750000
0.416015625000 0.589843750000 0.277343750000 0.396484375000
0.155273437500 0.220703125000 0.053466796875 0.075683593750
-0.024291992188 -0.036621093750 -0.084960937500 -0.119628906250
-0.119628906250 -0.170898437500 -0.135742187500 -0.191406250000
-0.135742187500 -0.190429687500 -0.116210937500 -0.167968750000
-0.091796875000 -0.129882812500 -0.054199218750 -0.078125000000
-0.010131835938 -0.014587402344 0.041992187500 0.057617187500
0.097167968750 0.139648437500 0.168945312500 0.239257812500
0.246093750000 0.349609375000 0.333984375000 0.476562500000
0.433593750000 0.617187500000 0.546875000000 0.777343750000
0.660156250000 0.945312500000 0.781250000000 1.117187500000
0.894531250000 1.273437500000 0.996093750000 1.421875000000
1.070312500000 1.531250000000 1.117187500000 1.593750000000
1.132812500000 1.617187500000 1.101562500000 1.578125000000
1.039062500000 1.484375000000 0.937500000000 1.335937500000
0.804687500000 1.148437500000 0.652343750000 0.929687500000
0.490234375000 0.703125000000 0.332031250000 0.472656250000
0.190429687500 0.267578125000 0.072753906250 0.102050781250
-0.012634277344 -0.017211914062 -0.057128906250 -0.081054687500
-0.056884765625 -0.080566406250 -0.014099121094 -0.019042968750
0.066894531250 0.097167968750 0.183593750000 0.263671875000
0.326171875000 0.466796875000 0.490234375000 0.699218750000
0.656250000000 0.933593750000 0.820312500000 1.171875000000
0.960937500000 1.375000000000 1.078125000000 1.539062500000
1.156250000000 1.656250000000 1.187500000000 1.703125000000
1.171875000000 1.679687500000 1.109375000000 1.593750000000
1.007812500000 1.437500000000 0.863281250000 1.234375000000
0.695312500000 1.000000000000 0.527343750000 0.753906250000
0.365234375000 0.523437500000 0.229492187500 0.328125000000
0.131835937500 0.190429687500 0.087402343750 0.122558593750
0.093750000000 0.133789062500 0.153320312500 0.219726562500
0.257812500000 0.369140625000 0.402343750000 0.574218750000
0.558593750000 0.804687500000 0.722656250000 1.039062500000
0.871093750000 1.250000000000 0.988281250000 1.421875000000
1.070312500000 1.539062500000 1.109375000000 1.593750000000
1.101562500000 1.578125000000 1.054687500000 1.507812500000
0.972656250000 1.398437500000 0.875000000000 1.250000000000
0.765625000000 1.101562500000 0.660156250000 0.949218750000
0.570312500000 0.816406250000 0.498046875000 0.710937500000
0.449218750000 0.644531250000 0.427734375000 0.609375000000
0.423828125000 0.609375000000 0.441406250000 0.632812500000
0.470703125000 0.675781250000 0.507812500000 0.734375000000
0.550781250000 0.789062500000 0.582031250000 0.835937500000
0.609375000000 0.878906250000 0.632812500000 0.906250000000
0.636718750000 0.917968750000 0.636718750000 0.914062500000
0.621093750000 0.894531250000 0.597656250000 0.863281250000
0.566406250000 0.812500000000 0.515625000000 0.742187500000
0.458984375000 0.660156250000 0.388671875000 0.562500000000
0.304687500000 0.441406250000 0.212890625000 0.304687500000
0.109863281250 0.156250000000 0.000071525574 0.001319885254
-0.102539062500 -0.147460937500 -0.199218750000 -0.287109375000
-0.271484375000 -0.392578125000 -0.314453125000 -0.451171875000
-0.314453125000 -0.455078125000 -0.267578125000 -0.384765625000
-0.166015625000 -0.237304687500 -0.008239746094 -0.014587402344
0.192382812500 0.275390625000 0.427734375000 0.617187500000
0.687500000000 0.988281250000 0.941406250000 1.359375000000
1.179687500000 1.703125000000 1.367187500000 1.976562500000
1.500000000000 2.171875000000 1.562500000000 2.250000000000
1.546875000000 2.218750000000 1.453125000000 2.093750000000
1.289062500000 1.859375000000 1.078125000000 1.554687500000
0.839843750000 1.210937500000 0.593750000000 0.859375000000
0.367187500000 0.527343750000 0.172851562500 0.250000000000
0.031250000000 0.041992187500 -0.052978515625 -0.076660156250
-0.075683593750 -0.109863281250 -0.040527343750 -0.058837890625
0.043212890625 0.062011718750 0.162109375000 0.232421875000
0.298828125000 0.431640625000 0.443359375000 0.636718750000
0.574218750000 0.828125000000 0.683593750000 0.988281250000
0.761718750000 1.101562500000 0.804687500000 1.164062500000
0.804687500000 1.164062500000 0.765625000000 1.109375000000
0.695312500000 1.000000000000 0.589843750000 0.855468750000
0.468750000000 0.679687500000 0.339843750000 0.490234375000
0.212890625000 0.306640625000 0.104003906250 0.150390625000
0.023193359375 0.031982421875 -0.018188476562 -0.026733398438
-0.014221191406 -0.020874023438 0.039306640625 0.058105468750
0.137695312500 0.200195312500 0.273437500000 0.394531250000
0.433593750000 0.628906250000 0.601562500000 0.871093750000
0.757812500000 1.093750000000 0.882812500000 1.281250000000
0.968750000000 1.398437500000 0.996093750000 1.437500000000
0.964843750000 1.398437500000 0.878906250000 1.273437500000
0.750000000000 1.085937500000 0.593750000000 0.859375000000
0.431640625000 0.625000000000 0.285156250000 0.412109375000
0.176757812500 0.255859375000 0.122558593750 0.177734375000
0.133789062500 0.193359375000 0.209960937500 0.306640625000
0.353515625000 0.511718750000 0.546875000000 0.792968750000
0.773437500000 1.125000000000 1.015625000000 1.476562500000
1.257812500000 1.820312500000 1.476562500000 2.140625000000
1.656250000000 2.390625000000 1.781250000000 2.593750000000
1.867187500000 2.703125000000 1.906250000000 2.765625000000
1.898437500000 2.765625000000 1.867187500000 2.703125000000
1.812500000000 2.625000000000 1.742187500000 2.531250000000
1.679687500000 2.437500000000 1.625000000000 2.359375000000
1.585937500000 2.312500000000 1.570312500000 2.281250000000
1.562500000000 2.281250000000 1.578125000000 2.296875000000
1.601562500000 2.328125000000 1.640625000000 2.375000000000
1.679687500000 2.437500000000 1.718750000000 2.500000000000
1.742187500000 2.531250000000 1.765625000000 2.562500000000
1.765625000000 2.562500000000 1.750000000000 2.546875000000
1.710937500000 2.500000000000 1.656250000000 2.406250000000
1.585937500000 2.296875000000 1.500000000000 2.187500000000
1.406250000000 2.046875000000 1.320312500000 1.921875000000
1.242187500000 1.804687500000 1.187500000000 1.726562500000
1.156250000000 1.679687500000 1.156250000000 1.679687500000
1.187500000000 1.718750000000 1.242187500000 1.804687500000
1.312500000000 1.914062500000 1.398437500000 2.046875000000
1.484375000000 2.156250000000 1.554687500000 2.250000000000
1.585937500000 2.312500000000 1.593750000000 2.328125000000
1.562500000000 2.281250000000 1.492187500000 2.171875000000
1.382812500000 2.015625000000 1.250000000000 1.820312500000
1.101562500000 1.601562500000 0.949218750000 1.382812500000
0.800781250000 1.171875000000 0.679687500000 0.996093750000
0.582031250000 0.851562500000 0.515625000000 0.750000000000
0.472656250000 0.691406250000 0.457031250000 0.667968750000
0.455078125000 0.664062500000 0.458984375000 0.671875000000
0.464843750000 0.675781250000 0.464843750000 0.679687500000
0.453125000000 0.664062500000 0.433593750000 0.632812500000
0.414062500000 0.605468750000 0.402343750000 0.585937500000
0.402343750000 0.589843750000 0.433593750000 0.632812500000
0.496093750000 0.726562500000 0.597656250000 0.875000000000
0.734375000000 1.070312500000 0.898437500000 1.312500000000
1.078125000000 1.570312500000 1.250000000000 1.828125000000
1.398437500000 2.046875000000 1.507812500000 2.203125000000
1.562500000000 2.281250000000 1.546875000000 2.265625000000
1.460937500000 2.140625000000 1.312500000000 1.921875000000
1.117187500000 1.632812500000 0.886718750000 1.304687500000
0.660156250000 0.964843750000 0.453125000000 0.660156250000
0.291015625000 0.425781250000 0.193359375000 0.279296875000
0.164062500000 0.241210937500 0.206054687500 0.300781250000
0.306640625000 0.447265625000 0.447265625000 0.652343750000
0.597656250000 0.878906250000 0.742187500000 1.085937500000
0.847656250000 1.242187500000 0.902343750000 1.320312500000
0.894531250000 1.312500000000 0.824218750000 1.210937500000
0.707031250000 1.039062500000 0.558593750000 0.824218750000
0.408203125000 0.601562500000 0.279296875000 0.410156250000
0.197265625000 0.289062500000 0.181640625000 0.265625000000
0.238281250000 0.349609375000 0.365234375000 0.535156250000
0.550781250000 0.812500000000 0.773437500000 1.132812500000
1.000000000000 1.476562500000 1.210937500000 1.773437500000
1.367187500000 2.000000000000 1.453125000000 2.125000000000
1.445312500000 2.125000000000 1.359375000000 2.000000000000
1.203125000000 1.773437500000 1.000000000000 1.460937500000
0.761718750000 1.117187500000 0.527343750000 0.773437500000
0.332031250000 0.486328125000 0.193359375000 0.283203125000
0.127929687500 0.192382812500 0.150390625000 0.222656250000
0.253906250000 0.375000000000 0.429687500000 0.632812500000
0.660156250000 0.968750000000 0.921875000000 1.351562500000
1.187500000000 1.750000000000 1.445312500000 2.125000000000
1.664062500000 2.453125000000 1.835937500000 2.703125000000
1.945312500000 2.859375000000 2.000000000000 2.953125000000
2.000000000000 2.937500000000 1.945312500000 2.859375000000
1.851562500000 2.718750000000 1.726562500000 2.546875000000
1.593750000000 2.343750000000 1.453125000000 2.140625000000
1.320312500000 1.945312500000 1.210937500000 1.781250000000
1.132812500000 1.671875000000 1.085937500000 1.601562500000
1.085937500000 1.593750000000 1.117187500000 1.640625000000
1.179687500000 1.734375000000 1.265625000000 1.867187500000
1.367187500000 2.015625000000 1.468750000000 2.171875000000
1.562500000000 2.296875000000 1.617187500000 2.390625000000
1.640625000000 2.421875000000 1.601562500000 2.375000000000
1.523437500000 2.250000000000 1.390625000000 2.046875000000
1.210937500000 1.789062500000 1.000000000000 1.476562500000
0.773437500000 1.132812500000 0.539062500000 0.792968750000
0.318359375000 0.470703125000 0.132812500000 0.195312500000
-0.010925292969 -0.017944335938 -0.106445312500 -0.152343750000
-0.139648437500 -0.206054687500 -0.116210937500 -0.172851562500
-0.041992187500 -0.059814453125 0.081542968750 0.122558593750
0.242187500000 0.359375000000 0.431640625000 0.636718750000
0.628906250000 0.933593750000 0.835937500000 1.234375000000
1.031250000000 1.531250000000 1.210937500000 1.789062500000
1.367187500000 2.015625000000 1.484375000000 2.187500000000
1.554687500000 2.312500000000 1.601562500000 2.359375000000
1.601562500000 2.375000000000 1.570312500000 2.328125000000
1.515625000000 2.234375000000 1.445312500000 2.125000000000
1.367187500000 2.015625000000 1.289062500000 1.906250000000
1.226562500000 1.812500000000 1.187500000000 1.750000000000
1.164062500000 1.718750000000 1.156250000000 1.710937500000
1.164062500000 1.726562500000 1.179687500000 1.742187500000
1.179687500000 1.750000000000 1.164062500000 1.726562500000
1.125000000000 1.664062500000 1.054687500000 1.554687500000
0.941406250000 1.398437500000 0.804687500000 1.195312500000
0.648437500000 0.960937500000 0.486328125000 0.718750000000
0.330078125000 0.486328125000 0.197265625000 0.292968750000
0.106445312500 0.156250000000 0.067382812500 0.098632812500
0.085937500000 0.127929687500 0.165039062500 0.247070312500
0.310546875000 0.457031250000 0.500000000000 0.742187500000
0.734375000000 1.085937500000 0.988281250000 1.468750000000
1.250000000000 1.859375000000 1.507812500000 2.234375000000
1.734375000000 2.578125000000 1.921875000000 2.843750000000
2.046875000000 3.046875000000 2.109375000000 3.140625000000
2.109375000000 3.140625000000 2.031250000000 3.015625000000
1.890625000000 2.812500000000 1.687500000000 2.515625000000
1.437500000000 2.140625000000 1.164062500000 1.726562500000
0.875000000000 1.304687500000 0.609375000000 0.902343750000
0.378906250000 0.562500000000 0.208984375000 0.308593750000
0.115722656250 0.170898437500 0.105957031250 0.158203125000
0.180664062500 0.269531250000 0.328125000000 0.488281250000
0.535156250000 0.789062500000 0.769531250000 1.140625000000
1.007812500000 1.492187500000 1.218750000000 1.804687500000
1.375000000000 2.046875000000 1.453125000000 2.171875000000
1.460937500000 2.171875000000 1.375000000000 2.046875000000
1.218750000000 1.812500000000 1.007812500000 1.500000000000
0.773437500000 1.148437500000 0.535156250000 0.800781250000
0.335937500000 0.496093750000 0.186523437500 0.277343750000
0.113281250000 0.166015625000 0.120117187500 0.178710937500
0.210937500000 0.316406250000 0.382812500000 0.570312500000
0.609375000000 0.906250000000 0.875000000000 1.304687500000
1.156250000000 1.726562500000 1.429687500000 2.140625000000
1.679687500000 2.500000000000 1.875000000000 2.796875000000
2.015625000000 3.015625000000 2.093750000000 3.125000000000
2.093750000000 3.125000000000 2.031250000000 3.031250000000
1.914062500000 2.859375000000 1.734375000000 2.593750000000
1.523437500000 2.265625000000 1.281250000000 1.906250000000
1.023437500000 1.531250000000 0.777343750000 1.164062500000
0.550781250000 0.820312500000 0.349609375000 0.519531250000
0.194335937500 0.289062500000 0.083007812500 0.125976562500
0.022949218750 0.036865234375 0.014587402344 0.022705078125
0.046142578125 0.069824218750 0.112792968750 0.169921875000
0.200195312500 0.302734375000 0.294921875000 0.439453125000
0.382812500000 0.574218750000 0.455078125000 0.679687500000
0.500000000000 0.746093750000 0.511718750000 0.765625000000
0.490234375000 0.734375000000 0.441406250000 0.664062500000
0.369140625000 0.550781250000 0.277343750000 0.416015625000
0.180664062500 0.271484375000 0.088867187500 0.132812500000
0.005523681641 0.008361816406 -0.061767578125 -0.094238281250
-0.110839843750 -0.165039062500 -0.134765625000 -0.204101562500
-0.140625000000 -0.208984375000 -0.127929687500 -0.191406250000
-0.095703125000 -0.145507812500 -0.052734375000 -0.080078125000
0.000442504883 0.001091003418 0.057373046875 0.088867187500
0.125976562500 0.189453125000 0.196289062500 0.294921875000
0.271484375000 0.406250000000 0.349609375000 0.523437500000
0.429687500000 0.644531250000 0.511718750000 0.765625000000
0.597656250000 0.894531250000 0.679687500000 1.023437500000
0.765625000000 1.140625000000 0.835937500000 1.257812500000
0.906250000000 1.367187500000 0.968750000000 1.453125000000
1.015625000000 1.523437500000 1.054687500000 1.585937500000
1.085937500000 1.625000000000 1.101562500000 1.648437500000
1.101562500000 1.656250000000 1.109375000000 1.656250000000
1.101562500000 1.656250000000 1.101562500000 1.648437500000
1.101562500000 1.648437500000 1.101562500000 1.656250000000
1.109375000000 1.664062500000 1.117187500000 1.671875000000
1.117187500000 1.679687500000 1.132812500000 1.695312500000
1.132812500000 1.695312500000 1.125000000000 1.695312500000
1.109375000000 1.671875000000 1.085937500000 1.625000000000
1.046875000000 1.570312500000 0.988281250000 1.492187500000
0.925781250000 1.390625000000 0.859375000000 1.289062500000
0.785156250000 1.179687500000 0.707031250000 1.062500000000
0.640625000000 0.957031250000 0.574218750000 0.863281250000
0.523437500000 0.785156250000 0.480468750000 0.726562500000
0.455078125000 0.687500000000 0.445312500000 0.671875000000
0.453125000000 0.679687500000 0.468750000000 0.703125000000
0.498046875000 0.750000000000 0.531250000000 0.800781250000
0.570312500000 0.863281250000 0.609375000000 0.914062500000
0.640625000000 0.957031250000 0.656250000000 0.988281250000
0.656250000000 0.992187500000 0.640625000000 0.964843750000
0.601562500000 0.906250000000 0.542968750000 0.816406250000
0.464843750000 0.699218750000 0.376953125000 0.562500000000
0.279296875000 0.423828125000 0.188476562500 0.285156250000
0.108886718750 0.165039062500 0.048583984375 0.074218750000
0.021118164062 0.028930664062 0.023193359375 0.035644531250
0.062988281250 0.098632812500 0.140625000000 0.210937500000
0.250000000000 0.375000000000 0.382812500000 0.578125000000
0.531250000000 0.804687500000 0.687500000000 1.039062500000
0.843750000000 1.265625000000 0.980468750000 1.476562500000
1.093750000000 1.656250000000 1.187500000000 1.789062500000
1.242187500000 1.882812500000 1.273437500000 1.921875000000
1.273437500000 1.921875000000 1.242187500000 1.882812500000
1.203125000000 1.812500000000 1.140625000000 1.718750000000
1.070312500000 1.609375000000 0.984375000000 1.492187500000
0.902343750000 1.367187500000 0.820312500000 1.242187500000
0.746093750000 1.125000000000 0.675781250000 1.015625000000
0.609375000000 0.921875000000 0.554687500000 0.835937500000
0.507812500000 0.765625000000 0.468750000000 0.710937500000
0.443359375000 0.667968750000 0.429687500000 0.652343750000
0.433593750000 0.652343750000 0.447265625000 0.675781250000
0.474609375000 0.718750000000 0.511718750000 0.781250000000
0.566406250000 0.859375000000 0.628906250000 0.949218750000
0.695312500000 1.054687500000 0.769531250000 1.164062500000
0.843750000000 1.281250000000 0.917968750000 1.390625000000
0.988281250000 1.492187500000 1.054687500000 1.593750000000
1.101562500000 1.671875000000 1.148437500000 1.734375000000
1.179687500000 1.781250000000 1.187500000000 1.804687500000
1.195312500000 1.804687500000 1.171875000000 1.781250000000
1.148437500000 1.734375000000 1.093750000000 1.664062500000
1.039062500000 1.578125000000 0.976562500000 1.484375000000
0.906250000000 1.367187500000 0.828125000000 1.257812500000
0.753906250000 1.140625000000 0.679687500000 1.031250000000
0.613281250000 0.933593750000 0.554687500000 0.847656250000
0.511718750000 0.773437500000 0.470703125000 0.718750000000
0.451171875000 0.683593750000 0.445312500000 0.675781250000
0.449218750000 0.683593750000 0.468750000000 0.714843750000
0.500000000000 0.757812500000 0.539062500000 0.816406250000
0.582031250000 0.882812500000 0.621093750000 0.941406250000
0.652343750000 0.992187500000 0.671875000000 1.023437500000
0.671875000000 1.023437500000 0.648437500000 0.988281250000
0.605468750000 0.917968750000 0.535156250000 0.812500000000
0.445312500000 0.675781250000 0.341796875000 0.519531250000
0.234375000000 0.357421875000 0.133789062500 0.202148437500
0.052490234375 0.077636718750 -0.003479003906 -0.006988525391
-0.019531250000 -0.030273437500 0.010070800781 0.016845703125
0.088867187500 0.133789062500 0.210937500000 0.320312500000
0.378906250000 0.578125000000 0.582031250000 0.882812500000
0.804687500000 1.226562500000 1.039062500000 1.585937500000
1.273437500000 1.937500000000 1.492187500000 2.265625000000
1.671875000000 2.546875000000 1.820312500000 2.781250000000
1.921875000000 2.921875000000 1.968750000000 3.000000000000
1.968750000000 3.000000000000 1.914062500000 2.921875000000
1.812500000000 2.765625000000 1.671875000000 2.546875000000
1.500000000000 2.296875000000 1.320312500000 2.015625000000
1.132812500000 1.726562500000 0.957031250000 1.453125000000
0.796875000000 1.218750000000 0.679687500000 1.039062500000
0.601562500000 0.921875000000 0.582031250000 0.886718750000
0.605468750000 0.925781250000 0.679687500000 1.039062500000
0.789062500000 1.203125000000 0.929687500000 1.421875000000
1.085937500000 1.656250000000 1.242187500000 1.890625000000
1.382812500000 2.109375000000 1.492187500000 2.281250000000
1.570312500000 2.390625000000 1.609375000000 2.453125000000
1.601562500000 2.453125000000 1.562500000000 2.390625000000
1.492187500000 2.281250000000 1.398437500000 2.140625000000
1.289062500000 1.976562500000 1.187500000000 1.812500000000
1.078125000000 1.656250000000 0.984375000000 1.507812500000
0.898437500000 1.375000000000 0.824218750000 1.257812500000
0.750000000000 1.148437500000 0.675781250000 1.039062500000
0.605468750000 0.925781250000 0.527343750000 0.808593750000
0.445312500000 0.683593750000 0.359375000000 0.550781250000
0.271484375000 0.414062500000 0.186523437500 0.285156250000
0.108886718750 0.168945312500 0.050781250000 0.078613281250
0.012329101562 0.018798828125 0.004302978516 0.002502441406
0.023193359375 0.037597656250 0.075683593750 0.117187500000
0.164062500000 0.251953125000 0.285156250000 0.435546875000
0.435546875000 0.667968750000 0.609375000000 0.929687500000
0.796875000000 1.218750000000 0.996093750000 1.523437500000
1.195312500000 1.828125000000 1.375000000000 2.109375000000
1.531250000000 2.343750000000 1.648437500000 2.531250000000
1.726562500000 2.640625000000 1.742187500000 2.671875000000
1.703125000000 2.609375000000 1.601562500000 2.453125000000
1.445312500000 2.218750000000 1.250000000000 1.914062500000
1.023437500000 1.570312500000 0.789062500000 1.210937500000
0.562500000000 0.863281250000 0.369140625000 0.562500000000
0.217773437500 0.333984375000 0.127929687500 0.193359375000
0.098144531250 0.151367187500 0.133789062500 0.206054687500
0.223632812500 0.343750000000 0.355468750000 0.542968750000
0.507812500000 0.777343750000 0.660156250000 1.015625000000
0.796875000000 1.226562500000 0.906250000000 1.390625000000
0.972656250000 1.492187500000 0.992187500000 1.523437500000
0.968750000000 1.492187500000 0.914062500000 1.406250000000
0.843750000000 1.296875000000 0.765625000000 1.179687500000
0.699218750000 1.078125000000 0.660156250000 1.007812500000
0.648437500000 0.996093750000 0.667968750000 1.031250000000
0.718750000000 1.101562500000 0.789062500000 1.210937500000
0.859375000000 1.320312500000 0.921875000000 1.421875000000
0.964843750000 1.484375000000 0.972656250000 1.500000000000
0.941406250000 1.453125000000 0.867187500000 1.335937500000
0.761718750000 1.171875000000 0.628906250000 0.968750000000
0.482421875000 0.746093750000 0.337890625000 0.523437500000
0.210937500000 0.328125000000 0.114257812500 0.175781250000
0.052734375000 0.079589843750 0.028564453125 0.046875000000
0.047119140625 0.073242187500 0.098632812500 0.151367187500
0.173828125000 0.267578125000 0.261718750000 0.404296875000
0.355468750000 0.546875000000 0.441406250000 0.683593750000
0.511718750000 0.789062500000 0.566406250000 0.875000000000
0.601562500000 0.925781250000 0.609375000000 0.941406250000
0.605468750000 0.933593750000 0.585937500000 0.906250000000
0.562500000000 0.871093750000 0.542968750000 0.843750000000
0.535156250000 0.824218750000 0.535156250000 0.828125000000
0.558593750000 0.863281250000 0.605468750000 0.933593750000
0.679687500000 1.046875000000 0.773437500000 1.195312500000
0.894531250000 1.382812500000 1.031250000000 1.593750000000
1.179687500000 1.820312500000 1.328125000000 2.046875000000
1.460937500000 2.265625000000 1.570312500000 2.437500000000
1.648437500000 2.546875000000 1.671875000000 2.593750000000
1.648437500000 2.546875000000 1.570312500000 2.421875000000
1.429687500000 2.218750000000 1.250000000000 1.937500000000
1.039062500000 1.609375000000 0.808593750000 1.257812500000
0.585937500000 0.910156250000 0.386718750000 0.601562500000
0.226562500000 0.351562500000 0.125000000000 0.192382812500
0.083984375000 0.127929687500 0.103027343750 0.162109375000
0.182617187500 0.281250000000 0.308593750000 0.474609375000
0.462890625000 0.714843750000 0.625000000000 0.972656250000
0.785156250000 1.218750000000 0.921875000000 1.429687500000
1.023437500000 1.585937500000 1.078125000000 1.671875000000
1.085937500000 1.679687500000 1.046875000000 1.625000000000
0.972656250000 1.507812500000 0.871093750000 1.351562500000
0.753906250000 1.164062500000 0.628906250000 0.980468750000
0.515625000000 0.800781250000 0.416015625000 0.648437500000
0.343750000000 0.539062500000 0.306640625000 0.476562500000
0.298828125000 0.462890625000 0.324218750000 0.500000000000
0.507812500000 0.656250000000 0.347656250000 0.445312500000
0.241210937500 0.308593750000 0.188476562500 0.244140625000
0.191406250000 0.245117187500 0.234375000000 0.302734375000
0.304687500000 0.392578125000 0.392578125000 0.503906250000
0.478515625000 0.613281250000 0.550781250000 0.707031250000
0.597656250000 0.769531250000 0.617187500000 0.796875000000
0.613281250000 0.785156250000 0.574218750000 0.738281250000
0.503906250000 0.652343750000 0.419921875000 0.542968750000
0.322265625000 0.416015625000 0.224609375000 0.289062500000
0.132812500000 0.171875000000 0.061279296875 0.080078125000
0.019287109375 0.025512695312 0.012756347656 0.017456054688
0.051025390625 0.067871093750 0.143554687500 0.181640625000
0.287109375000 0.365234375000 0.474609375000 0.605468750000
0.695312500000 0.894531250000 0.945312500000 1.210937500000
1.203125000000 1.531250000000 1.445312500000 1.843750000000
1.656250000000 2.109375000000 1.812500000000 2.312500000000
1.914062500000 2.437500000000 1.945312500000 2.484375000000
1.914062500000 2.437500000000 1.820312500000 2.328125000000
1.687500000000 2.140625000000 1.515625000000 1.929687500000
1.335937500000 1.703125000000 1.171875000000 1.492187500000
1.031250000000 1.312500000000 0.929687500000 1.179687500000
0.871093750000 1.109375000000 0.871093750000 1.101562500000
0.914062500000 1.164062500000 0.992187500000 1.265625000000
1.109375000000 1.406250000000 1.234375000000 1.570312500000
1.367187500000 1.742187500000 1.492187500000 1.898437500000
1.601562500000 2.031250000000 1.679687500000 2.125000000000
1.726562500000 2.187500000000 1.734375000000 2.203125000000
1.703125000000 2.156250000000 1.625000000000 2.062500000000
1.523437500000 1.929687500000 1.382812500000 1.750000000000
1.218750000000 1.539062500000 1.031250000000 1.304687500000
0.832031250000 1.054687500000 0.632812500000 0.796875000000
0.435546875000 0.550781250000 0.255859375000 0.324218750000
0.099121093750 0.124023437500 -0.032714843750 -0.037597656250
-0.127929687500 -0.164062500000 -0.190429687500 -0.242187500000
-0.222656250000 -0.277343750000 -0.222656250000 -0.279296875000
-0.192382812500 -0.246093750000 -0.142578125000 -0.182617187500
-0.078125000000 -0.097656250000 0.001899719238 0.002426147461
0.096191406250 0.118164062500 0.198242187500 0.247070312500
0.308593750000 0.388671875000 0.431640625000 0.542968750000
0.566406250000 0.707031250000 0.707031250000 0.890625000000
0.863281250000 1.078125000000 1.015625000000 1.273437500000
1.171875000000 1.468750000000 1.304687500000 1.640625000000
1.421875000000 1.781250000000 1.500000000000 1.882812500000
1.531250000000 1.921875000000 1.523437500000 1.906250000000
1.453125000000 1.820312500000 1.335937500000 1.671875000000
1.171875000000 1.460937500000 0.972656250000 1.218750000000
0.761718750000 0.957031250000 0.554687500000 0.691406250000
0.365234375000 0.460937500000 0.213867187500 0.269531250000
0.115234375000 0.145507812500 0.074218750000 0.090820312500
0.090820312500 0.116699218750 0.168945312500 0.214843750000
0.300781250000 0.375000000000 0.466796875000 0.585937500000
0.660156250000 0.824218750000 0.859375000000 1.070312500000
1.054687500000 1.312500000000 1.218750000000 1.523437500000
1.359375000000 1.695312500000 1.453125000000 1.812500000000
1.500000000000 1.867187500000 1.507812500000 1.875000000000
1.453125000000 1.812500000000 1.367187500000 1.695312500000
1.242187500000 1.539062500000 1.085937500000 1.351562500000
0.925781250000 1.148437500000 0.757812500000 0.937500000000
0.605468750000 0.750000000000 0.474609375000 0.589843750000
0.378906250000 0.470703125000 0.332031250000 0.412109375000
0.339843750000 0.421875000000 0.396484375000 0.490234375000
0.503906250000 0.621093750000 0.656250000000 0.812500000000
0.843750000000 1.046875000000 1.054687500000 1.304687500000
1.273437500000 1.570312500000 1.476562500000 1.828125000000
1.664062500000 2.062500000000 1.820312500000 2.250000000000
1.929687500000 2.390625000000 1.992187500000 2.468750000000
2.000000000000 2.468750000000 1.960937500000 2.421875000000
1.867187500000 2.296875000000 1.726562500000 2.125000000000
1.562500000000 1.921875000000 1.367187500000 1.687500000000
1.171875000000 1.437500000000 0.976562500000 1.203125000000
0.812500000000 1.007812500000 0.687500000000 0.847656250000
0.613281250000 0.757812500000 0.605468750000 0.742187500000
0.660156250000 0.808593750000 0.777343750000 0.953125000000
0.945312500000 1.164062500000 1.148437500000 1.414062500000
1.375000000000 1.687500000000 1.585937500000 1.953125000000
1.765625000000 2.171875000000 1.890625000000 2.328125000000
1.953125000000 2.390625000000 1.929687500000 2.359375000000
1.828125000000 2.234375000000 1.656250000000 2.031250000000
1.437500000000 1.765625000000 1.195312500000 1.460937500000
0.937500000000 1.148437500000 0.703125000000 0.859375000000
0.511718750000 0.625000000000 0.375000000000 0.457031250000
0.300781250000 0.367187500000 0.289062500000 0.353515625000
0.335937500000 0.408203125000 0.419921875000 0.511718750000
0.531250000000 0.648437500000 0.652343750000 0.796875000000
0.769531250000 0.937500000000 0.859375000000 1.046875000000
0.921875000000 1.125000000000 0.953125000000 1.156250000000
0.941406250000 1.148437500000 0.906250000000 1.101562500000
0.843750000000 1.031250000000 0.765625000000 0.929687500000
0.675781250000 0.820312500000 0.585937500000 0.710937500000
0.500000000000 0.605468750000 0.423828125000 0.515625000000
0.363281250000 0.441406250000 0.318359375000 0.386718750000
0.291015625000 0.351562500000 0.283203125000 0.343750000000
0.289062500000 0.351562500000 0.318359375000 0.384765625000
0.359375000000 0.437500000000 0.416015625000 0.503906250000
0.486328125000 0.593750000000 0.566406250000 0.691406250000
0.656250000000 0.796875000000 0.750000000000 0.906250000000
0.843750000000 1.023437500000 0.937500000000 1.132812500000
1.031250000000 1.250000000000 1.117187500000 1.351562500000
1.203125000000 1.460937500000 1.289062500000 1.554687500000
1.367187500000 1.648437500000 1.445312500000 1.742187500000
1.515625000000 1.828125000000 1.578125000000 1.906250000000
1.632812500000 1.968750000000 1.671875000000 2.031250000000
1.703125000000 2.046875000000 1.703125000000 2.046875000000
1.664062500000 2.000000000000 1.601562500000 1.929687500000
1.507812500000 1.820312500000 1.390625000000 1.671875000000
1.250000000000 1.507812500000 1.101562500000 1.328125000000
0.957031250000 1.148437500000 0.832031250000 0.996093750000
0.734375000000 0.882812500000 0.683593750000 0.820312500000
0.679687500000 0.820312500000 0.730468750000 0.875000000000
0.828125000000 0.992187500000 0.964843750000 1.156250000000
1.125000000000 1.351562500000 1.296875000000 1.554687500000
1.460937500000 1.757812500000 1.601562500000 1.921875000000
1.703125000000 2.031250000000 1.757812500000 2.093750000000
1.757812500000 2.093750000000 1.703125000000 2.031250000000
1.609375000000 1.929687500000 1.484375000000 1.773437500000
1.335937500000 1.593750000000 1.179687500000 1.414062500000
1.039062500000 1.242187500000 0.910156250000 1.085937500000
0.808593750000 0.964843750000 0.738281250000 0.886718750000
0.703125000000 0.839843750000 0.703125000000 0.839843750000
0.734375000000 0.871093750000 0.785156250000 0.933593750000
0.859375000000 1.023437500000 0.941406250000 1.125000000000
1.031250000000 1.234375000000 1.132812500000 1.343750000000
1.226562500000 1.453125000000 1.312500000000 1.562500000000
1.390625000000 1.648437500000 1.460937500000 1.726562500000
1.507812500000 1.789062500000 1.546875000000 1.835937500000
1.562500000000 1.851562500000 1.562500000000 1.851562500000
1.539062500000 1.828125000000 1.500000000000 1.773437500000
1.429687500000 1.695312500000 1.351562500000 1.601562500000
1.265625000000 1.500000000000 1.164062500000 1.382812500000
1.062500000000 1.250000000000 0.957031250000 1.132812500000
0.855468750000 1.015625000000 0.773437500000 0.914062500000
0.703125000000 0.832031250000 0.656250000000 0.777343750000
0.628906250000 0.746093750000 0.628906250000 0.746093750000
0.656250000000 0.773437500000 0.707031250000 0.832031250000
0.777343750000 0.917968750000 0.863281250000 1.015625000000
0.957031250000 1.132812500000 1.062500000000 1.250000000000
1.164062500000 1.375000000000 1.265625000000 1.484375000000
1.351562500000 1.593750000000 1.429687500000 1.679687500000
1.492187500000 1.750000000000 1.531250000000 1.804687500000
1.562500000000 1.835937500000 1.570312500000 1.843750000000
1.562500000000 1.835937500000 1.539062500000 1.804687500000
1.500000000000 1.757812500000 1.445312500000 1.695312500000
1.375000000000 1.609375000000 1.281250000000 1.507812500000
1.179687500000 1.382812500000 1.070312500000 1.250000000000
0.945312500000 1.109375000000 0.820312500000 0.960937500000
0.699218750000 0.816406250000 0.593750000000 0.691406250000
0.515625000000 0.601562500000 0.470703125000 0.554687500000
0.474609375000 0.554687500000 0.527343750000 0.617187500000
0.632812500000 0.742187500000 0.789062500000 0.921875000000
0.980468750000 1.148437500000 1.203125000000 1.406250000000
1.429687500000 1.671875000000 1.640625000000 1.914062500000
1.828125000000 2.125000000000 1.953125000000 2.281250000000
2.015625000000 2.359375000000 2.015625000000 2.359375000000
1.953125000000 2.281250000000 1.835937500000 2.140625000000
1.679687500000 1.953125000000 1.507812500000 1.757812500000
1.343750000000 1.562500000000 1.210937500000 1.406250000000
1.117187500000 1.296875000000 1.078125000000 1.257812500000
1.093750000000 1.265625000000 1.148437500000 1.328125000000
1.226562500000 1.429687500000 1.320312500000 1.531250000000
1.390625000000 1.617187500000 1.429687500000 1.656250000000
1.414062500000 1.640625000000 1.343750000000 1.554687500000
1.210937500000 1.406250000000 1.031250000000 1.195312500000
0.824218750000 0.953125000000 0.605468750000 0.699218750000
0.402343750000 0.466796875000 0.241210937500 0.283203125000
0.141601562500 0.162109375000 0.115234375000 0.130859375000
0.166992187500 0.191406250000 0.298828125000 0.345703125000
0.498046875000 0.578125000000 0.761718750000 0.875000000000
1.054687500000 1.218750000000 1.375000000000 1.585937500000
1.687500000000 1.945312500000 1.976562500000 2.281250000000
2.218750000000 2.562500000000 2.406250000000 2.781250000000
2.531250000000 2.921875000000 2.578125000000 2.968750000000
2.546875000000 2.921875000000 2.421875000000 2.781250000000
2.234375000000 2.562500000000 1.976562500000 2.281250000000
1.679687500000 1.929687500000 1.351562500000 1.554687500000
1.031250000000 1.179687500000 0.722656250000 0.828125000000
0.462890625000 0.531250000000 0.269531250000 0.310546875000
0.160156250000 0.184570312500 0.134765625000 0.152343750000
0.192382812500 0.220703125000 0.326171875000 0.375000000000
0.515625000000 0.593750000000 0.738281250000 0.843750000000
0.964843750000 1.109375000000 1.179687500000 1.351562500000
1.351562500000 1.546875000000 1.468750000000 1.687500000000
1.531250000000 1.750000000000 1.531250000000 1.750000000000
1.484375000000 1.695312500000 1.398437500000 1.601562500000
1.289062500000 1.468750000000 1.179687500000 1.343750000000
1.078125000000 1.234375000000 1.007812500000 1.148437500000
0.964843750000 1.101562500000 0.957031250000 1.085937500000
0.976562500000 1.109375000000 1.015625000000 1.164062500000
1.070312500000 1.218750000000 1.125000000000 1.281250000000
1.179687500000 1.335937500000 1.210937500000 1.375000000000
1.218750000000 1.390625000000 1.210937500000 1.382812500000
1.187500000000 1.351562500000 1.148437500000 1.304687500000
1.101562500000 1.250000000000 1.054687500000 1.195312500000
1.007812500000 1.140625000000 0.964843750000 1.093750000000
0.925781250000 1.046875000000 0.890625000000 1.007812500000
0.855468750000 0.968750000000 0.816406250000 0.921875000000
0.761718750000 0.863281250000 0.699218750000 0.789062500000
0.621093750000 0.703125000000 0.527343750000 0.597656250000
0.423828125000 0.482421875000 0.322265625000 0.359375000000
0.218750000000 0.249023437500 0.134765625000 0.153320312500
0.072265625000 0.083984375000 0.042480468750 0.047607421875
0.050781250000 0.052734375000 0.092773437500 0.105468750000
0.169921875000 0.190429687500 0.277343750000 0.310546875000
0.402343750000 0.451171875000 0.531250000000 0.597656250000
0.652343750000 0.734375000000 0.757812500000 0.851562500000
0.835937500000 0.941406250000 0.878906250000 0.988281250000
0.890625000000 1.000000000000 0.871093750000 0.984375000000
0.835937500000 0.941406250000 0.789062500000 0.890625000000
0.750000000000 0.843750000000 0.722656250000 0.804687500000
0.714843750000 0.804687500000 0.738281250000 0.828125000000
0.785156250000 0.886718750000 0.859375000000 0.960937500000
0.945312500000 1.054687500000 1.023437500000 1.148437500000
1.101562500000 1.226562500000 1.148437500000 1.289062500000
1.164062500000 1.304687500000 1.148437500000 1.289062500000
1.101562500000 1.226562500000 1.023437500000 1.148437500000
0.933593750000 1.046875000000 0.847656250000 0.949218750000
0.773437500000 0.867187500000 0.738281250000 0.820312500000
0.734375000000 0.824218750000 0.781250000000 0.875000000000
0.867187500000 0.968750000000 0.984375000000 1.101562500000
1.117187500000 1.242187500000 1.250000000000 1.390625000000
1.351562500000 1.507812500000 1.421875000000 1.585937500000
1.437500000000 1.601562500000 1.406250000000 1.562500000000
1.320312500000 1.460937500000 1.195312500000 1.328125000000
1.054687500000 1.171875000000 0.921875000000 1.031250000000
0.820312500000 0.917968750000 0.773437500000 0.859375000000
0.792968750000 0.882812500000 0.882812500000 0.984375000000
1.039062500000 1.156250000000 1.250000000000 1.382812500000
1.476562500000 1.632812500000 1.695312500000 1.882812500000
1.882812500000 2.078125000000 2.000000000000 2.218750000000
2.031250000000 2.250000000000 1.968750000000 2.187500000000
1.820312500000 2.015625000000 1.585937500000 1.750000000000
1.296875000000 1.429687500000 0.980468750000 1.085937500000
0.675781250000 0.750000000000 0.419921875000 0.462890625000
0.229492187500 0.253906250000 0.136718750000 0.148437500000
0.142578125000 0.155273437500 0.246093750000 0.271484375000
0.443359375000 0.486328125000 0.707031250000 0.781250000000
1.015625000000 1.125000000000 1.351562500000 1.484375000000
1.671875000000 1.843750000000 1.968750000000 2.171875000000
2.218750000000 2.437500000000 2.406250000000 2.640625000000
2.531250000000 2.781250000000 2.578125000000 2.828125000000
2.562500000000 2.812500000000 2.468750000000 2.718750000000
2.343750000000 2.578125000000 2.156250000000 2.375000000000
1.937500000000 2.125000000000 1.695312500000 1.859375000000
1.437500000000 1.578125000000 1.164062500000 1.281250000000
0.902343750000 0.984375000000 0.644531250000 0.710937500000
0.414062500000 0.453125000000 0.210937500000 0.229492187500
0.045166015625 0.049804687500 -0.068847656250 -0.076660156250
-0.125976562500 -0.138671875000 -0.118652343750 -0.130859375000
-0.048339843750 -0.050537109375 0.088867187500 0.097167968750
0.283203125000 0.308593750000 0.519531250000 0.566406250000
0.789062500000 0.863281250000 1.062500000000 1.164062500000
1.328125000000 1.453125000000 1.554687500000 1.695312500000
1.718750000000 1.867187500000 1.804687500000 1.968750000000
1.804687500000 1.968750000000 1.718750000000 1.875000000000
1.546875000000 1.687500000000 1.320312500000 1.437500000000
1.054687500000 1.148437500000 0.781250000000 0.847656250000
0.527343750000 0.574218750000 0.324218750000 0.353515625000
0.197265625000 0.214843750000 0.160156250000 0.171875000000
0.210937500000 0.231445312500 0.353515625000 0.384765625000
0.570312500000 0.621093750000 0.839843750000 0.910156250000
1.140625000000 1.234375000000 1.429687500000 1.554687500000
1.703125000000 1.851562500000 1.929687500000 2.093750000000
2.093750000000 2.265625000000 2.187500000000 2.375000000000
2.218750000000 2.406250000000 2.171875000000 2.359375000000
2.078125000000 2.250000000000 1.921875000000 2.078125000000
1.734375000000 1.882812500000 1.531250000000 1.648437500000
1.312500000000 1.414062500000 1.093750000000 1.179687500000
0.898437500000 0.968750000000 0.718750000000 0.777343750000
0.574218750000 0.617187500000 0.462890625000 0.498046875000
0.388671875000 0.419921875000 0.353515625000 0.384765625000
0.351562500000 0.380859375000 0.378906250000 0.406250000000
0.419921875000 0.455078125000 0.474609375000 0.511718750000
0.523437500000 0.566406250000 0.558593750000 0.601562500000
0.574218750000 0.621093750000 0.566406250000 0.609375000000
0.527343750000 0.570312500000 0.468750000000 0.507812500000
0.392578125000 0.419921875000 0.304687500000 0.326171875000
0.215820312500 0.233398437500 0.140625000000 0.149414062500
0.083007812500 0.090332031250 0.049072265625 0.052001953125
0.037841796875 0.040039062500 0.051025390625 0.056396484375
0.087402343750 0.091308593750 0.131835937500 0.140625000000
0.184570312500 0.195312500000 0.230468750000 0.244140625000
0.265625000000 0.281250000000 0.283203125000 0.302734375000
0.285156250000 0.306640625000 0.265625000000 0.285156250000
0.236328125000 0.253906250000 0.191406250000 0.206054687500
0.141601562500 0.152343750000 0.092773437500 0.100097656250
0.048583984375 0.050537109375 0.011108398438 0.013488769531
-0.015625000000 -0.015075683594 -0.030273437500 -0.033447265625
-0.036621093750 -0.040039062500 -0.037353515625 -0.042724609375
-0.033447265625 -0.035644531250 -0.027954101562 -0.028564453125
-0.020385742188 -0.021362304688 -0.015502929688 -0.013732910156
-0.011596679688 -0.013427734375 -0.012756347656 -0.013122558594
-0.014953613281 -0.015441894531 -0.019409179688 -0.021850585938
-0.026367187500 -0.027832031250 -0.028076171875 -0.028808593750
-0.025634765625 -0.027221679688 -0.013427734375 -0.016357421875
0.008666992188 0.007415771484 0.046386718750 0.049316406250
0.110351562500 0.118652343750 0.199218750000 0.211914062500
0.314453125000 0.337890625000 0.460937500000 0.488281250000
0.632812500000 0.671875000000 0.824218750000 0.875000000000
1.023437500000 1.085937500000 1.218750000000 1.289062500000
1.390625000000 1.468750000000 1.523437500000 1.617187500000
1.601562500000 1.687500000000 1.609375000000 1.703125000000
1.546875000000 1.640625000000 1.421875000000 1.500000000000
1.226562500000 1.296875000000 1.000000000000 1.054687500000
0.757812500000 0.800781250000 0.523437500000 0.554687500000
0.332031250000 0.347656250000 0.202148437500 0.214843750000
0.160156250000 0.169921875000 0.211914062500 0.221679687500
0.355468750000 0.373046875000 0.574218750000 0.601562500000
0.855468750000 0.902343750000 1.171875000000 1.234375000000
1.492187500000 1.570312500000 1.789062500000 1.882812500000
2.031250000000 2.140625000000 2.203125000000 2.328125000000
2.312500000000 2.421875000000 2.328125000000 2.453125000000
2.296875000000 2.406250000000 2.203125000000 2.312500000000
2.093750000000 2.187500000000 1.960937500000 2.046875000000
1.835937500000 1.921875000000 1.734375000000 1.820312500000
1.656250000000 1.734375000000 1.601562500000 1.679687500000
1.554687500000 1.625000000000 1.515625000000 1.578125000000
1.453125000000 1.515625000000 1.367187500000 1.429687500000
1.250000000000 1.304687500000 1.093750000000 1.140625000000
0.906250000000 0.945312500000 0.703125000000 0.730468750000
0.500000000000 0.523437500000 0.320312500000 0.333984375000
0.185546875000 0.194335937500 0.113281250000 0.118652343750
0.113769531250 0.121093750000 0.198242187500 0.206054687500
0.351562500000 0.367187500000 0.574218750000 0.593750000000
0.832031250000 0.867187500000 1.109375000000 1.156250000000
1.375000000000 1.437500000000 1.609375000000 1.671875000000
1.789062500000 1.859375000000 1.890625000000 1.968750000000
1.914062500000 1.992187500000 1.859375000000 1.929687500000
1.734375000000 1.804687500000 1.546875000000 1.609375000000
1.328125000000 1.375000000000 1.078125000000 1.117187500000
0.835937500000 0.863281250000 0.605468750000 0.628906250000
0.410156250000 0.419921875000 0.251953125000 0.259765625000
0.149414062500 0.154296875000 0.104003906250 0.104003906250
0.107910156250 0.114257812500 0.166992187500 0.172851562500
0.275390625000 0.285156250000 0.421875000000 0.435546875000
0.589843750000 0.613281250000 0.781250000000 0.808593750000
0.976562500000 1.007812500000 1.164062500000 1.203125000000
1.335937500000 1.375000000000 1.468750000000 1.515625000000
1.570312500000 1.617187500000 1.625000000000 1.679687500000
1.648437500000 1.695312500000 1.617187500000 1.664062500000
1.554687500000 1.601562500000 1.453125000000 1.500000000000
1.328125000000 1.375000000000 1.203125000000 1.234375000000
1.210937500000 1.250000000000 1.078125000000 1.109375000000
0.957031250000 0.984375000000 0.851562500000 0.871093750000
0.769531250000 0.792968750000 0.726562500000 0.746093750000
0.722656250000 0.738281250000 0.761718750000 0.777343750000
0.839843750000 0.863281250000 0.960937500000 0.984375000000
1.109375000000 1.140625000000 1.281250000000 1.312500000000
1.460937500000 1.492187500000 1.625000000000 1.664062500000
1.765625000000 1.804687500000 1.859375000000 1.906250000000
1.906250000000 1.953125000000 1.890625000000 1.937500000000
1.812500000000 1.851562500000 1.679687500000 1.718750000000
1.507812500000 1.539062500000 1.312500000000 1.335937500000
1.125000000000 1.148437500000 0.964843750000 0.988281250000
0.863281250000 0.882812500000 0.832031250000 0.847656250000
0.878906250000 0.894531250000 0.996093750000 1.015625000000
1.179687500000 1.203125000000 1.398437500000 1.429687500000
1.625000000000 1.656250000000 1.835937500000 1.875000000000
2.000000000000 2.031250000000 2.093750000000 2.125000000000
2.093750000000 2.125000000000 2.015625000000 2.046875000000
1.851562500000 1.882812500000 1.648437500000 1.671875000000
1.421875000000 1.445312500000 1.210937500000 1.226562500000
1.031250000000 1.046875000000 0.925781250000 0.937500000000
0.898437500000 0.910156250000 0.953125000000 0.964843750000
1.070312500000 1.093750000000 1.242187500000 1.265625000000
1.437500000000 1.453125000000 1.601562500000 1.625000000000
1.718750000000 1.742187500000 1.765625000000 1.789062500000
1.726562500000 1.750000000000 1.601562500000 1.617187500000
1.390625000000 1.414062500000 1.140625000000 1.148437500000
0.859375000000 0.867187500000 0.593750000000 0.597656250000
0.376953125000 0.378906250000 0.238281250000 0.239257812500
0.198242187500 0.202148437500 0.263671875000 0.267578125000
0.433593750000 0.435546875000 0.687500000000 0.691406250000
1.000000000000 1.007812500000 1.343750000000 1.359375000000
1.695312500000 1.710937500000 2.015625000000 2.031250000000
2.296875000000 2.312500000000 2.500000000000 2.515625000000
2.640625000000 2.656250000000 2.703125000000 2.718750000000
2.718750000000 2.734375000000 2.671875000000 2.687500000000
2.593750000000 2.609375000000 2.500000000000 2.515625000000
2.390625000000 2.406250000000 2.281250000000 2.296875000000
2.171875000000 2.171875000000 2.046875000000 2.046875000000
1.906250000000 1.906250000000 1.742187500000 1.750000000000
1.562500000000 1.562500000000 1.351562500000 1.359375000000
1.125000000000 1.125000000000 0.878906250000 0.875000000000
0.628906250000 0.628906250000 0.406250000000 0.408203125000
0.223632812500 0.224609375000 0.102539062500 0.100585937500
0.058593750000 0.056152343750 0.100585937500 0.100585937500
0.226562500000 0.226562500000 0.433593750000 0.431640625000
0.695312500000 0.691406250000 0.980468750000 0.980468750000
1.265625000000 1.257812500000 1.507812500000 1.507812500000
1.687500000000 1.679687500000 1.773437500000 1.773437500000
1.757812500000 1.750000000000 1.640625000000 1.640625000000
1.445312500000 1.445312500000 1.195312500000 1.187500000000
0.914062500000 0.910156250000 0.648437500000 0.644531250000
0.431640625000 0.429687500000 0.294921875000 0.292968750000
0.250000000000 0.249023437500 0.300781250000 0.302734375000
0.441406250000 0.439453125000 0.644531250000 0.636718750000
0.875000000000 0.871093750000 1.101562500000 1.093750000000
1.281250000000 1.273437500000 1.398437500000 1.382812500000
1.421875000000 1.414062500000 1.359375000000 1.343750000000
1.210937500000 1.195312500000 1.000000000000 0.996093750000
0.773437500000 0.761718750000 0.546875000000 0.539062500000
0.365234375000 0.359375000000 0.253906250000 0.248046875000
0.231445312500 0.225585937500 0.300781250000 0.298828125000
0.464843750000 0.458984375000 0.695312500000 0.683593750000
0.968750000000 0.953125000000 1.250000000000 1.234375000000
1.515625000000 1.492187500000 1.726562500000 1.703125000000
1.882812500000 1.851562500000 1.960937500000 1.929687500000
1.960937500000 1.929687500000 1.914062500000 1.882812500000
1.820312500000 1.789062500000 1.710937500000 1.687500000000
1.609375000000 1.585937500000 1.531250000000 1.507812500000
1.492187500000 1.468750000000 1.507812500000 1.476562500000
1.554687500000 1.523437500000 1.632812500000 1.609375000000
1.734375000000 1.703125000000 1.828125000000 1.789062500000
1.890625000000 1.859375000000 1.929687500000 1.890625000000
1.906250000000 1.867187500000 1.828125000000 1.789062500000
1.687500000000 1.656250000000 1.507812500000 1.476562500000
1.281250000000 1.250000000000 1.031250000000 1.007812500000
0.769531250000 0.753906250000 0.515625000000 0.503906250000
0.285156250000 0.279296875000 0.086914062500 0.085937500000
-0.067871093750 -0.067382812500 -0.172851562500 -0.166015625000
-0.224609375000 -0.220703125000 -0.226562500000 -0.220703125000
-0.175781250000 -0.174804687500 -0.078613281250 -0.078613281250
0.061035156250 0.058837890625 0.236328125000 0.226562500000
0.435546875000 0.425781250000 0.656250000000 0.640625000000
0.890625000000 0.867187500000 1.125000000000 1.101562500000
1.359375000000 1.320312500000 1.570312500000 1.531250000000
1.765625000000 1.710937500000 1.929687500000 1.875000000000
2.062500000000 2.000000000000 2.140625000000 2.078125000000
2.187500000000 2.125000000000 2.203125000000 2.140625000000
2.156250000000 2.093750000000 2.093750000000 2.031250000000
1.984375000000 1.929687500000 1.851562500000 1.796875000000
1.695312500000 1.640625000000 1.515625000000 1.468750000000
1.335937500000 1.296875000000 1.148437500000 1.109375000000
0.960937500000 0.933593750000 0.789062500000 0.765625000000
0.628906250000 0.609375000000 0.484375000000 0.466796875000
0.363281250000 0.349609375000 0.251953125000 0.248046875000
0.166015625000 0.161132812500 0.095703125000 0.092285156250
0.040771484375 0.037841796875 -0.001884460449 -0.001007080078
-0.032470703125 -0.032470703125 -0.053710937500 -0.054443359375
-0.068359375000 -0.065917968750 -0.073730468750 -0.074218750000
-0.074218750000 -0.070312500000 -0.066894531250 -0.064453125000
-0.052734375000 -0.049560546875 -0.028198242188 -0.026000976562
0.010253906250 0.006652832031 0.054931640625 0.054443359375
0.111328125000 0.108398437500 0.184570312500 0.177734375000
0.273437500000 0.261718750000 0.375000000000 0.361328125000
0.494140625000 0.472656250000 0.621093750000 0.597656250000
0.765625000000 0.734375000000 0.917968750000 0.878906250000
1.070312500000 1.023437500000 1.218750000000 1.171875000000
1.359375000000 1.304687500000 1.476562500000 1.414062500000
1.570312500000 1.507812500000 1.640625000000 1.578125000000
1.687500000000 1.617187500000 1.695312500000 1.625000000000
1.679687500000 1.609375000000 1.648437500000 1.578125000000
1.601562500000 1.531250000000 1.554687500000 1.484375000000
1.500000000000 1.429687500000 1.453125000000 1.390625000000
1.421875000000 1.359375000000 1.390625000000 1.328125000000
1.367187500000 1.304687500000 1.335937500000 1.273437500000
1.296875000000 1.234375000000 1.226562500000 1.164062500000
1.132812500000 1.078125000000 1.007812500000 0.957031250000
0.847656250000 0.808593750000 0.671875000000 0.636718750000
0.486328125000 0.460937500000 0.310546875000 0.296875000000
0.163085937500 0.154296875000 0.062988281250 0.058837890625
0.030761718750 0.029418945312 0.073730468750 0.069824218750
0.200195312500 0.192382812500 0.402343750000 0.380859375000
0.667968750000 0.632812500000 0.976562500000 0.929687500000
1.312500000000 1.242187500000 1.632812500000 1.546875000000
1.921875000000 1.820312500000 2.156250000000 2.046875000000
2.312500000000 2.203125000000 2.406250000000 2.281250000000
2.421875000000 2.296875000000 2.375000000000 2.250000000000
2.281250000000 2.156250000000 2.156250000000 2.046875000000
2.031250000000 1.914062500000 1.914062500000 1.804687500000
1.820312500000 1.718750000000 1.750000000000 1.656250000000
1.718750000000 1.625000000000 1.710937500000 1.609375000000
1.703125000000 1.609375000000 1.710937500000 1.609375000000
1.687500000000 1.593750000000 1.648437500000 1.554687500000
1.578125000000 1.484375000000 1.468750000000 1.382812500000
1.335937500000 1.265625000000 1.195312500000 1.132812500000
1.054687500000 0.992187500000 0.929687500000 0.875000000000
0.832031250000 0.785156250000 0.781250000000 0.738281250000
0.777343750000 0.730468750000 0.832031250000 0.785156250000
0.937500000000 0.878906250000 1.093750000000 1.023437500000
1.281250000000 1.203125000000 1.484375000000 1.390625000000
1.695312500000 1.593750000000 1.906250000000 1.789062500000
2.093750000000 1.960937500000 2.250000000000 2.109375000000
2.375000000000 2.234375000000 2.468750000000 2.312500000000
2.515625000000 2.359375000000 2.546875000000 2.375000000000
2.531250000000 2.359375000000 2.484375000000 2.328125000000
2.421875000000 2.265625000000 2.359375000000 2.203125000000
2.250000000000 2.109375000000 2.125000000000 1.992187500000
1.992187500000 1.859375000000 1.828125000000 1.703125000000
1.640625000000 1.531250000000 1.437500000000 1.343750000000
1.226562500000 1.140625000000 1.007812500000 0.945312500000
0.804687500000 0.750000000000 0.628906250000 0.585937500000
0.490234375000 0.453125000000 0.396484375000 0.369140625000
0.369140625000 0.343750000000 0.412109375000 0.382812500000
0.511718750000 0.478515625000 0.671875000000 0.621093750000
0.867187500000 0.804687500000 1.078125000000 1.000000000000
1.273437500000 1.187500000000 1.437500000000 1.335937500000
1.539062500000 1.429687500000 1.578125000000 1.460937500000
1.531250000000 1.421875000000 1.406250000000 1.304687500000
1.218750000000 1.132812500000 0.988281250000 0.914062500000
0.742187500000 0.687500000000 0.507812500000 0.470703125000
0.318359375000 0.294921875000 0.198242187500 0.182617187500
0.161132812500 0.147460937500 0.214843750000 0.198242187500
0.357421875000 0.332031250000 0.578125000000 0.535156250000
0.859375000000 0.796875000000 1.171875000000 1.085937500000
1.500000000000 1.382812500000 1.804687500000 1.671875000000
2.078125000000 1.921875000000 2.312500000000 2.125000000000
2.468750000000 2.281250000000 2.578125000000 2.390625000000
2.640625000000 2.437500000000 2.656250000000 2.437500000000
2.625000000000 2.406250000000 2.562500000000 2.359375000000
2.484375000000 2.281250000000 2.375000000000 2.187500000000
2.265625000000 2.093750000000 2.140625000000 1.968750000000
2.000000000000 1.835937500000 1.828125000000 1.679687500000
0.170898437500 1.359375000000 0.177734375000 1.398437500000
0.176757812500 1.390625000000 0.170898437500 1.343750000000
0.162109375000 1.273437500000 0.149414062500 1.179687500000
0.138671875000 1.093750000000 0.127929687500 1.015625000000
0.122070312500 0.949218750000 0.117187500000 0.917968750000
0.116210937500 0.914062500000 0.118652343750 0.937500000000
0.125000000000 0.984375000000 0.134765625000 1.054687500000
0.143554687500 1.132812500000 0.155273437500 1.218750000000
0.164062500000 1.289062500000 0.168945312500 1.335937500000
0.171875000000 1.351562500000 0.167968750000 1.328125000000
0.159179687500 1.250000000000 0.142578125000 1.125000000000
0.121093750000 0.945312500000 0.091308593750 0.718750000000
0.057861328125 0.457031250000 0.021240234375 0.168945312500
-0.015625000000 -0.127929687500 -0.052001953125 -0.416015625000
-0.087890625000 -0.679687500000 -0.116210937500 -0.910156250000
-0.140625000000 -1.093750000000 -0.157226562500 -1.226562500000
-0.166015625000 -1.304687500000 -0.170898437500 -1.343750000000
-0.169921875000 -1.335937500000 -0.164062500000 -1.296875000000
-0.159179687500 -1.250000000000 -0.151367187500 -1.187500000000
-0.142578125000 -1.132812500000 -0.138671875000 -1.085937500000
-0.134765625000 -1.054687500000 -0.129882812500 -1.031250000000
-0.129882812500 -1.023437500000 -0.130859375000 -1.023437500000
-0.130859375000 -1.023437500000 -0.131835937500 -1.023437500000
-0.129882812500 -1.023437500000 -0.130859375000 -1.023437500000
-0.131835937500 -1.023437500000 -0.129882812500 -1.023437500000
-0.129882812500 -1.031250000000 -0.131835937500 -1.046875000000
-0.135742187500 -1.070312500000 -0.141601562500 -1.109375000000
-0.148437500000 -1.156250000000 -0.153320312500 -1.210937500000
-0.160156250000 -1.257812500000 -0.164062500000 -1.296875000000
-0.166992187500 -1.312500000000 -0.163085937500 -1.289062500000
-0.158203125000 -1.234375000000 -0.144531250000 -1.132812500000
-0.125000000000 -0.984375000000 -0.100097656250 -0.785156250000
-0.070800781250 -0.542968750000 -0.034179687500 -0.267578125000
0.005737304688 0.033935546875 0.045166015625 0.347656250000
0.083984375000 0.660156250000 0.122070312500 0.953125000000
0.155273437500 1.210937500000 0.181640625000 1.421875000000
0.200195312500 1.578125000000 0.210937500000 1.656250000000
0.210937500000 1.656250000000 0.200195312500 1.578125000000
0.180664062500 1.414062500000 0.150390625000 1.179687500000
0.113769531250 0.886718750000 0.068847656250 0.550781250000
0.024536132812 0.198242187500 -0.019042968750 -0.147460937500
-0.058837890625 -0.458984375000 -0.091308593750 -0.714843750000
-0.113769531250 -0.894531250000 -0.125000000000 -0.980468750000
-0.124511718750 -0.968750000000 -0.108886718750 -0.855468750000
-0.085449218750 -0.664062500000 -0.052001953125 -0.402343750000
-0.011718750000 -0.093261718750 0.030029296875 0.234375000000
0.071777343750 0.558593750000 0.108398437500 0.847656250000
0.140625000000 1.093750000000 0.164062500000 1.273437500000
0.178710937500 1.390625000000 0.183593750000 1.445312500000
0.182617187500 1.437500000000 0.176757812500 1.382812500000
0.165039062500 1.296875000000 0.151367187500 1.187500000000
0.138671875000 1.085937500000 0.125976562500 0.988281250000
0.117187500000 0.921875000000 0.112304687500 0.882812500000
0.112792968750 0.878906250000 0.116210937500 0.910156250000
0.124023437500 0.972656250000 0.135742187500 1.062500000000
0.149414062500 1.164062500000 0.162109375000 1.265625000000
0.173828125000 1.359375000000 0.180664062500 1.414062500000
0.183593750000 1.429687500000 0.176757812500 1.390625000000
0.163085937500 1.281250000000 0.141601562500 1.101562500000
0.111328125000 0.867187500000 0.073730468750 0.578125000000
0.033691406250 0.259765625000 -0.007781982422 -0.066406250000
-0.047607421875 -0.375000000000 -0.082519531250 -0.640625000000
-0.106445312500 -0.832031250000 -0.120605468750 -0.937500000000
-0.121093750000 -0.949218750000 -0.109863281250 -0.859375000000
-0.087890625000 -0.679687500000 -0.054931640625 -0.427734375000
-0.015991210938 -0.123046875000 0.026123046875 0.205078125000
0.069824218750 0.531250000000 0.106933593750 0.828125000000
0.138671875000 1.078125000000 0.163085937500 1.265625000000
0.177734375000 1.390625000000 0.184570312500 1.445312500000
0.184570312500 1.437500000000 0.177734375000 1.382812500000
0.166992187500 1.296875000000 0.153320312500 1.187500000000
0.139648437500 1.085937500000 0.127929687500 0.988281250000
0.118164062500 0.917968750000 0.114746093750 0.878906250000
0.112792968750 0.878906250000 0.116699218750 0.914062500000
0.125000000000 0.976562500000 0.137695312500 1.070312500000
0.151367187500 1.179687500000 0.166015625000 1.289062500000
0.177734375000 1.375000000000 0.185546875000 1.437500000000
0.186523437500 1.453125000000 0.179687500000 1.398437500000
0.165039062500 1.281250000000 0.138671875000 1.085937500000
0.107421875000 0.832031250000 0.066894531250 0.527343750000
0.025268554688 0.191406250000 -0.018066406250 -0.144531250000
-0.057861328125 -0.449218750000 -0.089355468750 -0.695312500000
-0.110839843750 -0.855468750000 -0.119628906250 -0.917968750000
-0.111816406250 -0.871093750000 -0.092285156250 -0.718750000000
-0.062988281250 -0.484375000000 -0.024414062500 -0.191406250000
0.016357421875 0.121093750000 0.054443359375 0.419921875000
0.084960937500 0.667968750000 0.107421875000 0.832031250000
0.115234375000 0.898437500000 0.109375000000 0.855468750000
0.090820312500 0.707031250000 0.062011718750 0.476562500000
0.023925781250 0.183593750000 -0.018676757812 -0.139648437500
-0.060302734375 -0.462890625000 -0.097656250000 -0.753906250000
-0.127929687500 -0.996093750000 -0.150390625000 -1.171875000000
-0.166015625000 -1.281250000000 -0.171875000000 -1.335937500000
-0.172851562500 -1.343750000000 -0.170898437500 -1.320312500000
-0.166992187500 -1.296875000000 -0.163085937500 -1.273437500000
-0.164062500000 -1.257812500000 -0.163085937500 -1.265625000000
-0.165039062500 -1.281250000000 -0.166992187500 -1.296875000000
-0.167968750000 -1.296875000000 -0.163085937500 -1.265625000000
-0.151367187500 -1.179687500000 -0.134765625000 -1.039062500000
-0.108886718750 -0.839843750000 -0.075195312500 -0.585937500000
-0.037109375000 -0.291015625000 0.003112792969 0.022827148438
0.042480468750 0.328125000000 0.078613281250 0.601562500000
0.104492187500 0.812500000000 0.123535156250 0.945312500000
0.126953125000 0.984375000000 0.119628906250 0.925781250000
0.098632812500 0.769531250000 0.068359375000 0.527343750000
0.028930664062 0.219726562500 -0.016845703125 -0.130859375000
-0.064453125000 -0.498046875000 -0.111816406250 -0.855468750000
-0.152343750000 -1.179687500000 -0.185546875000 -1.437500000000
-0.209960937500 -1.632812500000 -0.223632812500 -1.734375000000
-0.225585937500 -1.742187500000 -0.213867187500 -1.648437500000
-0.189453125000 -1.476562500000 -0.157226562500 -1.218750000000
-0.116699218750 -0.906250000000 -0.071289062500 -0.554687500000
-0.023315429688 -0.184570312500 0.021972656250 0.167968750000
0.062988281250 0.484375000000 0.095214843750 0.738281250000
0.118164062500 0.910156250000 0.127929687500 0.988281250000
0.125000000000 0.964843750000 0.110351562500 0.847656250000
0.083007812500 0.644531250000 0.049560546875 0.378906250000
0.010192871094 0.073730468750 -0.031494140625 -0.243164062500
-0.070800781250 -0.546875000000 -0.104492187500 -0.812500000000
-0.133789062500 -1.031250000000 -0.153320312500 -1.179687500000
-0.165039062500 -1.273437500000 -0.170898437500 -1.320312500000
-0.170898437500 -1.320312500000 -0.169921875000 -1.304687500000
-0.165039062500 -1.281250000000 -0.163085937500 -1.265625000000
-0.163085937500 -1.265625000000 -0.165039062500 -1.281250000000
-0.169921875000 -1.304687500000 -0.170898437500 -1.320312500000
-0.169921875000 -1.320312500000 -0.164062500000 -1.273437500000
-0.150390625000 -1.171875000000 -0.129882812500 -1.000000000000
-0.100585937500 -0.773437500000 -0.063964843750 -0.486328125000
-0.021850585938 -0.168945312500 0.020019531250 0.152343750000
0.058105468750 0.447265625000 0.087890625000 0.683593750000
0.107910156250 0.832031250000 0.113769531250 0.875000000000
0.104492187500 0.804687500000 0.082519531250 0.636718750000
0.049804687500 0.382812500000 0.011474609375 0.082519531250
-0.029418945312 -0.226562500000 -0.065917968750 -0.500000000000
-0.091308593750 -0.707031250000 -0.105468750000 -0.812500000000
-0.104492187500 -0.804687500000 -0.088867187500 -0.683593750000
-0.060546875000 -0.468750000000 -0.024047851562 -0.186523437500
0.015380859375 0.122070312500 0.054687500000 0.414062500000
0.084960937500 0.652343750000 0.104492187500 0.796875000000
0.108398437500 0.835937500000 0.099609375000 0.757812500000
0.076171875000 0.578125000000 0.040039062500 0.314453125000
-0.000069618225 0.003784179688 -0.040039062500 -0.312500000000
-0.077148437500 -0.593750000000 -0.104980468750 -0.804687500000
-0.119628906250 -0.925781250000 -0.120117187500 -0.925781250000
-0.105957031250 -0.816406250000 -0.079589843750 -0.605468750000
-0.039550781250 -0.308593750000 0.005462646484 0.039062500000
0.054199218750 0.412109375000 0.102050781250 0.773437500000
0.143554687500 1.101562500000 0.176757812500 1.359375000000
0.201171875000 1.546875000000 0.213867187500 1.656250000000
0.217773437500 1.671875000000 0.209960937500 1.609375000000
0.193359375000 1.476562500000 0.166992187500 1.281250000000
0.135742187500 1.046875000000 0.100097656250 0.773437500000
0.061279296875 0.478515625000 0.020874023438 0.168945312500
-0.019409179688 -0.143554687500 -0.058837890625 -0.453125000000
-0.097656250000 -0.746093750000 -0.132812500000 -1.015625000000
-0.163085937500 -1.257812500000 -0.188476562500 -1.453125000000
-0.207031250000 -1.585937500000 -0.215820312500 -1.656250000000
-0.213867187500 -1.648437500000 -0.203125000000 -1.562500000000
-0.179687500000 -1.382812500000 -0.148437500000 -1.140625000000
-0.107910156250 -0.824218750000 -0.061523437500 -0.472656250000
-0.013122558594 -0.101562500000 0.031738281250 0.250000000000
0.072265625000 0.554687500000 0.103027343750 0.785156250000
0.120605468750 0.917968750000 0.123535156250 0.941406250000
0.111328125000 0.851562500000 0.086425781250 0.664062500000
0.052978515625 0.398437500000 0.010559082031 0.088378906250
-0.029785156250 -0.229492187500 -0.067871093750 -0.515625000000
-0.097167968750 -0.730468750000 -0.110839843750 -0.855468750000
-0.112792968750 -0.863281250000 -0.099609375000 -0.765625000000
-0.073242187500 -0.566406250000 -0.038818359375 -0.291015625000
0.003494262695 0.023681640625 0.044921875000 0.341796875000
0.081542968750 0.621093750000 0.107910156250 0.832031250000
0.124511718750 0.949218750000 0.125976562500 0.953125000000
0.110839843750 0.843750000000 0.082031250000 0.625000000000
0.041992187500 0.326171875000 -0.002243041992 -0.031005859375
-0.054687500000 -0.417968750000 -0.104003906250 -0.800781250000
-0.150390625000 -1.148437500000 -0.186523437500 -1.437500000000
-0.213867187500 -1.640625000000 -0.230468750000 -1.757812500000
-0.230468750000 -1.765625000000 -0.218750000000 -1.679687500000
-0.195312500000 -1.500000000000 -0.163085937500 -1.234375000000
-0.119140625000 -0.917968750000 -0.072265625000 -0.558593750000
-0.025390625000 -0.189453125000 0.022094726562 0.167968750000
0.063476562500 0.486328125000 0.096679687500 0.742187500000
0.119628906250 0.917968750000 0.129882812500 0.996093750000
0.127929687500 0.976562500000 0.113281250000 0.867187500000
0.087890625000 0.667968750000 0.052734375000 0.402343750000
0.011596679688 0.092773437500 -0.031250000000 -0.235351562500
-0.071777343750 -0.558593750000 -0.111328125000 -0.851562500000
-0.143554687500 -1.093750000000 -0.166015625000 -1.273437500000
-0.182617187500 -1.390625000000 -0.187500000000 -1.445312500000
-0.187500000000 -1.437500000000 -0.179687500000 -1.382812500000
-0.169921875000 -1.296875000000 -0.156250000000 -1.187500000000
-0.142578125000 -1.085937500000 -0.129882812500 -0.988281250000
-0.119628906250 -0.917968750000 -0.115234375000 -0.878906250000
-0.113769531250 -0.875000000000 -0.119140625000 -0.906250000000
-0.126953125000 -0.968750000000 -0.139648437500 -1.062500000000
-0.151367187500 -1.164062500000 -0.167968750000 -1.265625000000
-0.178710937500 -1.359375000000 -0.185546875000 -1.414062500000
-0.188476562500 -1.429687500000 -0.182617187500 -1.390625000000
-0.168945312500 -1.289062500000 -0.146484375000 -1.117187500000
-0.115234375000 -0.882812500000 -0.078125000000 -0.601562500000
-0.038574218750 -0.285156250000 0.005157470703 0.043945312500
0.046630859375 0.355468750000 0.082031250000 0.628906250000
0.110351562500 0.839843750000 0.125976562500 0.964843750000
0.130859375000 1.000000000000 0.122070312500 0.933593750000
0.100585937500 0.773437500000 0.068847656250 0.527343750000
0.029052734375 0.219726562500 -0.017944335938 -0.131835937500
-0.064453125000 -0.500000000000 -0.111816406250 -0.859375000000
-0.155273437500 -1.179687500000 -0.188476562500 -1.445312500000
-0.214843750000 -1.632812500000 -0.228515625000 -1.734375000000
-0.228515625000 -1.742187500000 -0.217773437500 -1.656250000000
-0.193359375000 -1.476562500000 -0.162109375000 -1.226562500000
-0.120117187500 -0.921875000000 -0.075195312500 -0.574218750000
-0.028198242188 -0.210937500000 0.019287109375 0.142578125000
0.061279296875 0.462890625000 0.096191406250 0.726562500000
0.121093750000 0.917968750000 0.133789062500 1.023437500000
0.134765625000 1.023437500000 0.123535156250 0.937500000000
0.101074218750 0.761718750000 0.066894531250 0.503906250000
0.024902343750 0.190429687500 -0.021972656250 -0.164062500000
-0.070312500000 -0.531250000000 -0.116210937500 -0.886718750000
-0.159179687500 -1.203125000000 -0.194335937500 -1.468750000000
-0.217773437500 -1.656250000000 -0.231445312500 -1.757812500000
-0.231445312500 -1.757812500000 -0.218750000000 -1.656250000000
-0.192382812500 -1.468750000000 -0.157226562500 -1.195312500000
-0.112792968750 -0.855468750000 -0.063476562500 -0.476562500000
-0.011840820312 -0.090820312500 0.036621093750 0.271484375000
0.076660156250 0.582031250000 0.106933593750 0.812500000000
0.124023437500 0.945312500000 0.126953125000 0.960937500000
0.114257812500 0.867187500000 0.088867187500 0.671875000000
0.052734375000 0.404296875000 0.011779785156 0.089843750000
-0.030029296875 -0.228515625000 -0.066894531250 -0.511718750000
-0.094726562500 -0.722656250000 -0.110839843750 -0.839843750000
-0.113281250000 -0.847656250000 -0.097656250000 -0.742187500000
-0.071777343750 -0.542968750000 -0.035644531250 -0.267578125000
0.006042480469 0.045166015625 0.046386718750 0.351562500000
0.081542968750 0.617187500000 0.106933593750 0.808593750000
0.118164062500 0.898437500000 0.115722656250 0.878906250000
0.098144531250 0.750000000000 0.067871093750 0.523437500000
0.030517578125 0.229492187500 -0.013427734375 -0.106445312500
-0.059814453125 -0.449218750000 -0.102050781250 -0.769531250000
-0.137695312500 -1.046875000000 -0.166015625000 -1.257812500000
-0.185546875000 -1.398437500000 -0.193359375000 -1.460937500000
-0.193359375000 -1.460937500000 -0.185546875000 -1.414062500000
-0.172851562500 -1.320312500000 -0.162109375000 -1.218750000000
-0.145507812500 -1.109375000000 -0.133789062500 -1.015625000000
-0.125976562500 -0.949218750000 -0.119628906250 -0.906250000000
-0.119628906250 -0.902343750000 -0.122070312500 -0.925781250000
-0.128906250000 -0.976562500000 -0.138671875000 -1.046875000000
-0.149414062500 -1.132812500000 -0.160156250000 -1.218750000000
-0.170898437500 -1.289062500000 -0.176757812500 -1.335937500000
-0.178710937500 -1.351562500000 -0.175781250000 -1.328125000000
-0.165039062500 -1.250000000000 -0.148437500000 -1.117187500000
-0.123535156250 -0.941406250000 -0.095214843750 -0.714843750000
-0.060058593750 -0.451171875000 -0.022583007812 -0.164062500000
0.016601562500 0.131835937500 0.056396484375 0.419921875000
0.089355468750 0.683593750000 0.119628906250 0.914062500000
0.144531250000 1.093750000000 0.162109375000 1.226562500000
0.172851562500 1.304687500000 0.175781250000 1.335937500000
0.176757812500 1.328125000000 0.170898437500 1.296875000000
0.163085937500 1.234375000000 0.156250000000 1.171875000000
0.147460937500 1.117187500000 0.141601562500 1.062500000000
0.136718750000 1.031250000000 0.133789062500 1.007812500000
0.132812500000 1.000000000000 0.133789062500 1.015625000000
0.137695312500 1.031250000000 0.138671875000 1.054687500000
0.141601562500 1.078125000000 0.145507812500 1.101562500000
0.148437500000 1.117187500000 0.149414062500 1.125000000000
0.148437500000 1.125000000000 0.147460937500 1.117187500000
0.145507812500 1.101562500000 0.141601562500 1.070312500000
0.138671875000 1.039062500000 0.133789062500 1.015625000000
0.130859375000 0.992187500000 0.129882812500 0.980468750000
0.128906250000 0.984375000000 0.132812500000 1.007812500000
0.139648437500 1.054687500000 0.147460937500 1.117187500000
0.159179687500 1.195312500000 0.168945312500 1.273437500000
0.178710937500 1.343750000000 0.186523437500 1.398437500000
0.186523437500 1.406250000000 0.181640625000 1.367187500000
0.167968750000 1.257812500000 0.145507812500 1.093750000000
0.115234375000 0.867187500000 0.078125000000 0.589843750000
0.036621093750 0.277343750000 -0.006011962891 -0.045898437500
-0.047119140625 -0.357421875000 -0.082519531250 -0.628906250000
-0.112304687500 -0.839843750000 -0.127929687500 -0.964843750000
-0.133789062500 -1.000000000000 -0.123046875000 -0.933593750000
-0.101074218750 -0.773437500000 -0.068847656250 -0.527343750000
-0.027832031250 -0.216796875000 0.017944335938 0.133789062500
0.066894531250 0.500000000000 0.114257812500 0.855468750000
0.155273437500 1.179687500000 0.191406250000 1.437500000000
0.214843750000 1.625000000000 0.229492187500 1.726562500000
0.230468750000 1.742187500000 0.218750000000 1.648437500000
0.195312500000 1.476562500000 0.163085937500 1.226562500000
0.122558593750 0.917968750000 0.075195312500 0.570312500000
0.027709960938 0.209960937500 -0.018310546875 -0.143554687500
-0.061035156250 -0.464843750000 -0.096191406250 -0.726562500000
-0.122070312500 -0.914062500000 -0.133789062500 -1.007812500000
-0.133789062500 -1.007812500000 -0.121582031250 -0.917968750000
-0.098144531250 -0.738281250000 -0.064453125000 -0.480468750000
-0.022827148438 -0.170898437500 0.022827148438 0.174804687500
0.069335937500 0.523437500000 0.114257812500 0.859375000000
0.154296875000 1.156250000000 0.185546875000 1.398437500000
0.207031250000 1.562500000000 0.219726562500 1.656250000000
0.221679687500 1.664062500000 0.211914062500 1.593750000000
0.193359375000 1.445312500000 0.164062500000 1.242187500000
0.129882812500 0.984375000000 0.091308593750 0.691406250000
0.051025390625 0.378906250000 0.009155273438 0.064453125000
-0.031982421875 -0.240234375000 -0.069335937500 -0.523437500000
-0.102050781250 -0.765625000000 -0.130859375000 -0.972656250000
-0.150390625000 -1.132812500000 -0.164062500000 -1.242187500000
-0.171875000000 -1.304687500000 -0.175781250000 -1.320312500000
-0.173828125000 -1.304687500000 -0.170898437500 -1.273437500000
-0.162109375000 -1.218750000000 -0.155273437500 -1.164062500000
-0.149414062500 -1.117187500000 -0.142578125000 -1.078125000000
-0.138671875000 -1.046875000000 -0.136718750000 -1.031250000000
-0.136718750000 -1.023437500000 -0.136718750000 -1.015625000000
-0.135742187500 -1.023437500000 -0.135742187500 -1.015625000000
-0.136718750000 -1.015625000000 -0.134765625000 -1.007812500000
-0.132812500000 -1.000000000000 -0.132812500000 -1.000000000000
-0.134765625000 -1.007812500000 -0.136718750000 -1.031250000000
-0.142578125000 -1.078125000000 -0.151367187500 -1.132812500000
-0.162109375000 -1.210937500000 -0.170898437500 -1.281250000000
-0.179687500000 -1.351562500000 -0.186523437500 -1.398437500000
-0.187500000000 -1.406250000000 -0.182617187500 -1.359375000000
-0.167968750000 -1.257812500000 -0.145507812500 -1.085937500000
-0.115234375000 -0.855468750000 -0.075195312500 -0.570312500000
-0.032714843750 -0.251953125000 0.009643554688 0.072753906250
0.050292968750 0.378906250000 0.085937500000 0.640625000000
0.110839843750 0.828125000000 0.124511718750 0.929687500000
0.125976562500 0.933593750000 0.112792968750 0.835937500000
0.086425781250 0.652343750000 0.052001953125 0.396484375000
0.013671875000 0.097167968750 -0.029785156250 -0.219726562500
-0.069824218750 -0.527343750000 -0.106933593750 -0.796875000000
-0.135742187500 -1.023437500000 -0.156250000000 -1.179687500000
-0.170898437500 -1.273437500000 -0.176757812500 -1.320312500000
-0.176757812500 -1.320312500000 -0.173828125000 -1.304687500000
-0.171875000000 -1.281250000000 -0.168945312500 -1.265625000000
-0.168945312500 -1.265625000000 -0.169921875000 -1.273437500000
-0.173828125000 -1.296875000000 -0.177734375000 -1.320312500000
-0.176757812500 -1.312500000000 -0.169921875000 -1.273437500000
-0.157226562500 -1.171875000000 -0.133789062500 -1.000000000000
-0.103027343750 -0.773437500000 -0.066406250000 -0.488281250000
-0.021850585938 -0.168945312500 0.019653320312 0.151367187500
0.059814453125 0.447265625000 0.092285156250 0.683593750000
0.112304687500 0.832031250000 0.117187500000 0.875000000000
0.109375000000 0.808593750000 0.084960937500 0.632812500000
0.050292968750 0.382812500000 0.009399414062 0.083496093750
-0.029541015625 -0.223632812500 -0.067382812500 -0.496093750000
-0.094238281250 -0.695312500000 -0.106933593750 -0.800781250000
-0.103515625000 -0.785156250000 -0.087402343750 -0.660156250000
-0.059082031250 -0.441406250000 -0.022460937500 -0.158203125000
0.019775390625 0.145507812500 0.057373046875 0.429687500000
0.087402343750 0.648437500000 0.103515625000 0.773437500000
0.105957031250 0.785156250000 0.091308593750 0.683593750000
0.065429687500 0.480468750000 0.028808593750 0.208984375000
-0.013488769531 -0.096679687500 -0.052490234375 -0.390625000000
-0.084472656250 -0.628906250000 -0.104492187500 -0.781250000000
-0.109375000000 -0.824218750000 -0.101562500000 -0.750000000000
-0.077148437500 -0.570312500000 -0.041259765625 -0.312500000000
-0.000352859497 -0.004516601562 0.041992187500 0.310546875000
0.080078125000 0.593750000000 0.107421875000 0.804687500000
0.125000000000 0.921875000000 0.124023437500 0.925781250000
0.108886718750 0.812500000000 0.081542968750 0.597656250000
0.040283203125 0.302734375000 -0.006805419922 -0.047119140625
-0.057128906250 -0.419921875000 -0.105468750000 -0.785156250000
-0.149414062500 -1.117187500000 -0.185546875000 -1.382812500000
-0.210937500000 -1.570312500000 -0.224609375000 -1.671875000000
-0.227539062500 -1.687500000000 -0.217773437500 -1.617187500000
-0.198242187500 -1.468750000000 -0.169921875000 -1.257812500000
-0.133789062500 -0.992187500000 -0.093750000000 -0.699218750000
-0.052490234375 -0.384765625000 -0.009338378906 -0.067871093750
0.033447265625 0.240234375000 0.070800781250 0.523437500000
0.104003906250 0.773437500000 0.131835937500 0.980468750000
0.154296875000 1.140625000000 0.168945312500 1.257812500000
0.177734375000 1.320312500000 0.180664062500 1.343750000000
0.179687500000 1.328125000000 0.171875000000 1.281250000000
0.164062500000 1.218750000000 0.154296875000 1.140625000000
0.143554687500 1.070312500000 0.134765625000 1.000000000000
0.126953125000 0.953125000000 0.125000000000 0.929687500000
0.125000000000 0.925781250000 0.126953125000 0.949218750000
0.132812500000 0.992187500000 0.141601562500 1.054687500000
0.152343750000 1.125000000000 0.162109375000 1.195312500000
0.170898437500 1.265625000000 0.177734375000 1.312500000000
0.179687500000 1.328125000000 0.176757812500 1.312500000000
0.168945312500 1.250000000000 0.153320312500 1.140625000000
0.130859375000 0.976562500000 0.104003906250 0.769531250000
0.070312500000 0.523437500000 0.034423828125 0.243164062500
-0.006103515625 -0.055664062500 -0.049072265625 -0.359375000000
-0.088378906250 -0.652343750000 -0.125976562500 -0.925781250000
-0.157226562500 -1.164062500000 -0.182617187500 -1.351562500000
-0.200195312500 -1.484375000000 -0.209960937500 -1.554687500000
-0.210937500000 -1.562500000000 -0.202148437500 -1.500000000000
-0.186523437500 -1.390625000000 -0.165039062500 -1.218750000000
-0.133789062500 -1.000000000000 -0.100097656250 -0.746093750000
-0.062988281250 -0.462890625000 -0.022583007812 -0.165039062500
0.018432617188 0.136718750000 0.058837890625 0.433593750000
0.097656250000 0.710937500000 0.130859375000 0.964843750000
0.160156250000 1.179687500000 0.181640625000 1.351562500000
0.198242187500 1.468750000000 0.207031250000 1.531250000000
0.208007812500 1.531250000000 0.200195312500 1.476562500000
0.184570312500 1.367187500000 0.163085937500 1.210937500000
0.135742187500 1.000000000000 0.102539062500 0.757812500000
0.064941406250 0.484375000000 0.024658203125 0.188476562500
-0.014343261719 -0.116699218750 -0.056640625000 -0.421875000000
-0.095214843750 -0.718750000000 -0.132812500000 -0.992187500000
-0.166015625000 -1.234375000000 -0.192382812500 -1.421875000000
-0.209960937500 -1.562500000000 -0.221679687500 -1.632812500000
-0.220703125000 -1.632812500000 -0.208984375000 -1.546875000000
-0.188476562500 -1.390625000000 -0.156250000000 -1.164062500000
-0.118652343750 -0.871093750000 -0.073730468750 -0.542968750000
-0.026367187500 -0.192382812500 0.020507812500 0.150390625000
0.062255859375 0.460937500000 0.096191406250 0.714843750000
0.121093750000 0.890625000000 0.132812500000 0.976562500000
0.130859375000 0.964843750000 0.116699218750 0.855468750000
0.087890625000 0.660156250000 0.053710937500 0.398437500000
0.011779785156 0.090820312500 -0.032958984375 -0.238281250000
-0.076660156250 -0.558593750000 -0.114746093750 -0.851562500000
-0.147460937500 -1.093750000000 -0.173828125000 -1.273437500000
-0.188476562500 -1.390625000000 -0.194335937500 -1.445312500000
-0.193359375000 -1.437500000000 -0.189453125000 -1.382812500000
-0.175781250000 -1.296875000000 -0.162109375000 -1.195312500000
-0.148437500000 -1.093750000000 -0.136718750000 -1.007812500000
-0.127929687500 -0.941406250000 -0.122558593750 -0.902343750000
-0.122558593750 -0.894531250000 -0.124511718750 -0.917968750000
-0.130859375000 -0.968750000000 -0.140625000000 -1.039062500000
-0.151367187500 -1.117187500000 -0.162109375000 -1.195312500000
-0.171875000000 -1.265625000000 -0.178710937500 -1.312500000000
-0.181640625000 -1.335937500000 -0.177734375000 -1.312500000000
-0.169921875000 -1.250000000000 -0.153320312500 -1.140625000000
-0.132812500000 -0.976562500000 -0.105468750000 -0.773437500000
-0.070800781250 -0.523437500000 -0.032470703125 -0.244140625000
0.007324218750 0.054931640625 0.049316406250 0.363281250000
0.089355468750 0.660156250000 0.128906250000 0.937500000000
0.160156250000 1.179687500000 0.186523437500 1.375000000000
0.204101562500 1.507812500000 0.214843750000 1.578125000000
0.213867187500 1.585937500000 0.207031250000 1.515625000000
0.188476562500 1.390625000000 0.163085937500 1.203125000000
0.130859375000 0.964843750000 0.093750000000 0.691406250000
0.053710937500 0.394531250000 0.011230468750 0.085449218750
-0.028320312500 -0.216796875000 -0.067382812500 -0.500000000000
-0.101074218750 -0.753906250000 -0.131835937500 -0.964843750000
-0.154296875000 -1.132812500000 -0.168945312500 -1.250000000000
-0.178710937500 -1.320312500000 -0.182617187500 -1.343750000000
-0.180664062500 -1.328125000000 -0.173828125000 -1.281250000000
-0.166015625000 -1.218750000000 -0.155273437500 -1.140625000000
-0.145507812500 -1.070312500000 -0.135742187500 -1.000000000000
-0.129882812500 -0.949218750000 -0.126953125000 -0.925781250000
-0.125976562500 -0.925781250000 -0.128906250000 -0.953125000000
-0.135742187500 -1.000000000000 -0.145507812500 -1.070312500000
-0.156250000000 -1.140625000000 -0.166992187500 -1.226562500000
-0.175781250000 -1.296875000000 -0.181640625000 -1.335937500000
-0.183593750000 -1.351562500000 -0.180664062500 -1.328125000000
-0.171875000000 -1.250000000000 -0.153320312500 -1.125000000000
-0.127929687500 -0.941406250000 -0.098144531250 -0.714843750000
-0.061035156250 -0.451171875000 -0.021118164062 -0.161132812500
0.018554687500 0.135742187500 0.058837890625 0.425781250000
0.095214843750 0.695312500000 0.125976562500 0.925781250000
0.151367187500 1.117187500000 0.169921875000 1.250000000000
0.180664062500 1.335937500000 0.187500000000 1.367187500000
0.184570312500 1.351562500000 0.177734375000 1.304687500000
0.167968750000 1.234375000000 0.157226562500 1.148437500000
0.145507812500 1.062500000000 0.135742187500 0.988281250000
0.127929687500 0.933593750000 0.123046875000 0.902343750000
0.123046875000 0.902343750000 0.127929687500 0.937500000000
0.136718750000 1.000000000000 0.149414062500 1.093750000000
0.163085937500 1.195312500000 0.177734375000 1.296875000000
0.188476562500 1.382812500000 0.196289062500 1.445312500000
0.197265625000 1.445312500000 0.191406250000 1.398437500000
0.174804687500 1.273437500000 0.146484375000 1.070312500000
0.109375000000 0.812500000000 0.067871093750 0.500000000000
0.021484375000 0.161132812500 -0.023437500000 -0.173828125000
-0.064453125000 -0.474609375000 -0.096191406250 -0.710937500000
-0.118164062500 -0.859375000000 -0.122070312500 -0.902343750000
-0.112792968750 -0.832031250000 -0.090332031250 -0.660156250000
-0.055908203125 -0.408203125000 -0.014892578125 -0.106445312500
0.027832031250 0.205078125000 0.066894531250 0.486328125000
0.096191406250 0.703125000000 0.113769531250 0.824218750000
0.114257812500 0.832031250000 0.100097656250 0.734375000000
0.073730468750 0.531250000000 0.035644531250 0.261718750000
-0.006774902344 -0.048095703125 -0.048583984375 -0.353515625000
-0.084472656250 -0.617187500000 -0.111328125000 -0.804687500000
-0.122558593750 -0.894531250000 -0.119628906250 -0.875000000000
-0.101074218750 -0.742187500000 -0.070800781250 -0.519531250000
-0.030517578125 -0.220703125000 0.014465332031 0.113769531250
0.063476562500 0.457031250000 0.107421875000 0.777343750000
0.143554687500 1.054687500000 0.171875000000 1.257812500000
0.190429687500 1.398437500000 0.199218750000 1.460937500000
0.200195312500 1.460937500000 0.192382812500 1.406250000000
0.179687500000 1.312500000000 0.165039062500 1.203125000000
0.149414062500 1.093750000000 0.135742187500 0.996093750000
0.124023437500 0.921875000000 0.120117187500 0.878906250000
0.120117187500 0.878906250000 0.125976562500 0.914062500000
0.134765625000 0.980468750000 0.147460937500 1.078125000000
0.162109375000 1.179687500000 0.176757812500 1.289062500000
0.188476562500 1.382812500000 0.197265625000 1.445312500000
0.199218750000 1.453125000000 0.192382812500 1.398437500000
0.175781250000 1.281250000000 0.149414062500 1.085937500000
0.112792968750 0.828125000000 0.070800781250 0.519531250000
0.025756835938 0.185546875000 -0.021240234375 -0.151367187500
-0.063964843750 -0.457031250000 -0.096191406250 -0.703125000000
-0.117675781250 -0.863281250000 -0.126953125000 -0.925781250000
-0.121582031250 -0.882812500000 -0.100097656250 -0.734375000000
-0.068847656250 -0.503906250000 -0.029541015625 -0.210937500000
0.013977050781 0.107421875000 0.056152343750 0.416015625000
0.093261718750 0.679687500000 0.120117187500 0.871093750000
0.130859375000 0.964843750000 0.129882812500 0.949218750000
0.113769531250 0.824218750000 0.082519531250 0.601562500000
0.040771484375 0.296875000000 -0.008239746094 -0.061035156250
-0.060791015625 -0.443359375000 -0.111816406250 -0.820312500000
-0.158203125000 -1.156250000000 -0.198242187500 -1.437500000000
-0.225585937500 -1.640625000000 -0.240234375000 -1.750000000000
-0.242187500000 -1.765625000000 -0.229492187500 -1.671875000000
-0.205078125000 -1.492187500000 -0.169921875000 -1.234375000000
-0.125976562500 -0.914062500000 -0.076660156250 -0.554687500000
-0.025878906250 -0.184570312500 0.023193359375 0.169921875000
0.067871093750 0.486328125000 0.102050781250 0.738281250000
0.125976562500 0.910156250000 0.135742187500 0.984375000000
0.132812500000 0.964843750000 0.114257812500 0.843750000000
-0.511718750000 0.578125000000 -0.474609375000 0.322265625000
-0.376953125000 0.045654296875 -0.230468750000 -0.229492187500
-0.041259765625 -0.482421875000 0.173828125000 -0.695312500000
0.396484375000 -0.839843750000 0.617187500000 -0.917968750000
0.812500000000 -0.917968750000 0.980468750000 -0.835937500000
1.093750000000 -0.683593750000 1.156250000000 -0.468750000000
1.164062500000 -0.210937500000 1.109375000000 0.074707031250
0.996093750000 0.367187500000 0.832031250000 0.648437500000
0.632812500000 0.898437500000 0.408203125000 1.101562500000
0.181640625000 1.234375000000 -0.030395507812 1.296875000000
-0.210937500000 1.281250000000 -0.339843750000 1.179687500000
-0.408203125000 1.007812500000 -0.414062500000 0.761718750000
-0.357421875000 0.470703125000 -0.253906250000 0.160156250000
-0.113281250000 -0.147460937500 0.042480468750 -0.423828125000
0.188476562500 -0.636718750000 0.310546875000 -0.773437500000
0.384765625000 -0.812500000000 0.408203125000 -0.753906250000
0.373046875000 -0.605468750000 0.289062500000 -0.384765625000
0.162109375000 -0.115722656250 0.009948730469 0.163085937500
-0.146484375000 0.419921875000 -0.289062500000 0.621093750000
-0.398437500000 0.742187500000 -0.462890625000 0.765625000000
-0.476562500000 0.691406250000 -0.431640625000 0.527343750000
-0.333984375000 0.292968750000 -0.190429687500 0.017456054688
-0.012695312500 -0.267578125000 0.185546875000 -0.527343750000
0.390625000000 -0.730468750000 0.589843750000 -0.863281250000
0.769531250000 -0.906250000000 0.917968750000 -0.855468750000
1.031250000000 -0.722656250000 1.093750000000 -0.515625000000
1.117187500000 -0.261718750000 1.085937500000 0.019653320312
1.015625000000 0.304687500000 0.898437500000 0.570312500000
0.750000000000 0.804687500000 0.570312500000 0.988281250000
0.371093750000 1.117187500000 0.166992187500 1.187500000000
-0.037109375000 1.195312500000 -0.226562500000 1.156250000000
-0.400390625000 1.062500000000 -0.546875000000 0.925781250000
-0.667968750000 0.753906250000 -0.761718750000 0.562500000000
-0.835937500000 0.355468750000 -0.894531250000 0.140625000000
-0.941406250000 -0.066894531250 -0.984375000000 -0.261718750000
-1.023437500000 -0.435546875000 -1.070312500000 -0.582031250000
-1.109375000000 -0.691406250000 -1.148437500000 -0.765625000000
-1.179687500000 -0.804687500000 -1.179687500000 -0.800781250000
-1.156250000000 -0.765625000000 -1.085937500000 -0.707031250000
-0.984375000000 -0.613281250000 -0.828125000000 -0.500000000000
-0.636718750000 -0.371093750000 -0.410156250000 -0.231445312500
-0.156250000000 -0.084472656250 0.108886718750 0.066406250000
0.371093750000 0.213867187500 0.617187500000 0.361328125000
0.832031250000 0.500000000000 1.015625000000 0.621093750000
1.148437500000 0.726562500000 1.226562500000 0.800781250000
1.265625000000 0.839843750000 1.257812500000 0.839843750000
1.210937500000 0.792968750000 1.132812500000 0.699218750000
1.039062500000 0.562500000000 0.925781250000 0.386718750000
0.812500000000 0.177734375000 0.707031250000 -0.048339843750
0.617187500000 -0.277343750000 0.554687500000 -0.492187500000
0.519531250000 -0.679687500000 0.519531250000 -0.820312500000
0.550781250000 -0.906250000000 0.609375000000 -0.933593750000
0.691406250000 -0.890625000000 0.781250000000 -0.781250000000
0.871093750000 -0.621093750000 0.941406250000 -0.406250000000
0.980468750000 -0.157226562500 0.980468750000 0.109375000000
0.933593750000 0.380859375000 0.832031250000 0.640625000000
0.687500000000 0.871093750000 0.507812500000 1.062500000000
0.302734375000 1.187500000000 0.094238281250 1.257812500000
-0.103027343750 1.250000000000 -0.267578125000 1.171875000000
-0.388671875000 1.023437500000 -0.451171875000 0.816406250000
-0.455078125000 0.562500000000 -0.400390625000 0.279296875000
-0.298828125000 -0.013488769531 -0.155273437500 -0.292968750000
0.008239746094 -0.535156250000 0.182617187500 -0.726562500000
0.349609375000 -0.851562500000 0.500000000000 -0.898437500000
0.625000000000 -0.863281250000 0.730468750000 -0.757812500000
0.812500000000 -0.589843750000 0.878906250000 -0.378906250000
0.933593750000 -0.141601562500 0.988281250000 0.102050781250
1.039062500000 0.330078125000 1.093750000000 0.527343750000
1.156250000000 0.683593750000 1.203125000000 0.789062500000
1.234375000000 0.843750000000 1.234375000000 0.851562500000
1.195312500000 0.812500000000 1.109375000000 0.742187500000
0.968750000000 0.640625000000 0.777343750000 0.523437500000
0.539062500000 0.392578125000 0.271484375000 0.255859375000
-0.009216308594 0.111328125000 -0.281250000000 -0.036621093750
-0.519531250000 -0.188476562500 -0.710937500000 -0.341796875000
-0.835937500000 -0.490234375000 -0.886718750000 -0.636718750000
-0.855468750000 -0.773437500000 -0.753906250000 -0.894531250000
-0.589843750000 -0.988281250000 -0.382812500000 -1.046875000000
-0.151367187500 -1.070312500000 0.086425781250 -1.054687500000
0.312500000000 -0.984375000000 0.511718750000 -0.871093750000
0.671875000000 -0.718750000000 0.796875000000 -0.539062500000
0.886718750000 -0.337890625000 0.953125000000 -0.130859375000
1.000000000000 0.066894531250 1.031250000000 0.244140625000
1.070312500000 0.394531250000 1.101562500000 0.507812500000
1.132812500000 0.582031250000 1.171875000000 0.621093750000
1.187500000000 0.632812500000 1.187500000000 0.628906250000
1.148437500000 0.613281250000 1.070312500000 0.601562500000
0.945312500000 0.597656250000 0.777343750000 0.613281250000
0.570312500000 0.644531250000 0.347656250000 0.691406250000
0.118652343750 0.746093750000 -0.088378906250 0.804687500000
-0.250000000000 0.855468750000 -0.355468750000 0.886718750000
-0.386718750000 0.894531250000 -0.341796875000 0.878906250000
-0.226562500000 0.839843750000 -0.055175781250 0.785156250000
0.152343750000 0.718750000000 0.365234375000 0.660156250000
0.558593750000 0.617187500000 0.710937500000 0.601562500000
0.792968750000 0.621093750000 0.800781250000 0.671875000000
0.734375000000 0.750000000000 0.601562500000 0.839843750000
0.417968750000 0.933593750000 0.208984375000 1.000000000000
0.000153541565 1.023437500000 -0.182617187500 0.996093750000
-0.318359375000 0.898437500000 -0.388671875000 0.734375000000
-0.392578125000 0.511718750000 -0.332031250000 0.247070312500
-0.219726562500 -0.036132812500 -0.071289062500 -0.310546875000
0.091796875000 -0.542968750000 0.245117187500 -0.710937500000
0.371093750000 -0.796875000000 0.453125000000 -0.781250000000
0.480468750000 -0.675781250000 0.447265625000 -0.488281250000
0.357421875000 -0.243164062500 0.215820312500 0.035888671875
0.034179687500 0.316406250000 -0.172851562500 0.562500000000
-0.394531250000 0.753906250000 -0.613281250000 0.867187500000
-0.808593750000 0.894531250000 -0.972656250000 0.832031250000
-1.093750000000 0.691406250000 -1.164062500000 0.488281250000
-1.164062500000 0.239257812500 -1.109375000000 -0.030029296875
-0.988281250000 -0.298828125000 -0.816406250000 -0.546875000000
-0.605468750000 -0.757812500000 -0.373046875000 -0.925781250000
-0.138671875000 -1.039062500000 0.074707031250 -1.101562500000
0.243164062500 -1.117187500000 0.351562500000 -1.085937500000
0.388671875000 -1.023437500000 0.349609375000 -0.937500000000
0.239257812500 -0.839843750000 0.071777343750 -0.742187500000
-0.131835937500 -0.652343750000 -0.345703125000 -0.582031250000
-0.546875000000 -0.546875000000 -0.703125000000 -0.539062500000
-0.800781250000 -0.570312500000 -0.828125000000 -0.632812500000
-0.777343750000 -0.718750000000 -0.656250000000 -0.816406250000
-0.476562500000 -0.910156250000 -0.267578125000 -0.984375000000
-0.044433593750 -1.015625000000 0.163085937500 -1.000000000000
0.333984375000 -0.921875000000 0.449218750000 -0.781250000000
0.500000000000 -0.582031250000 0.482421875000 -0.337890625000
0.400390625000 -0.067871093750 0.257812500000 0.205078125000
0.074218750000 0.458984375000 -0.137695312500 0.667968750000
-0.357421875000 0.812500000000 -0.574218750000 0.882812500000
-0.765625000000 0.875000000000 -0.929687500000 0.785156250000
-1.046875000000 0.632812500000 -1.117187500000 0.425781250000
-1.140625000000 0.187500000000 -1.109375000000 -0.061279296875
-1.031250000000 -0.304687500000 -0.902343750000 -0.523437500000
-0.742187500000 -0.707031250000 -0.554687500000 -0.847656250000
-0.353515625000 -0.949218750000 -0.143554687500 -1.015625000000
0.059082031250 -1.039062500000 0.244140625000 -1.046875000000
0.402343750000 -1.039062500000 0.527343750000 -1.023437500000
0.617187500000 -1.000000000000 0.671875000000 -0.988281250000
0.695312500000 -0.972656250000 0.687500000000 -0.968750000000
0.660156250000 -0.964843750000 0.621093750000 -0.968750000000
0.582031250000 -0.972656250000 0.535156250000 -0.976562500000
0.500000000000 -0.984375000000 0.476562500000 -0.988281250000
0.460937500000 -0.988281250000 0.458984375000 -0.988281250000
0.462890625000 -0.984375000000 0.476562500000 -0.976562500000
0.492187500000 -0.968750000000 0.507812500000 -0.953125000000
0.523437500000 -0.941406250000 0.539062500000 -0.933593750000
0.542968750000 -0.925781250000 0.542968750000 -0.929687500000
0.539062500000 -0.945312500000 0.527343750000 -0.972656250000
0.511718750000 -1.015625000000 0.494140625000 -1.062500000000
0.476562500000 -1.117187500000 0.458984375000 -1.156250000000
0.449218750000 -1.187500000000 0.449218750000 -1.195312500000
0.457031250000 -1.164062500000 0.478515625000 -1.093750000000
0.515625000000 -0.976562500000 0.566406250000 -0.820312500000
0.625000000000 -0.621093750000 0.695312500000 -0.408203125000
0.765625000000 -0.186523437500 0.828125000000 0.024047851562
0.886718750000 0.201171875000 0.929687500000 0.332031250000
0.953125000000 0.400390625000 0.953125000000 0.400390625000
0.937500000000 0.333984375000 0.898437500000 0.206054687500
0.843750000000 0.030273437500 0.777343750000 -0.176757812500
0.703125000000 -0.394531250000 0.628906250000 -0.601562500000
0.558593750000 -0.785156250000 0.498046875000 -0.929687500000
0.449218750000 -1.031250000000 0.416015625000 -1.093750000000
0.404296875000 -1.125000000000 0.406250000000 -1.125000000000
0.425781250000 -1.117187500000 0.460937500000 -1.109375000000
0.503906250000 -1.109375000000 0.558593750000 -1.125000000000
0.609375000000 -1.156250000000 0.652343750000 -1.187500000000
0.679687500000 -1.210937500000 0.683593750000 -1.210937500000
0.656250000000 -1.171875000000 0.597656250000 -1.078125000000
0.503906250000 -0.925781250000 0.380859375000 -0.718750000000
0.234375000000 -0.460937500000 0.074218750000 -0.173828125000
-0.082031250000 0.120605468750 -0.222656250000 0.390625000000
-0.333984375000 0.609375000000 -0.400390625000 0.753906250000
-0.417968750000 0.804687500000 -0.380859375000 0.761718750000
-0.298828125000 0.621093750000 -0.177734375000 0.410156250000
-0.033935546875 0.144531250000 0.110351562500 -0.137695312500
0.238281250000 -0.400390625000 0.332031250000 -0.613281250000
0.378906250000 -0.753906250000 0.371093750000 -0.792968750000
0.310546875000 -0.738281250000 0.204101562500 -0.585937500000
0.070312500000 -0.367187500000 -0.077148437500 -0.096191406250
-0.215820312500 0.193359375000 -0.320312500000 0.466796875000
-0.382812500000 0.703125000000 -0.380859375000 0.882812500000
-0.320312500000 0.992187500000 -0.202148437500 1.031250000000
-0.034179687500 1.015625000000 0.168945312500 0.957031250000
0.386718750000 0.871093750000 0.605468750000 0.781250000000
0.800781250000 0.703125000000 0.968750000000 0.648437500000
1.093750000000 0.617187500000 1.179687500000 0.609375000000
1.218750000000 0.613281250000 1.218750000000 0.609375000000
1.187500000000 0.585937500000 1.140625000000 0.527343750000
1.078125000000 0.423828125000 1.007812500000 0.273437500000
0.937500000000 0.077636718750 0.871093750000 -0.141601562500
0.804687500000 -0.365234375000 0.742187500000 -0.570312500000
0.683593750000 -0.730468750000 0.617187500000 -0.824218750000
0.546875000000 -0.835937500000 0.472656250000 -0.765625000000
0.380859375000 -0.609375000000 0.279296875000 -0.384765625000
0.158203125000 -0.120605468750 0.021484375000 0.154296875000
-0.131835937500 0.412109375000 -0.298828125000 0.621093750000
-0.474609375000 0.753906250000 -0.656250000000 0.808593750000
-0.820312500000 0.769531250000 -0.968750000000 0.652343750000
-1.085937500000 0.480468750000 -1.148437500000 0.269531250000
-1.156250000000 0.053710937500 -1.101562500000 -0.136718750000
-0.976562500000 -0.281250000000 -0.785156250000 -0.363281250000
-0.546875000000 -0.376953125000 -0.269531250000 -0.322265625000
0.025024414062 -0.216796875000 0.304687500000 -0.073242187500
0.550781250000 0.082519531250 0.738281250000 0.228515625000
0.851562500000 0.343750000000 0.878906250000 0.416015625000
0.816406250000 0.429687500000 0.664062500000 0.388671875000
0.443359375000 0.292968750000 0.164062500000 0.154296875000
-0.147460937500 -0.013610839844 -0.468750000000 -0.197265625000
-0.773437500000 -0.378906250000 -1.046875000000 -0.542968750000
-1.265625000000 -0.679687500000 -1.421875000000 -0.777343750000
-1.500000000000 -0.828125000000 -1.507812500000 -0.828125000000
-1.437500000000 -0.781250000000 -1.296875000000 -0.687500000000
-1.101562500000 -0.550781250000 -0.855468750000 -0.382812500000
-0.578125000000 -0.197265625000 -0.281250000000 -0.009460449219
0.010681152344 0.166992187500 0.285156250000 0.312500000000
0.527343750000 0.414062500000 0.722656250000 0.458984375000
0.859375000000 0.441406250000 0.941406250000 0.361328125000
0.968750000000 0.224609375000 0.949218750000 0.042724609375
0.894531250000 -0.166992187500 0.820312500000 -0.380859375000
0.738281250000 -0.578125000000 0.671875000000 -0.742187500000
0.632812500000 -0.843750000000 0.617187500000 -0.882812500000
0.640625000000 -0.851562500000 0.687500000000 -0.750000000000
0.757812500000 -0.593750000000 0.824218750000 -0.390625000000
0.882812500000 -0.162109375000 0.910156250000 0.071777343750
0.902343750000 0.294921875000 0.843750000000 0.496093750000
0.738281250000 0.664062500000 0.589843750000 0.792968750000
0.408203125000 0.890625000000 0.208007812500 0.957031250000
0.010986328125 1.000000000000 -0.173828125000 1.031250000000
-0.330078125000 1.046875000000 -0.449218750000 1.070312500000
-0.527343750000 1.085937500000 -0.570312500000 1.101562500000
-0.585937500000 1.109375000000 -0.582031250000 1.117187500000
-0.578125000000 1.101562500000 -0.578125000000 1.070312500000
-0.593750000000 1.007812500000 -0.632812500000 0.921875000000
-0.695312500000 0.800781250000 -0.769531250000 0.648437500000
-0.843750000000 0.472656250000 -0.914062500000 0.269531250000
-0.957031250000 0.047851562500 -0.968750000000 -0.185546875000
-0.929687500000 -0.419921875000 -0.847656250000 -0.644531250000
-0.714843750000 -0.847656250000 -0.542968750000 -1.015625000000
-0.341796875000 -1.140625000000 -0.132812500000 -1.203125000000
0.068359375000 -1.210937500000 0.244140625000 -1.140625000000
0.382812500000 -0.996093750000 0.466796875000 -0.792968750000
0.494140625000 -0.542968750000 0.460937500000 -0.257812500000
0.369140625000 0.035888671875 0.229492187500 0.314453125000
0.049804687500 0.554687500000 -0.152343750000 0.734375000000
-0.371093750000 0.835937500000 -0.582031250000 0.859375000000
-0.777343750000 0.800781250000 -0.941406250000 0.667968750000
-1.062500000000 0.484375000000 -1.140625000000 0.269531250000
-1.164062500000 0.047851562500 -1.132812500000 -0.154296875000
-1.046875000000 -0.318359375000 -0.902343750000 -0.423828125000
-0.710937500000 -0.466796875000 -0.482421875000 -0.441406250000
-0.224609375000 -0.351562500000 0.053710937500 -0.212890625000
0.335937500000 -0.037841796875 0.609375000000 0.154296875000
0.863281250000 0.347656250000 1.085937500000 0.523437500000
1.257812500000 0.667968750000 1.382812500000 0.769531250000
1.445312500000 0.828125000000 1.445312500000 0.832031250000
1.382812500000 0.785156250000 1.257812500000 0.695312500000
1.085937500000 0.566406250000 0.855468750000 0.402343750000
0.597656250000 0.226562500000 0.312500000000 0.044921875000
0.027099609375 -0.125976562500 -0.247070312500 -0.271484375000
-0.498046875000 -0.378906250000 -0.710937500000 -0.441406250000
-0.875000000000 -0.447265625000 -0.984375000000 -0.396484375000
-1.039062500000 -0.291015625000 -1.039062500000 -0.137695312500
-1.000000000000 0.047363281250 -0.921875000000 0.253906250000
-0.824218750000 0.460937500000 -0.710937500000 0.656250000000
-0.601562500000 0.820312500000 -0.500000000000 0.953125000000
-0.419921875000 1.046875000000 -0.365234375000 1.101562500000
-0.337890625000 1.125000000000 -0.339843750000 1.125000000000
-0.365234375000 1.109375000000 -0.414062500000 1.101562500000
-0.472656250000 1.093750000000 -0.539062500000 1.093750000000
-0.609375000000 1.109375000000 -0.660156250000 1.132812500000
-0.695312500000 1.156250000000 -0.695312500000 1.156250000000
-0.667968750000 1.132812500000 -0.597656250000 1.078125000000
-0.488281250000 0.976562500000 -0.349609375000 0.824218750000
-0.187500000000 0.628906250000 -0.015197753906 0.396484375000
0.150390625000 0.133789062500 0.289062500000 -0.134765625000
0.388671875000 -0.400390625000 0.429687500000 -0.640625000000
0.408203125000 -0.843750000000 0.322265625000 -1.000000000000
0.179687500000 -1.093750000000 -0.008850097656 -1.132812500000
-0.225585937500 -1.117187500000 -0.439453125000 -1.046875000000
-0.628906250000 -0.929687500000 -0.777343750000 -0.785156250000
-0.859375000000 -0.617187500000 -0.859375000000 -0.433593750000
-0.781250000000 -0.253906250000 -0.625000000000 -0.080566406250
-0.400390625000 0.077148437500 -0.123046875000 0.210937500000
0.182617187500 0.318359375000 0.492187500000 0.396484375000
0.785156250000 0.445312500000 1.046875000000 0.466796875000
1.250000000000 0.470703125000 1.398437500000 0.462890625000
1.468750000000 0.447265625000 1.468750000000 0.443359375000
1.406250000000 0.455078125000 1.273437500000 0.492187500000
1.093750000000 0.550781250000 0.875000000000 0.640625000000
0.632812500000 0.746093750000 0.386718750000 0.851562500000
0.148437500000 0.953125000000 -0.062255859375 1.023437500000
-0.233398437500 1.054687500000 -0.351562500000 1.031250000000
-0.414062500000 0.933593750000 -0.414062500000 0.773437500000
-0.361328125000 0.558593750000 -0.263671875000 0.296875000000
-0.131835937500 0.013549804688 0.016723632812 -0.267578125000
0.164062500000 -0.519531250000 0.289062500000 -0.714843750000
0.378906250000 -0.839843750000 0.429687500000 -0.875000000000
0.427734375000 -0.816406250000 0.373046875000 -0.671875000000
0.273437500000 -0.451171875000 0.134765625000 -0.171875000000
-0.027954101562 0.140625000000 -0.205078125000 0.462890625000
-0.378906250000 0.773437500000 -0.535156250000 1.046875000000
-0.667968750000 1.265625000000 -0.765625000000 1.421875000000
-0.812500000000 1.507812500000 -0.812500000000 1.507812500000
-0.765625000000 1.445312500000 -0.667968750000 1.312500000000
-0.527343750000 1.117187500000 -0.357421875000 0.886718750000
-0.168945312500 0.617187500000 0.021606445312 0.332031250000
0.196289062500 0.041503906250 0.335937500000 -0.236328125000
0.423828125000 -0.490234375000 0.451171875000 -0.710937500000
0.408203125000 -0.882812500000 0.296875000000 -1.007812500000
0.127929687500 -1.078125000000 -0.078613281250 -1.093750000000
-0.302734375000 -1.062500000000 -0.515625000000 -0.992187500000
-0.687500000000 -0.894531250000 -0.796875000000 -0.769531250000
-0.824218750000 -0.636718750000 -0.765625000000 -0.496093750000
-0.621093750000 -0.357421875000 -0.406250000000 -0.220703125000
-0.147460937500 -0.084472656250 0.131835937500 0.053955078125
0.392578125000 0.197265625000 0.609375000000 0.347656250000
0.753906250000 0.503906250000 0.816406250000 0.664062500000
0.789062500000 0.820312500000 0.679687500000 0.960937500000
0.507812500000 1.070312500000 0.298828125000 1.140625000000
0.083496093750 1.148437500000 -0.112304687500 1.085937500000
-0.263671875000 0.953125000000 -0.353515625000 0.750000000000
-0.375000000000 0.498046875000 -0.328125000000 0.205078125000
-0.226562500000 -0.092773437500 -0.090820312500 -0.371093750000
0.062500000000 -0.597656250000 0.208007812500 -0.750000000000
0.328125000000 -0.812500000000 0.402343750000 -0.769531250000
0.425781250000 -0.636718750000 0.390625000000 -0.423828125000
0.306640625000 -0.162109375000 0.175781250000 0.118164062500
0.018554687500 0.378906250000 -0.156250000000 0.593750000000
-0.333984375000 0.726562500000 -0.498046875000 0.777343750000
-0.648437500000 0.734375000000 -0.769531250000 0.609375000000
-0.871093750000 0.429687500000 -0.945312500000 0.222656250000
-0.996093750000 0.022827148438 -1.031250000000 -0.139648437500
-1.046875000000 -0.238281250000 -1.046875000000 -0.255859375000
-1.031250000000 -0.192382812500 -1.000000000000 -0.059570312500
-0.949218750000 0.125976562500 -0.878906250000 0.333984375000
-0.781250000000 0.531250000000 -0.664062500000 0.691406250000
-0.523437500000 0.777343750000 -0.363281250000 0.785156250000
-0.195312500000 0.703125000000 -0.023803710938 0.539062500000
0.136718750000 0.310546875000 0.275390625000 0.039306640625
0.382812500000 -0.244140625000 0.447265625000 -0.515625000000
0.462890625000 -0.742187500000 0.425781250000 -0.914062500000
0.335937500000 -1.023437500000 0.199218750000 -1.062500000000
0.020263671875 -1.039062500000 -0.191406250000 -0.964843750000
-0.421875000000 -0.863281250000 -0.660156250000 -0.753906250000
-0.886718750000 -0.644531250000 -1.093750000000 -0.554687500000
-1.265625000000 -0.492187500000 -1.390625000000 -0.455078125000
-1.460937500000 -0.439453125000 -1.460937500000 -0.441406250000
-1.390625000000 -0.449218750000 -1.257812500000 -0.453125000000
-1.054687500000 -0.443359375000 -0.800781250000 -0.414062500000
-0.507812500000 -0.359375000000 -0.196289062500 -0.273437500000
0.110839843750 -0.167968750000 0.390625000000 -0.043457031250
0.617187500000 0.098632812500 0.781250000000 0.246093750000
0.863281250000 0.396484375000 0.859375000000 0.535156250000
0.777343750000 0.664062500000 0.632812500000 0.773437500000
0.437500000000 0.867187500000 0.218750000000 0.937500000000
0.003768920898 0.980468750000 -0.180664062500 1.007812500000
-0.312500000000 1.007812500000 -0.376953125000 0.984375000000
-0.367187500000 0.945312500000 -0.281250000000 0.890625000000
-0.129882812500 0.824218750000 0.073242187500 0.750000000000
0.312500000000 0.675781250000 0.562500000000 0.601562500000
0.804687500000 0.531250000000 1.023437500000 0.472656250000
1.195312500000 0.427734375000 1.320312500000 0.392578125000
1.382812500000 0.375000000000 1.390625000000 0.373046875000
1.343750000000 0.384765625000 1.242187500000 0.412109375000
1.093750000000 0.447265625000 0.914062500000 0.492187500000
0.710937500000 0.550781250000 0.496093750000 0.613281250000
0.281250000000 0.679687500000 0.076660156250 0.753906250000
-0.105957031250 0.828125000000 -0.261718750000 0.906250000000
-0.380859375000 0.980468750000 -0.462890625000 1.054687500000
-0.515625000000 1.117187500000 -0.539062500000 1.164062500000
-0.542968750000 1.195312500000 -0.535156250000 1.195312500000
-0.527343750000 1.171875000000 -0.531250000000 1.117187500000
-0.550781250000 1.031250000000 -0.589843750000 0.906250000000
-0.652343750000 0.753906250000 -0.726562500000 0.578125000000
-0.804687500000 0.386718750000 -0.878906250000 0.188476562500
-0.937500000000 -0.005401611328 -0.964843750000 -0.188476562500
-0.953125000000 -0.353515625000 -0.894531250000 -0.496093750000
-0.796875000000 -0.613281250000 -0.652343750000 -0.710937500000
-0.472656250000 -0.789062500000 -0.269531250000 -0.859375000000
-0.055175781250 -0.925781250000 0.159179687500 -0.988281250000
0.355468750000 -1.062500000000 0.531250000000 -1.132812500000
0.667968750000 -1.203125000000 0.761718750000 -1.265625000000
0.808593750000 -1.296875000000 0.804687500000 -1.296875000000
0.757812500000 -1.250000000000 0.667968750000 -1.140625000000
0.539062500000 -0.964843750000 0.388671875000 -0.738281250000
0.221679687500 -0.458984375000 0.051757812500 -0.157226562500
-0.107910156250 0.146484375000 -0.247070312500 0.421875000000
-0.351562500000 0.640625000000 -0.416015625000 0.781250000000
-0.433593750000 0.824218750000 -0.406250000000 0.765625000000
-0.333984375000 0.613281250000 -0.226562500000 0.388671875000
-0.095214843750 0.114746093750 0.047607421875 -0.170898437500
0.188476562500 -0.433593750000 0.308593750000 -0.640625000000
0.400390625000 -0.761718750000 0.451171875000 -0.789062500000
0.457031250000 -0.707031250000 0.416015625000 -0.539062500000
0.322265625000 -0.298828125000 0.190429687500 -0.017700195312
0.021484375000 0.271484375000 -0.171875000000 0.539062500000
-0.378906250000 0.742187500000 -0.582031250000 0.875000000000
-0.777343750000 0.917968750000 -0.945312500000 0.867187500000
-1.070312500000 0.734375000000 -1.140625000000 0.535156250000
-1.156250000000 0.292968750000 -1.101562500000 0.028320312500
-0.992187500000 -0.233398437500 -0.824218750000 -0.474609375000
-0.617187500000 -0.679687500000 -0.386718750000 -0.843750000000
-0.156250000000 -0.964843750000 0.052978515625 -1.039062500000
0.213867187500 -1.085937500000 0.308593750000 -1.093750000000
0.328125000000 -1.085937500000 0.267578125000 -1.062500000000
0.134765625000 -1.023437500000 -0.050292968750 -0.976562500000
-0.265625000000 -0.914062500000 -0.476562500000 -0.839843750000
-0.652343750000 -0.742187500000 -0.761718750000 -0.632812500000
-0.792968750000 -0.500000000000 -0.726562500000 -0.349609375000
-0.570312500000 -0.190429687500 -0.345703125000 -0.029174804688
-0.077636718750 0.122070312500 0.200195312500 0.251953125000
0.449218750000 0.349609375000 0.636718750000 0.408203125000
0.734375000000 0.423828125000 0.730468750000 0.390625000000
0.625000000000 0.314453125000 0.427734375000 0.204101562500
0.173828125000 0.074707031250 -0.106445312500 -0.066406250000
-0.375000000000 -0.197265625000 -0.593750000000 -0.306640625000
-0.730468750000 -0.384765625000 -0.765625000000 -0.419921875000
-0.699218750000 -0.408203125000 -0.539062500000 -0.351562500000
-0.302734375000 -0.255859375000 -0.021118164062 -0.125976562500
0.267578125000 0.023193359375 0.531250000000 0.182617187500
0.746093750000 0.341796875000 0.878906250000 0.490234375000
0.917968750000 0.621093750000 0.871093750000 0.734375000000
0.734375000000 0.824218750000 0.531250000000 0.894531250000
0.279296875000 0.953125000000 0.004974365234 1.000000000000
-0.265625000000 1.031250000000 -0.511718750000 1.062500000000
-0.710937500000 1.085937500000 -0.855468750000 1.109375000000
-0.929687500000 1.117187500000 -0.933593750000 1.109375000000
-0.871093750000 1.085937500000 -0.742187500000 1.046875000000
-0.558593750000 0.984375000000 -0.337890625000 0.906250000000
-0.087890625000 0.812500000000 0.166015625000 0.718750000000
0.406250000000 0.632812500000 0.617187500000 0.562500000000
0.781250000000 0.523437500000 0.878906250000 0.515625000000
0.910156250000 0.550781250000 0.867187500000 0.617187500000
0.761718750000 0.714843750000 0.601562500000 0.824218750000
0.402343750000 0.929687500000 0.192382812500 1.007812500000
-0.010131835938 1.039062500000 -0.184570312500 1.015625000000
-0.308593750000 0.917968750000 -0.373046875000 0.750000000000
-0.375000000000 0.519531250000 -0.320312500000 0.246093750000
-0.216796875000 -0.043457031250 -0.078125000000 -0.322265625000
0.073730468750 -0.558593750000 0.221679687500 -0.722656250000
0.345703125000 -0.800781250000 0.429687500000 -0.777343750000
0.466796875000 -0.660156250000 0.445312500000 -0.458984375000
0.369140625000 -0.201171875000 0.239257812500 0.080078125000
0.065429687500 0.351562500000 -0.140625000000 0.578125000000
-0.365234375000 0.738281250000 -0.589843750000 0.808593750000
-0.804687500000 0.789062500000 -0.988281250000 0.687500000000
-1.125000000000 0.523437500000 -1.203125000000 0.320312500000
-1.218750000000 0.107910156250 -1.148437500000 -0.083007812500
-1.007812500000 -0.225585937500 -0.800781250000 -0.306640625000
-0.539062500000 -0.320312500000 -0.245117187500 -0.267578125000
0.058105468750 -0.166992187500 0.343750000000 -0.037597656250
0.585937500000 0.095214843750 0.757812500000 0.210937500000
0.847656250000 0.285156250000 0.843750000000 0.308593750000
0.746093750000 0.277343750000 0.570312500000 0.196289062500
0.328125000000 0.081054687500 0.045898437500 -0.050781250000
-0.250000000000 -0.177734375000 -0.527343750000 -0.279296875000
-0.765625000000 -0.333984375000 -0.945312500000 -0.333984375000
-1.062500000000 -0.269531250000 -1.101562500000 -0.150390625000
-1.085937500000 0.016967773438 -1.007812500000 0.214843750000
-0.890625000000 0.425781250000 -0.757812500000 0.636718750000
-0.617187500000 0.824218750000 -0.488281250000 0.976562500000
-0.384765625000 1.085937500000 -0.312500000000 1.156250000000
-0.275390625000 1.187500000000 -0.275390625000 1.187500000000
-0.306640625000 1.164062500000 -0.365234375000 1.132812500000
-0.441406250000 1.093750000000 -0.523437500000 1.062500000000
-0.605468750000 1.046875000000 -0.671875000000 1.031250000000
-0.714843750000 1.031250000000 -0.722656250000 1.031250000000
-0.687500000000 1.015625000000 -0.601562500000 1.000000000000
-0.468750000000 0.972656250000 -0.292968750000 0.925781250000
-0.087402343750 0.863281250000 0.139648437500 0.789062500000
0.367187500000 0.710937500000 0.574218750000 0.640625000000
0.738281250000 0.582031250000 0.843750000000 0.539062500000
0.882812500000 0.523437500000 0.851562500000 0.535156250000
0.750000000000 0.574218750000 0.589843750000 0.632812500000
0.390625000000 0.707031250000 0.179687500000 0.781250000000
-0.024047851562 0.851562500000 -0.189453125000 0.902343750000
-0.302734375000 0.933593750000 -0.345703125000 0.937500000000
-0.318359375000 0.914062500000 -0.217773437500 0.867187500000
-0.058837890625 0.804687500000 0.141601562500 0.730468750000
0.365234375000 0.664062500000 0.589843750000 0.605468750000
0.796875000000 0.562500000000 0.968750000000 0.539062500000
1.101562500000 0.531250000000 1.179687500000 0.539062500000
1.226562500000 0.550781250000 1.234375000000 0.558593750000
1.210937500000 0.550781250000 1.179687500000 0.515625000000
1.140625000000 0.447265625000 1.093750000000 0.341796875000
1.054687500000 0.203125000000 1.007812500000 0.030517578125
0.957031250000 -0.160156250000 0.878906250000 -0.365234375000
0.773437500000 -0.566406250000 0.628906250000 -0.750000000000
0.449218750000 -0.902343750000 0.234375000000 -1.023437500000
-0.006408691406 -1.093750000000 -0.257812500000 -1.117187500000
-0.494140625000 -1.085937500000 -0.695312500000 -1.007812500000
-0.839843750000 -0.890625000000 -0.906250000000 -0.734375000000
-0.890625000000 -0.554687500000 -0.785156250000 -0.357421875000
-0.597656250000 -0.157226562500 -0.349609375000 0.030273437500
-0.063964843750 0.193359375000 0.222656250000 0.324218750000
0.480468750000 0.408203125000 0.679687500000 0.439453125000
0.796875000000 0.417968750000 0.816406250000 0.347656250000
0.738281250000 0.236328125000 0.566406250000 0.097656250000
0.332031250000 -0.049804687500 0.054687500000 -0.186523437500
-0.234375000000 -0.296875000000 -0.503906250000 -0.359375000000
-0.730468750000 -0.365234375000 -0.890625000000 -0.308593750000
-0.976562500000 -0.196289062500 -1.000000000000 -0.029785156250
-0.964843750000 0.165039062500 -0.890625000000 0.375000000000
-0.800781250000 0.574218750000 -0.714843750000 0.742187500000
-0.656250000000 0.859375000000 -0.628906250000 0.910156250000
-0.644531250000 0.894531250000 -0.691406250000 0.804687500000
-0.761718750000 0.656250000000 -0.832031250000 0.455078125000
-0.890625000000 0.220703125000 -0.917968750000 -0.026855468750
-0.898437500000 -0.273437500000 -0.824218750000 -0.503906250000
-0.699218750000 -0.699218750000 -0.527343750000 -0.863281250000
-0.330078125000 -0.980468750000 -0.125976562500 -1.054687500000
0.070312500000 -1.085937500000 0.226562500000 -1.085937500000
0.335937500000 -1.046875000000 0.378906250000 -0.996093750000
-1.218750000000 0.365234375000 -1.179687500000 0.453125000000
-1.101562500000 0.494140625000 -1.007812500000 0.484375000000
-0.886718750000 0.412109375000 -0.750000000000 0.285156250000
-0.597656250000 0.109863281250 -0.437500000000 -0.099121093750
-0.275390625000 -0.324218750000 -0.115234375000 -0.542968750000
0.036865234375 -0.742187500000 0.176757812500 -0.902343750000
0.308593750000 -1.015625000000 0.423828125000 -1.078125000000
0.527343750000 -1.085937500000 0.625000000000 -1.046875000000
0.714843750000 -0.972656250000 0.796875000000 -0.882812500000
0.875000000000 -0.781250000000 0.957031250000 -0.687500000000
1.031250000000 -0.609375000000 1.093750000000 -0.554687500000
1.148437500000 -0.515625000000 1.179687500000 -0.500000000000
1.187500000000 -0.500000000000 1.156250000000 -0.511718750000
1.085937500000 -0.523437500000 0.968750000000 -0.527343750000
0.816406250000 -0.527343750000 0.617187500000 -0.511718750000
0.382812500000 -0.486328125000 0.124023437500 -0.451171875000
-0.151367187500 -0.410156250000 -0.429687500000 -0.371093750000
-0.699218750000 -0.330078125000 -0.949218750000 -0.296875000000
-1.164062500000 -0.271484375000 -1.335937500000 -0.255859375000
-1.460937500000 -0.251953125000 -1.523437500000 -0.250000000000
-1.523437500000 -0.251953125000 -1.453125000000 -0.253906250000
-1.335937500000 -0.253906250000 -1.156250000000 -0.247070312500
-0.925781250000 -0.228515625000 -0.660156250000 -0.198242187500
-0.373046875000 -0.158203125000 -0.071777343750 -0.106445312500
0.223632812500 -0.042724609375 0.503906250000 0.031982421875
0.750000000000 0.109375000000 0.957031250000 0.196289062500
1.109375000000 0.283203125000 1.203125000000 0.373046875000
1.242187500000 0.464843750000 1.226562500000 0.554687500000
1.148437500000 0.648437500000 1.023437500000 0.742187500000
0.863281250000 0.828125000000 0.671875000000 0.914062500000
0.466796875000 0.996093750000 0.259765625000 1.070312500000
0.071289062500 1.125000000000 -0.089355468750 1.164062500000
-0.201171875000 1.179687500000 -0.259765625000 1.171875000000
-0.253906250000 1.132812500000 -0.187500000000 1.070312500000
-0.062255859375 0.976562500000 0.112304687500 0.863281250000
0.312500000000 0.738281250000 0.519531250000 0.617187500000
0.707031250000 0.503906250000 0.851562500000 0.414062500000
0.933593750000 0.355468750000 0.933593750000 0.333984375000
0.855468750000 0.345703125000 0.695312500000 0.390625000000
0.472656250000 0.451171875000 0.209960937500 0.519531250000
-0.066406250000 0.578125000000 -0.326171875000 0.601562500000
-0.539062500000 0.585937500000 -0.691406250000 0.519531250000
-0.761718750000 0.398437500000 -0.753906250000 0.225585937500
-0.671875000000 0.013366699219 -0.535156250000 -0.218750000000
-0.373046875000 -0.453125000000 -0.208007812500 -0.664062500000
-0.069824218750 -0.828125000000 0.025756835938 -0.933593750000
0.058349609375 -0.960937500000 0.028686523438 -0.914062500000
-0.057617187500 -0.792968750000 -0.189453125000 -0.609375000000
-0.343750000000 -0.378906250000 -0.500000000000 -0.121093750000
-0.476562500000 -0.150390625000 -0.617187500000 0.117675781250
-0.722656250000 0.375000000000 -0.781250000000 0.609375000000
-0.785156250000 0.808593750000 -0.742187500000 0.960937500000
-0.667968750000 1.070312500000 -0.574218750000 1.140625000000
-0.480468750000 1.171875000000 -0.410156250000 1.164062500000
-0.371093750000 1.140625000000 -0.375000000000 1.101562500000
-0.421875000000 1.054687500000 -0.503906250000 0.992187500000
-0.605468750000 0.929687500000 -0.707031250000 0.863281250000
-0.785156250000 0.789062500000 -0.824218750000 0.714843750000
-0.808593750000 0.636718750000 -0.726562500000 0.554687500000
-0.578125000000 0.474609375000 -0.375000000000 0.400390625000
-0.127929687500 0.332031250000 0.139648437500 0.275390625000
0.408203125000 0.233398437500 0.652343750000 0.211914062500
0.855468750000 0.208984375000 1.007812500000 0.225585937500
1.093750000000 0.267578125000 1.125000000000 0.330078125000
1.093750000000 0.410156250000 1.031250000000 0.511718750000
0.945312500000 0.621093750000 0.851562500000 0.742187500000
0.765625000000 0.863281250000 0.699218750000 0.984375000000
0.652343750000 1.085937500000 0.628906250000 1.171875000000
0.621093750000 1.218750000000 0.625000000000 1.226562500000
0.625000000000 1.179687500000 0.609375000000 1.085937500000
0.578125000000 0.937500000000 0.511718750000 0.738281250000
0.412109375000 0.500000000000 0.289062500000 0.239257812500
0.140625000000 -0.026733398438 -0.021850585938 -0.281250000000
-0.186523437500 -0.500000000000 -0.343750000000 -0.671875000000
-0.486328125000 -0.773437500000 -0.605468750000 -0.800781250000
-0.699218750000 -0.757812500000 -0.769531250000 -0.648437500000
-0.820312500000 -0.476562500000 -0.859375000000 -0.263671875000
-0.890625000000 -0.029052734375 -0.921875000000 0.208984375000
-0.960937500000 0.433593750000 -1.007812500000 0.625000000000
-1.054687500000 0.777343750000 -1.093750000000 0.878906250000
-1.125000000000 0.929687500000 -1.132812500000 0.933593750000
-1.101562500000 0.890625000000 -1.023437500000 0.808593750000
-0.890625000000 0.703125000000 -0.710937500000 0.582031250000
-0.486328125000 0.458984375000 -0.225585937500 0.341796875000
0.049804687500 0.244140625000 0.322265625000 0.178710937500
0.570312500000 0.146484375000 0.773437500000 0.158203125000
0.921875000000 0.211914062500 0.996093750000 0.304687500000
1.000000000000 0.429687500000 0.929687500000 0.570312500000
0.804687500000 0.718750000000 0.632812500000 0.851562500000
0.433593750000 0.953125000000 0.224609375000 1.007812500000
0.023559570312 1.000000000000 -0.156250000000 0.937500000000
-0.306640625000 0.804687500000 -0.427734375000 0.613281250000
-0.515625000000 0.375000000000 -0.582031250000 0.106933593750
-0.628906250000 -0.171875000000 -0.667968750000 -0.441406250000
-0.707031250000 -0.683593750000 -0.746093750000 -0.886718750000
-0.785156250000 -1.039062500000 -0.820312500000 -1.140625000000
-0.839843750000 -1.179687500000 -0.843750000000 -1.179687500000
-0.812500000000 -1.140625000000 -0.746093750000 -1.070312500000
-0.632812500000 -0.976562500000 -0.480468750000 -0.882812500000
-0.289062500000 -0.789062500000 -0.074707031250 -0.707031250000
0.149414062500 -0.644531250000 0.361328125000 -0.609375000000
0.546875000000 -0.597656250000 0.687500000000 -0.617187500000
0.765625000000 -0.660156250000 0.781250000000 -0.722656250000
0.722656250000 -0.796875000000 0.601562500000 -0.875000000000
0.429687500000 -0.937500000000 0.220703125000 -0.980468750000
-0.006744384766 -0.980468750000 -0.235351562500 -0.941406250000
-0.445312500000 -0.847656250000 -0.625000000000 -0.707031250000
-0.769531250000 -0.523437500000 -0.875000000000 -0.310546875000
-0.937500000000 -0.085449218750 -0.972656250000 0.126953125000
-0.980468750000 0.310546875000 -0.980468750000 0.439453125000
-0.968750000000 0.503906250000 -0.960937500000 0.496093750000
-0.953125000000 0.417968750000 -0.945312500000 0.273437500000
-0.929687500000 0.083007812500 -0.902343750000 -0.131835937500
-0.855468750000 -0.345703125000 -0.777343750000 -0.535156250000
-0.667968750000 -0.683593750000 -0.519531250000 -0.773437500000
-0.339843750000 -0.796875000000 -0.129882812500 -0.757812500000
0.095214843750 -0.660156250000 0.330078125000 -0.519531250000
0.554687500000 -0.355468750000 0.765625000000 -0.183593750000
0.945312500000 -0.024780273438 1.093750000000 0.114746093750
1.195312500000 0.216796875000 1.265625000000 0.283203125000
1.289062500000 0.318359375000 1.281250000000 0.318359375000
1.257812500000 0.296875000000 1.203125000000 0.263671875000
1.148437500000 0.224609375000 1.093750000000 0.186523437500
1.046875000000 0.154296875000 1.007812500000 0.134765625000
0.984375000000 0.123535156250 0.984375000000 0.117187500000
1.000000000000 0.119140625000 1.039062500000 0.119628906250
1.085937500000 0.122558593750 1.140625000000 0.120117187500
1.203125000000 0.117675781250 1.257812500000 0.111816406250
1.296875000000 0.105957031250 1.312500000000 0.103027343750
1.281250000000 0.104980468750 1.218750000000 0.117187500000
1.101562500000 0.137695312500 0.941406250000 0.168945312500
0.738281250000 0.213867187500 0.503906250000 0.267578125000
0.247070312500 0.333984375000 -0.015747070312 0.406250000000
-0.269531250000 0.484375000000 -0.498046875000 0.562500000000
-0.687500000000 0.640625000000 -0.832031250000 0.710937500000
-0.933593750000 0.773437500000 -0.988281250000 0.816406250000
-1.007812500000 0.843750000000 -1.000000000000 0.847656250000
-0.988281250000 0.820312500000 -0.976562500000 0.773437500000
-0.968750000000 0.699218750000 -0.984375000000 0.601562500000
-1.015625000000 0.488281250000 -1.062500000000 0.367187500000
-1.109375000000 0.244140625000 -1.140625000000 0.125976562500
-1.148437500000 0.026245117188 -1.117187500000 -0.048339843750
-1.039062500000 -0.090332031250 -0.914062500000 -0.098632812500
-0.738281250000 -0.067382812500 -0.523437500000 0.000061511993
-0.287109375000 0.104980468750 -0.046142578125 0.244140625000
0.178710937500 0.406250000000 0.369140625000 0.585937500000
0.511718750000 0.777343750000 0.593750000000 0.960937500000
0.617187500000 1.132812500000 0.582031250000 1.265625000000
0.500000000000 1.359375000000 0.388671875000 1.398437500000
0.259765625000 1.375000000000 0.136718750000 1.281250000000
0.031738281250 1.117187500000 -0.046630859375 0.882812500000
-0.090820312500 0.605468750000 -0.100585937500 0.289062500000
-0.083984375000 -0.031494140625 -0.048583984375 -0.335937500000
-0.005371093750 -0.601562500000 0.033691406250 -0.800781250000
0.055908203125 -0.917968750000 0.053222656250 -0.941406250000
0.023193359375 -0.875000000000 -0.044921875000 -0.730468750000
-0.145507812500 -0.519531250000 -0.273437500000 -0.267578125000
-0.425781250000 -0.005340576172 -0.593750000000 0.245117187500
-0.769531250000 0.457031250000 -0.941406250000 0.609375000000
-1.093750000000 0.703125000000 -1.218750000000 0.718750000000
-1.312500000000 0.671875000000 -1.351562500000 0.566406250000
-1.335937500000 0.421875000000 -1.257812500000 0.250000000000
-1.117187500000 0.072265625000 -0.921875000000 -0.101562500000
-0.683593750000 -0.259765625000 -0.412109375000 -0.394531250000
-0.130859375000 -0.503906250000 0.143554687500 -0.582031250000
0.384765625000 -0.640625000000 0.578125000000 -0.683593750000
0.703125000000 -0.710937500000 0.757812500000 -0.722656250000
0.734375000000 -0.734375000000 0.632812500000 -0.746093750000
0.468750000000 -0.757812500000 0.253906250000 -0.773437500000
0.005737304688 -0.796875000000 -0.255859375000 -0.824218750000
-0.507812500000 -0.859375000000 -0.738281250000 -0.894531250000
-0.925781250000 -0.929687500000 -1.054687500000 -0.964843750000
-1.132812500000 -0.980468750000 -1.140625000000 -0.984375000000
-1.085937500000 -0.960937500000 -0.972656250000 -0.910156250000
-0.808593750000 -0.832031250000 -0.601562500000 -0.718750000000
-0.363281250000 -0.589843750000 -0.103515625000 -0.445312500000
0.160156250000 -0.300781250000 0.412109375000 -0.168945312500
0.644531250000 -0.067382812500 0.847656250000 -0.005279541016
1.000000000000 0.007812500000 1.101562500000 -0.031250000000
1.148437500000 -0.120605468750 1.132812500000 -0.250000000000
1.054687500000 -0.406250000000 0.917968750000 -0.574218750000
0.722656250000 -0.730468750000 0.486328125000 -0.867187500000
0.214843750000 -0.957031250000 -0.072753906250 -1.000000000000
-0.361328125000 -0.988281250000 -0.632812500000 -0.925781250000
-0.859375000000 -0.824218750000 -1.031250000000 -0.687500000000
-1.125000000000 -0.535156250000 -1.132812500000 -0.382812500000
-1.046875000000 -0.245117187500 -0.871093750000 -0.130859375000
-0.628906250000 -0.042236328125 -0.332031250000 0.017211914062
-0.012634277344 0.052246093750 0.296875000000 0.073730468750
0.562500000000 0.088378906250 0.761718750000 0.107421875000
0.863281250000 0.138671875000 0.871093750000 0.187500000000
0.773437500000 0.255859375000 0.593750000000 0.337890625000
0.349609375000 0.425781250000 0.077636718750 0.507812500000
-0.187500000000 0.582031250000 -0.410156250000 0.625000000000
-0.562500000000 0.640625000000 -0.625000000000 0.625000000000
-0.589843750000 0.574218750000 -0.460937500000 0.498046875000
-0.253906250000 0.408203125000 0.005706787109 0.318359375000
0.287109375000 0.240234375000 0.566406250000 0.185546875000
0.808593750000 0.166992187500 1.000000000000 0.185546875000
1.125000000000 0.241210937500 1.187500000000 0.328125000000
1.187500000000 0.433593750000 1.140625000000 0.542968750000
1.062500000000 0.640625000000 0.972656250000 0.710937500000
0.886718750000 0.738281250000 0.824218750000 0.718750000000
0.781250000000 0.644531250000 0.761718750000 0.519531250000
0.765625000000 0.345703125000 0.773437500000 0.136718750000
0.781250000000 -0.093261718750 0.781250000000 -0.332031250000
0.761718750000 -0.562500000000 0.710937500000 -0.777343750000
0.640625000000 -0.957031250000 0.546875000000 -1.101562500000
0.443359375000 -1.195312500000 0.335937500000 -1.250000000000
0.241210937500 -1.257812500000 0.166015625000 -1.226562500000
0.122070312500 -1.156250000000 0.116210937500 -1.046875000000
0.152343750000 -0.917968750000 0.228515625000 -0.769531250000
0.341796875000 -0.609375000000 0.486328125000 -0.449218750000
0.648437500000 -0.294921875000 0.824218750000 -0.150390625000
0.996093750000 -0.024902343750 1.156250000000 0.077148437500
1.289062500000 0.154296875000 1.390625000000 0.203125000000
1.453125000000 0.224609375000 1.460937500000 0.220703125000
1.421875000000 0.190429687500 1.320312500000 0.142578125000
1.171875000000 0.082519531250 0.972656250000 0.015075683594
0.734375000000 -0.053466796875 0.460937500000 -0.111328125000
0.166015625000 -0.152343750000 -0.134765625000 -0.170898437500
-0.433593750000 -0.160156250000 -0.714843750000 -0.116210937500
-0.960937500000 -0.039550781250 -1.164062500000 0.064453125000
-1.320312500000 0.190429687500 -1.414062500000 0.326171875000
-1.445312500000 0.458984375000 -1.398437500000 0.574218750000
-1.289062500000 0.656250000000 -1.125000000000 0.691406250000
-0.898437500000 0.671875000000 -0.632812500000 0.597656250000
-0.345703125000 0.470703125000 -0.056884765625 0.300781250000
0.212890625000 0.104003906250 0.441406250000 -0.101074218750
0.605468750000 -0.294921875000 0.695312500000 -0.455078125000
0.699218750000 -0.574218750000 0.613281250000 -0.632812500000
0.451171875000 -0.636718750000 0.225585937500 -0.593750000000
-0.038085937500 -0.511718750000 -0.308593750000 -0.414062500000
-0.558593750000 -0.314453125000 -0.761718750000 -0.238281250000
-0.886718750000 -0.195312500000 -0.929687500000 -0.195312500000
-0.878906250000 -0.240234375000 -0.742187500000 -0.318359375000
-0.535156250000 -0.419921875000 -0.277343750000 -0.519531250000
0.002044677734 -0.597656250000 0.277343750000 -0.636718750000
0.523437500000 -0.617187500000 0.730468750000 -0.539062500000
0.878906250000 -0.400390625000 0.968750000000 -0.213867187500
1.007812500000 -0.000598907471 1.000000000000 0.210937500000
0.972656250000 0.398437500000 0.929687500000 0.531250000000
0.890625000000 0.597656250000 0.863281250000 0.582031250000
0.847656250000 0.488281250000 0.851562500000 0.330078125000
0.859375000000 0.128906250000 0.863281250000 -0.087890625000
0.855468750000 -0.287109375000 0.828125000000 -0.441406250000
0.765625000000 -0.527343750000 0.664062500000 -0.531250000000
0.527343750000 -0.455078125000 0.355468750000 -0.308593750000
0.156250000000 -0.115234375000 -0.056152343750 0.092285156250
-0.267578125000 0.287109375000 -0.472656250000 0.437500000000
-0.652343750000 0.519531250000 -0.804687500000 0.515625000000
-0.914062500000 0.431640625000 -0.988281250000 0.277343750000
-1.023437500000 0.076171875000 -1.015625000000 -0.137695312500
-0.984375000000 -0.332031250000 -0.925781250000 -0.476562500000
-0.847656250000 -0.542968750000 -0.757812500000 -0.515625000000
-0.660156250000 -0.402343750000 -0.558593750000 -0.210937500000
-0.451171875000 0.032226562500 -0.343750000000 0.296875000000
-0.236328125000 0.539062500000 -0.129882812500 0.734375000000
-0.023437500000 0.847656250000 0.071777343750 0.859375000000
0.157226562500 0.773437500000 0.220703125000 0.589843750000
0.257812500000 0.332031250000 0.259765625000 0.030883789062
0.218750000000 -0.283203125000 0.132812500000 -0.574218750000
0.003387451172 -0.816406250000 -0.164062500000 -0.984375000000
-0.359375000000 -1.070312500000 -0.562500000000 -1.062500000000
-0.757812500000 -0.976562500000 -0.914062500000 -0.828125000000
-1.015625000000 -0.632812500000 -1.054687500000 -0.419921875000
-1.007812500000 -0.204101562500 -0.875000000000 -0.008300781250
-0.667968750000 0.149414062500 -0.402343750000 0.259765625000
-0.100097656250 0.320312500000 0.208007812500 0.326171875000
0.492187500000 0.281250000000 0.722656250000 0.192382812500
0.878906250000 0.069824218750 0.937500000000 -0.078125000000
0.902343750000 -0.235351562500 0.777343750000 -0.392578125000
0.574218750000 -0.535156250000 0.318359375000 -0.652343750000
0.034423828125 -0.726562500000 -0.250000000000 -0.757812500000
-0.511718750000 -0.738281250000 -0.730468750000 -0.664062500000
-0.890625000000 -0.542968750000 -0.996093750000 -0.376953125000
-1.039062500000 -0.180664062500 -1.039062500000 0.032958984375
-1.007812500000 0.246093750000 -0.949218750000 0.449218750000
-0.886718750000 0.625000000000 -0.832031250000 0.765625000000
-0.785156250000 0.863281250000 -0.757812500000 0.925781250000
-0.742187500000 0.949218750000 -0.738281250000 0.945312500000
-0.746093750000 0.921875000000 -0.753906250000 0.886718750000
-0.753906250000 0.859375000000 -0.742187500000 0.835937500000
-0.710937500000 0.824218750000 -0.656250000000 0.835937500000
-0.582031250000 0.859375000000 -0.478515625000 0.902343750000
-0.351562500000 0.953125000000 -0.201171875000 1.015625000000
-0.030639648438 1.070312500000 0.150390625000 1.117187500000
0.332031250000 1.148437500000 0.503906250000 1.164062500000
0.648437500000 1.156250000000 0.757812500000 1.117187500000
0.812500000000 1.046875000000 0.812500000000 0.945312500000
0.742187500000 0.816406250000 0.617187500000 0.660156250000
0.435546875000 0.476562500000 0.218750000000 0.279296875000
-0.013427734375 0.075195312500 -0.237304687500 -0.127929687500
-0.427734375000 -0.322265625000 -0.566406250000 -0.498046875000
-0.628906250000 -0.648437500000 -0.617187500000 -0.769531250000
-0.531250000000 -0.859375000000 -0.376953125000 -0.917968750000
-0.176757812500 -0.941406250000 0.041748046875 -0.945312500000
0.253906250000 -0.921875000000 0.431640625000 -0.890625000000
0.554687500000 -0.843750000000 0.605468750000 -0.800781250000
0.578125000000 -0.757812500000 0.474609375000 -0.726562500000
0.310546875000 -0.699218750000 0.100585937500 -0.695312500000
-0.130859375000 -0.699218750000 -0.359375000000 -0.718750000000
-0.570312500000 -0.753906250000 -0.738281250000 -0.792968750000
-0.867187500000 -0.835937500000 -0.945312500000 -0.871093750000
-0.980468750000 -0.898437500000 -0.984375000000 -0.906250000000
-0.968750000000 -0.890625000000 -0.945312500000 -0.847656250000
-0.921875000000 -0.769531250000 -0.914062500000 -0.656250000000
-0.914062500000 -0.511718750000 -0.921875000000 -0.337890625000
-0.925781250000 -0.139648437500 -0.921875000000 0.071289062500
-0.886718750000 0.289062500000 -0.820312500000 0.503906250000
-0.710937500000 0.699218750000 -0.558593750000 0.875000000000
-0.367187500000 1.015625000000 -0.151367187500 1.109375000000
0.074707031250 1.156250000000 0.291015625000 1.148437500000
0.474609375000 1.085937500000 0.609375000000 0.964843750000
0.683593750000 0.792968750000 0.683593750000 0.582031250000
0.609375000000 0.339843750000 0.472656250000 0.088867187500
0.281250000000 -0.150390625000 0.059814453125 -0.357421875000
-0.174804687500 -0.515625000000 -0.402343750000 -0.605468750000
-0.601562500000 -0.621093750000 -0.765625000000 -0.558593750000
-0.878906250000 -0.425781250000 -0.945312500000 -0.241210937500
-0.968750000000 -0.023437500000 -0.960937500000 0.196289062500
-0.929687500000 0.390625000000 -0.886718750000 0.539062500000
-0.851562500000 0.613281250000 -0.824218750000 0.613281250000
-0.812500000000 0.531250000000 -0.816406250000 0.378906250000
-0.824218750000 0.182617187500 -0.832031250000 -0.036376953125
-0.832031250000 -0.245117187500 -0.812500000000 -0.414062500000
-0.765625000000 -0.519531250000 -0.687500000000 -0.542968750000
-0.585937500000 -0.488281250000 -0.466796875000 -0.347656250000
-0.339843750000 -0.145507812500 -0.221679687500 0.101074218750
-0.124511718750 0.363281250000 -0.061035156250 0.617187500000
-0.041503906250 0.839843750000 -0.066894531250 1.015625000000
-0.135742187500 1.125000000000 -0.236328125000 1.179687500000
-0.351562500000 1.187500000000 -0.468750000000 1.148437500000
-0.558593750000 1.093750000000 -0.613281250000 1.031250000000
-0.613281250000 0.984375000000 -0.554687500000 0.949218750000
-0.437500000000 0.933593750000 -0.271484375000 0.929687500000
-0.072753906250 0.929687500000 0.141601562500 0.917968750000
0.343750000000 0.878906250000 0.519531250000 0.800781250000
0.648437500000 0.671875000000 0.718750000000 0.498046875000
0.726562500000 0.273437500000 0.679687500000 0.019287109375
0.578125000000 -0.244140625000 0.449218750000 -0.494140625000
0.306640625000 -0.707031250000 0.169921875000 -0.859375000000
0.057128906250 -0.937500000000 -0.018310546875 -0.929687500000
-0.046875000000 -0.832031250000 -0.023559570312 -0.667968750000
0.051269531250 -0.445312500000 0.173828125000 -0.191406250000
0.335937500000 0.066894531250 0.523437500000 0.298828125000
0.726562500000 0.490234375000 0.929687500000 0.621093750000
1.109375000000 0.683593750000 1.265625000000 0.679687500000
1.367187500000 0.613281250000 1.414062500000 0.503906250000
1.390625000000 0.365234375000 1.289062500000 0.219726562500
1.117187500000 0.082519531250 0.878906250000 -0.032226562500
0.589843750000 -0.113769531250 0.267578125000 -0.157226562500
-0.061035156250 -0.167968750000 -0.371093750000 -0.146484375000
-0.632812500000 -0.102539062500 -0.824218750000 -0.044921875000
-0.925781250000 0.014526367188 -0.929687500000 0.068359375000
-0.832031250000 0.109863281250 -0.648437500000 0.131835937500
-0.392578125000 0.134765625000 -0.087402343750 0.116699218750
0.234375000000 0.079101562500 0.546875000000 0.025146484375
0.824218750000 -0.044677734375 1.046875000000 -0.127929687500
1.203125000000 -0.219726562500 1.289062500000 -0.318359375000
1.296875000000 -0.417968750000 1.250000000000 -0.519531250000
1.148437500000 -0.617187500000 1.023437500000 -0.707031250000
0.871093750000 -0.789062500000 0.718750000000 -0.859375000000
0.570312500000 -0.921875000000 0.433593750000 -0.972656250000
0.312500000000 -1.015625000000 0.201171875000 -1.046875000000
0.103515625000 -1.078125000000 0.009948730469 -1.101562500000
-0.075195312500 -1.125000000000 -0.162109375000 -1.140625000000
-0.250000000000 -1.156250000000 -0.343750000000 -1.148437500000
-0.439453125000 -1.125000000000 -0.539062500000 -1.078125000000
-0.636718750000 -0.996093750000 -0.738281250000 -0.878906250000
-0.832031250000 -0.722656250000 -0.914062500000 -0.531250000000
-0.984375000000 -0.312500000000 -1.031250000000 -0.082519531250
-1.046875000000 0.146484375000 -1.031250000000 0.355468750000
-0.976562500000 0.531250000000 -0.878906250000 0.656250000000
-0.734375000000 0.722656250000 -0.550781250000 0.722656250000
-0.335937500000 0.667968750000 -0.094238281250 0.566406250000
0.158203125000 0.433593750000 0.404296875000 0.294921875000
0.632812500000 0.168945312500 0.832031250000 0.077636718750
0.984375000000 0.036132812500 1.078125000000 0.052978515625
1.125000000000 0.126953125000 1.101562500000 0.251953125000
1.023437500000 0.410156250000 0.886718750000 0.582031250000
0.703125000000 0.742187500000 0.486328125000 0.871093750000
0.246093750000 0.949218750000 -0.001602172852 0.960937500000
-0.246093750000 0.898437500000 -0.468750000000 0.769531250000
-0.656250000000 0.578125000000 -0.792968750000 0.337890625000
-0.871093750000 0.066894531250 -0.882812500000 -0.212890625000
-0.824218750000 -0.486328125000 -0.707031250000 -0.730468750000
-0.531250000000 -0.933593750000 -0.322265625000 -1.085937500000
-0.095214843750 -1.171875000000 0.122558593750 -1.203125000000
0.310546875000 -1.171875000000 0.449218750000 -1.085937500000
0.519531250000 -0.949218750000 0.519531250000 -0.769531250000
0.451171875000 -0.554687500000 0.318359375000 -0.320312500000
0.146484375000 -0.077148437500 -0.047119140625 0.162109375000
-0.237304687500 0.382812500000 -0.394531250000 0.582031250000
-0.500000000000 0.746093750000 -0.542968750000 0.867187500000
-0.511718750000 0.945312500000 -0.408203125000 0.984375000000
-0.246093750000 0.984375000000 -0.035888671875 0.949218750000
0.198242187500 0.898437500000 0.439453125000 0.832031250000
0.664062500000 0.761718750000 0.859375000000 0.695312500000
1.007812500000 0.640625000000 1.109375000000 0.597656250000
1.164062500000 0.578125000000 1.164062500000 0.570312500000
1.132812500000 0.578125000000 1.054687500000 0.597656250000
0.964843750000 0.625000000000 0.851562500000 0.660156250000
0.734375000000 0.699218750000 0.617187500000 0.750000000000
0.507812500000 0.800781250000 0.402343750000 0.863281250000
0.314453125000 0.929687500000 0.239257812500 1.007812500000
0.176757812500 1.085937500000 0.131835937500 1.171875000000
0.100097656250 1.250000000000 0.085449218750 1.312500000000
0.082031250000 1.351562500000 0.088867187500 1.359375000000
0.102050781250 1.328125000000 0.116699218750 1.250000000000
0.132812500000 1.125000000000 0.144531250000 0.941406250000
0.150390625000 0.718750000000 0.143554687500 0.453125000000
0.123046875000 0.166992187500 0.087890625000 -0.132812500000
0.035888671875 -0.427734375000 -0.032226562500 -0.703125000000
-0.116699218750 -0.941406250000 -0.209960937500 -1.132812500000
-0.314453125000 -1.273437500000 -0.421875000000 -1.351562500000
-0.527343750000 -1.359375000000 -0.625000000000 -1.296875000000
-0.710937500000 -1.171875000000 -0.781250000000 -0.992187500000
-0.828125000000 -0.765625000000 -0.855468750000 -0.503906250000
-0.863281250000 -0.226562500000 -0.851562500000 0.048828125000
-0.828125000000 0.306640625000 -0.792968750000 0.523437500000
-0.757812500000 0.683593750000 -0.726562500000 0.773437500000
-0.707031250000 0.789062500000 -0.699218750000 0.730468750000
-0.707031250000 0.601562500000 -0.722656250000 0.421875000000
-0.750000000000 0.207031250000 -0.777343750000 -0.011718750000
-0.804687500000 -0.215820312500 -0.828125000000 -0.376953125000
-0.839843750000 -0.480468750000 -0.835937500000 -0.511718750000
-0.820312500000 -0.464843750000 -0.789062500000 -0.347656250000
-0.757812500000 -0.174804687500 -0.726562500000 0.039794921875
-0.699218750000 0.269531250000 -0.687500000000 0.494140625000
-0.691406250000 0.691406250000 -0.714843750000 0.839843750000
-0.753906250000 0.929687500000 -0.808593750000 0.960937500000
-0.867187500000 0.929687500000 -0.933593750000 0.835937500000
-0.988281250000 0.703125000000 -1.031250000000 0.527343750000
-1.046875000000 0.335937500000 -1.039062500000 0.132812500000
-0.996093750000 -0.072265625000 -0.925781250000 -0.271484375000
-0.832031250000 -0.458984375000 -0.710937500000 -0.632812500000
-0.578125000000 -0.792968750000 -0.431640625000 -0.941406250000
-0.283203125000 -1.062500000000 -0.136718750000 -1.171875000000
0.002090454102 -1.257812500000 0.130859375000 -1.304687500000
0.249023437500 -1.320312500000 0.357421875000 -1.296875000000
0.455078125000 -1.218750000000 0.542968750000 -1.093750000000
0.621093750000 -0.929687500000 0.695312500000 -0.722656250000
0.757812500000 -0.486328125000 0.808593750000 -0.237304687500
0.851562500000 0.002670288086 0.882812500000 0.215820312500
0.898437500000 0.382812500000 0.898437500000 0.488281250000
0.882812500000 0.523437500000 0.851562500000 0.480468750000
0.812500000000 0.369140625000 0.765625000000 0.199218750000
0.722656250000 -0.005523681641 0.687500000000 -0.225585937500
0.664062500000 -0.431640625000 0.664062500000 -0.605468750000
0.679687500000 -0.718750000000 0.722656250000 -0.765625000000
0.777343750000 -0.734375000000 0.839843750000 -0.636718750000
0.898437500000 -0.472656250000 0.941406250000 -0.267578125000
0.957031250000 -0.041503906250 0.929687500000 0.188476562500
0.855468750000 0.400390625000 0.734375000000 0.582031250000
0.574218750000 0.726562500000 0.376953125000 0.828125000000
0.167968750000 0.890625000000 -0.039550781250 0.933593750000
-0.225585937500 0.953125000000 -0.369140625000 0.972656250000
-0.460937500000 0.996093750000 -0.494140625000 1.031250000000
-0.466796875000 1.070312500000 -0.392578125000 1.117187500000
-0.287109375000 1.164062500000 -0.170898437500 1.187500000000
-0.062988281250 1.179687500000 0.014099121094 1.140625000000
0.045166015625 1.046875000000 0.020751953125 0.906250000000
-0.056884765625 0.722656250000 -0.178710937500 0.507812500000
-0.330078125000 0.269531250000 -0.486328125000 0.035156250000
-0.625000000000 -0.180664062500 -0.722656250000 -0.355468750000
-0.761718750000 -0.478515625000 -0.730468750000 -0.539062500000
-0.628906250000 -0.531250000000 -0.462890625000 -0.460937500000
-0.244140625000 -0.333984375000 0.004516601562 -0.166015625000
0.261718750000 0.030273437500 0.498046875000 0.236328125000
0.703125000000 0.437500000000 0.847656250000 0.625000000000
0.933593750000 0.781250000000 0.953125000000 0.910156250000
0.914062500000 1.000000000000 0.820312500000 1.062500000000
0.695312500000 1.101562500000 0.542968750000 1.117187500000
0.384765625000 1.117187500000 0.225585937500 1.101562500000
0.077636718750 1.085937500000 -0.058349609375 1.062500000000
-0.181640625000 1.046875000000 -0.291015625000 1.023437500000
-0.402343750000 1.000000000000 -0.507812500000 0.976562500000
-0.617187500000 0.949218750000 -0.726562500000 0.917968750000
-0.835937500000 0.875000000000 -0.937500000000 0.824218750000
-1.031250000000 0.753906250000 -1.093750000000 0.667968750000
-1.125000000000 0.554687500000 -1.117187500000 0.417968750000
-1.070312500000 0.257812500000 -0.968750000000 0.078613281250
-0.824218750000 -0.112304687500 -0.640625000000 -0.304687500000
-0.429687500000 -0.488281250000 -0.203125000000 -0.644531250000
0.026489257812 -0.765625000000 0.250000000000 -0.839843750000
0.451171875000 -0.855468750000 0.625000000000 -0.812500000000
0.765625000000 -0.710937500000 0.871093750000 -0.562500000000
0.941406250000 -0.375000000000 0.976562500000 -0.165039062500
0.988281250000 0.047607421875 0.980468750000 0.249023437500
0.960937500000 0.423828125000 0.937500000000 0.562500000000
0.910156250000 0.664062500000 0.890625000000 0.722656250000
0.875000000000 0.746093750000 0.871093750000 0.746093750000
0.882812500000 0.730468750000 0.898437500000 0.707031250000
0.925781250000 0.687500000000 0.960937500000 0.679687500000
0.996093750000 0.679687500000 1.031250000000 0.691406250000
1.054687500000 0.703125000000 1.054687500000 0.707031250000
1.039062500000 0.695312500000 1.000000000000 0.656250000000
0.925781250000 0.582031250000 0.828125000000 0.474609375000
0.703125000000 0.328125000000 0.558593750000 0.148437500000
0.404296875000 -0.059082031250 0.249023437500 -0.283203125000
0.101562500000 -0.515625000000 -0.026977539062 -0.746093750000
-0.129882812500 -0.957031250000 -0.203125000000 -1.140625000000
-0.248046875000 -1.289062500000 -0.267578125000 -1.390625000000
-0.269531250000 -1.445312500000 -0.263671875000 -1.445312500000
-0.261718750000 -1.382812500000 -0.269531250000 -1.281250000000
-0.294921875000 -1.117187500000 -0.345703125000 -0.925781250000
-0.417968750000 -0.707031250000 -0.515625000000 -0.480468750000
-0.625000000000 -0.267578125000 -0.734375000000 -0.081542968750
-0.843750000000 0.056152343750 -0.937500000000 0.131835937500
-1.000000000000 0.137695312500 -1.031250000000 0.078125000000
-1.031250000000 -0.045410156250 -0.988281250000 -0.213867187500
0.355468750000 0.828125000000 0.464843750000 0.710937500000
0.519531250000 0.515625000000 0.519531250000 0.257812500000
0.466796875000 -0.033935546875 0.375000000000 -0.324218750000
0.261718750000 -0.578125000000 0.130859375000 -0.761718750000
0.002609252930 -0.855468750000 -0.112792968750 -0.843750000000
-0.200195312500 -0.730468750000 -0.255859375000 -0.523437500000
-0.273437500000 -0.253906250000 -0.248046875000 0.048828125000
-0.184570312500 0.347656250000 -0.084472656250 0.605468750000
0.047607421875 0.792968750000 0.202148437500 0.898437500000
0.367187500000 0.910156250000 0.539062500000 0.839843750000
0.699218750000 0.707031250000 0.835937500000 0.542968750000
0.945312500000 0.371093750000 1.015625000000 0.230468750000
1.039062500000 0.138671875000 1.015625000000 0.113769531250
0.953125000000 0.160156250000 0.851562500000 0.265625000000
0.722656250000 0.417968750000 0.578125000000 0.585937500000
0.439453125000 0.742187500000 0.310546875000 0.859375000000
0.208984375000 0.921875000000 0.142578125000 0.902343750000
0.115722656250 0.808593750000 0.129882812500 0.636718750000
0.178710937500 0.408203125000 0.259765625000 0.139648437500
0.363281250000 -0.142578125000 0.480468750000 -0.410156250000
0.597656250000 -0.644531250000 0.710937500000 -0.824218750000
0.812500000000 -0.937500000000 0.902343750000 -0.976562500000
0.972656250000 -0.937500000000 1.031250000000 -0.832031250000
1.070312500000 -0.671875000000 1.101562500000 -0.462890625000
1.125000000000 -0.225585937500 1.132812500000 0.021240234375
1.132812500000 0.261718750000 1.125000000000 0.476562500000
1.101562500000 0.648437500000 1.070312500000 0.765625000000
1.023437500000 0.812500000000 0.957031250000 0.785156250000
0.878906250000 0.683593750000 0.781250000000 0.511718750000
0.667968750000 0.285156250000 0.546875000000 0.023681640625
0.417968750000 -0.251953125000 0.291015625000 -0.507812500000
0.165039062500 -0.726562500000 0.049804687500 -0.875000000000
-0.053955078125 -0.937500000000 -0.137695312500 -0.910156250000
-0.196289062500 -0.789062500000 -0.228515625000 -0.585937500000
-0.231445312500 -0.320312500000 -0.203125000000 -0.019165039062
-0.142578125000 0.291015625000 -0.053710937500 0.582031250000
0.060546875000 0.828125000000 0.195312500000 1.007812500000
0.337890625000 1.125000000000 0.484375000000 1.171875000000
0.617187500000 1.164062500000 0.726562500000 1.109375000000
0.796875000000 1.031250000000 0.828125000000 0.957031250000
0.808593750000 0.890625000000 0.738281250000 0.851562500000
0.613281250000 0.835937500000 0.453125000000 0.847656250000
0.259765625000 0.867187500000 0.049560546875 0.882812500000
-0.168945312500 0.878906250000 -0.375000000000 0.839843750000
-0.562500000000 0.750000000000 -0.714843750000 0.617187500000
-0.832031250000 0.433593750000 -0.914062500000 0.219726562500
-0.957031250000 -0.002502441406 -0.972656250000 -0.213867187500
-0.964843750000 -0.390625000000 -0.941406250000 -0.507812500000
-0.910156250000 -0.554687500000 -0.878906250000 -0.523437500000
-0.847656250000 -0.416015625000 -0.824218750000 -0.248046875000
-0.804687500000 -0.039062500000 -0.789062500000 0.183593750000
-0.765625000000 0.392578125000 -0.742187500000 0.562500000000
-0.707031250000 0.664062500000 -0.660156250000 0.691406250000
-0.601562500000 0.632812500000 -0.531250000000 0.488281250000
-0.455078125000 0.275390625000 -0.375000000000 0.010559082031
-0.298828125000 -0.287109375000 -0.221679687500 -0.593750000000
-0.154296875000 -0.878906250000 -0.094726562500 -1.132812500000
-0.040039062500 -1.328125000000 0.008056640625 -1.468750000000
0.059326171875 -1.531250000000 0.116210937500 -1.531250000000
0.180664062500 -1.460937500000 0.257812500000 -1.335937500000
0.351562500000 -1.164062500000 0.453125000000 -0.957031250000
0.562500000000 -0.718750000000 0.667968750000 -0.468750000000
0.765625000000 -0.214843750000 0.835937500000 0.031982421875
0.875000000000 0.257812500000 0.871093750000 0.457031250000
0.816406250000 0.625000000000 0.710937500000 0.750000000000
0.554687500000 0.835937500000 0.357421875000 0.878906250000
0.127929687500 0.878906250000 -0.118652343750 0.839843750000
-0.371093750000 0.769531250000 -0.613281250000 0.671875000000
-0.828125000000 0.558593750000 -1.015625000000 0.439453125000
-1.156250000000 0.314453125000 -1.250000000000 0.206054687500
-1.304687500000 0.118164062500 -1.312500000000 0.059326171875
-1.289062500000 0.035156250000 -1.234375000000 0.050781250000
-1.156250000000 0.103027343750 -1.078125000000 0.190429687500
-0.984375000000 0.304687500000 -0.902343750000 0.429687500000
-0.828125000000 0.554687500000 -0.773437500000 0.660156250000
-0.738281250000 0.734375000000 -0.726562500000 0.761718750000
-0.738281250000 0.738281250000 -0.773437500000 0.656250000000
-0.824218750000 0.531250000000 -0.878906250000 0.369140625000
-0.941406250000 0.197265625000 -0.988281250000 0.032958984375
-1.023437500000 -0.096679687500 -1.031250000000 -0.175781250000
-1.015625000000 -0.187500000000 -0.957031250000 -0.125000000000
-0.871093750000 0.001785278320 -0.753906250000 0.181640625000
-0.617187500000 0.386718750000 -0.466796875000 0.589843750000
-0.316406250000 0.761718750000 -0.173828125000 0.875000000000
-0.043701171875 0.906250000000 0.062988281250 0.847656250000
0.148437500000 0.699218750000 0.210937500000 0.480468750000
0.253906250000 0.204101562500 0.285156250000 -0.091796875000
0.312500000000 -0.375000000000 0.339843750000 -0.613281250000
0.376953125000 -0.789062500000 0.421875000000 -0.871093750000
0.484375000000 -0.871093750000 0.558593750000 -0.781250000000
0.648437500000 -0.625000000000 0.742187500000 -0.427734375000
0.835937500000 -0.214843750000 0.921875000000 -0.017089843750
1.000000000000 0.144531250000 1.062500000000 0.246093750000
1.101562500000 0.279296875000 1.117187500000 0.238281250000
1.101562500000 0.133789062500 1.054687500000 -0.025268554688
0.988281250000 -0.221679687500 0.890625000000 -0.437500000000
0.773437500000 -0.652343750000 0.640625000000 -0.851562500000
0.500000000000 -1.023437500000 0.359375000000 -1.148437500000
0.227539062500 -1.234375000000 0.112304687500 -1.281250000000
0.024780273438 -1.281250000000 -0.029907226562 -1.234375000000
-0.046142578125 -1.156250000000 -0.019653320312 -1.054687500000
0.045410156250 -0.929687500000 0.151367187500 -0.792968750000
0.289062500000 -0.648437500000 0.453125000000 -0.500000000000
0.636718750000 -0.365234375000 0.824218750000 -0.239257812500
1.007812500000 -0.135742187500 1.179687500000 -0.048583984375
1.312500000000 0.013610839844 1.421875000000 0.053710937500
1.476562500000 0.067382812500 1.484375000000 0.060791015625
1.437500000000 0.036132812500 1.328125000000 -0.002395629883
1.171875000000 -0.048095703125 0.960937500000 -0.095703125000
0.707031250000 -0.138671875000 0.421875000000 -0.167968750000
0.123535156250 -0.178710937500 -0.179687500000 -0.162109375000
-0.472656250000 -0.116210937500 -0.734375000000 -0.040283203125
-0.960937500000 0.065917968750 -1.132812500000 0.195312500000
-1.257812500000 0.341796875000 -1.312500000000 0.486328125000
-1.320312500000 0.625000000000 -1.265625000000 0.730468750000
-1.171875000000 0.796875000000 -1.031250000000 0.808593750000
-0.863281250000 0.761718750000 -0.671875000000 0.652343750000
-0.470703125000 0.494140625000 -0.261718750000 0.289062500000
-0.052490234375 0.061035156250 0.148437500000 -0.172851562500
0.341796875000 -0.390625000000 0.523437500000 -0.562500000000
0.683593750000 -0.683593750000 0.828125000000 -0.734375000000
0.941406250000 -0.714843750000 1.023437500000 -0.621093750000
1.070312500000 -0.458984375000 1.078125000000 -0.241210937500
1.039062500000 0.014770507812 0.964843750000 0.291015625000
0.843750000000 0.570312500000 0.691406250000 0.832031250000
0.511718750000 1.062500000000 0.322265625000 1.234375000000
0.137695312500 1.351562500000 -0.029296875000 1.398437500000
-0.162109375000 1.359375000000 -0.249023437500 1.257812500000
-0.281250000000 1.078125000000 -0.259765625000 0.839843750000
-0.183593750000 0.562500000000 -0.063964843750 0.267578125000
0.082031250000 -0.025146484375 0.240234375000 -0.287109375000
0.394531250000 -0.494140625000 0.523437500000 -0.625000000000
0.613281250000 -0.667968750000 0.652343750000 -0.621093750000
0.636718750000 -0.492187500000 0.570312500000 -0.291015625000
0.457031250000 -0.043945312500 0.306640625000 0.222656250000
0.137695312500 0.476562500000 -0.040771484375 0.687500000000
-0.211914062500 0.828125000000 -0.369140625000 0.890625000000
-0.503906250000 0.859375000000 -0.609375000000 0.746093750000
-0.687500000000 0.554687500000 -0.750000000000 0.306640625000
-0.789062500000 0.026855468750 -0.824218750000 -0.259765625000
-0.847656250000 -0.527343750000 -0.871093750000 -0.753906250000
-0.898437500000 -0.925781250000 -0.929687500000 -1.031250000000
-0.957031250000 -1.054687500000 -0.984375000000 -1.007812500000
-1.015625000000 -0.890625000000 -1.031250000000 -0.710937500000
-1.031250000000 -0.482421875000 -1.023437500000 -0.221679687500
-0.992187500000 0.053710937500 -0.945312500000 0.320312500000
-0.878906250000 0.566406250000 -0.792968750000 0.765625000000
-0.691406250000 0.906250000000 -0.574218750000 0.968750000000
-0.441406250000 0.957031250000 -0.298828125000 0.867187500000
-0.149414062500 0.707031250000 0.001007080078 0.488281250000
0.153320312500 0.238281250000 0.300781250000 -0.021240234375
0.439453125000 -0.265625000000 0.566406250000 -0.472656250000
0.683593750000 -0.617187500000 0.781250000000 -0.691406250000
0.863281250000 -0.691406250000 0.929687500000 -0.621093750000
0.976562500000 -0.494140625000 1.007812500000 -0.328125000000
1.023437500000 -0.144531250000 1.039062500000 0.034423828125
1.039062500000 0.187500000000 1.031250000000 0.300781250000
1.023437500000 0.369140625000 1.023437500000 0.384765625000
1.023437500000 0.361328125000 1.031250000000 0.302734375000
1.046875000000 0.223632812500 1.078125000000 0.137695312500
1.109375000000 0.059570312500 1.148437500000 0.001472473145
1.187500000000 -0.031250000000 1.218750000000 -0.032226562500
1.242187500000 -0.004943847656 1.242187500000 0.046875000000
1.218750000000 0.121582031250 1.156250000000 0.207031250000
1.070312500000 0.302734375000 0.941406250000 0.394531250000
0.777343750000 0.484375000000 0.585937500000 0.566406250000
0.363281250000 0.636718750000 0.118652343750 0.699218750000
-0.134765625000 0.750000000000 -0.394531250000 0.789062500000
-0.644531250000 0.820312500000 -0.875000000000 0.839843750000
-1.070312500000 0.843750000000 -1.226562500000 0.835937500000
-1.320312500000 0.808593750000 -1.359375000000 0.761718750000
-1.320312500000 0.691406250000 -1.210937500000 0.601562500000
-1.031250000000 0.486328125000 -0.792968750000 0.355468750000
-0.511718750000 0.210937500000 -0.202148437500 0.065917968750
0.105468750000 -0.074707031250 0.388671875000 -0.197265625000
0.625000000000 -0.292968750000 0.789062500000 -0.355468750000
0.867187500000 -0.380859375000 0.855468750000 -0.369140625000
0.750000000000 -0.322265625000 0.562500000000 -0.253906250000
0.308593750000 -0.175781250000 0.011108398438 -0.103515625000
-0.302734375000 -0.049804687500 -0.609375000000 -0.030639648438
-0.882812500000 -0.052978515625 -1.101562500000 -0.121582031250
-1.250000000000 -0.228515625000 -1.320312500000 -0.365234375000
-1.312500000000 -0.515625000000 -1.226562500000 -0.660156250000
-1.070312500000 -0.781250000000 -0.863281250000 -0.855468750000
-0.613281250000 -0.871093750000 -0.339843750000 -0.832031250000
-0.059570312500 -0.726562500000 0.213867187500 -0.574218750000
0.460937500000 -0.390625000000 0.671875000000 -0.195312500000
0.835937500000 -0.012817382812 0.945312500000 0.132812500000
0.992187500000 0.222656250000 0.980468750000 0.249023437500
0.910156250000 0.207031250000 0.781250000000 0.100585937500
0.609375000000 -0.058349609375 0.398437500000 -0.248046875000
0.166015625000 -0.451171875000 -0.075683593750 -0.644531250000
-0.312500000000 -0.812500000000 -0.531250000000 -0.941406250000
-0.718750000000 -1.023437500000 -0.871093750000 -1.054687500000
-0.968750000000 -1.054687500000 -1.015625000000 -1.015625000000
-1.007812500000 -0.964843750000 -0.949218750000 -0.914062500000
-0.839843750000 -0.867187500000 -0.695312500000 -0.835937500000
-0.515625000000 -0.832031250000 -0.328125000000 -0.843750000000
-0.137695312500 -0.871093750000 0.036132812500 -0.906250000000
0.178710937500 -0.941406250000 0.277343750000 -0.964843750000
0.320312500000 -0.964843750000 0.308593750000 -0.945312500000
0.236328125000 -0.902343750000 0.114257812500 -0.835937500000
-0.052001953125 -0.757812500000 -0.251953125000 -0.675781250000
-0.464843750000 -0.597656250000 -0.679687500000 -0.531250000000
-0.875000000000 -0.484375000000 -1.046875000000 -0.457031250000
-1.187500000000 -0.451171875000 -1.273437500000 -0.457031250000
-1.320312500000 -0.470703125000 -1.320312500000 -0.478515625000
-1.289062500000 -0.470703125000 -1.210937500000 -0.437500000000
-1.109375000000 -0.369140625000 -0.984375000000 -0.267578125000
-0.843750000000 -0.125976562500 -0.695312500000 0.045166015625
-0.546875000000 0.237304687500 -0.404296875000 0.435546875000
-0.271484375000 0.632812500000 -0.154296875000 0.812500000000
-0.054931640625 0.964843750000 0.031250000000 1.078125000000
0.100585937500 1.164062500000 0.159179687500 1.203125000000
0.211914062500 1.210937500000 0.265625000000 1.203125000000
0.324218750000 1.171875000000 0.396484375000 1.140625000000
0.476562500000 1.101562500000 0.570312500000 1.078125000000
0.667968750000 1.054687500000 0.765625000000 1.031250000000
0.843750000000 1.007812500000 0.894531250000 0.976562500000
0.902343750000 0.925781250000 0.855468750000 0.847656250000
0.753906250000 0.746093750000 0.597656250000 0.609375000000
0.392578125000 0.455078125000 0.151367187500 0.281250000000
-0.107421875000 0.107910156250 -0.359375000000 -0.054687500000
-0.585937500000 -0.187500000000 -0.757812500000 -0.279296875000
-0.871093750000 -0.318359375000 -0.906250000000 -0.300781250000
-0.863281250000 -0.224609375000 -0.753906250000 -0.096679687500
-0.589843750000 0.071289062500 -0.386718750000 0.263671875000
-0.166015625000 0.470703125000 0.044921875000 0.671875000000
0.237304687500 0.851562500000 0.390625000000 1.000000000000
0.500000000000 1.109375000000 0.566406250000 1.179687500000
0.589843750000 1.210937500000 0.585937500000 1.218750000000
0.566406250000 1.195312500000 0.539062500000 1.156250000000
0.523437500000 1.117187500000 0.519531250000 1.062500000000
0.542968750000 1.007812500000 0.582031250000 0.953125000000
0.648437500000 0.886718750000 0.722656250000 0.800781250000
0.804687500000 0.699218750000 0.886718750000 0.566406250000
0.960937500000 0.408203125000 1.015625000000 0.223632812500
1.046875000000 0.023559570312 1.062500000000 -0.181640625000
1.046875000000 -0.375000000000 1.007812500000 -0.539062500000
0.957031250000 -0.660156250000 0.886718750000 -0.722656250000
0.808593750000 -0.714843750000 0.722656250000 -0.636718750000
0.640625000000 -0.494140625000 0.562500000000 -0.296875000000
0.498046875000 -0.061523437500 0.451171875000 0.194335937500
0.425781250000 0.445312500000 0.421875000000 0.671875000000
0.447265625000 0.851562500000 0.494140625000 0.976562500000
0.562500000000 1.031250000000 0.648437500000 1.015625000000
0.738281250000 0.933593750000 0.832031250000 0.789062500000
0.917968750000 0.597656250000 0.984375000000 0.375000000000
1.039062500000 0.133789062500 1.062500000000 -0.109375000000
1.062500000000 -0.339843750000 1.039062500000 -0.539062500000
1.007812500000 -0.699218750000 0.957031250000 -0.808593750000
0.906250000000 -0.855468750000 0.863281250000 -0.843750000000
0.828125000000 -0.769531250000 0.812500000000 -0.640625000000
0.812500000000 -0.474609375000 0.828125000000 -0.285156250000
0.855468750000 -0.092285156250 0.894531250000 0.076660156250
0.933593750000 0.205078125000 0.968750000000 0.271484375000
0.992187500000 0.271484375000 1.000000000000 0.195312500000
0.988281250000 0.055664062500 0.953125000000 -0.131835937500
0.898437500000 -0.341796875000 0.820312500000 -0.542968750000
0.722656250000 -0.707031250000 0.605468750000 -0.804687500000
0.478515625000 -0.816406250000 0.345703125000 -0.738281250000
0.207031250000 -0.570312500000 0.071777343750 -0.335937500000
-0.053222656250 -0.058837890625 -0.166015625000 0.224609375000
-0.263671875000 0.476562500000 -0.337890625000 0.664062500000
-0.388671875000 0.757812500000 -0.414062500000 0.750000000000
-0.417968750000 0.632812500000 -0.396484375000 0.425781250000
-0.351562500000 0.156250000000 -0.289062500000 -0.142578125000
-0.213867187500 -0.433593750000 -0.129882812500 -0.675781250000
-0.039062500000 -0.835937500000 0.045654296875 -0.898437500000
0.118164062500 -0.851562500000 0.174804687500 -0.699218750000
0.205078125000 -0.460937500000 0.206054687500 -0.159179687500
0.174804687500 0.177734375000 0.107421875000 0.515625000000
0.006713867188 0.824218750000 -0.121582031250 1.078125000000
-0.265625000000 1.265625000000 -0.414062500000 1.382812500000
-0.554687500000 1.414062500000 -0.671875000000 1.367187500000
-0.746093750000 1.257812500000 -0.769531250000 1.101562500000
-0.734375000000 0.910156250000 -0.636718750000 0.703125000000
-0.478515625000 0.498046875000 -0.271484375000 0.312500000000
-0.026855468750 0.158203125000 0.233398437500 0.046875000000
0.496093750000 -0.011596679688 0.738281250000 -0.011840820312
0.941406250000 0.041748046875 1.093750000000 0.147460937500
1.187500000000 0.291015625000 1.218750000000 0.455078125000
1.179687500000 0.625000000000 1.085937500000 0.773437500000
0.945312500000 0.878906250000 0.769531250000 0.921875000000
0.562500000000 0.898437500000 0.345703125000 0.796875000000
0.126953125000 0.628906250000 -0.083496093750 0.406250000000
-0.277343750000 0.156250000000 -0.445312500000 -0.096679687500
-0.582031250000 -0.320312500000 -0.687500000000 -0.488281250000
-0.753906250000 -0.582031250000 -0.785156250000 -0.585937500000
-0.777343750000 -0.498046875000 -0.734375000000 -0.332031250000
-0.656250000000 -0.104980468750 -0.550781250000 0.159179687500
-0.419921875000 0.425781250000 -0.269531250000 0.671875000000
-0.105957031250 0.863281250000 0.067871093750 0.992187500000
0.240234375000 1.046875000000 0.412109375000 1.023437500000
0.570312500000 0.925781250000 0.718750000000 0.777343750000
0.855468750000 0.597656250000 0.972656250000 0.398437500000
1.070312500000 0.207031250000 1.148437500000 0.034912109375
1.203125000000 -0.109375000000 1.234375000000 -0.221679687500
1.242187500000 -0.300781250000 1.226562500000 -0.355468750000
1.187500000000 -0.394531250000 1.125000000000 -0.423828125000
1.039062500000 -0.451171875000 0.945312500000 -0.486328125000
0.843750000000 -0.535156250000 0.738281250000 -0.593750000000
0.640625000000 -0.664062500000 0.562500000000 -0.742187500000
0.503906250000 -0.824218750000 0.478515625000 -0.902343750000
0.478515625000 -0.976562500000 0.507812500000 -1.031250000000
0.562500000000 -1.078125000000 0.628906250000 -1.093750000000
0.699218750000 -1.093750000000 0.757812500000 -1.062500000000
0.796875000000 -1.007812500000 0.800781250000 -0.925781250000
0.761718750000 -0.820312500000 0.675781250000 -0.699218750000
0.539062500000 -0.554687500000 0.355468750000 -0.402343750000
0.135742187500 -0.239257812500 -0.113769531250 -0.081542968750
-0.375000000000 0.074218750000 -0.636718750000 0.219726562500
-0.882812500000 0.345703125000 -1.101562500000 0.449218750000
-1.273437500000 0.527343750000 -1.406250000000 0.582031250000
-1.468750000000 0.605468750000 -1.468750000000 0.597656250000
-1.414062500000 0.566406250000 -1.289062500000 0.511718750000
-1.109375000000 0.435546875000 -0.886718750000 0.349609375000
-0.617187500000 0.257812500000 -0.328125000000 0.167968750000
-0.029174804688 0.089355468750 0.265625000000 0.030639648438
0.542968750000 -0.000831604004 0.781250000000 -0.002471923828
0.976562500000 0.030639648438 1.117187500000 0.096679687500
1.195312500000 0.194335937500 1.218750000000 0.316406250000
1.171875000000 0.455078125000 1.078125000000 0.597656250000
0.933593750000 0.730468750000 0.753906250000 0.847656250000
0.546875000000 0.941406250000 0.320312500000 0.996093750000
0.089355468750 1.015625000000 -0.136718750000 1.000000000000
-0.349609375000 0.945312500000 -0.542968750000 0.863281250000
-0.714843750000 0.761718750000 -0.851562500000 0.644531250000
-0.964843750000 0.519531250000 -1.039062500000 0.394531250000
-1.093750000000 0.271484375000 -1.117187500000 0.150390625000
-1.125000000000 0.034179687500 -1.117187500000 -0.082519531250
-1.101562500000 -0.197265625000 -1.085937500000 -0.318359375000
-1.062500000000 -0.439453125000 -1.046875000000 -0.562500000000
-1.031250000000 -0.679687500000 -1.023437500000 -0.781250000000
-1.000000000000 -0.863281250000 -0.972656250000 -0.910156250000
-0.933593750000 -0.917968750000 -0.875000000000 -0.875000000000
-0.789062500000 -0.777343750000 -0.679687500000 -0.632812500000
-0.542968750000 -0.447265625000 -0.382812500000 -0.231445312500
-0.195312500000 -0.002899169922 0.011840820312 0.219726562500
0.232421875000 0.416015625000 0.458984375000 0.570312500000
0.683593750000 0.667968750000 0.894531250000 0.703125000000
1.078125000000 0.671875000000 1.226562500000 0.585937500000
1.320312500000 0.451171875000 1.359375000000 0.281250000000
1.328125000000 0.097167968750 1.218750000000 -0.084472656250
1.039062500000 -0.245117187500 0.792968750000 -0.375000000000
0.496093750000 -0.460937500000 0.174804687500 -0.500000000000
-0.146484375000 -0.496093750000 -0.443359375000 -0.447265625000
-0.683593750000 -0.367187500000 -0.847656250000 -0.263671875000
-0.914062500000 -0.140625000000 -0.886718750000 -0.012634277344
-0.761718750000 0.118164062500 -0.562500000000 0.246093750000
-0.320312500000 0.367187500000 -0.055664062500 0.484375000000
0.188476562500 0.593750000000 0.380859375000 0.699218750000
0.500000000000 0.789062500000 0.531250000000 0.875000000000
0.472656250000 0.945312500000 0.333984375000 0.996093750000
0.142578125000 1.023437500000 -0.075195312500 1.015625000000
-0.283203125000 0.980468750000 -0.451171875000 0.898437500000
-0.550781250000 0.781250000000 -0.570312500000 0.628906250000
-0.507812500000 0.443359375000 -0.367187500000 0.239257812500
-0.170898437500 0.028320312500 0.051757812500 -0.174804687500
0.273437500000 -0.363281250000 0.462890625000 -0.519531250000
0.589843750000 -0.632812500000 0.640625000000 -0.707031250000
0.605468750000 -0.742187500000 0.486328125000 -0.738281250000
0.292968750000 -0.707031250000 0.042968750000 -0.656250000000
-0.237304687500 -0.609375000000 -0.523437500000 -0.570312500000
-0.792968750000 -0.550781250000 -1.023437500000 -0.554687500000
-1.195312500000 -0.582031250000 -1.304687500000 -0.628906250000
-1.343750000000 -0.683593750000 -1.312500000000 -0.734375000000
-1.218750000000 -0.773437500000 -1.070312500000 -0.781250000000
-0.867187500000 -0.750000000000 -0.640625000000 -0.671875000000
-0.390625000000 -0.554687500000 -0.138671875000 -0.388671875000
0.100585937500 -0.194335937500 0.314453125000 0.018554687500
0.488281250000 0.241210937500 0.613281250000 0.455078125000
0.683593750000 0.648437500000 0.691406250000 0.812500000000
0.644531250000 0.941406250000 0.542968750000 1.031250000000
0.406250000000 1.093750000000 0.237304687500 1.117187500000
0.054199218750 1.109375000000 -0.128906250000 1.093750000000
-0.298828125000 1.062500000000 -0.447265625000 1.023437500000
-0.570312500000 0.992187500000 -0.664062500000 0.953125000000
-0.730468750000 0.921875000000 -0.773437500000 0.886718750000
-0.804687500000 0.851562500000 -0.832031250000 0.812500000000
-0.855468750000 0.765625000000 -0.886718750000 0.710937500000
-0.925781250000 0.648437500000 -0.968750000000 0.570312500000
-1.007812500000 0.480468750000 -1.046875000000 0.380859375000
-1.070312500000 0.271484375000 -1.078125000000 0.153320312500
-1.062500000000 0.030029296875 -1.023437500000 -0.100585937500
-0.960937500000 -0.232421875000 -0.878906250000 -0.367187500000
-0.785156250000 -0.500000000000 -0.687500000000 -0.632812500000
-0.597656250000 -0.761718750000 -0.523437500000 -0.886718750000
-0.464843750000 -1.000000000000 -0.429687500000 -1.101562500000
-0.416015625000 -1.187500000000 -0.416015625000 -1.250000000000
-0.427734375000 -1.281250000000 -0.435546875000 -1.281250000000
-0.435546875000 -1.250000000000 -0.414062500000 -1.171875000000
-0.367187500000 -1.062500000000 -0.287109375000 -0.914062500000
-0.173828125000 -0.738281250000 -0.029907226562 -0.542968750000
0.136718750000 -0.337890625000 0.324218750000 -0.136718750000
0.523437500000 0.047363281250 0.718750000000 0.207031250000
0.902343750000 0.333984375000 1.070312500000 0.421875000000
1.203125000000 0.474609375000 1.296875000000 0.500000000000
1.351562500000 0.500000000000 1.343750000000 0.498046875000
1.296875000000 0.498046875000 1.187500000000 0.515625000000
1.039062500000 0.550781250000 0.851562500000 0.613281250000
0.636718750000 0.699218750000 0.406250000000 0.796875000000
0.182617187500 0.890625000000 -0.017211914062 0.968750000000
-0.180664062500 1.007812500000 -0.292968750000 0.996093750000
-0.345703125000 0.921875000000 -0.337890625000 0.785156250000
-0.275390625000 0.589843750000 -0.165039062500 0.347656250000
-0.031738281250 0.079101562500 0.103515625000 -0.193359375000
0.223632812500 -0.445312500000 0.302734375000 -0.652343750000
0.326171875000 -0.800781250000 0.289062500000 -0.875000000000
0.185546875000 -0.882812500000 0.027954101562 -0.820312500000
-0.166015625000 -0.714843750000 -0.376953125000 -0.578125000000
-0.585937500000 -0.433593750000 -0.765625000000 -0.306640625000
-0.894531250000 -0.216796875000 -0.968750000000 -0.173828125000
-0.988281250000 -0.186523437500 -0.949218750000 -0.250000000000
-0.871093750000 -0.355468750000 -0.769531250000 -0.492187500000
-0.671875000000 -0.636718750000 -0.585937500000 -0.777343750000
-0.535156250000 -0.890625000000 -0.531250000000 -0.968750000000
-0.566406250000 -1.007812500000 -0.636718750000 -1.000000000000
-0.730468750000 -0.960937500000 -0.820312500000 -0.890625000000
-0.890625000000 -0.800781250000 -0.921875000000 -0.703125000000
-0.898437500000 -0.601562500000 -0.808593750000 -0.511718750000
-0.648437500000 -0.433593750000 -0.433593750000 -0.361328125000
-0.174804687500 -0.292968750000 0.109375000000 -0.219726562500
0.394531250000 -0.136718750000 0.660156250000 -0.035888671875
0.890625000000 0.083496093750 1.062500000000 0.221679687500
1.179687500000 0.371093750000 1.226562500000 0.519531250000
1.226562500000 0.656250000000 1.179687500000 0.761718750000
1.101562500000 0.824218750000 0.996093750000 0.824218750000
0.886718750000 0.761718750000 0.785156250000 0.628906250000
0.683593750000 0.441406250000 0.593750000000 0.206054687500
0.503906250000 -0.059570312500 0.410156250000 -0.330078125000
0.308593750000 -0.578125000000 0.189453125000 -0.789062500000
0.049560546875 -0.937500000000 -0.107421875000 -1.015625000000
-0.283203125000 -1.007812500000 -0.462890625000 -0.929687500000
-0.636718750000 -0.785156250000 -0.785156250000 -0.582031250000
-0.902343750000 -0.341796875000 -0.968750000000 -0.083984375000
-0.976562500000 0.170898437500 -0.921875000000 0.410156250000
-0.808593750000 0.617187500000 -0.636718750000 0.781250000000
-0.421875000000 0.898437500000 -0.179687500000 0.960937500000
0.075683593750 0.980468750000 0.324218750000 0.953125000000
0.554687500000 0.882812500000 0.757812500000 0.781250000000
0.914062500000 0.648437500000 1.031250000000 0.503906250000
1.109375000000 0.343750000000 1.148437500000 0.176757812500
1.148437500000 0.017333984375 1.132812500000 -0.135742187500
1.101562500000 -0.273437500000 1.054687500000 -0.394531250000
1.007812500000 -0.496093750000 0.960937500000 -0.574218750000
0.925781250000 -0.636718750000 0.894531250000 -0.679687500000
0.871093750000 -0.710937500000 0.855468750000 -0.730468750000
0.843750000000 -0.746093750000 0.835937500000 -0.757812500000
0.828125000000 -0.773437500000 0.812500000000 -0.792968750000
0.785156250000 -0.820312500000 0.742187500000 -0.851562500000
0.679687500000 -0.890625000000 0.597656250000 -0.933593750000
0.488281250000 -0.980468750000 0.363281250000 -1.031250000000
0.226562500000 -1.070312500000 0.081542968750 -1.109375000000
-0.054687500000 -1.132812500000 -0.171875000000 -1.140625000000
-0.259765625000 -1.125000000000 -0.306640625000 -1.093750000000
-0.308593750000 -1.031250000000 -0.257812500000 -0.953125000000
-0.158203125000 -0.859375000000 -0.016723632812 -0.757812500000
0.157226562500 -0.652343750000 0.351562500000 -0.562500000000
0.550781250000 -0.490234375000 0.738281250000 -0.445312500000
0.906250000000 -0.435546875000 1.039062500000 -0.457031250000
1.132812500000 -0.507812500000 1.179687500000 -0.570312500000
1.187500000000 -0.640625000000 1.164062500000 -0.703125000000
1.109375000000 -0.734375000000 1.023437500000 -0.726562500000
0.933593750000 -0.664062500000 0.828125000000 -0.554687500000
0.718750000000 -0.386718750000 0.605468750000 -0.178710937500
0.488281250000 0.058349609375 0.365234375000 0.302734375000
0.235351562500 0.539062500000 0.097167968750 0.746093750000
-0.046875000000 0.910156250000 -0.197265625000 1.023437500000
-0.347656250000 1.078125000000 -0.492187500000 1.085937500000
-0.621093750000 1.054687500000 -0.722656250000 1.000000000000
-0.789062500000 0.941406250000 -0.812500000000 0.894531250000
-0.789062500000 0.863281250000 -0.722656250000 0.863281250000
-0.613281250000 0.894531250000 -0.472656250000 0.941406250000
-0.312500000000 1.000000000000 -0.152343750000 1.054687500000
-0.001083374023 1.070312500000 0.125000000000 1.054687500000
0.212890625000 0.980468750000 0.263671875000 0.847656250000
0.273437500000 0.656250000000 0.253906250000 0.414062500000
0.215820312500 0.136718750000 0.174804687500 -0.155273437500
0.146484375000 -0.443359375000 0.147460937500 -0.699218750000
0.183593750000 -0.914062500000 0.261718750000 -1.062500000000
0.376953125000 -1.148437500000 0.515625000000 -1.171875000000
0.664062500000 -1.125000000000 0.796875000000 -1.015625000000
0.898437500000 -0.875000000000 0.941406250000 -0.703125000000
0.917968750000 -0.515625000000 0.820312500000 -0.326171875000
0.656250000000 -0.145507812500 0.437500000000 0.025512695312
0.184570312500 0.185546875000 -0.072265625000 0.332031250000
-0.306640625000 0.468750000000 -0.492187500000 0.597656250000
-0.609375000000 0.718750000000 -0.648437500000 0.832031250000
-0.609375000000 0.937500000000 -0.503906250000 1.031250000000
-0.355468750000 1.101562500000 -0.189453125000 1.140625000000
-0.035400390625 1.140625000000 0.078125000000 1.101562500000
0.128906250000 1.023437500000 0.110839843750 0.910156250000
0.018432617188 0.765625000000 -0.133789062500 0.597656250000
-0.324218750000 0.427734375000 -0.519531250000 0.271484375000
-0.699218750000 0.145507812500 -0.828125000000 0.059326171875
-0.882812500000 0.024658203125 -0.859375000000 0.043457031250
-0.746093750000 0.112304687500 -0.566406250000 0.219726562500
-0.335937500000 0.349609375000 -0.085937500000 0.484375000000
0.153320312500 0.605468750000 0.347656250000 0.691406250000
0.478515625000 0.726562500000 0.527343750000 0.703125000000
0.490234375000 0.617187500000 0.378906250000 0.472656250000
0.208007812500 0.277343750000 0.005554199219 0.048583984375
-0.202148437500 -0.198242187500 -0.384765625000 -0.441406250000
-0.519531250000 -0.667968750000 -0.582031250000 -0.863281250000
-0.570312500000 -1.007812500000 -0.482421875000 -1.101562500000
-0.326171875000 -1.140625000000 -0.116699218750 -1.117187500000
0.126953125000 -1.046875000000 0.382812500000 -0.933593750000
0.632812500000 -0.781250000000 0.859375000000 -0.605468750000
1.039062500000 -0.425781250000 1.179687500000 -0.250000000000
1.265625000000 -0.098632812500 1.312500000000 0.015869140625
1.304687500000 0.076660156250 1.257812500000 0.079589843750
-0.859375000000 -0.707031250000 -0.636718750000 -0.597656250000
-0.367187500000 -0.464843750000 -0.074218750000 -0.328125000000
0.218750000000 -0.197265625000 0.488281250000 -0.087890625000
0.710937500000 -0.011474609375 0.859375000000 0.026367187500
0.925781250000 0.015197753906 0.898437500000 -0.043212890625
0.785156250000 -0.140625000000 0.593750000000 -0.265625000000
0.347656250000 -0.394531250000 0.076660156250 -0.507812500000
-0.192382812500 -0.585937500000 -0.427734375000 -0.609375000000
-0.609375000000 -0.562500000000 -0.714843750000 -0.443359375000
-0.742187500000 -0.259765625000 -0.695312500000 -0.030761718750
-0.578125000000 0.218750000000 -0.417968750000 0.458984375000
-0.228515625000 0.660156250000 -0.038085937500 0.789062500000
0.129882812500 0.828125000000 0.263671875000 0.769531250000
0.349609375000 0.617187500000 0.386718750000 0.382812500000
0.367187500000 0.101562500000 0.308593750000 -0.197265625000
0.212890625000 -0.472656250000 0.097656250000 -0.687500000000
-0.022949218750 -0.812500000000 -0.140625000000 -0.835937500000
-0.238281250000 -0.750000000000 -0.312500000000 -0.566406250000
-0.353515625000 -0.308593750000 -0.353515625000 -0.005676269531
-0.314453125000 0.304687500000 -0.232421875000 0.585937500000
-0.115234375000 0.808593750000 0.032470703125 0.949218750000
0.199218750000 0.988281250000 0.376953125000 0.933593750000
0.542968750000 0.789062500000 0.691406250000 0.574218750000
0.800781250000 0.302734375000 0.863281250000 0.008911132812
0.867187500000 -0.287109375000 0.812500000000 -0.562500000000
0.707031250000 -0.800781250000 0.558593750000 -0.992187500000
0.380859375000 -1.117187500000 0.197265625000 -1.195312500000
0.028076171875 -1.210937500000 -0.109863281250 -1.179687500000
-0.197265625000 -1.093750000000 -0.225585937500 -0.980468750000
-0.188476562500 -0.839843750000 -0.090332031250 -0.679687500000
0.065429687500 -0.519531250000 0.261718750000 -0.365234375000
0.478515625000 -0.227539062500 0.703125000000 -0.114257812500
0.917968750000 -0.032470703125 1.101562500000 0.019287109375
1.257812500000 0.042968750000 1.359375000000 0.043457031250
1.414062500000 0.035156250000 1.414062500000 0.030639648438
1.375000000000 0.039550781250 1.289062500000 0.076660156250
1.171875000000 0.148437500000 1.031250000000 0.255859375000
0.878906250000 0.396484375000 0.707031250000 0.554687500000
0.539062500000 0.714843750000 0.378906250000 0.859375000000
0.231445312500 0.964843750000 0.103027343750 1.007812500000
-0.001480102539 0.984375000000 -0.076171875000 0.878906250000
-0.119140625000 0.703125000000 -0.133789062500 0.462890625000
-0.115234375000 0.184570312500 -0.068359375000 -0.111328125000
0.001892089844 -0.392578125000 0.094726562500 -0.636718750000
0.198242187500 -0.820312500000 0.314453125000 -0.929687500000
0.431640625000 -0.964843750000 0.550781250000 -0.925781250000
0.671875000000 -0.832031250000 0.785156250000 -0.707031250000
0.890625000000 -0.566406250000 0.988281250000 -0.441406250000
1.078125000000 -0.345703125000 1.148437500000 -0.294921875000
1.195312500000 -0.296875000000 1.218750000000 -0.345703125000
1.210937500000 -0.425781250000 1.156250000000 -0.527343750000
1.046875000000 -0.628906250000 0.898437500000 -0.707031250000
0.695312500000 -0.750000000000 0.455078125000 -0.742187500000
0.185546875000 -0.683593750000 -0.093750000000 -0.582031250000
-0.363281250000 -0.437500000000 -0.597656250000 -0.271484375000
-0.777343750000 -0.098144531250 -0.886718750000 0.062988281250
-0.910156250000 0.201171875000 -0.839843750000 0.306640625000
-0.691406250000 0.371093750000 -0.468750000000 0.402343750000
-0.198242187500 0.404296875000 0.095214843750 0.386718750000
0.380859375000 0.361328125000 0.636718750000 0.341796875000
0.835937500000 0.341796875000 0.960937500000 0.363281250000
1.007812500000 0.414062500000 0.964843750000 0.488281250000
0.847656250000 0.582031250000 0.667968750000 0.687500000000
0.441406250000 0.792968750000 0.191406250000 0.890625000000
-0.062500000000 0.968750000000 -0.300781250000 1.023437500000
-0.511718750000 1.054687500000 -0.675781250000 1.054687500000
-0.789062500000 1.046875000000 -0.843750000000 1.015625000000
-0.843750000000 0.988281250000 -0.785156250000 0.964843750000
-0.675781250000 0.953125000000 -0.527343750000 0.953125000000
-0.355468750000 0.968750000000 -0.170898437500 0.988281250000
0.003387451172 1.015625000000 0.152343750000 1.039062500000
0.251953125000 1.054687500000 0.296875000000 1.046875000000
0.271484375000 1.007812500000 0.181640625000 0.945312500000
0.030639648438 0.847656250000 -0.162109375000 0.718750000000
-0.375000000000 0.566406250000 -0.578125000000 0.396484375000
-0.750000000000 0.213867187500 -0.855468750000 0.028076171875
-0.882812500000 -0.149414062500 -0.820312500000 -0.310546875000
-0.671875000000 -0.449218750000 -0.453125000000 -0.554687500000
-0.184570312500 -0.617187500000 0.104492187500 -0.640625000000
0.376953125000 -0.613281250000 0.601562500000 -0.542968750000
0.757812500000 -0.421875000000 0.824218750000 -0.263671875000
0.800781250000 -0.076660156250 0.695312500000 0.126953125000
0.523437500000 0.333984375000 0.318359375000 0.531250000000
0.104980468750 0.695312500000 -0.079589843750 0.820312500000
-0.214843750000 0.894531250000 -0.281250000000 0.910156250000
-0.267578125000 0.871093750000 -0.174804687500 0.777343750000
-0.019897460938 0.644531250000 0.185546875000 0.476562500000
0.414062500000 0.298828125000 0.644531250000 0.123046875000
0.851562500000 -0.037841796875 1.023437500000 -0.169921875000
1.156250000000 -0.265625000000 1.234375000000 -0.320312500000
1.273437500000 -0.332031250000 1.281250000000 -0.308593750000
1.257812500000 -0.247070312500 1.234375000000 -0.161132812500
1.203125000000 -0.060791015625 1.187500000000 0.051269531250
1.171875000000 0.165039062500 1.164062500000 0.275390625000
1.156250000000 0.373046875000 1.140625000000 0.458984375000
1.093750000000 0.527343750000 1.015625000000 0.578125000000
0.902343750000 0.605468750000 0.742187500000 0.617187500000
0.542968750000 0.605468750000 0.308593750000 0.582031250000
0.054199218750 0.535156250000 -0.211914062500 0.480468750000
-0.470703125000 0.414062500000 -0.707031250000 0.339843750000
-0.910156250000 0.261718750000 -1.070312500000 0.182617187500
-1.187500000000 0.103027343750 -1.257812500000 0.025878906250
-1.281250000000 -0.054687500000 -1.265625000000 -0.136718750000
-1.234375000000 -0.220703125000 -1.179687500000 -0.310546875000
-1.117187500000 -0.404296875000 -1.054687500000 -0.503906250000
-0.984375000000 -0.601562500000 -0.921875000000 -0.695312500000
-0.851562500000 -0.785156250000 -0.769531250000 -0.863281250000
-0.679687500000 -0.925781250000 -0.566406250000 -0.964843750000
-0.429687500000 -0.980468750000 -0.269531250000 -0.976562500000
-0.092773437500 -0.949218750000 0.096679687500 -0.906250000000
0.287109375000 -0.851562500000 0.464843750000 -0.789062500000
0.617187500000 -0.734375000000 0.734375000000 -0.687500000000
0.808593750000 -0.652343750000 0.835937500000 -0.640625000000
0.820312500000 -0.652343750000 0.757812500000 -0.679687500000
0.671875000000 -0.730468750000 0.574218750000 -0.796875000000
0.474609375000 -0.871093750000 0.390625000000 -0.957031250000
0.332031250000 -1.031250000000 0.308593750000 -1.101562500000
0.318359375000 -1.156250000000 0.361328125000 -1.179687500000
0.427734375000 -1.187500000000 0.503906250000 -1.156250000000
0.582031250000 -1.085937500000 0.644531250000 -0.984375000000
0.679687500000 -0.843750000000 0.683593750000 -0.675781250000
0.660156250000 -0.474609375000 0.593750000000 -0.250000000000
0.507812500000 -0.005523681641 0.406250000000 0.248046875000
0.296875000000 0.503906250000 0.194335937500 0.753906250000
0.109863281250 0.988281250000 0.043212890625 1.195312500000
0.007781982422 1.367187500000 -0.003585815430 1.492187500000
0.009765625000 1.554687500000 0.040039062500 1.554687500000
0.082519531250 1.484375000000 0.125976562500 1.343750000000
0.168945312500 1.125000000000 0.197265625000 0.851562500000
0.214843750000 0.535156250000 0.214843750000 0.198242187500
0.199218750000 -0.135742187500 0.166992187500 -0.439453125000
0.122070312500 -0.687500000000 0.072753906250 -0.851562500000
0.018310546875 -0.925781250000 -0.036132812500 -0.898437500000
-0.083984375000 -0.769531250000 -0.118164062500 -0.562500000000
-0.139648437500 -0.289062500000 -0.141601562500 0.016601562500
-0.121582031250 0.324218750000 -0.077148437500 0.605468750000
-0.008972167969 0.828125000000 0.082519531250 0.980468750000
0.190429687500 1.046875000000 0.318359375000 1.031250000000
0.457031250000 0.945312500000 0.605468750000 0.796875000000
0.753906250000 0.609375000000 0.898437500000 0.402343750000
1.023437500000 0.200195312500 1.140625000000 0.016113281250
1.234375000000 -0.138671875000 1.289062500000 -0.257812500000
1.320312500000 -0.341796875000 1.312500000000 -0.396484375000
1.257812500000 -0.431640625000 1.171875000000 -0.455078125000
1.046875000000 -0.476562500000 0.894531250000 -0.503906250000
0.718750000000 -0.539062500000 0.535156250000 -0.593750000000
0.351562500000 -0.664062500000 0.177734375000 -0.746093750000
0.030883789062 -0.835937500000 -0.080566406250 -0.933593750000
-0.152343750000 -1.039062500000 -0.175781250000 -1.132812500000
-0.153320312500 -1.210937500000 -0.089843750000 -1.273437500000
0.005767822266 -1.296875000000 0.123046875000 -1.289062500000
0.250000000000 -1.234375000000 0.371093750000 -1.125000000000
0.478515625000 -0.960937500000 0.558593750000 -0.753906250000
0.601562500000 -0.511718750000 0.609375000000 -0.239257812500
0.582031250000 0.044677734375 0.511718750000 0.320312500000
0.412109375000 0.570312500000 0.285156250000 0.781250000000
0.134765625000 0.933593750000 -0.027343750000 1.023437500000
-0.194335937500 1.054687500000 -0.361328125000 1.023437500000
-0.523437500000 0.937500000000 -0.671875000000 0.816406250000
-0.808593750000 0.675781250000 -0.921875000000 0.527343750000
-1.015625000000 0.394531250000 -1.085937500000 0.283203125000
-1.132812500000 0.209960937500 -1.148437500000 0.175781250000
-1.148437500000 0.185546875000 -1.117187500000 0.237304687500
-1.070312500000 0.324218750000 -1.015625000000 0.439453125000
-0.937500000000 0.570312500000 -0.851562500000 0.710937500000
-0.765625000000 0.847656250000 -0.679687500000 0.972656250000
-0.597656250000 1.070312500000 -0.527343750000 1.132812500000
-0.472656250000 1.148437500000 -0.433593750000 1.125000000000
-0.412109375000 1.046875000000 -0.406250000000 0.917968750000
-0.414062500000 0.742187500000 -0.429687500000 0.523437500000
-0.449218750000 0.271484375000 -0.464843750000 -0.002792358398
-0.472656250000 -0.287109375000 -0.464843750000 -0.570312500000
-0.437500000000 -0.839843750000 -0.390625000000 -1.078125000000
-0.324218750000 -1.273437500000 -0.244140625000 -1.421875000000
-0.155273437500 -1.507812500000 -0.067871093750 -1.523437500000
0.008361816406 -1.468750000000 0.068847656250 -1.335937500000
0.100097656250 -1.148437500000 0.104003906250 -0.898437500000
0.077636718750 -0.609375000000 0.022827148438 -0.298828125000
-0.056884765625 0.008605957031 -0.155273437500 0.292968750000
-0.259765625000 0.527343750000 -0.365234375000 0.691406250000
-0.464843750000 0.781250000000 -0.554687500000 0.781250000000
-0.628906250000 0.695312500000 -0.687500000000 0.539062500000
-0.730468750000 0.333984375000 -0.761718750000 0.101074218750
-0.789062500000 -0.130859375000 -0.812500000000 -0.335937500000
-0.832031250000 -0.492187500000 -0.859375000000 -0.585937500000
-0.886718750000 -0.617187500000 -0.921875000000 -0.582031250000
-0.957031250000 -0.500000000000 -0.996093750000 -0.390625000000
-1.039062500000 -0.271484375000 -1.070312500000 -0.172851562500
-1.093750000000 -0.107910156250 -1.101562500000 -0.095703125000
-1.093750000000 -0.131835937500 -1.070312500000 -0.218750000000
-1.015625000000 -0.343750000000 -0.941406250000 -0.484375000000
-0.839843750000 -0.625000000000 -0.707031250000 -0.746093750000
-0.554687500000 -0.828125000000 -0.373046875000 -0.863281250000
-0.173828125000 -0.847656250000 0.035400390625 -0.781250000000
0.250000000000 -0.679687500000 0.464843750000 -0.550781250000
0.667968750000 -0.419921875000 0.851562500000 -0.300781250000
1.007812500000 -0.208007812500 1.132812500000 -0.149414062500
1.218750000000 -0.138671875000 1.257812500000 -0.170898437500
1.257812500000 -0.239257812500 1.203125000000 -0.339843750000
1.109375000000 -0.460937500000 0.968750000000 -0.585937500000
0.792968750000 -0.710937500000 0.589843750000 -0.820312500000
0.373046875000 -0.906250000000 0.156250000000 -0.972656250000
-0.047119140625 -1.015625000000 -0.214843750000 -1.039062500000
-0.333984375000 -1.039062500000 -0.398437500000 -1.031250000000
-0.396484375000 -1.015625000000 -0.330078125000 -0.988281250000
-0.209960937500 -0.964843750000 -0.048583984375 -0.937500000000
0.129882812500 -0.914062500000 0.302734375000 -0.894531250000
0.443359375000 -0.878906250000 0.531250000000 -0.859375000000
0.546875000000 -0.847656250000 0.486328125000 -0.832031250000
0.355468750000 -0.816406250000 0.166015625000 -0.792968750000
-0.061523437500 -0.765625000000 -0.294921875000 -0.726562500000
-0.503906250000 -0.679687500000 -0.660156250000 -0.621093750000
-0.738281250000 -0.550781250000 -0.730468750000 -0.466796875000
-0.628906250000 -0.380859375000 -0.441406250000 -0.296875000000
-0.198242187500 -0.219726562500 0.083007812500 -0.155273437500
0.365234375000 -0.114257812500 0.617187500000 -0.097167968750
0.816406250000 -0.112304687500 0.941406250000 -0.159179687500
0.992187500000 -0.235351562500 0.957031250000 -0.339843750000
0.867187500000 -0.462890625000 0.738281250000 -0.601562500000
0.589843750000 -0.742187500000 0.449218750000 -0.878906250000
0.341796875000 -1.000000000000 0.275390625000 -1.101562500000
0.257812500000 -1.179687500000 0.277343750000 -1.226562500000
0.328125000000 -1.234375000000 0.384765625000 -1.226562500000
0.427734375000 -1.179687500000 0.437500000000 -1.101562500000
0.396484375000 -1.007812500000 0.300781250000 -0.898437500000
0.148437500000 -0.781250000000 -0.045654296875 -0.664062500000
-0.263671875000 -0.554687500000 -0.478515625000 -0.464843750000
-0.664062500000 -0.402343750000 -0.796875000000 -0.369140625000
-0.855468750000 -0.373046875000 -0.832031250000 -0.408203125000
-0.730468750000 -0.472656250000 -0.562500000000 -0.558593750000
-0.359375000000 -0.656250000000 -0.139648437500 -0.750000000000
0.058105468750 -0.832031250000 0.207031250000 -0.878906250000
0.287109375000 -0.894531250000 0.281250000000 -0.863281250000
0.193359375000 -0.789062500000 0.035156250000 -0.671875000000
-0.167968750000 -0.519531250000 -0.388671875000 -0.347656250000
-0.589843750000 -0.162109375000 -0.742187500000 0.021240234375
-0.820312500000 0.187500000000 -0.804687500000 0.326171875000
-0.699218750000 0.429687500000 -0.507812500000 0.490234375000
-0.250000000000 0.507812500000 0.041503906250 0.482421875000
0.337890625000 0.417968750000 0.605468750000 0.320312500000
0.816406250000 0.194335937500 0.953125000000 0.046142578125
1.007812500000 -0.113769531250 0.972656250000 -0.281250000000
0.867187500000 -0.451171875000 0.703125000000 -0.613281250000
0.511718750000 -0.765625000000 0.310546875000 -0.906250000000
0.119140625000 -1.023437500000 -0.043701171875 -1.125000000000
-0.166992187500 -1.203125000000 -0.251953125000 -1.250000000000
-0.306640625000 -1.273437500000 -0.333984375000 -1.257812500000
-0.351562500000 -1.226562500000 -0.375000000000 -1.164062500000
-0.410156250000 -1.078125000000 -0.466796875000 -0.976562500000
-0.539062500000 -0.867187500000 -0.628906250000 -0.757812500000
-0.726562500000 -0.660156250000 -0.812500000000 -0.585937500000
-0.878906250000 -0.542968750000 -0.910156250000 -0.535156250000
-0.898437500000 -0.566406250000 -0.839843750000 -0.636718750000
-0.734375000000 -0.734375000000 -0.593750000000 -0.847656250000
-0.427734375000 -0.957031250000 -0.253906250000 -1.039062500000
-0.089843750000 -1.078125000000 0.051269531250 -1.062500000000
0.151367187500 -0.964843750000 0.208007812500 -0.800781250000
0.214843750000 -0.566406250000 0.181640625000 -0.287109375000
0.115234375000 0.012634277344 0.029174804688 0.304687500000
-0.056396484375 0.554687500000 -0.133789062500 0.738281250000
-0.184570312500 0.828125000000 -0.201171875000 0.816406250000
-0.180664062500 0.707031250000 -0.123046875000 0.511718750000
-0.034667968750 0.253906250000 0.071289062500 -0.032470703125
0.185546875000 -0.310546875000 0.294921875000 -0.546875000000
0.388671875000 -0.714843750000 0.457031250000 -0.789062500000
0.496093750000 -0.761718750000 0.503906250000 -0.636718750000
0.482421875000 -0.421875000000 0.433593750000 -0.144531250000
0.367187500000 0.172851562500 0.285156250000 0.498046875000
0.198242187500 0.804687500000 0.117675781250 1.070312500000
0.047607421875 1.281250000000 -0.005676269531 1.429687500000
-0.037353515625 1.500000000000 -0.040771484375 1.507812500000
-0.016479492188 1.453125000000 0.038085937500 1.359375000000
0.119628906250 1.218750000000 0.226562500000 1.062500000000
0.351562500000 0.886718750000 0.488281250000 0.699218750000
0.625000000000 0.507812500000 0.750000000000 0.310546875000
0.859375000000 0.116699218750 0.941406250000 -0.078613281250
0.984375000000 -0.269531250000 0.984375000000 -0.451171875000
0.941406250000 -0.621093750000 0.855468750000 -0.773437500000
0.734375000000 -0.898437500000 0.574218750000 -0.996093750000
0.392578125000 -1.054687500000 0.196289062500 -1.085937500000
-0.007934570312 -1.070312500000 -0.208007812500 -1.023437500000
-0.398437500000 -0.945312500000 -0.570312500000 -0.843750000000
-0.718750000000 -0.730468750000 -0.843750000000 -0.617187500000
-0.937500000000 -0.507812500000 -1.000000000000 -0.419921875000
-1.039062500000 -0.357421875000 -1.054687500000 -0.324218750000
-1.046875000000 -0.326171875000 -1.015625000000 -0.355468750000
-0.976562500000 -0.410156250000 -0.929687500000 -0.486328125000
-0.875000000000 -0.570312500000 -0.824218750000 -0.656250000000
-0.777343750000 -0.734375000000 -0.746093750000 -0.796875000000
-0.722656250000 -0.843750000000 -0.714843750000 -0.867187500000
-0.718750000000 -0.863281250000 -0.738281250000 -0.843750000000
-0.769531250000 -0.808593750000 -0.804687500000 -0.757812500000
-0.847656250000 -0.695312500000 -0.894531250000 -0.636718750000
-0.933593750000 -0.578125000000 -0.972656250000 -0.527343750000
-1.000000000000 -0.482421875000 -1.023437500000 -0.453125000000
-1.031250000000 -0.439453125000 -1.023437500000 -0.443359375000
-1.007812500000 -0.464843750000 -0.972656250000 -0.503906250000
-0.929687500000 -0.554687500000 -0.871093750000 -0.617187500000
-0.796875000000 -0.691406250000 -0.718750000000 -0.769531250000
-0.625000000000 -0.843750000000 -0.527343750000 -0.914062500000
-0.419921875000 -0.976562500000 -0.316406250000 -1.031250000000
-0.215820312500 -1.062500000000 -0.124511718750 -1.093750000000
-0.049316406250 -1.109375000000 0.006469726562 -1.117187500000
0.037841796875 -1.125000000000 0.043701171875 -1.125000000000
0.020874023438 -1.125000000000 -0.027343750000 -1.125000000000
-0.092773437500 -1.132812500000 -0.168945312500 -1.132812500000
-0.246093750000 -1.132812500000 -0.312500000000 -1.132812500000
-0.359375000000 -1.117187500000 -0.371093750000 -1.085937500000
-0.345703125000 -1.046875000000 -0.277343750000 -0.984375000000
-0.166992187500 -0.906250000000 -0.017700195312 -0.804687500000
0.161132812500 -0.683593750000 0.363281250000 -0.546875000000
0.574218750000 -0.388671875000 0.781250000000 -0.219726562500
0.972656250000 -0.043212890625 1.140625000000 0.136718750000
1.257812500000 0.310546875000 1.335937500000 0.470703125000
1.351562500000 0.605468750000 1.312500000000 0.710937500000
1.210937500000 0.777343750000 1.046875000000 0.800781250000
0.832031250000 0.777343750000 0.578125000000 0.707031250000
0.296875000000 0.601562500000 0.005767822266 0.457031250000
-0.273437500000 0.292968750000 -0.519531250000 0.116210937500
-0.714843750000 -0.053710937500 -0.839843750000 -0.208984375000
-0.886718750000 -0.335937500000 -0.847656250000 -0.425781250000
-0.722656250000 -0.472656250000 -0.527343750000 -0.470703125000
-0.275390625000 -0.423828125000 0.009582519531 -0.330078125000
0.304687500000 -0.202148437500 0.585937500000 -0.040771484375
0.832031250000 0.138671875000 1.023437500000 0.328125000000
1.156250000000 0.511718750000 1.218750000000 0.679687500000
1.218750000000 0.820312500000 1.156250000000 0.921875000000
1.046875000000 0.980468750000 0.910156250000 0.980468750000
0.750000000000 0.921875000000 0.589843750000 0.812500000000
0.425781250000 0.644531250000 0.269531250000 0.435546875000
0.125000000000 0.191406250000 -0.013000488281 -0.075195312500
-0.140625000000 -0.347656250000 -0.265625000000 -0.613281250000
-0.386718750000 -0.855468750000 -0.503906250000 -1.062500000000
-0.605468750000 -1.226562500000 -0.695312500000 -1.335937500000
-0.757812500000 -1.382812500000 -0.789062500000 -1.375000000000
-0.773437500000 -1.304687500000 -0.710937500000 -1.171875000000
-0.597656250000 -0.996093750000 -0.437500000000 -0.781250000000
-0.238281250000 -0.546875000000 -0.014282226562 -0.308593750000
0.218750000000 -0.083984375000 0.443359375000 0.107910156250
0.632812500000 0.248046875000 0.777343750000 0.320312500000
0.863281250000 0.326171875000 0.882812500000 0.257812500000
0.835937500000 0.124023437500 0.730468750000 -0.059326171875
0.585937500000 -0.271484375000 0.414062500000 -0.484375000000
0.239257812500 -0.675781250000 0.083007812500 -0.824218750000
-0.037597656250 -0.898437500000 -0.110351562500 -0.894531250000
-0.127929687500 -0.812500000000 -0.087402343750 -0.656250000000
0.001045227051 -0.441406250000 0.129882812500 -0.187500000000
0.283203125000 0.081054687500 0.447265625000 0.332031250000
0.605468750000 0.550781250000 0.750000000000 0.710937500000
0.867187500000 0.812500000000 0.957031250000 0.843750000000
1.023437500000 0.800781250000 1.070312500000 0.695312500000
1.109375000000 0.546875000000 1.132812500000 0.365234375000
1.164062500000 0.163085937500 1.187500000000 -0.042480468750
1.203125000000 -0.236328125000 1.218750000000 -0.410156250000
1.203125000000 -0.554687500000 1.164062500000 -0.664062500000
1.085937500000 -0.738281250000 0.957031250000 -0.773437500000
0.777343750000 -0.769531250000 0.550781250000 -0.726562500000
0.285156250000 -0.660156250000 -0.000698089600 -0.566406250000
-0.287109375000 -0.462890625000 -0.546875000000 -0.355468750000
-0.753906250000 -0.251953125000 -0.894531250000 -0.161132812500
-0.945312500000 -0.093261718750 -0.906250000000 -0.048583984375
-0.769531250000 -0.027099609375 -0.558593750000 -0.023925781250
-0.289062500000 -0.031250000000 0.015014648438 -0.038574218750
0.324218750000 -0.037353515625 0.609375000000 -0.014221191406
0.843750000000 0.037597656250 1.007812500000 0.117675781250
1.093750000000 0.227539062500 1.101562500000 0.363281250000
1.023437500000 0.511718750000 0.882812500000 0.664062500000
0.691406250000 0.804687500000 0.470703125000 0.921875000000
0.235351562500 1.000000000000 0.001174926758 1.039062500000
-0.218750000000 1.023437500000 -0.419921875000 0.957031250000
-0.593750000000 0.851562500000 -0.746093750000 0.707031250000
-0.882812500000 0.531250000000 -1.000000000000 0.341796875000
-1.101562500000 0.146484375000 -1.187500000000 -0.042480468750
-1.265625000000 -0.213867187500 -1.320312500000 -0.355468750000
-1.343750000000 -0.460937500000 -1.335937500000 -0.523437500000
-1.281250000000 -0.539062500000 -1.187500000000 -0.500000000000
-1.039062500000 -0.416015625000 -0.851562500000 -0.289062500000
-0.628906250000 -0.129882812500 -0.380859375000 0.052734375000
-0.134765625000 0.242187500000 0.095703125000 0.425781250000
0.289062500000 0.585937500000 0.429687500000 0.710937500000
0.503906250000 0.789062500000 0.503906250000 0.816406250000
0.431640625000 0.789062500000 0.291015625000 0.710937500000
0.094726562500 0.593750000000 -0.137695312500 0.443359375000
-0.388671875000 0.275390625000 -0.640625000000 0.107421875000
-0.871093750000 -0.050537109375 -1.062500000000 -0.184570312500
-1.210937500000 -0.289062500000 -1.304687500000 -0.349609375000
-1.359375000000 -0.367187500000 -1.359375000000 -0.339843750000
-1.320312500000 -0.271484375000 -1.265625000000 -0.165039062500
-1.187500000000 -0.029785156250 -1.101562500000 0.124511718750
-1.015625000000 0.287109375000 -0.937500000000 0.447265625000
-0.871093750000 0.589843750000 -0.820312500000 0.699218750000
-0.781250000000 0.769531250000 -0.761718750000 0.785156250000
-0.757812500000 0.746093750000 -0.792968750000 0.496093750000
-0.816406250000 0.314453125000 -0.847656250000 0.117675781250
-0.871093750000 -0.075195312500 -0.894531250000 -0.243164062500
-0.902343750000 -0.369140625000 -0.898437500000 -0.437500000000
-0.886718750000 -0.439453125000 -0.859375000000 -0.375000000000
-0.828125000000 -0.255859375000 -0.796875000000 -0.089355468750
-0.773437500000 0.102539062500 -0.765625000000 0.296875000000
-0.773437500000 0.476562500000 -0.808593750000 0.625000000000
-0.863281250000 0.730468750000 -0.929687500000 0.789062500000
-1.000000000000 0.804687500000 -1.062500000000 0.781250000000
-1.101562500000 0.730468750000 -1.101562500000 0.675781250000
-1.046875000000 0.621093750000 -0.937500000000 0.578125000000
-0.769531250000 0.562500000000 -0.550781250000 0.566406250000
-0.302734375000 0.593750000000 -0.041259765625 0.636718750000
0.207031250000 0.675781250000 0.414062500000 0.710937500000
0.562500000000 0.718750000000 0.632812500000 0.699218750000
0.621093750000 0.640625000000 0.527343750000 0.539062500000
0.365234375000 0.400390625000 0.156250000000 0.227539062500
-0.071289062500 0.028808593750 -0.289062500000 -0.189453125000
-0.470703125000 -0.410156250000 -0.597656250000 -0.625000000000
-0.652343750000 -0.824218750000 -0.632812500000 -0.996093750000
-0.542968750000 -1.125000000000 -0.410156250000 -1.218750000000
-0.247070312500 -1.265625000000 -0.077148437500 -1.250000000000
0.071289062500 -1.195312500000 0.179687500000 -1.085937500000
0.237304687500 -0.929687500000 0.235351562500 -0.734375000000
0.180664062500 -0.503906250000 0.077148437500 -0.248046875000
-0.051269531250 0.025268554688 -0.191406250000 0.302734375000
-0.320312500000 0.574218750000 -0.427734375000 0.828125000000
-0.492187500000 1.054687500000 -0.511718750000 1.242187500000
-0.484375000000 1.375000000000 -0.408203125000 1.453125000000
-0.292968750000 1.468750000000 -0.150390625000 1.414062500000
0.013244628906 1.289062500000 0.180664062500 1.109375000000
0.341796875000 0.871093750000 0.484375000000 0.593750000000
0.601562500000 0.296875000000 0.683593750000 -0.003051757812
0.722656250000 -0.283203125000 0.718750000000 -0.523437500000
0.667968750000 -0.699218750000 0.570312500000 -0.808593750000
0.435546875000 -0.839843750000 0.267578125000 -0.789062500000
0.077148437500 -0.667968750000 -0.124023437500 -0.484375000000
-0.320312500000 -0.261718750000 -0.500000000000 -0.017089843750
-0.652343750000 0.227539062500 -0.769531250000 0.457031250000
-0.839843750000 0.652343750000 -0.859375000000 0.812500000000
-0.832031250000 0.933593750000 -0.765625000000 1.015625000000
-0.664062500000 1.078125000000 -0.535156250000 1.109375000000
-0.396484375000 1.140625000000 -0.248046875000 1.171875000000
-0.105957031250 1.203125000000 0.020385742188 1.234375000000
0.128906250000 1.273437500000 0.213867187500 1.289062500000
0.277343750000 1.289062500000 0.312500000000 1.257812500000
0.326171875000 1.179687500000 0.316406250000 1.046875000000
0.285156250000 0.875000000000 0.236328125000 0.656250000000
0.166015625000 0.400390625000 0.075683593750 0.125000000000
-0.033691406250 -0.153320312500 -0.158203125000 -0.417968750000
-0.298828125000 -0.652343750000 -0.449218750000 -0.835937500000
-0.605468750000 -0.968750000000 -0.757812500000 -1.031250000000
-0.894531250000 -1.031250000000 -1.007812500000 -0.968750000000
-1.093750000000 -0.851562500000 -1.140625000000 -0.683593750000
-1.140625000000 -0.476562500000 -1.085937500000 -0.249023437500
-0.984375000000 -0.011596679688 -0.835937500000 0.221679687500
-0.648437500000 0.433593750000 -0.425781250000 0.613281250000
-0.183593750000 0.750000000000 0.067382812500 0.828125000000
0.310546875000 0.847656250000 0.542968750000 0.808593750000
0.746093750000 0.714843750000 0.914062500000 0.574218750000
1.046875000000 0.408203125000 1.132812500000 0.229492187500
1.179687500000 0.066894531250 1.187500000000 -0.064941406250
1.156250000000 -0.146484375000 1.093750000000 -0.164062500000
1.007812500000 -0.114746093750 0.902343750000 -0.003646850586
0.789062500000 0.156250000000 0.679687500000 0.345703125000
0.574218750000 0.539062500000 0.488281250000 0.710937500000
0.417968750000 0.835937500000 0.373046875000 0.890625000000
0.351562500000 0.871093750000 0.351562500000 0.769531250000
0.369140625000 0.593750000000 0.400390625000 0.359375000000
0.435546875000 0.084960937500 0.466796875000 -0.203125000000
0.486328125000 -0.482421875000 0.488281250000 -0.730468750000
0.466796875000 -0.929687500000 0.417968750000 -1.078125000000
0.345703125000 -1.171875000000 0.251953125000 -1.218750000000
0.138671875000 -1.226562500000 0.012145996094 -1.218750000000
-0.117675781250 -1.195312500000 -0.248046875000 -1.171875000000
-0.369140625000 -1.164062500000 -0.472656250000 -1.164062500000
-0.558593750000 -1.171875000000 -0.617187500000 -1.179687500000
-0.644531250000 -1.171875000000 -0.644531250000 -1.132812500000
-0.609375000000 -1.054687500000 -0.542968750000 -0.937500000000
-0.447265625000 -0.773437500000 -0.328125000000 -0.566406250000
-0.184570312500 -0.330078125000 -0.028686523438 -0.081542968750
0.137695312500 0.162109375000 0.298828125000 0.382812500000
0.457031250000 0.558593750000 0.601562500000 0.683593750000
0.726562500000 0.742187500000 0.832031250000 0.746093750000
0.921875000000 0.691406250000 0.988281250000 0.605468750000
1.039062500000 0.498046875000 1.078125000000 0.392578125000
1.109375000000 0.306640625000 1.132812500000 0.253906250000
1.156250000000 0.242187500000 1.171875000000 0.271484375000
1.179687500000 0.335937500000 1.164062500000 0.417968750000
1.132812500000 0.503906250000 1.070312500000 0.570312500000
0.980468750000 0.605468750000 0.855468750000 0.585937500000
0.703125000000 0.511718750000 0.531250000000 0.382812500000
0.345703125000 0.203125000000 0.164062500000 -0.013549804688
0.001075744629 -0.248046875000 -0.125000000000 -0.480468750000
-0.207031250000 -0.691406250000 -0.234375000000 -0.867187500000
-0.203125000000 -0.996093750000 -0.119628906250 -1.070312500000
0.008483886719 -1.093750000000 0.165039062500 -1.078125000000
0.333984375000 -1.023437500000 0.492187500000 -0.957031250000
0.628906250000 -0.882812500000 0.718750000000 -0.820312500000
0.757812500000 -0.773437500000 0.734375000000 -0.750000000000
0.652343750000 -0.750000000000 0.511718750000 -0.769531250000
0.324218750000 -0.804687500000 0.096679687500 -0.843750000000
-0.153320312500 -0.882812500000 -0.410156250000 -0.914062500000
-0.656250000000 -0.925781250000 -0.882812500000 -0.921875000000
-1.062500000000 -0.898437500000 -1.187500000000 -0.851562500000
-1.250000000000 -0.789062500000 -1.234375000000 -0.714843750000
-1.148437500000 -0.632812500000 -0.980468750000 -0.546875000000
-0.753906250000 -0.458984375000 -0.472656250000 -0.378906250000
-0.164062500000 -0.306640625000 0.148437500000 -0.245117187500
0.437500000000 -0.195312500000 0.671875000000 -0.159179687500
0.835937500000 -0.138671875000 0.910156250000 -0.130859375000
0.886718750000 -0.139648437500 0.769531250000 -0.162109375000
0.578125000000 -0.202148437500 0.328125000000 -0.261718750000
0.052490234375 -0.335937500000 -0.219726562500 -0.425781250000
-0.457031250000 -0.535156250000 -0.636718750000 -0.648437500000
-0.738281250000 -0.769531250000 -0.753906250000 -0.890625000000
-0.691406250000 -0.992187500000 -0.558593750000 -1.078125000000
-0.375000000000 -1.117187500000 -0.159179687500 -1.125000000000
0.062011718750 -1.078125000000 0.267578125000 -0.976562500000
