-0.008483886719
0.008178710938
0.127929687500
0.038085937500
0.007598876953
-0.001373291016
0.030273437500
-0.014404296875
-0.054199218750
-0.010742187500
0.041503906250
0.115234375000
0.030883789062
-0.137695312500
0.129882812500
0.123535156250
-0.105468750000
-0.015075683594
-0.125000000000
-0.087402343750
0.058837890625
-0.129882812500
0.000907897949
0.105957031250
0.001869201660
-0.030883789062
0.157226562500
0.046386718750
0.006347656250
0.052246093750
0.096679687500
-0.025146484375
-0.104003906250
-0.104003906250
0.044433593750
0.057373046875
-0.056884765625
0.083007812500
0.035156250000
0.095214843750
-0.020507812500
0.070800781250
0.143554687500
0.114746093750
0.008300781250
-0.181640625000
0.112304687500
0.049316406250
0.063964843750
-0.023315429688
0.129882812500
-0.042236328125
-0.058593750000
-0.059326171875
-0.188476562500
-0.070800781250
-0.328125000000
0.157226562500
0.154296875000
-0.013305664062
-0.068359375000
0.136718750000
-0.006408691406
-0.149414062500
0.027221679688
0.003540039062
0.141601562500
-0.081542968750
0.175781250000
-0.047119140625
0.045654296875
-0.104980468750
0.008911132812
0.000440597534
-0.090820312500
-0.011657714844
0.078125000000
-0.085937500000
-0.000667572021
0.002044677734
0.151367187500
-0.098144531250
-0.056396484375
0.080566406250
-0.027343750000
-0.054687500000
0.067382812500
0.122558593750
0.217773437500
0.028442382812
-0.130859375000
0.073730468750
0.035644531250
-0.084472656250
0.015869140625
-0.066894531250
0.038085937500
-0.209960937500
-0.077148437500
-0.025878906250
0.038818359375
0.006988525391
-0.029052734375
-0.080566406250
0.194335937500
0.060302734375
0.014587402344
-0.075195312500
0.152343750000
-0.281250000000
0.195312500000
-0.000379562378
0.016845703125
-0.134765625000
0.136718750000
0.041015625000
-0.092285156250
0.110839843750
-0.136718750000
-0.190429687500
0.006896972656
-0.085449218750
0.025634765625
-0.032714843750
0.136718750000
0.152343750000
0.086914062500
-0.042724609375
-0.339843750000
-0.011352539062
-0.084472656250
0.083007812500
0.019653320312
0.029663085938
0.028808593750
0.004272460938
0.087402343750
-0.047851562500
0.113281250000
0.199218750000
-0.182617187500
0.061523437500
0.191406250000
-0.005371093750
0.054199218750
0.068359375000
-0.063964843750
0.062500000000
0.455078125000
-0.161132812500
-0.025146484375
0.052734375000
0.031127929688
-0.088867187500
-0.032714843750
0.190429687500
0.026611328125
-0.130859375000
-0.014953613281
0.126953125000
-0.056640625000
-0.039794921875
-0.222656250000
0.015563964844
-0.000942230225
-0.081542968750
-0.345703125000
-0.011718750000
0.054199218750
0.068359375000
-0.104980468750
0.086914062500
0.247070312500
0.015502929688
-0.095703125000
-0.016479492188
-0.103515625000
0.000320434570
-0.110839843750
0.006988525391
-0.067871093750
0.074218750000
0.065917968750
-0.058837890625
-0.072265625000
-0.144531250000
0.032714843750
0.014587402344
-0.048583984375
0.095703125000
-0.012329101562
-0.017456054688
0.059326171875
-0.083496093750
-0.093261718750
0.162109375000
0.079101562500
0.010742187500
-0.049560546875
0.043457031250
-0.142578125000
0.075195312500
-0.078613281250
0.068847656250
0.002624511719
-0.042480468750
0.169921875000
-0.006317138672
-0.082031250000
-0.039062500000
-0.034667968750
-0.096191406250
-0.062500000000
0.035644531250
0.065429687500
0.039550781250
-0.004028320312
-0.070312500000
0.076171875000
-0.199218750000
0.189453125000
0.094238281250
0.002212524414
-0.145507812500
0.130859375000
0.060791015625
0.131835937500
0.006042480469
-0.009399414062
0.037353515625
-0.019531250000
-0.089843750000
0.010009765625
-0.110351562500
0.023437500000
0.082519531250
0.086425781250
0.192382812500
-0.058837890625
-0.110839843750
0.008911132812
-0.031738281250
-0.009582519531
0.121582031250
0.008361816406
-0.044433593750
0.012817382812
0.062011718750
0.077636718750
-0.214843750000
0.006591796875
-0.046386718750
-0.117187500000
-0.169921875000
-0.011840820312
-0.026733398438
0.067871093750
0.085937500000
-0.039062500000
-0.045166015625
0.169921875000
0.069335937500
0.027954101562
0.042236328125
-0.026733398438
0.024414062500
-0.122070312500
0.091796875000
-0.066894531250
-0.016113281250
-0.071289062500
0.106445312500
0.011291503906
-0.065429687500
0.101074218750
-0.077636718750
0.079101562500
-0.208984375000
0.145507812500
-0.164062500000
-0.096191406250
-0.122558593750
0.013793945312
0.144531250000
0.041748046875
0.002624511719
-0.072265625000
-0.112792968750
0.010742187500
-0.067382812500
0.110351562500
0.111816406250
-0.074707031250
-0.075683593750
0.004638671875
-0.071289062500
0.060058593750
-0.130859375000
-0.089355468750
0.036621093750
-0.072265625000
-0.080566406250
-0.130859375000
0.000471115112
-0.139648437500
0.084960937500
-0.088378906250
-0.137695312500
-0.005218505859
-0.093261718750
-0.181640625000
-0.047851562500
-0.012390136719
0.088867187500
0.128906250000
0.014770507812
-0.159179687500
-0.088378906250
0.023803710938
0.031250000000
0.249023437500
0.001586914062
0.089843750000
0.071777343750
0.107910156250
-0.013244628906
-0.044921875000
0.056152343750
0.233398437500
0.077636718750
0.074707031250
-0.216796875000
0.078613281250
0.031494140625
0.014770507812
0.112304687500
0.151367187500
-0.016479492188
0.080078125000
0.051513671875
-0.197265625000
-0.091308593750
-0.130859375000
-0.135742187500
-0.054199218750
0.046630859375
0.044433593750
-0.107910156250
0.124511718750
0.016357421875
0.024291992188
0.023071289062
0.004272460938
0.178710937500
0.050537109375
-0.019042968750
0.008117675781
0.090332031250
0.011108398438
0.002227783203
0.085937500000
-0.229492187500
-0.059814453125
-0.071289062500
-0.085449218750
-0.238281250000
-0.010925292969
0.091308593750
0.038818359375
0.103515625000
0.041748046875
-0.240234375000
-0.021728515625
0.233398437500
0.014343261719
-0.000816345215
0.004425048828
0.048583984375
-0.054687500000
-0.123535156250
0.011291503906
-0.109375000000
0.065429687500
-0.004486083984
-0.126953125000
-0.025390625000
-0.158203125000
0.025146484375
0.007873535156
-0.140625000000
-0.064941406250
-0.008117675781
-0.010742187500
0.116210937500
-0.029785156250
0.079589843750
0.055419921875
-0.036132812500
0.009826660156
-0.060546875000
-0.308593750000
0.059326171875
-0.014770507812
0.062500000000
-0.116210937500
0.009338378906
-0.144531250000
-0.025024414062
-0.148437500000
-0.154296875000
0.000564575195
-0.094238281250
-0.000526428223
-0.150390625000
-0.119140625000
-0.125000000000
-0.145507812500
0.125000000000
-0.133789062500
0.046386718750
-0.024536132812
0.030883789062
0.015258789062
0.022583007812
-0.066406250000
-0.144531250000
-0.020507812500
-0.025268554688
-0.158203125000
0.021240234375
-0.022094726562
-0.269531250000
0.093261718750
-0.005920410156
0.047607421875
-0.056640625000
-0.182617187500
-0.035400390625
0.084960937500
-0.101074218750
0.042236328125
-0.019897460938
0.030883789062
-0.007598876953
0.110839843750
0.032714843750
-0.007934570312
0.105957031250
0.016113281250
-0.191406250000
0.081542968750
-0.187500000000
-0.050537109375
0.056884765625
-0.056152343750
0.034667968750
-0.063964843750
0.018188476562
-0.036621093750
-0.024780273438
-0.007293701172
-0.048583984375
0.183593750000
0.052246093750
0.109375000000
-0.016357421875
-0.161132812500
0.064941406250
-0.062988281250
-0.241210937500
0.172851562500
0.106445312500
-0.191406250000
0.068847656250
0.100097656250
0.073730468750
-0.037353515625
-0.022583007812
0.052001953125
0.074707031250
0.092773437500
-0.349609375000
0.091308593750
0.121582031250
0.066406250000
-0.015197753906
0.030761718750
-0.048583984375
0.027343750000
0.175781250000
0.082519531250
0.043457031250
0.085449218750
0.036376953125
-0.157226562500
0.132812500000
0.021240234375
0.230468750000
-0.070800781250
0.000088691711
-0.032226562500
0.096191406250
-0.157226562500
-0.132812500000
-0.043945312500
0.036865234375
-0.040039062500
-0.045654296875
-0.081542968750
0.005432128906
0.021118164062
0.206054687500
-0.151367187500
-0.031250000000
-0.015075683594
0.039062500000
0.144531250000
-0.173828125000
-0.029663085938
-0.056152343750
-0.081542968750
0.025390625000
-0.005584716797
0.022338867188
-0.042480468750
-0.070800781250
0.208984375000
-0.190429687500
0.081542968750
-0.096679687500
-0.077636718750
-0.096191406250
0.009216308594
-0.010925292969
-0.030639648438
-0.152343750000
-0.002502441406
0.105957031250
0.050781250000
0.154296875000
-0.047119140625
-0.039062500000
-0.106445312500
-0.033935546875
0.052978515625
0.008728027344
-0.038085937500
0.074218750000
0.107421875000
0.044189453125
-0.177734375000
-0.120605468750
-0.031494140625
0.185546875000
0.082031250000
0.024414062500
0.005004882812
-0.070800781250
0.204101562500
0.070312500000
-0.127929687500
0.074218750000
-0.086914062500
0.065429687500
0.060058593750
0.024414062500
0.101562500000
-0.025024414062
-0.041992187500
0.076660156250
0.089355468750
-0.061523437500
0.037109375000
-0.024169921875
-0.174804687500
-0.037841796875
0.107421875000
0.048339843750
0.062255859375
0.005187988281
-0.013977050781
-0.034912109375
0.079101562500
0.146484375000
-0.001937866211
0.018310546875
0.013610839844
-0.013610839844
-0.039794921875
-0.218750000000
0.075195312500
-0.003128051758
0.095703125000
0.020385742188
-0.010620117188
0.046875000000
-0.073730468750
0.032714843750
-0.046142578125
-0.022094726562
-0.110839843750
-0.039550781250
-0.406250000000
-0.031127929688
-0.027832031250
-0.089355468750
-0.034912109375
0.071777343750
-0.064453125000
0.074707031250
0.012084960938
0.135742187500
-0.130859375000
0.110839843750
-0.094238281250
-0.168945312500
-0.245117187500
0.002929687500
-0.003326416016
-0.012573242188
-0.124023437500
0.067871093750
0.077148437500
0.002685546875
-0.014404296875
-0.182617187500
-0.051513671875
0.046386718750
0.143554687500
0.071777343750
0.066406250000
-0.026611328125
0.101074218750
-0.111328125000
0.056152343750
0.144531250000
-0.181640625000
-0.076171875000
0.330078125000
-0.109375000000
0.032470703125
-0.104492187500
0.119140625000
0.233398437500
-0.019897460938
-0.025756835938
0.043457031250
0.038085937500
-0.108886718750
-0.075683593750
-0.070800781250
0.103027343750
-0.046386718750
0.112792968750
0.015136718750
0.016601562500
0.023437500000
0.130859375000
-0.033935546875
0.075195312500
-0.248046875000
0.022705078125
-0.091796875000
-0.090332031250
-0.147460937500
0.002578735352
-0.005065917969
0.013122558594
-0.050781250000
0.002716064453
0.019165039062
0.063476562500
0.034179687500
-0.039062500000
0.000553131104
0.019531250000
-0.086914062500
-0.070800781250
-0.067382812500
-0.095703125000
0.025756835938
0.033447265625
0.051269531250
-0.040283203125
0.011779785156
0.067871093750
0.064941406250
-0.053710937500
0.161132812500
-0.057617187500
-0.077636718750
-0.052734375000
0.016845703125
0.066406250000
-0.133789062500
-0.069335937500
-0.090332031250
0.081542968750
0.271484375000
0.114746093750
-0.089843750000
0.003845214844
-0.091308593750
-0.007934570312
-0.120605468750
0.029052734375
-0.074707031250
-0.005828857422
0.045898437500
-0.083007812500
-0.114746093750
0.116210937500
-0.032958984375
0.047363281250
0.064453125000
0.000713348389
-0.082031250000
-0.001403808594
-0.110351562500
-0.015319824219
-0.034423828125
-0.003875732422
0.123535156250
-0.082031250000
0.020141601562
0.028930664062
-0.043457031250
-0.281250000000
-0.124023437500
-0.050048828125
0.008544921875
0.114746093750
-0.090820312500
-0.022583007812
0.120605468750
0.009643554688
0.035156250000
-0.038818359375
0.000103473663
0.259765625000
0.075683593750
-0.005371093750
-0.032714843750
-0.039306640625
-0.078613281250
-0.051269531250
0.108886718750
0.127929687500
0.046875000000
0.082031250000
-0.098144531250
-0.038330078125
0.072265625000
0.047363281250
0.020751953125
0.032226562500
-0.065429687500
0.211914062500
0.092285156250
-0.073730468750
-0.087890625000
0.017944335938
-0.198242187500
0.112304687500
0.082519531250
-0.050537109375
-0.134765625000
-0.116210937500
0.177734375000
0.167968750000
0.066406250000
0.249023437500
0.035644531250
-0.308593750000
0.088378906250
0.135742187500
0.049316406250
-0.019409179688
0.353515625000
0.075683593750
0.018798828125
-0.125000000000
0.047851562500
-0.029663085938
0.129882812500
0.135742187500
0.105468750000
-0.088867187500
-0.322265625000
0.140625000000
-0.008483886719
-0.140625000000
-0.025390625000
-0.070312500000
-0.084960937500
-0.008605957031
0.186523437500
-0.047851562500
-0.111328125000
0.009887695312
-0.011962890625
-0.082031250000
-0.007659912109
0.233398437500
0.005340576172
-0.168945312500
0.097656250000
0.018310546875
0.036376953125
-0.091308593750
-0.018310546875
0.145507812500
0.132812500000
0.050292968750
-0.032470703125
0.138671875000
0.029907226562
-0.145507812500
0.199218750000
-0.098144531250
0.011352539062
-0.038330078125
-0.009338378906
-0.153320312500
-0.146484375000
-0.057861328125
-0.135742187500
-0.026611328125
-0.019897460938
0.017089843750
-0.020507812500
0.158203125000
-0.084472656250
0.052734375000
-0.004119873047
0.103027343750
-0.041748046875
0.018798828125
-0.167968750000
-0.092773437500
0.015625000000
0.488281250000
0.014221191406
-0.046630859375
-0.198242187500
0.104980468750
0.050292968750
-0.107910156250
-0.244140625000
0.019653320312
-0.060546875000
-0.106933593750
-0.168945312500
0.119140625000
-0.218750000000
0.001770019531
-0.015869140625
-0.119628906250
-0.120605468750
0.031982421875
0.059570312500
0.093750000000
-0.056152343750
-0.038085937500
-0.009643554688
-0.011352539062
0.008728027344
-0.016235351562
-0.061523437500
-0.086425781250
-0.069824218750
0.009399414062
-0.116699218750
0.061767578125
-0.102050781250
-0.164062500000
0.029418945312
-0.094238281250
0.018920898438
-0.002716064453
0.029296875000
-0.049560546875
-0.155273437500
0.032958984375
0.001296997070
-0.091308593750
0.169921875000
-0.039062500000
-0.026000976562
-0.039062500000
0.032958984375
-0.042480468750
0.020874023438
-0.008117675781
0.218750000000
0.206054687500
-0.042480468750
-0.090820312500
-0.041259765625
-0.259765625000
0.052978515625
0.110351562500
-0.043212890625
-0.095703125000
0.211914062500
0.079589843750
0.052978515625
0.172851562500
-0.045654296875
-0.132812500000
-0.050292968750
-0.200195312500
-0.105957031250
0.034667968750
0.135742187500
-0.029541015625
0.002883911133
-0.130859375000
0.055908203125
-0.089355468750
-0.108398437500
-0.207031250000
-0.143554687500
0.106445312500
0.000808715820
0.048828125000
0.033447265625
-0.019897460938
0.010070800781
-0.259765625000
-0.222656250000
0.051513671875
-0.081054687500
0.041259765625
0.022827148438
-0.056396484375
0.107421875000
-0.009155273438
0.112304687500
0.038330078125
-0.193359375000
0.014892578125
0.115234375000
-0.104980468750
0.019409179688
-0.071289062500
-0.054199218750
0.040039062500
0.052246093750
0.040039062500
-0.076171875000
-0.104492187500
0.009765625000
-0.021484375000
-0.042236328125
-0.027587890625
0.010131835938
-0.060058593750
0.267578125000
-0.118164062500
-0.072753906250
-0.028320312500
0.083984375000
-0.099121093750
-0.021850585938
-0.093261718750
-0.114257812500
0.241210937500
-0.009094238281
-0.062011718750
0.136718750000
0.002517700195
-0.083984375000
0.023193359375
-0.075195312500
-0.194335937500
-0.137695312500
-0.088867187500
0.134765625000
-0.033935546875
0.161132812500
-0.002075195312
0.068359375000
0.062255859375
0.063476562500
0.076171875000
0.003631591797
-0.120605468750
-0.014465332031
0.081054687500
0.037353515625
-0.140625000000
-0.125976562500
-0.028198242188
0.041259765625
0.009277343750
0.113769531250
-0.010009765625
0.040283203125
0.079101562500
-0.085937500000
0.062500000000
-0.089843750000
0.041015625000
-0.020507812500
0.025024414062
-0.116699218750
0.070800781250
-0.051025390625
0.015991210938
-0.124023437500
-0.050537109375
0.043701171875
0.096191406250
-0.337890625000
0.031127929688
-0.021606445312
0.062988281250
-0.017456054688
-0.010559082031
-0.109863281250
0.015197753906
-0.064941406250
0.025024414062
-0.378906250000
0.121093750000
0.026245117188
-0.034912109375
0.037109375000
0.048095703125
-0.029907226562
0.009765625000
0.157226562500
-0.129882812500
-0.041748046875
-0.066894531250
-0.064941406250
0.185546875000
0.200195312500
0.001815795898
-0.078125000000
0.023803710938
-0.135742187500
0.083007812500
-0.028564453125
0.026733398438
-0.036865234375
0.095703125000
-0.049072265625
0.018066406250
0.051513671875
0.052978515625
0.028320312500
-0.232421875000
-0.023437500000
-0.063964843750
-0.043701171875
-0.096191406250
-0.034912109375
0.104980468750
-0.128906250000
-0.000065803528
0.178710937500
0.061523437500
-0.067871093750
0.172851562500
-0.039062500000
0.012023925781
-0.132812500000
0.033447265625
-0.099609375000
0.153320312500
0.000370025635
-0.055908203125
0.158203125000
-0.133789062500
-0.019165039062
0.095703125000
-0.010375976562
0.029418945312
0.072265625000
-0.035400390625
-0.110351562500
-0.036376953125
-0.207031250000
0.147460937500
-0.023681640625
0.006469726562
0.000705718994
0.027954101562
0.075683593750
0.044433593750
0.017089843750
0.063476562500
0.029541015625
0.094238281250
-0.043457031250
-0.039794921875
-0.129882812500
0.167968750000
0.242187500000
0.053222656250
-0.056152343750
-0.147460937500
-0.017822265625
0.046142578125
-0.248046875000
0.076660156250
-0.045898437500
0.102539062500
-0.132812500000
-0.130859375000
0.045654296875
0.058105468750
-0.135742187500
0.058349609375
-0.178710937500
0.160156250000
0.027832031250
-0.198242187500
0.061035156250
0.220703125000
0.040771484375
0.073242187500
-0.034179687500
-0.031738281250
-0.091796875000
0.169921875000
0.110839843750
0.328125000000
-0.145507812500
0.061523437500
0.164062500000
-0.126953125000
0.073730468750
-0.033447265625
0.008117675781
0.057373046875
0.021972656250
-0.060302734375
-0.018310546875
0.234375000000
-0.017578125000
-0.003372192383
-0.102050781250
0.152343750000
-0.053466796875
-0.098144531250
-0.061279296875
0.118652343750
-0.009948730469
-0.002014160156
0.078125000000
-0.121582031250
-0.011108398438
-0.022094726562
-0.070312500000
0.171875000000
0.094238281250
0.168945312500
0.007751464844
-0.044433593750
-0.205078125000
-0.148437500000
0.057861328125
-0.000488281250
-0.045654296875
-0.184570312500
0.053710937500
-0.081054687500
-0.002899169922
-0.041992187500
-0.053955078125
-0.197265625000
0.128906250000
0.151367187500
-0.032470703125
0.069824218750
0.070312500000
-0.199218750000
0.074707031250
-0.056152343750
0.045898437500
0.054687500000
-0.000694274902
-0.010070800781
-0.019287109375
-0.263671875000
0.027343750000
-0.062011718750
0.208007812500
0.110839843750
-0.055664062500
0.036132812500
-0.080078125000
0.120117187500
0.092285156250
0.108398437500
0.010192871094
-0.015991210938
0.109863281250
0.000020861626
0.039306640625
0.085937500000
-0.009033203125
0.085937500000
0.067382812500
-0.153320312500
0.157226562500
-0.035156250000
0.002777099609
-0.185546875000
0.071777343750
0.018432617188
-0.020751953125
-0.009704589844
-0.165039062500
-0.149414062500
0.038330078125
-0.100097656250
-0.032226562500
0.107910156250
-0.355468750000
0.010986328125
-0.034423828125
0.102050781250
0.090332031250
-0.125976562500
0.013000488281
-0.129882812500
-0.181640625000
-0.246093750000
-0.010742187500
0.089843750000
0.024902343750
0.129882812500
0.087402343750
0.172851562500
0.078125000000
-0.126953125000
0.116210937500
0.017333984375
0.168945312500
-0.057861328125
0.000514984131
0.072753906250
-0.073730468750
-0.116210937500
-0.088378906250
0.040527343750
0.096679687500
-0.231445312500
-0.125976562500
-0.071289062500
0.104003906250
-0.104980468750
0.044433593750
0.099609375000
0.014038085938
-0.009765625000
-0.020385742188
0.169921875000
0.007537841797
-0.219726562500
-0.090820312500
-0.027832031250
-0.039550781250
-0.186523437500
0.046386718750
0.072265625000
0.061035156250
-0.032958984375
0.166015625000
0.016357421875
0.010314941406
0.039306640625
-0.072265625000
0.179687500000
-0.055419921875
-0.233398437500
0.019531250000
0.174804687500
-0.022094726562
0.078125000000
-0.136718750000
0.263671875000
-0.066406250000
-0.022827148438
0.022705078125
0.022216796875
0.112304687500
-0.279296875000
-0.046386718750
-0.055419921875
-0.004333496094
0.086425781250
0.163085937500
0.019653320312
0.199218750000
-0.071289062500
-0.020019531250
-0.061767578125
-0.117675781250
-0.010131835938
0.122070312500
-0.039550781250
-0.107910156250
-0.008911132812
-0.011657714844
-0.057861328125
0.024902343750
0.059814453125
0.012084960938
-0.004180908203
-0.221679687500
0.175781250000
0.179687500000
-0.217773437500
0.152343750000
0.097167968750
0.027221679688
0.075195312500
-0.117675781250
0.079101562500
-0.075683593750
0.033691406250
0.091796875000
-0.064453125000
-0.052246093750
-0.078613281250
-0.042724609375
-0.063964843750
-0.034423828125
0.073730468750
0.074218750000
0.166992187500
0.104980468750
-0.089355468750
-0.129882812500
-0.024658203125
0.144531250000
-0.133789062500
0.120605468750
0.173828125000
-0.010131835938
-0.049316406250
0.051025390625
0.201171875000
-0.106445312500
-0.014038085938
0.013183593750
-0.118652343750
0.027709960938
0.009460449219
-0.060302734375
-0.119628906250
-0.002334594727
0.001922607422
0.060546875000
0.042724609375
0.045410156250
-0.253906250000
-0.053466796875
-0.047851562500
0.184570312500
0.036865234375
0.004760742188
0.114746093750
0.083496093750
-0.200195312500
-0.120117187500
0.023071289062
-0.050048828125
0.014892578125
-0.019042968750
0.015380859375
0.109375000000
-0.011901855469
-0.005371093750
0.175781250000
0.011291503906
-0.024536132812
-0.030883789062
0.170898437500
-0.026611328125
-0.162109375000
-0.040771484375
0.042480468750
0.037109375000
0.070800781250
-0.076171875000
0.136718750000
0.109863281250
-0.156250000000
0.008850097656
-0.094726562500
-0.045654296875
-0.076660156250
-0.096679687500
-0.161132812500
-0.109375000000
-0.062011718750
0.065429687500
-0.096679687500
-0.110839843750
-0.199218750000
-0.006072998047
0.042480468750
-0.134765625000
0.006927490234
-0.055175781250
-0.030517578125
-0.157226562500
0.069335937500
0.049804687500
-0.062255859375
-0.080566406250
0.098144531250
0.141601562500
0.024169921875
0.035888671875
-0.066894531250
0.005432128906
-0.052734375000
-0.019897460938
-0.000200271606
-0.116699218750
-0.062988281250
0.024536132812
-0.035156250000
-0.062988281250
-0.059326171875
0.108886718750
0.008972167969
-0.060302734375
0.040039062500
-0.099609375000
-0.044433593750
0.033203125000
0.026977539062
-0.130859375000
-0.029907226562
0.010986328125
-0.053955078125
0.106445312500
-0.043701171875
-0.157226562500
0.034179687500
-0.086914062500
-0.054931640625
0.028320312500
0.025146484375
-0.085449218750
0.035400390625
0.143554687500
0.296875000000
0.145507812500
-0.059570312500
-0.175781250000
0.013793945312
0.027832031250
0.117675781250
0.057861328125
-0.152343750000
-0.083007812500
-0.006042480469
0.144531250000
-0.083984375000
0.065429687500
0.100585937500
0.052734375000
0.045166015625
0.047119140625
-0.024414062500
-0.102050781250
0.109863281250
-0.076660156250
0.200195312500
0.053710937500
0.007202148438
0.071777343750
0.067871093750
-0.114746093750
-0.111816406250
-0.105468750000
0.200195312500
0.011962890625
0.033447265625
-0.251953125000
0.016479492188
0.000823974609
-0.194335937500
0.062255859375
-0.020263671875
-0.058593750000
0.123046875000
0.077636718750
0.026245117188
-0.039306640625
-0.229492187500
0.015197753906
0.057373046875
0.093261718750
0.077636718750
-0.039794921875
0.097656250000
0.005218505859
-0.124511718750
-0.053466796875
0.127929687500
-0.019531250000
-0.020019531250
-0.090332031250
-0.023071289062
0.103515625000
-0.138671875000
0.057128906250
0.079101562500
0.103027343750
-0.024780273438
-0.101562500000
0.092773437500
-0.046875000000
-0.001617431641
-0.151367187500
0.112304687500
0.053955078125
0.090332031250
-0.053466796875
0.079101562500
-0.016113281250
0.078613281250
0.005401611328
-0.022827148438
-0.047851562500
-0.023803710938
0.088378906250
-0.162109375000
0.031738281250
-0.171875000000
-0.065429687500
-0.053466796875
0.120605468750
0.152343750000
-0.060058593750
0.212890625000
0.017578125000
0.130859375000
-0.039062500000
0.007629394531
-0.028808593750
0.158203125000
-0.062500000000
0.029541015625
0.071777343750
-0.056884765625
0.125000000000
-0.125976562500
0.005737304688
0.048828125000
-0.022216796875
0.097656250000
-0.022460937500
0.021362304688
0.060302734375
-0.251953125000
-0.045898437500
0.176757812500
-0.115722656250
0.201171875000
-0.066894531250
0.015380859375
0.049804687500
0.069335937500
0.054199218750
0.081542968750
0.046875000000
0.061035156250
0.056640625000
0.118652343750
-0.074218750000
-0.123535156250
0.189453125000
-0.065917968750
0.015380859375
-0.102539062500
-0.032714843750
0.010559082031
0.065429687500
-0.083496093750
-0.103027343750
0.164062500000
-0.096679687500
0.110839843750
-0.122070312500
-0.159179687500
-0.039062500000
-0.058837890625
-0.019531250000
0.090332031250
-0.235351562500
0.059570312500
0.026733398438
-0.146484375000
0.180664062500
-0.187500000000
0.149414062500
0.067382812500
-0.053466796875
-0.074707031250
-0.045166015625
0.015869140625
-0.028686523438
-0.036865234375
-0.202148437500
-0.111328125000
0.107421875000
0.073242187500
-0.047607421875
0.073242187500
-0.040771484375
0.208984375000
-0.004058837891
0.085937500000
-0.051025390625
-0.023803710938
-0.130859375000
-0.080566406250
-0.209960937500
-0.000113487244
0.165039062500
0.127929687500
-0.094726562500
0.009033203125
-0.052490234375
0.017822265625
0.006469726562
0.011169433594
-0.019165039062
-0.101074218750
0.047851562500
-0.031494140625
0.059814453125
0.199218750000
0.062500000000
0.006835937500
0.069824218750
-0.044921875000
0.115722656250
-0.091308593750
-0.174804687500
-0.145507812500
0.090332031250
-0.094726562500
-0.125000000000
-0.027221679688
-0.063476562500
-0.023559570312
0.094238281250
0.109863281250
0.012145996094
0.039550781250
-0.145507812500
0.069824218750
0.004882812500
-0.024291992188
0.050781250000
0.047607421875
0.120117187500
-0.097167968750
0.197265625000
0.161132812500
-0.030517578125
-0.001350402832
-0.073242187500
-0.022583007812
-0.006286621094
-0.068847656250
0.171875000000
-0.110351562500
-0.088867187500
0.028198242188
0.094238281250
-0.041748046875
0.049072265625
-0.147460937500
-0.065429687500
-0.065917968750
0.193359375000
0.151367187500
0.066406250000
0.058837890625
-0.083007812500
-0.073730468750
0.106445312500
0.066406250000
-0.012695312500
-0.141601562500
0.000694274902
0.022949218750
0.044433593750
-0.104492187500
0.028564453125
-0.061035156250
0.011108398438
-0.079101562500
-0.144531250000
0.012573242188
-0.012084960938
-0.093750000000
-0.171875000000
-0.034912109375
0.154296875000
0.046630859375
-0.036132812500
0.111816406250
-0.094238281250
-0.080078125000
0.164062500000
0.048583984375
0.144531250000
0.144531250000
-0.070312500000
-0.003677368164
0.289062500000
0.108398437500
-0.111328125000
-0.109375000000
-0.177734375000
-0.136718750000
-0.316406250000
0.008972167969
-0.019531250000
0.071289062500
-0.021240234375
-0.187500000000
0.002914428711
-0.116699218750
-0.010925292969
0.030883789062
0.103515625000
0.231445312500
0.025146484375
-0.232421875000
0.057128906250
-0.110839843750
0.063964843750
0.312500000000
-0.114257812500
-0.086425781250
-0.221679687500
-0.103515625000
0.067382812500
-0.143554687500
0.049316406250
0.039794921875
0.244140625000
-0.057617187500
-0.061523437500
-0.054443359375
-0.008666992188
-0.069335937500
-0.019897460938
-0.005401611328
-0.043701171875
0.041015625000
-0.050537109375
-0.155273437500
-0.020263671875
0.060546875000
-0.133789062500
0.188476562500
0.004608154297
0.036376953125
0.075195312500
-0.013916015625
0.076171875000
-0.068359375000
0.029296875000
-0.080078125000
0.000690460205
0.168945312500
-0.039062500000
0.092285156250
0.119628906250
0.073242187500
0.096679687500
-0.166015625000
-0.150390625000
-0.009948730469
-0.021728515625
0.068359375000
0.056396484375
0.051269531250
-0.347656250000
0.044921875000
0.047607421875
0.010498046875
-0.324218750000
-0.202148437500
-0.067382812500
0.049804687500
0.049316406250
-0.126953125000
-0.005035400391
-0.097656250000
0.106445312500
-0.037841796875
0.135742187500
0.082031250000
0.092285156250
-0.106445312500
-0.071289062500
0.022094726562
-0.004302978516
0.101562500000
0.006652832031
0.050048828125
-0.100585937500
0.131835937500
-0.187500000000
0.086914062500
-0.009155273438
-0.012145996094
-0.057373046875
0.043945312500
0.165039062500
0.011413574219
-0.029785156250
0.024414062500
-0.219726562500
0.031250000000
0.165039062500
0.050292968750
0.015625000000
-0.243164062500
-0.054931640625
-0.001655578613
-0.044189453125
-0.081054687500
0.069335937500
-0.049560546875
0.004180908203
0.034667968750
-0.143554687500
-0.036621093750
0.127929687500
0.062255859375
-0.110839843750
0.196289062500
0.281250000000
0.074707031250
-0.128906250000
0.208007812500
-0.012329101562
-0.052734375000
0.083984375000
0.242187500000
-0.127929687500
-0.080566406250
0.051757812500
0.128906250000
-0.134765625000
0.045654296875
0.052246093750
0.123046875000
0.109375000000
-0.079101562500
0.035644531250
0.160156250000
0.102539062500
-0.064453125000
-0.069335937500
-0.102539062500
-0.124023437500
-0.162109375000
0.033691406250
-0.004180908203
0.035156250000
0.229492187500
-0.056396484375
-0.218750000000
-0.127929687500
-0.187500000000
-0.101562500000
-0.096679687500
-0.033447265625
0.365234375000
-0.044189453125
-0.102539062500
-0.087890625000
0.039306640625
0.001228332520
0.095214843750
-0.040527343750
-0.042968750000
0.157226562500
0.053710937500
-0.027954101562
0.136718750000
-0.080078125000
-0.048095703125
-0.064941406250
-0.033447265625
-0.104492187500
0.170898437500
0.083984375000
-0.050781250000
0.029907226562
-0.022460937500
-0.106933593750
-0.126953125000
0.071777343750
-0.137695312500
-0.045898437500
0.074218750000
0.060791015625
-0.048095703125
-0.083984375000
-0.053710937500
0.038818359375
0.114746093750
-0.204101562500
0.155273437500
-0.229492187500
-0.263671875000
0.005584716797
0.047607421875
-0.061523437500
0.027099609375
0.147460937500
0.172851562500
0.051513671875
-0.010803222656
0.089355468750
0.048095703125
0.035156250000
-0.111328125000
-0.063476562500
0.132812500000
-0.037597656250
-0.088867187500
0.086914062500
-0.089843750000
-0.012756347656
-0.127929687500
-0.053955078125
0.013183593750
-0.043701171875
-0.104003906250
0.100097656250
0.120117187500
-0.070312500000
0.147460937500
-0.071777343750
-0.150390625000
-0.162109375000
0.006835937500
-0.056396484375
-0.009399414062
0.060302734375
-0.051025390625
-0.031738281250
0.006591796875
-0.108398437500
0.136718750000
-0.069824218750
-0.183593750000
0.129882812500
0.129882812500
0.064453125000
-0.065917968750
-0.047363281250
0.056396484375
-0.000074386597
-0.072753906250
-0.061279296875
-0.037109375000
-0.075195312500
-0.122070312500
0.023925781250
0.022338867188
-0.002105712891
-0.130859375000
-0.171875000000
0.054687500000
-0.125000000000
0.089843750000
-0.021362304688
0.053710937500
-0.025512695312
0.096191406250
-0.050292968750
0.032714843750
-0.068359375000
0.066406250000
-0.026489257812
-0.020141601562
-0.005126953125
0.056152343750
0.109375000000
0.138671875000
-0.025024414062
0.096679687500
0.085937500000
-0.045654296875
0.037841796875
0.012573242188
-0.022094726562
-0.273437500000
0.017822265625
0.074218750000
0.074218750000
0.112792968750
0.051025390625
0.114746093750
0.086425781250
0.050537109375
-0.022094726562
-0.220703125000
-0.064453125000
0.105957031250
0.067382812500
0.015625000000
0.031127929688
-0.087890625000
-0.009277343750
-0.010009765625
0.109863281250
0.104980468750
0.047363281250
0.233398437500
-0.072265625000
-0.084960937500
0.055664062500
-0.128906250000
-0.053466796875
-0.117187500000
0.104492187500
0.047363281250
-0.099609375000
0.016235351562
-0.046142578125
-0.011535644531
0.120117187500
-0.052246093750
0.023681640625
-0.124023437500
0.166992187500
0.022583007812
-0.341796875000
-0.160156250000
-0.038330078125
-0.043945312500
0.019653320312
-0.115234375000
0.034179687500
0.001556396484
0.113769531250
0.033203125000
-0.007049560547
-0.044921875000
-0.001243591309
0.083496093750
0.060791015625
0.046142578125
0.085449218750
0.167968750000
0.020141601562
-0.039794921875
0.029174804688
-0.085937500000
-0.121093750000
-0.012268066406
-0.051025390625
0.063476562500
0.144531250000
-0.004302978516
0.068359375000
0.070800781250
0.164062500000
0.124511718750
0.046386718750
-0.125976562500
-0.015991210938
0.090332031250
-0.191406250000
-0.036621093750
-0.025878906250
-0.039062500000
0.052490234375
-0.067382812500
0.131835937500
-0.233398437500
0.003906250000
0.013183593750
-0.134765625000
-0.062988281250
-0.273437500000
-0.058593750000
-0.078613281250
0.113281250000
0.103027343750
-0.031005859375
-0.019165039062
0.096191406250
-0.010375976562
-0.009094238281
0.122558593750
0.060302734375
0.014038085938
-0.089843750000
-0.136718750000
0.269531250000
0.046875000000
0.129882812500
0.081054687500
-0.102539062500
0.127929687500
-0.185546875000
0.126953125000
0.071289062500
0.116210937500
0.034179687500
-0.008483886719
0.098144531250
0.019653320312
-0.040527343750
0.005767822266
0.046630859375
0.036621093750
-0.075195312500
0.119628906250
-0.084472656250
-0.148437500000
0.084472656250
-0.083007812500
0.055419921875
0.030029296875
0.072753906250
0.034423828125
0.167968750000
-0.010437011719
-0.137695312500
-0.113769531250
0.144531250000
0.013916015625
0.177734375000
0.030273437500
0.061279296875
0.038574218750
0.118164062500
-0.059326171875
-0.043457031250
-0.026489257812
0.125000000000
-0.139648437500
-0.168945312500
-0.067871093750
0.004028320312
-0.131835937500
0.012329101562
-0.000633239746
0.056884765625
-0.038330078125
0.125976562500
-0.017211914062
0.123535156250
0.074707031250
-0.165039062500
-0.043457031250
0.050781250000
0.008666992188
-0.173828125000
0.035400390625
-0.002716064453
0.246093750000
0.020751953125
0.007598876953
0.000214576721
0.053466796875
-0.218750000000
0.217773437500
0.248046875000
0.025024414062
-0.031005859375
-0.200195312500
0.125000000000
0.150390625000
0.112304687500
0.002960205078
-0.103515625000
-0.047607421875
0.022216796875
0.116210937500
0.150390625000
-0.047119140625
0.035888671875
-0.164062500000
0.108398437500
0.230468750000
-0.044921875000
-0.080566406250
-0.026611328125
0.078125000000
-0.017700195312
0.157226562500
0.093261718750
0.052978515625
0.057128906250
-0.269531250000
-0.050781250000
-0.033447265625
0.005157470703
-0.081542968750
0.043945312500
-0.112304687500
-0.056884765625
-0.023803710938
0.065917968750
0.053466796875
0.129882812500
-0.008544921875
0.052490234375
-0.007781982422
0.047363281250
-0.029052734375
0.134765625000
-0.080078125000
0.019775390625
-0.088867187500
-0.033935546875
-0.074707031250
-0.094726562500
0.046875000000
-0.116699218750
-0.006042480469
-0.037597656250
0.062255859375
-0.014587402344
-0.134765625000
-0.038330078125
0.077148437500
0.068847656250
-0.102539062500
-0.150390625000
-0.038330078125
-0.125976562500
-0.034667968750
0.024291992188
0.033447265625
0.083496093750
0.167968750000
0.131835937500
0.190429687500
-0.055175781250
0.010864257812
0.007720947266
0.145507812500
-0.077636718750
-0.039794921875
-0.190429687500
-0.053222656250
0.001396179199
0.010742187500
0.039062500000
-0.045898437500
-0.079101562500
-0.051757812500
0.063964843750
0.006378173828
-0.047607421875
-0.025756835938
-0.084960937500
-0.127929687500
-0.004852294922
-0.038085937500
-0.112792968750
-0.112304687500
0.056884765625
0.102539062500
-0.165039062500
0.012268066406
0.001007080078
-0.061279296875
0.029785156250
-0.022705078125
-0.010864257812
0.083007812500
-0.031494140625
0.092285156250
0.056396484375
-0.086914062500
0.114257812500
0.049560546875
0.109375000000
0.056640625000
0.038330078125
-0.015075683594
0.002044677734
0.016113281250
-0.088867187500
-0.040039062500
-0.017089843750
0.006805419922
-0.063964843750
0.038818359375
-0.157226562500
0.070800781250
0.073730468750
-0.150390625000
0.123046875000
0.109863281250
0.022094726562
-0.211914062500
0.018554687500
0.045166015625
-0.143554687500
-0.008666992188
0.016357421875
-0.048339843750
-0.049804687500
-0.040039062500
-0.103515625000
0.049316406250
-0.019897460938
0.026367187500
0.002929687500
-0.096191406250
-0.110351562500
0.054443359375
-0.145507812500
-0.069824218750
-0.005676269531
-0.004943847656
-0.110839843750
-0.057617187500
-0.116210937500
-0.042236328125
0.057373046875
-0.149414062500
-0.140625000000
-0.052978515625
-0.150390625000
0.076660156250
-0.082519531250
0.056152343750
0.053955078125
-0.085449218750
-0.175781250000
0.050048828125
-0.063476562500
-0.097167968750
-0.057373046875
0.005035400391
-0.043212890625
0.068847656250
-0.190429687500
-0.175781250000
-0.108398437500
0.104003906250
0.044433593750
-0.225585937500
-0.043457031250
0.151367187500
-0.016357421875
0.008056640625
-0.149414062500
-0.000142097473
-0.050537109375
0.210937500000
-0.138671875000
0.068847656250
-0.114746093750
0.055419921875
0.024169921875
-0.022338867188
-0.322265625000
-0.015258789062
0.093261718750
-0.146484375000
-0.062988281250
-0.012573242188
0.204101562500
0.111816406250
0.076660156250
0.160156250000
0.004699707031
0.077148437500
-0.139648437500
0.166992187500
0.146484375000
-0.103515625000
0.004577636719
-0.046142578125
0.182617187500
-0.066894531250
0.081054687500
-0.048828125000
0.191406250000
-0.041015625000
-0.017944335938
-0.109863281250
0.004333496094
0.005249023438
-0.132812500000
-0.141601562500
-0.170898437500
0.022460937500
0.118652343750
-0.014587402344
0.010925292969
-0.163085937500
0.251953125000
0.171875000000
0.023559570312
-0.139648437500
-0.107910156250
0.087890625000
0.045654296875
-0.192382812500
-0.095703125000
0.040283203125
0.126953125000
0.027343750000
0.171875000000
0.023193359375
0.013366699219
0.112304687500
-0.127929687500
0.196289062500
0.061035156250
-0.214843750000
-0.067382812500
-0.113281250000
-0.200195312500
-0.098144531250
-0.125976562500
-0.028442382812
-0.087402343750
0.017578125000
-0.071777343750
0.103515625000
0.138671875000
0.016235351562
-0.043457031250
-0.159179687500
-0.193359375000
0.065429687500
-0.162109375000
-0.100097656250
0.052001953125
0.115722656250
0.007293701172
0.035400390625
-0.012634277344
0.114746093750
-0.156250000000
-0.071777343750
-0.082031250000
-0.148437500000
-0.105957031250
0.271484375000
0.147460937500
0.102539062500
-0.031127929688
-0.051757812500
-0.016601562500
0.067382812500
0.016357421875
-0.136718750000
-0.009765625000
-0.025390625000
0.073242187500
0.016479492188
0.158203125000
0.118164062500
0.070800781250
-0.178710937500
-0.155273437500
-0.091796875000
-0.008483886719
-0.083007812500
0.107421875000
-0.081542968750
0.067871093750
0.005950927734
0.023925781250
-0.076660156250
-0.130859375000
-0.164062500000
-0.166992187500
0.237304687500
-0.302734375000
0.103027343750
-0.023681640625
0.142578125000
0.039062500000
0.047607421875
0.070800781250
-0.095214843750
0.019042968750
-0.281250000000
-0.055419921875
-0.106933593750
-0.020507812500
0.066406250000
0.052490234375
-0.009094238281
0.064453125000
-0.042724609375
-0.121093750000
-0.134765625000
-0.013244628906
-0.063964843750
0.013488769531
0.038574218750
0.240234375000
-0.070800781250
0.030761718750
0.043701171875
0.094726562500
0.196289062500
0.174804687500
-0.003112792969
0.143554687500
-0.165039062500
0.176757812500
-0.076660156250
-0.030517578125
0.061523437500
-0.089355468750
-0.062988281250
-0.093750000000
0.154296875000
-0.014282226562
-0.068847656250
0.122558593750
-0.037841796875
0.124511718750
-0.057861328125
-0.065917968750
-0.117187500000
0.174804687500
0.028442382812
0.019775390625
-0.223632812500
0.176757812500
-0.064453125000
0.126953125000
-0.107910156250
-0.020996093750
0.026123046875
0.253906250000
0.034667968750
0.069335937500
0.228515625000
-0.054931640625
-0.057373046875
-0.009521484375
0.240234375000
-0.063476562500
-0.066894531250
0.043457031250
0.103515625000
0.115722656250
-0.107421875000
-0.002563476562
-0.138671875000
-0.006225585938
0.087402343750
0.033203125000
-0.153320312500
-0.108398437500
-0.039062500000
-0.208007812500
-0.011535644531
-0.005279541016
-0.202148437500
0.002716064453
0.091308593750
0.003936767578
0.058837890625
0.094238281250
-0.163085937500
-0.006896972656
-0.055175781250
-0.108398437500
0.232421875000
0.200195312500
0.004669189453
-0.011474609375
0.015014648438
0.109863281250
-0.093750000000
0.027832031250
-0.054199218750
0.005676269531
-0.102050781250
-0.090820312500
-0.095214843750
-0.102539062500
-0.053710937500
0.092285156250
0.012573242188
-0.003860473633
0.047607421875
-0.010620117188
-0.052734375000
-0.011108398438
0.030151367188
0.089355468750
-0.104980468750
-0.028442382812
-0.042480468750
-0.027465820312
0.044677734375
0.038330078125
-0.166015625000
0.062255859375
0.134765625000
0.098632812500
-0.091796875000
-0.007537841797
-0.068847656250
-0.041015625000
-0.011535644531
-0.150390625000
-0.052978515625
-0.172851562500
-0.083496093750
-0.165039062500
-0.061767578125
-0.109375000000
-0.058349609375
-0.121093750000
-0.102050781250
0.062988281250
0.025146484375
-0.000976562500
-0.111328125000
0.122558593750
0.107910156250
0.117675781250
-0.017211914062
0.071289062500
0.018188476562
-0.032226562500
0.015625000000
-0.070312500000
0.289062500000
0.064941406250
-0.085449218750
0.105957031250
0.050537109375
-0.036376953125
-0.036132812500
-0.125976562500
-0.027465820312
-0.176757812500
-0.001792907715
-0.123535156250
-0.194335937500
0.000029444695
0.054199218750
-0.008178710938
-0.054931640625
0.016479492188
0.085937500000
-0.077148437500
-0.060302734375
-0.012695312500
0.028442382812
-0.090820312500
0.087402343750
0.086914062500
0.064453125000
0.036865234375
-0.094238281250
-0.078125000000
0.163085937500
-0.092773437500
0.091796875000
0.037597656250
-0.066406250000
0.212890625000
0.177734375000
-0.066894531250
0.059570312500
0.090820312500
0.128906250000
-0.326171875000
0.021362304688
-0.015136718750
-0.149414062500
-0.009765625000
0.076171875000
-0.004150390625
0.154296875000
0.076171875000
0.029418945312
-0.064941406250
-0.037597656250
-0.099609375000
-0.029174804688
0.051025390625
0.145507812500
-0.034667968750
-0.101562500000
-0.102050781250
0.023071289062
0.054687500000
0.146484375000
-0.003295898438
-0.166992187500
0.000942230225
0.134765625000
-0.003662109375
-0.177734375000
0.067382812500
-0.020141601562
-0.008728027344
-0.225585937500
-0.094726562500
0.018676757812
0.119628906250
-0.132812500000
-0.071777343750
-0.203125000000
0.232421875000
0.146484375000
0.140625000000
-0.208984375000
0.229492187500
0.008300781250
-0.000846862793
-0.010620117188
-0.015869140625
-0.085449218750
0.052734375000
0.026977539062
-0.044189453125
0.068847656250
0.070312500000
-0.115722656250
-0.042968750000
0.073242187500
0.024169921875
-0.124023437500
0.046142578125
0.015869140625
0.114257812500
-0.050048828125
-0.126953125000
0.221679687500
0.034667968750
-0.002273559570
0.061035156250
-0.171875000000
-0.001922607422
0.021484375000
0.040039062500
-0.013305664062
-0.026245117188
0.022705078125
-0.189453125000
-0.085937500000
-0.049804687500
0.046875000000
0.163085937500
-0.072753906250
0.002609252930
-0.079101562500
0.174804687500
-0.123535156250
-0.177734375000
-0.009521484375
-0.055664062500
-0.049560546875
-0.086914062500
-0.086914062500
-0.139648437500
-0.062988281250
-0.082031250000
-0.070800781250
-0.003860473633
-0.119628906250
0.125000000000
-0.065917968750
-0.100585937500
0.029541015625
0.060546875000
0.136718750000
0.000214576721
0.105957031250
0.153320312500
0.015991210938
-0.125976562500
-0.066406250000
0.202148437500
-0.185546875000
0.003845214844
0.004791259766
-0.098144531250
-0.067382812500
0.032958984375
0.039550781250
-0.082519531250
0.088867187500
-0.047119140625
-0.018066406250
-0.055908203125
-0.055908203125
-0.170898437500
-0.025512695312
0.031250000000
0.097656250000
-0.039794921875
0.104980468750
-0.001564025879
0.021972656250
0.109375000000
-0.026733398438
0.012512207031
-0.098632812500
0.099609375000
-0.181640625000
-0.146484375000
-0.070800781250
-0.030395507812
-0.036621093750
0.098144531250
-0.007690429688
-0.041015625000
0.147460937500
-0.128906250000
-0.128906250000
0.068359375000
0.037841796875
0.019531250000
0.139648437500
-0.086914062500
0.083007812500
-0.023437500000
0.070800781250
-0.006896972656
0.164062500000
0.001060485840
-0.045898437500
0.065917968750
0.049560546875
0.068359375000
0.009765625000
0.051025390625
-0.333984375000
0.049560546875
0.134765625000
0.038818359375
-0.173828125000
0.236328125000
-0.021606445312
0.007354736328
-0.091796875000
-0.116699218750
-0.063476562500
0.083496093750
0.118164062500
0.104980468750
-0.036376953125
-0.005920410156
0.045166015625
-0.141601562500
0.066406250000
0.018432617188
-0.071289062500
0.059326171875
-0.064453125000
0.201171875000
0.034912109375
-0.056152343750
0.137695312500
-0.073242187500
0.098632812500
0.005065917969
0.040039062500
0.062988281250
0.085937500000
0.013061523438
0.028686523438
0.109863281250
-0.072265625000
-0.068359375000
0.067871093750
0.056396484375
0.011535644531
-0.214843750000
-0.000606536865
0.067871093750
0.014831542969
-0.166992187500
0.160156250000
0.073242187500
0.017456054688
0.020874023438
0.092285156250
-0.066894531250
0.267578125000
0.119140625000
-0.027954101562
0.117187500000
-0.082519531250
-0.017944335938
0.050781250000
0.067382812500
0.032470703125
-0.028442382812
-0.025024414062
-0.054443359375
-0.110839843750
0.079589843750
0.031982421875
0.170898437500
-0.085937500000
0.018798828125
0.175781250000
0.159179687500
-0.197265625000
0.042724609375
-0.029907226562
0.167968750000
0.133789062500
-0.063964843750
0.079589843750
0.158203125000
0.141601562500
0.016967773438
-0.086914062500
0.081542968750
-0.020629882812
-0.024291992188
0.096191406250
0.069335937500
-0.054687500000
0.079589843750
-0.032226562500
0.001342773438
-0.079101562500
-0.033203125000
-0.025268554688
0.015869140625
-0.029174804688
0.043701171875
-0.170898437500
-0.022460937500
-0.285156250000
0.039794921875
0.089843750000
-0.096191406250
0.043457031250
-0.174804687500
-0.015380859375
0.068847656250
-0.071777343750
-0.039550781250
0.014038085938
-0.036621093750
-0.132812500000
0.103515625000
-0.008300781250
-0.080078125000
-0.109863281250
-0.071289062500
0.014160156250
-0.028808593750
-0.066406250000
0.028564453125
-0.039794921875
0.017944335938
0.002838134766
0.021240234375
-0.124511718750
-0.109375000000
0.079589843750
-0.130859375000
0.136718750000
-0.039062500000
-0.097167968750
-0.038330078125
-0.030273437500
-0.159179687500
0.104003906250
0.119140625000
-0.130859375000
-0.115234375000
0.110839843750
0.056152343750
0.052978515625
-0.067382812500
0.012634277344
-0.133789062500
0.204101562500
-0.217773437500
0.064941406250
-0.118164062500
-0.010559082031
-0.062011718750
-0.016601562500
-0.083984375000
0.091308593750
-0.038574218750
-0.120117187500
-0.055908203125
0.140625000000
-0.017700195312
-0.182617187500
0.036865234375
0.006896972656
-0.027465820312
-0.070800781250
0.162109375000
-0.122558593750
0.078125000000
0.057617187500
-0.133789062500
-0.054687500000
0.037109375000
-0.041992187500
0.052001953125
-0.041992187500
0.002136230469
0.053955078125
0.002548217773
-0.028930664062
0.152343750000
0.039794921875
0.121093750000
0.039306640625
0.002227783203
-0.051025390625
-0.007507324219
0.000957489014
-0.056396484375
-0.032470703125
0.010986328125
-0.046142578125
-0.018798828125
0.041503906250
-0.205078125000
-0.107910156250
-0.035400390625
-0.004089355469
0.048828125000
0.021484375000
0.031494140625
0.064453125000
-0.122070312500
-0.118164062500
-0.007110595703
0.158203125000
-0.173828125000
0.009155273438
0.004241943359
-0.071777343750
0.101074218750
0.122558593750
-0.012695312500
-0.039062500000
0.069335937500
-0.030029296875
-0.099121093750
0.117675781250
-0.075683593750
0.175781250000
0.093261718750
-0.113281250000
0.002883911133
-0.046142578125
0.050292968750
-0.038085937500
0.013427734375
0.000957489014
-0.042480468750
0.006958007812
0.077636718750
0.070312500000
-0.052001953125
0.057128906250
0.125000000000
-0.171875000000
0.069335937500
0.066406250000
-0.038818359375
0.117187500000
0.013793945312
0.053222656250
0.113769531250
-0.050781250000
-0.117675781250
-0.116210937500
-0.019042968750
-0.079101562500
-0.048583984375
0.030395507812
0.075683593750
0.016601562500
-0.079101562500
-0.145507812500
-0.047607421875
0.037109375000
0.125976562500
-0.107910156250
0.073242187500
-0.129882812500
-0.010620117188
0.014282226562
-0.030883789062
0.002105712891
-0.021240234375
0.182617187500
-0.073242187500
-0.208984375000
0.078125000000
-0.199218750000
0.051757812500
-0.029418945312
0.002868652344
0.085937500000
-0.011474609375
-0.032226562500
0.051513671875
-0.100585937500
0.052734375000
-0.123535156250
-0.149414062500
0.095214843750
0.052734375000
-0.149414062500
-0.002746582031
0.120117187500
0.002075195312
-0.126953125000
0.021118164062
0.038330078125
0.105957031250
-0.083496093750
-0.170898437500
0.057617187500
-0.088867187500
0.061523437500
-0.079101562500
0.037841796875
-0.109863281250
-0.048583984375
0.060302734375
-0.012207031250
-0.255859375000
0.041259765625
0.133789062500
-0.052734375000
-0.101074218750
0.101562500000
0.079101562500
0.068359375000
0.019409179688
-0.149414062500
0.057373046875
0.010681152344
0.185546875000
0.122070312500
0.036132812500
-0.041748046875
0.016723632812
-0.151367187500
0.039550781250
-0.177734375000
-0.041748046875
0.021850585938
-0.022094726562
-0.155273437500
-0.110351562500
-0.013977050781
-0.141601562500
-0.110839843750
-0.203125000000
0.008361816406
0.152343750000
0.087890625000
-0.007415771484
0.002883911133
0.006225585938
0.031127929688
0.066894531250
0.166015625000
0.039306640625
0.043945312500
0.015502929688
-0.171875000000
0.056640625000
-0.041748046875
-0.100585937500
0.129882812500
0.021972656250
0.148437500000
0.078613281250
-0.044677734375
-0.071777343750
0.021484375000
-0.111328125000
0.107910156250
-0.100585937500
-0.033935546875
-0.098632812500
-0.093750000000
-0.027221679688
-0.016967773438
-0.021240234375
0.083007812500
0.041503906250
0.051513671875
-0.063964843750
0.236328125000
0.021728515625
0.015014648438
0.032958984375
0.004150390625
0.073730468750
-0.191406250000
0.066894531250
0.219726562500
-0.145507812500
0.134765625000
-0.182617187500
0.071289062500
-0.154296875000
0.005340576172
-0.104980468750
0.009338378906
-0.026977539062
0.115234375000
0.037353515625
-0.014099121094
0.005828857422
-0.005004882812
0.227539062500
0.215820312500
0.009948730469
-0.138671875000
0.048095703125
-0.069824218750
0.041992187500
0.013427734375
0.032958984375
-0.083496093750
0.074707031250
-0.198242187500
-0.077148437500
0.146484375000
-0.103027343750
0.029907226562
0.083007812500
0.048095703125
0.157226562500
0.009155273438
-0.015502929688
-0.034179687500
0.011047363281
-0.100585937500
0.059814453125
-0.024658203125
0.183593750000
-0.066894531250
0.019775390625
-0.018920898438
0.032226562500
-0.023559570312
0.071777343750
0.084472656250
-0.043945312500
0.057128906250
-0.048095703125
0.063964843750
0.105468750000
0.031982421875
0.306640625000
0.104980468750
0.129882812500
-0.002151489258
-0.079101562500
0.141601562500
-0.050292968750
0.060791015625
0.125976562500
-0.001586914062
-0.122558593750
-0.081054687500
-0.000736236572
-0.069824218750
-0.040771484375
-0.171875000000
0.159179687500
0.207031250000
0.060546875000
0.238281250000
-0.045410156250
-0.026123046875
0.142578125000
-0.211914062500
0.104980468750
-0.051025390625
-0.197265625000
0.165039062500
-0.206054687500
0.161132812500
-0.004821777344
-0.005157470703
-0.109863281250
-0.089355468750
-0.075195312500
-0.015319824219
0.009399414062
-0.019165039062
-0.073242187500
0.014221191406
-0.033447265625
0.042724609375
-0.177734375000
0.104492187500
0.040039062500
0.128906250000
-0.036132812500
-0.040039062500
0.021484375000
0.027832031250
0.189453125000
0.139648437500
-0.032226562500
0.004882812500
-0.120605468750
-0.013732910156
-0.103515625000
0.068359375000
-0.010620117188
-0.126953125000
0.215820312500
-0.080566406250
-0.068847656250
0.030029296875
-0.056152343750
0.085937500000
-0.092773437500
0.020263671875
-0.117187500000
0.098632812500
-0.172851562500
-0.165039062500
0.061767578125
0.148437500000
0.004913330078
-0.012756347656
-0.106933593750
-0.020019531250
0.125976562500
0.012390136719
-0.110839843750
-0.005737304688
-0.075683593750
0.044921875000
0.042724609375
-0.091308593750
-0.130859375000
0.096679687500
-0.015563964844
0.242187500000
0.062988281250
0.081054687500
-0.197265625000
-0.046386718750
-0.063964843750
-0.026855468750
-0.069335937500
0.051513671875
-0.027343750000
0.107421875000
-0.030761718750
-0.058837890625
0.080078125000
0.057617187500
-0.019165039062
-0.069335937500
0.025512695312
0.134765625000
0.024169921875
-0.086425781250
-0.087402343750
-0.128906250000
-0.141601562500
-0.081054687500
-0.023681640625
-0.064453125000
0.100097656250
-0.036865234375
-0.190429687500
0.030517578125
-0.167968750000
0.054931640625
-0.152343750000
0.039794921875
0.014831542969
-0.047363281250
0.061767578125
0.156250000000
-0.009277343750
0.053222656250
-0.074218750000
-0.016967773438
0.010803222656
0.184570312500
-0.012512207031
-0.165039062500
0.306640625000
-0.294921875000
0.077636718750
0.179687500000
0.062500000000
-0.116699218750
-0.233398437500
0.032958984375
0.043945312500
0.150390625000
-0.058837890625
0.020751953125
-0.197265625000
0.097656250000
0.032226562500
-0.074707031250
-0.023437500000
-0.033447265625
-0.018920898438
-0.007080078125
-0.059326171875
-0.115722656250
0.078125000000
0.041748046875
0.194335937500
0.070800781250
-0.089843750000
0.062988281250
-0.144531250000
0.051757812500
-0.081542968750
0.042236328125
0.047851562500
0.025024414062
-0.093261718750
-0.068847656250
0.075683593750
0.000724792480
-0.097656250000
0.069335937500
-0.142578125000
-0.151367187500
0.042724609375
0.083496093750
-0.086425781250
0.097167968750
-0.146484375000
-0.093750000000
0.107421875000
0.085937500000
-0.030517578125
0.118164062500
-0.129882812500
0.048583984375
-0.060058593750
-0.053222656250
-0.158203125000
-0.056640625000
0.011474609375
0.176757812500
0.007476806641
0.057617187500
0.017211914062
-0.007507324219
-0.015380859375
-0.102539062500
-0.055175781250
0.040527343750
-0.092773437500
-0.021606445312
0.017944335938
0.038330078125
-0.053222656250
-0.059326171875
-0.126953125000
0.085937500000
0.023803710938
0.130859375000
0.142578125000
-0.118164062500
-0.029541015625
0.096191406250
-0.013488769531
-0.103515625000
-0.126953125000
-0.027587890625
0.069824218750
-0.145507812500
-0.029418945312
-0.108886718750
-0.083007812500
-0.232421875000
0.063964843750
0.017089843750
-0.110839843750
0.104003906250
-0.079101562500
0.135742187500
0.061035156250
0.018676757812
0.139648437500
-0.022949218750
0.039550781250
0.024536132812
-0.124023437500
-0.001304626465
-0.154296875000
0.141601562500
0.037109375000
-0.028686523438
-0.086425781250
0.068847656250
-0.052978515625
-0.004119873047
0.036132812500
-0.108398437500
0.115234375000
-0.028564453125
-0.144531250000
-0.075683593750
-0.072753906250
-0.022583007812
0.060058593750
-0.059814453125
0.044921875000
0.052246093750
-0.093750000000
0.008117675781
-0.031127929688
0.108398437500
0.014526367188
-0.023071289062
0.088378906250
-0.046630859375
0.021728515625
0.160156250000
0.061279296875
0.037109375000
0.057617187500
0.054443359375
0.022583007812
-0.036376953125
-0.128906250000
-0.022583007812
0.083984375000
-0.177734375000
0.110839843750
-0.104003906250
0.043945312500
-0.001945495605
0.213867187500
0.005767822266
0.044677734375
-0.026123046875
0.012878417969
-0.166992187500
0.126953125000
-0.050537109375
0.076660156250
0.017456054688
-0.133789062500
-0.026245117188
0.003082275391
-0.008056640625
0.104492187500
-0.045410156250
0.045410156250
0.045654296875
-0.090332031250
-0.002990722656
0.003173828125
0.085449218750
-0.025390625000
-0.011108398438
-0.065917968750
-0.041259765625
-0.092773437500
0.052001953125
0.285156250000
0.194335937500
0.157226562500
0.051269531250
-0.029907226562
0.010131835938
0.046386718750
0.037597656250
-0.335937500000
-0.029296875000
0.104492187500
-0.026977539062
0.039062500000
0.067382812500
0.057861328125
-0.024902343750
-0.041259765625
0.239257812500
0.152343750000
0.072265625000
-0.016601562500
0.090332031250
-0.028686523438
0.043212890625
-0.084960937500
0.129882812500
-0.098632812500
-0.085449218750
-0.008422851562
0.003753662109
-0.050048828125
0.101562500000
0.022216796875
-0.071289062500
0.122558593750
0.109863281250
-0.050048828125
-0.037597656250
0.101562500000
0.031494140625
-0.063964843750
-0.039794921875
0.125000000000
-0.055664062500
0.051269531250
0.002807617188
0.010131835938
-0.083496093750
0.054199218750
-0.006042480469
-0.069824218750
0.083007812500
0.133789062500
-0.044433593750
0.174804687500
0.076171875000
0.033935546875
0.110351562500
-0.199218750000
-0.006652832031
0.142578125000
-0.013366699219
0.051757812500
-0.076171875000
0.251953125000
-0.087402343750
0.139648437500
0.171875000000
-0.082031250000
0.204101562500
-0.145507812500
0.143554687500
-0.209960937500
0.009033203125
0.030029296875
0.030639648438
-0.121093750000
-0.032470703125
-0.051513671875
-0.019653320312
0.058105468750
0.048339843750
0.058593750000
-0.211914062500
0.170898437500
0.099121093750
-0.086425781250
-0.020141601562
-0.211914062500
0.077636718750
-0.013793945312
-0.007110595703
0.002014160156
-0.125000000000
0.090820312500
0.083007812500
0.066406250000
0.003021240234
-0.118652343750
0.057861328125
0.046630859375
-0.070800781250
0.023559570312
-0.011413574219
0.155273437500
-0.147460937500
0.125976562500
0.013793945312
0.071777343750
0.110351562500
-0.045898437500
0.100585937500
0.298828125000
0.087890625000
-0.040527343750
0.515625000000
0.043212890625
-0.087402343750
-0.031982421875
0.021972656250
0.029418945312
0.183593750000
0.060546875000
-0.052490234375
0.068847656250
0.239257812500
-0.025512695312
0.179687500000
-0.049316406250
-0.079589843750
-0.073242187500
-0.014526367188
0.015991210938
0.077636718750
-0.031127929688
0.180664062500
0.048828125000
0.166015625000
0.091308593750
-0.178710937500
0.016723632812
0.035400390625
-0.267578125000
0.231445312500
-0.067382812500
0.103027343750
0.125976562500
0.047119140625
0.054199218750
0.081542968750
-0.075195312500
0.043701171875
0.009460449219
-0.043945312500
0.031738281250
0.096679687500
-0.001770019531
-0.039794921875
0.062500000000
-0.025024414062
-0.005828857422
-0.075683593750
0.096191406250
0.025512695312
-0.032226562500
-0.038818359375
-0.082519531250
-0.143554687500
-0.055664062500
-0.234375000000
-0.027709960938
-0.073730468750
-0.039306640625
-0.227539062500
-0.020507812500
-0.178710937500
-0.042968750000
-0.044677734375
0.010070800781
-0.095703125000
0.166015625000
0.007995605469
-0.052246093750
-0.058349609375
0.094238281250
-0.124511718750
-0.146484375000
0.039550781250
0.163085937500
-0.073242187500
0.041259765625
-0.006256103516
0.056152343750
-0.051269531250
0.006011962891
-0.051757812500
0.067871093750
0.171875000000
-0.181640625000
0.037841796875
-0.012390136719
0.140625000000
0.013732910156
0.006072998047
0.004333496094
-0.086914062500
0.143554687500
0.016845703125
0.000762939453
-0.129882812500
-0.103515625000
-0.166015625000
0.014221191406
-0.107421875000
-0.026367187500
0.128906250000
-0.218750000000
-0.117187500000
0.053466796875
-0.082031250000
-0.017089843750
-0.092773437500
-0.054443359375
0.044189453125
0.196289062500
0.016845703125
-0.084960937500
-0.010925292969
-0.010437011719
0.013366699219
-0.241210937500
0.053466796875
-0.082519531250
0.070312500000
0.049316406250
-0.072265625000
0.057861328125
0.182617187500
0.026855468750
0.082519531250
0.139648437500
0.030029296875
-0.132812500000
-0.007995605469
-0.051269531250
0.036132812500
0.031982421875
-0.050048828125
0.039306640625
-0.065429687500
-0.030029296875
0.067871093750
-0.122070312500
-0.137695312500
0.011901855469
0.090332031250
-0.035156250000
0.088378906250
0.087890625000
-0.077636718750
0.123046875000
0.025390625000
-0.022216796875
0.330078125000
-0.279296875000
-0.108398437500
-0.122558593750
-0.045410156250
0.118164062500
-0.052978515625
-0.064941406250
0.079101562500
-0.070312500000
-0.082519531250
0.033935546875
0.141601562500
0.038085937500
-0.111816406250
0.033447265625
-0.042724609375
-0.206054687500
0.170898437500
-0.181640625000
0.048339843750
-0.002243041992
-0.023193359375
-0.109863281250
0.098144531250
-0.198242187500
-0.041748046875
-0.038330078125
0.070800781250
-0.097167968750
0.054931640625
0.049560546875
-0.026611328125
-0.036376953125
-0.059570312500
0.003356933594
0.064941406250
-0.515625000000
-0.072753906250
0.019165039062
0.051513671875
-0.056396484375
0.261718750000
-0.021606445312
-0.009155273438
-0.024902343750
0.012634277344
0.114746093750
0.083984375000
-0.169921875000
0.125000000000
0.169921875000
-0.066894531250
-0.048095703125
-0.005828857422
0.074707031250
-0.108886718750
0.060302734375
0.044677734375
-0.194335937500
0.131835937500
0.074218750000
-0.067871093750
-0.035400390625
0.084960937500
0.027099609375
-0.011291503906
-0.057861328125
-0.125976562500
0.180664062500
-0.118652343750
-0.012695312500
-0.046630859375
-0.040771484375
-0.077636718750
0.130859375000
0.104980468750
0.116210937500
-0.061523437500
0.226562500000
0.010803222656
-0.055175781250
0.046386718750
0.158203125000
0.091308593750
-0.142578125000
-0.032226562500
-0.001983642578
-0.135742187500
-0.101562500000
-0.125976562500
-0.023803710938
0.052490234375
-0.204101562500
0.020141601562
-0.107421875000
-0.078613281250
0.036132812500
-0.099609375000
0.018310546875
-0.008117675781
-0.279296875000
0.135742187500
-0.020019531250
-0.170898437500
-0.125000000000
0.173828125000
0.062988281250
0.076171875000
-0.058105468750
-0.172851562500
-0.036865234375
0.048583984375
0.306640625000
-0.077148437500
0.021240234375
-0.077636718750
-0.001037597656
0.139648437500
-0.020751953125
-0.070800781250
0.070800781250
-0.042968750000
0.115722656250
0.009094238281
0.042480468750
0.047119140625
-0.149414062500
-0.137695312500
0.083984375000
0.010314941406
-0.027954101562
0.210937500000
-0.131835937500
-0.012268066406
-0.130859375000
0.076660156250
0.015197753906
-0.111328125000
-0.007476806641
0.017944335938
-0.003936767578
0.109375000000
0.073242187500
0.102050781250
0.091308593750
-0.090332031250
-0.063964843750
-0.062500000000
0.096679687500
0.022460937500
0.032958984375
-0.073242187500
0.074218750000
-0.002258300781
0.104980468750
-0.067382812500
0.166015625000
0.055175781250
-0.101562500000
0.127929687500
-0.019897460938
-0.080566406250
0.069824218750
-0.239257812500
0.033447265625
0.117675781250
-0.039550781250
0.005798339844
-0.079589843750
0.000457763672
-0.050781250000
0.003341674805
0.065429687500
0.148437500000
0.075195312500
-0.093261718750
0.028442382812
-0.026367187500
-0.022705078125
-0.028686523438
-0.213867187500
0.020141601562
0.004302978516
-0.079589843750
-0.236328125000
-0.035644531250
0.013671875000
-0.027832031250
-0.210937500000
-0.031738281250
0.071289062500
0.026489257812
0.096191406250
0.265625000000
-0.016235351562
0.087890625000
0.025756835938
0.021850585938
0.023071289062
-0.009887695312
-0.126953125000
-0.072753906250
-0.009704589844
0.011535644531
0.154296875000
0.048339843750
0.074707031250
0.102050781250
0.057373046875
0.022705078125
0.033935546875
-0.079589843750
-0.022949218750
0.093750000000
0.089843750000
0.202148437500
-0.098144531250
-0.123535156250
-0.049804687500
0.084960937500
-0.018798828125
0.065429687500
-0.024658203125
0.086425781250
0.127929687500
0.217773437500
-0.190429687500
0.021240234375
0.078613281250
-0.054443359375
0.061035156250
0.059082031250
0.176757812500
0.071777343750
-0.069335937500
0.190429687500
-0.002578735352
0.056396484375
-0.184570312500
-0.035400390625
-0.004974365234
-0.001815795898
-0.007629394531
-0.023925781250
-0.040527343750
-0.046142578125
0.047363281250
-0.044433593750
-0.162109375000
-0.169921875000
0.176757812500
-0.193359375000
-0.000392913818
-0.169921875000
0.000888824463
0.074707031250
-0.033691406250
0.138671875000
0.122558593750
-0.035156250000
-0.029418945312
0.004333496094
-0.006408691406
-0.122070312500
0.061767578125
-0.000602722168
0.211914062500
-0.047119140625
-0.059082031250
0.223632812500
0.066406250000
0.060546875000
-0.041259765625
-0.063964843750
0.012084960938
0.015014648438
-0.005767822266
0.080566406250
-0.003646850586
0.086914062500
-0.078125000000
0.006835937500
-0.109863281250
-0.032470703125
0.010253906250
0.068847656250
-0.136718750000
-0.084472656250
-0.051025390625
0.000307083130
0.003082275391
-0.199218750000
-0.089843750000
0.096679687500
0.095214843750
-0.041259765625
-0.138671875000
0.060302734375
0.092285156250
-0.023803710938
0.019165039062
0.120117187500
0.090820312500
0.049560546875
0.019775390625
-0.087890625000
-0.011108398438
0.005767822266
0.046630859375
-0.132812500000
-0.067871093750
-0.206054687500
-0.122558593750
0.040527343750
0.109375000000
0.039062500000
-0.220703125000
0.172851562500
-0.020507812500
0.027954101562
0.085449218750
0.050537109375
0.017700195312
0.105468750000
0.021606445312
-0.090820312500
-0.008911132812
-0.075195312500
-0.053466796875
0.105957031250
0.034912109375
0.087890625000
0.101562500000
0.070312500000
0.012268066406
-0.073242187500
0.216796875000
0.131835937500
-0.171875000000
0.028320312500
-0.052734375000
0.016113281250
-0.013854980469
-0.109375000000
-0.287109375000
0.138671875000
0.072265625000
-0.180664062500
-0.135742187500
-0.038085937500
-0.157226562500
0.171875000000
0.005554199219
-0.251953125000
-0.159179687500
-0.001869201660
0.133789062500
0.078125000000
-0.048339843750
0.042724609375
0.004516601562
-0.021728515625
-0.038085937500
-0.104492187500
0.060058593750
0.086425781250
0.152343750000
0.166015625000
-0.013122558594
0.158203125000
0.082519531250
0.078613281250
-0.057861328125
0.041503906250
0.163085937500
0.084960937500
-0.066406250000
0.120117187500
0.081054687500
0.090820312500
0.076660156250
0.159179687500
-0.062500000000
0.369140625000
0.088867187500
0.063476562500
0.098632812500
0.028564453125
-0.112792968750
0.084960937500
-0.060546875000
0.023681640625
0.006500244141
0.066406250000
0.145507812500
-0.175781250000
-0.111328125000
-0.068847656250
0.039306640625
0.038574218750
0.043212890625
-0.189453125000
-0.089843750000
0.085937500000
-0.065917968750
-0.116699218750
0.078125000000
0.298828125000
0.024902343750
-0.193359375000
0.002075195312
0.024414062500
0.026367187500
0.005828857422
-0.046875000000
0.017089843750
0.003707885742
0.123535156250
0.022338867188
0.053466796875
0.177734375000
-0.031738281250
0.028686523438
-0.082519531250
-0.002990722656
-0.040039062500
-0.084960937500
0.023559570312
-0.030883789062
-0.085937500000
0.187500000000
0.021972656250
-0.167968750000
0.048095703125
-0.039306640625
-0.121582031250
0.140625000000
-0.096679687500
-0.018554687500
0.004455566406
-0.224609375000
-0.040039062500
-0.209960937500
-0.055664062500
-0.090820312500
0.129882812500
0.013366699219
-0.052246093750
0.040283203125
0.054687500000
0.036865234375
0.125976562500
0.100097656250
0.166015625000
-0.110839843750
0.235351562500
0.060058593750
0.045166015625
0.055908203125
-0.073730468750
-0.023315429688
-0.082519531250
-0.086425781250
0.129882812500
-0.018798828125
-0.000888824463
0.006683349609
-0.008178710938
-0.171875000000
-0.022216796875
0.059082031250
-0.093750000000
0.116699218750
-0.144531250000
-0.043457031250
-0.133789062500
0.049072265625
0.004547119141
0.000900268555
0.013305664062
-0.022583007812
-0.088378906250
0.016967773438
-0.016601562500
-0.075683593750
0.036865234375
0.057373046875
-0.160156250000
-0.036132812500
-0.049072265625
-0.031982421875
-0.060302734375
0.053955078125
-0.164062500000
0.029785156250
0.031738281250
-0.044677734375
-0.131835937500
-0.114257812500
-0.039550781250
0.068847656250
-0.156250000000
-0.034667968750
0.019653320312
0.006805419922
0.033691406250
-0.041015625000
-0.090820312500
-0.119628906250
0.075683593750
-0.043457031250
0.015136718750
-0.207031250000
0.025268554688
-0.078613281250
-0.054199218750
-0.011047363281
0.062255859375
0.259765625000
0.009765625000
-0.028564453125
0.072753906250
0.015319824219
-0.056396484375
0.048828125000
0.072753906250
0.023559570312
0.178710937500
-0.151367187500
-0.067382812500
-0.028808593750
0.061523437500
-0.047851562500
0.065917968750
0.110351562500
0.072265625000
0.119628906250
0.030151367188
-0.091796875000
-0.038085937500
0.103515625000
-0.049804687500
-0.117187500000
0.012756347656
0.106933593750
-0.022460937500
-0.006042480469
-0.038085937500
-0.037353515625
-0.041015625000
0.105957031250
-0.069824218750
0.013244628906
0.015625000000
0.053222656250
0.208984375000
0.052490234375
0.052246093750
0.092285156250
0.040039062500
-0.098632812500
-0.080078125000
-0.111816406250
0.024536132812
-0.086914062500
0.139648437500
-0.175781250000
-0.034667968750
-0.103027343750
0.073730468750
0.117675781250
-0.051025390625
-0.022460937500
0.047119140625
0.003509521484
-0.097167968750
-0.115722656250
-0.008361816406
-0.038085937500
0.127929687500
-0.066406250000
-0.094726562500
-0.071289062500
0.059570312500
-0.197265625000
0.118164062500
0.026245117188
-0.002441406250
0.104980468750
0.105957031250
-0.053710937500
-0.125976562500
-0.058105468750
-0.098144531250
0.089355468750
0.003570556641
-0.161132812500
0.121093750000
0.042480468750
-0.029174804688
-0.104492187500
-0.087402343750
-0.029418945312
0.024414062500
0.002044677734
-0.062500000000
-0.108886718750
-0.111328125000
0.273437500000
-0.111328125000
0.035400390625
-0.030761718750
0.071777343750
0.104980468750
-0.003631591797
-0.055664062500
-0.108886718750
0.040771484375
0.109375000000
-0.061767578125
0.008972167969
-0.060302734375
-0.045654296875
-0.178710937500
-0.046875000000
-0.114257812500
-0.079101562500
-0.036376953125
0.062988281250
0.193359375000
0.000074386597
-0.020507812500
-0.059814453125
-0.028564453125
-0.006866455078
-0.042724609375
0.036865234375
0.008483886719
-0.077148437500
0.026000976562
-0.080566406250
-0.151367187500
0.102050781250
-0.032470703125
-0.124511718750
0.048828125000
0.142578125000
-0.094238281250
-0.161132812500
-0.012207031250
0.028564453125
0.234375000000
0.121093750000
-0.363281250000
-0.020263671875
0.025512695312
0.005218505859
-0.209960937500
-0.071777343750
0.016235351562
-0.130859375000
-0.008300781250
0.000679016113
0.006500244141
0.105468750000
-0.117675781250
-0.269531250000
0.150390625000
0.041015625000
0.153320312500
-0.123535156250
-0.101562500000
-0.024291992188
0.005645751953
-0.041015625000
0.022216796875
-0.197265625000
0.019287109375
-0.101074218750
0.054443359375
0.073242187500
0.073730468750
-0.035400390625
-0.108398437500
-0.118652343750
0.095214843750
-0.107910156250
0.019165039062
-0.059326171875
-0.236328125000
0.086425781250
0.112792968750
0.129882812500
0.033203125000
-0.061279296875
0.005523681641
0.042968750000
0.212890625000
0.101562500000
0.046875000000
-0.030761718750
0.002624511719
-0.055664062500
-0.009094238281
-0.259765625000
0.253906250000
-0.035888671875
-0.045410156250
-0.058105468750
0.076171875000
0.084960937500
-0.007324218750
-0.081054687500
-0.018432617188
0.117187500000
0.043212890625
-0.142578125000
-0.001632690430
0.063964843750
-0.022949218750
0.218750000000
0.221679687500
-0.047119140625
-0.031738281250
0.100585937500
-0.204101562500
0.125000000000
0.101562500000
-0.041992187500
0.098632812500
0.132812500000
-0.200195312500
0.039306640625
-0.018432617188
-0.048828125000
0.215820312500
-0.094726562500
0.014221191406
-0.092285156250
-0.042236328125
-0.070312500000
0.014526367188
0.072265625000
-0.170898437500
0.195312500000
-0.052001953125
-0.086425781250
0.101562500000
-0.025512695312
0.004211425781
-0.115234375000
0.038818359375
-0.031738281250
-0.133789062500
0.005615234375
0.251953125000
-0.001449584961
0.056152343750
0.039062500000
-0.088867187500
-0.005279541016
0.156250000000
-0.098144531250
0.091796875000
0.018554687500
-0.046142578125
-0.129882812500
0.068359375000
-0.443359375000
0.020874023438
-0.067382812500
0.080078125000
0.135742187500
0.081542968750
0.024047851562
-0.079589843750
0.050537109375
-0.014526367188
0.144531250000
0.130859375000
-0.076660156250
0.048828125000
-0.027954101562
-0.054199218750
-0.126953125000
-0.188476562500
-0.076660156250
-0.077636718750
0.273437500000
-0.063964843750
0.023437500000
-0.052246093750
0.073242187500
0.208984375000
-0.081542968750
-0.101074218750
-0.040771484375
-0.137695312500
-0.176757812500
-0.090332031250
0.021850585938
0.011474609375
0.131835937500
0.060546875000
0.194335937500
0.035888671875
-0.032226562500
-0.133789062500
0.145507812500
-0.121582031250
0.034667968750
0.107910156250
-0.019409179688
-0.001274108887
-0.135742187500
-0.132812500000
0.010314941406
0.139648437500
0.289062500000
-0.015014648438
0.168945312500
-0.003936767578
0.044433593750
0.053955078125
-0.110351562500
-0.015136718750
0.019531250000
-0.039550781250
-0.046142578125
0.030151367188
0.066406250000
-0.000467300415
0.063964843750
-0.018432617188
0.108886718750
-0.001777648926
-0.050537109375
0.058349609375
0.005249023438
-0.080078125000
-0.054199218750
0.089355468750
-0.443359375000
0.125976562500
0.005798339844
-0.016357421875
0.147460937500
-0.006286621094
0.107910156250
-0.227539062500
-0.133789062500
0.063964843750
0.108886718750
-0.002304077148
-0.013854980469
-0.103515625000
-0.167968750000
0.035400390625
-0.122558593750
0.053222656250
-0.076660156250
0.113281250000
0.058105468750
-0.130859375000
0.157226562500
-0.016967773438
0.148437500000
0.018554687500
-0.210937500000
-0.123046875000
0.238281250000
-0.056640625000
0.096679687500
0.289062500000
-0.087890625000
0.035644531250
-0.074707031250
0.164062500000
-0.119140625000
-0.000843048096
-0.170898437500
-0.194335937500
-0.233398437500
-0.029785156250
0.070312500000
-0.019409179688
0.081054687500
0.050781250000
0.091308593750
-0.013000488281
-0.059814453125
-0.016235351562
0.089843750000
-0.042968750000
-0.164062500000
-0.326171875000
0.031738281250
0.078613281250
0.002792358398
0.020141601562
0.178710937500
-0.026855468750
-0.075195312500
0.014282226562
-0.089355468750
-0.009399414062
-0.134765625000
0.057617187500
0.074707031250
-0.015502929688
0.074218750000
-0.144531250000
-0.204101562500
-0.118652343750
-0.191406250000
-0.018920898438
-0.048095703125
0.098632812500
-0.170898437500
0.079589843750
-0.113281250000
-0.039794921875
0.076171875000
-0.058105468750
-0.034423828125
0.052246093750
-0.019042968750
-0.005035400391
-0.084960937500
-0.038818359375
-0.052734375000
-0.100585937500
0.038330078125
0.181640625000
0.122070312500
0.135742187500
-0.121582031250
0.084960937500
-0.083984375000
-0.049072265625
0.055908203125
0.153320312500
0.006530761719
0.076660156250
-0.057861328125
-0.028442382812
-0.075683593750
-0.094726562500
-0.017822265625
0.026611328125
0.143554687500
-0.114257812500
0.067382812500
-0.007049560547
0.011291503906
-0.229492187500
0.033203125000
0.018188476562
-0.076660156250
0.113769531250
0.080078125000
0.034179687500
0.027954101562
-0.087402343750
-0.013000488281
-0.045166015625
-0.059326171875
0.039062500000
0.182617187500
-0.054931640625
0.025268554688
-0.044189453125
-0.104492187500
-0.079101562500
0.081542968750
0.042480468750
0.102050781250
0.035644531250
0.110351562500
-0.014465332031
-0.027832031250
0.026733398438
0.023559570312
0.030395507812
-0.020874023438
0.018798828125
-0.010192871094
0.052246093750
-0.153320312500
0.003448486328
-0.181640625000
0.076171875000
0.014648437500
-0.045654296875
-0.076660156250
-0.056640625000
-0.075195312500
-0.141601562500
0.126953125000
-0.002349853516
-0.087402343750
-0.096679687500
-0.084960937500
0.216796875000
-0.083984375000
0.285156250000
0.174804687500
-0.048339843750
-0.106933593750
-0.289062500000
0.064941406250
-0.112304687500
0.044921875000
0.294921875000
-0.078125000000
0.062255859375
-0.062255859375
-0.181640625000
-0.055664062500
0.060058593750
0.015625000000
-0.007385253906
-0.149414062500
-0.279296875000
0.003341674805
-0.037109375000
-0.058593750000
0.018554687500
0.003295898438
0.018920898438
0.003616333008
-0.445312500000
0.099609375000
0.008117675781
-0.024169921875
-0.045410156250
0.099609375000
0.147460937500
0.112304687500
-0.014099121094
-0.130859375000
-0.100585937500
-0.057617187500
-0.053222656250
-0.265625000000
-0.065429687500
0.006042480469
0.135742187500
-0.001724243164
-0.022705078125
-0.041015625000
0.018066406250
0.074218750000
0.035400390625
0.019409179688
0.031494140625
-0.063964843750
0.113281250000
-0.110351562500
-0.229492187500
-0.108398437500
-0.093261718750
0.089843750000
0.036376953125
0.037841796875
-0.044677734375
0.110351562500
-0.030883789062
0.042236328125
0.125976562500
-0.064941406250
0.087402343750
-0.120605468750
0.057617187500
-0.033691406250
-0.094238281250
0.316406250000
0.044921875000
-0.046875000000
-0.090820312500
0.002395629883
-0.170898437500
-0.357421875000
-0.143554687500
-0.014953613281
-0.002716064453
-0.006652832031
0.050292968750
-0.115722656250
-0.013732910156
-0.034423828125
0.063476562500
0.088867187500
-0.004943847656
0.056396484375
0.040039062500
0.044189453125
-0.099609375000
-0.172851562500
0.217773437500
0.161132812500
-0.019653320312
0.017333984375
0.164062500000
-0.228515625000
-0.142578125000
0.014404296875
-0.219726562500
-0.040771484375
-0.074218750000
-0.119628906250
0.086425781250
-0.165039062500
-0.062500000000
0.002593994141
-0.063476562500
-0.103027343750
-0.047607421875
0.033935546875
0.032714843750
-0.055175781250
-0.097656250000
-0.149414062500
-0.023437500000
-0.020874023438
0.028930664062
0.022705078125
-0.061767578125
-0.053710937500
0.096191406250
0.053466796875
-0.047851562500
-0.120117187500
-0.124511718750
-0.265625000000
0.140625000000
-0.023925781250
0.008666992188
-0.101562500000
0.185546875000
-0.028198242188
-0.064941406250
0.103515625000
-0.112792968750
-0.075195312500
-0.012451171875
0.033691406250
-0.135742187500
0.070312500000
0.105957031250
-0.066406250000
0.032958984375
0.027954101562
0.057617187500
0.090332031250
-0.279296875000
-0.070312500000
-0.111816406250
0.021606445312
0.050048828125
0.015136718750
0.016113281250
-0.151367187500
-0.119628906250
-0.265625000000
-0.263671875000
-0.131835937500
-0.033691406250
-0.037597656250
-0.195312500000
0.035888671875
0.187500000000
0.057128906250
0.044677734375
0.234375000000
-0.090332031250
0.039306640625
0.089843750000
-0.164062500000
0.141601562500
-0.083007812500
-0.173828125000
-0.114257812500
0.026733398438
-0.080078125000
-0.298828125000
-0.043945312500
0.005218505859
0.024658203125
-0.194335937500
-0.033935546875
0.089355468750
-0.083496093750
0.013793945312
0.098632812500
-0.012207031250
-0.163085937500
0.022705078125
-0.259765625000
-0.011108398438
-0.019897460938
-0.115722656250
0.304687500000
-0.120117187500
-0.026977539062
0.069335937500
-0.014343261719
0.080078125000
-0.048828125000
0.013183593750
-0.098632812500
-0.028686523438
-0.134765625000
0.078613281250
0.125976562500
-0.261718750000
0.103515625000
0.039062500000
0.026245117188
0.032958984375
0.199218750000
0.087890625000
-0.123535156250
-0.049072265625
-0.027465820312
-0.020996093750
-0.218750000000
-0.109375000000
-0.165039062500
0.037597656250
-0.187500000000
0.055419921875
0.009399414062
0.018310546875
-0.059814453125
-0.032470703125
0.022338867188
0.209960937500
-0.087890625000
-0.103027343750
0.050781250000
-0.102050781250
0.204101562500
-0.076660156250
0.033447265625
-0.000549316406
-0.096679687500
0.008544921875
0.044433593750
-0.221679687500
-0.146484375000
0.061279296875
0.257812500000
0.014526367188
0.097167968750
-0.118164062500
-0.011901855469
0.060302734375
0.046386718750
-0.243164062500
0.029296875000
-0.378906250000
0.009826660156
0.092285156250
0.136718750000
-0.065429687500
0.098144531250
0.060302734375
0.063964843750
0.040771484375
0.005615234375
-0.131835937500
-0.138671875000
0.037841796875
-0.116210937500
-0.045654296875
-0.015869140625
-0.146484375000
-0.031250000000
-0.050292968750
-0.075195312500
-0.111328125000
-0.100585937500
-0.113769531250
0.064453125000
0.070800781250
-0.024658203125
-0.084472656250
0.050292968750
0.036621093750
-0.093750000000
0.137695312500
-0.012451171875
-0.049560546875
0.175781250000
0.001968383789
0.171875000000
0.144531250000
0.035400390625
-0.208007812500
-0.222656250000
-0.142578125000
0.224609375000
-0.107421875000
-0.045166015625
-0.025756835938
0.125976562500
-0.131835937500
-0.031005859375
0.009582519531
0.131835937500
-0.086914062500
0.145507812500
-0.222656250000
-0.140625000000
-0.091796875000
0.014831542969
0.052001953125
0.011596679688
-0.146484375000
0.047851562500
0.093750000000
-0.042236328125
-0.075683593750
0.025024414062
0.097656250000
0.066894531250
-0.044921875000
-0.034912109375
0.074707031250
0.013549804688
0.050781250000
-0.079101562500
0.013671875000
0.029418945312
-0.168945312500
0.039794921875
0.013854980469
-0.081542968750
-0.020874023438
-0.228515625000
-0.059814453125
-0.013977050781
-0.059814453125
-0.116210937500
-0.166015625000
0.060791015625
0.091796875000
-0.186523437500
-0.141601562500
-0.148437500000
-0.128906250000
-0.053466796875
0.115722656250
0.064453125000
0.029052734375
-0.013183593750
0.003448486328
0.138671875000
-0.112304687500
-0.020751953125
-0.034912109375
0.148437500000
-0.002563476562
0.253906250000
-0.041992187500
0.022583007812
-0.006896972656
-0.125000000000
-0.086914062500
0.022460937500
0.026855468750
-0.014038085938
-0.017456054688
-0.146484375000
-0.070312500000
-0.066406250000
0.001876831055
-0.036621093750
-0.072265625000
0.115234375000
-0.017700195312
0.041503906250
0.046875000000
0.074707031250
-0.048583984375
0.074707031250
-0.129882812500
0.014221191406
-0.012573242188
-0.172851562500
0.141601562500
-0.119140625000
-0.024902343750
0.208984375000
-0.000002682209
0.178710937500
-0.123535156250
-0.067382812500
-0.038330078125
0.014038085938
-0.128906250000
-0.035156250000
0.095703125000
-0.005432128906
0.018554687500
0.049072265625
-0.100097656250
-0.184570312500
0.171875000000
0.015441894531
-0.043701171875
0.014465332031
-0.049804687500
0.008178710938
0.062988281250
0.078125000000
0.045898437500
0.181640625000
-0.019165039062
0.026977539062
-0.028686523438
-0.523437500000
0.025390625000
-0.028076171875
0.144531250000
0.041748046875
-0.154296875000
-0.005401611328
-0.113281250000
-0.026000976562
0.117187500000
0.060791015625
0.017822265625
-0.130859375000
0.153320312500
0.059326171875
-0.125000000000
0.005767822266
0.029296875000
-0.085449218750
0.030151367188
-0.065429687500
0.065429687500
-0.051269531250
0.000231742859
-0.074218750000
0.084472656250
0.027709960938
0.207031250000
-0.107910156250
-0.040527343750
0.069335937500
0.137695312500
0.008239746094
0.170898437500
-0.052001953125
-0.118652343750
0.020263671875
-0.058593750000
0.121093750000
-0.039550781250
0.053955078125
-0.015075683594
-0.116210937500
-0.049804687500
-0.219726562500
-0.190429687500
-0.040283203125
-0.048583984375
-0.033203125000
0.001640319824
-0.400390625000
-0.062988281250
-0.085449218750
-0.003524780273
0.093750000000
0.003723144531
0.138671875000
0.185546875000
0.104003906250
-0.131835937500
-0.042968750000
-0.010009765625
0.030273437500
-0.008422851562
-0.192382812500
0.014831542969
-0.014465332031
-0.010253906250
-0.055175781250
0.139648437500
-0.009399414062
0.118164062500
0.162109375000
-0.049560546875
-0.008361816406
0.057128906250
-0.194335937500
0.073730468750
0.265625000000
-0.077148437500
0.072265625000
-0.086425781250
0.076171875000
-0.028320312500
-0.021728515625
0.123535156250
0.069824218750
0.056396484375
-0.046142578125
-0.058837890625
0.122558593750
-0.045166015625
-0.085449218750
0.028930664062
0.017089843750
-0.000556945801
0.109375000000
-0.059570312500
0.140625000000
-0.058349609375
-0.031250000000
0.054687500000
0.068847656250
0.029541015625
-0.068847656250
0.093261718750
-0.018554687500
0.039794921875
0.039062500000
-0.155273437500
0.088867187500
0.071289062500
0.053955078125
-0.010375976562
-0.283203125000
0.043945312500
0.020996093750
0.036132812500
-0.023803710938
-0.040283203125
0.106933593750
0.125000000000
-0.021606445312
-0.016235351562
-0.019042968750
-0.092773437500
0.044677734375
-0.073730468750
0.180664062500
0.049316406250
0.044921875000
0.455078125000
0.031738281250
0.024658203125
-0.037109375000
-0.141601562500
-0.017211914062
0.113769531250
-0.030029296875
0.093750000000
-0.014648437500
0.087402343750
0.025512695312
-0.091308593750
-0.006011962891
0.010314941406
-0.087890625000
0.010925292969
0.060302734375
0.004821777344
-0.115722656250
-0.218750000000
0.056640625000
-0.082031250000
-0.141601562500
0.034179687500
-0.079589843750
0.110839843750
-0.159179687500
-0.016967773438
-0.052001953125
-0.044433593750
0.126953125000
0.039062500000
-0.087402343750
0.002563476562
0.044921875000
0.189453125000
-0.012390136719
-0.012451171875
-0.105957031250
0.010009765625
-0.027221679688
-0.083007812500
0.059570312500
0.011962890625
-0.039062500000
-0.060058593750
0.141601562500
-0.039306640625
0.004241943359
0.067382812500
-0.048339843750
-0.091796875000
0.105957031250
-0.084472656250
0.057373046875
-0.035156250000
-0.011047363281
-0.021240234375
-0.028564453125
-0.147460937500
0.017333984375
0.002807617188
-0.235351562500
-0.079101562500
0.066406250000
0.117187500000
-0.104003906250
-0.136718750000
0.023559570312
-0.061523437500
0.051269531250
-0.144531250000
0.136718750000
0.075683593750
-0.054443359375
-0.099121093750
-0.034667968750
-0.042236328125
0.075683593750
-0.046142578125
-0.042480468750
-0.153320312500
-0.062988281250
0.094726562500
-0.136718750000
0.068359375000
-0.058837890625
-0.028442382812
-0.041992187500
-0.125976562500
0.030395507812
0.031738281250
-0.045654296875
-0.237304687500
-0.052490234375
0.003326416016
0.055419921875
0.048095703125
-0.033935546875
0.065917968750
-0.146484375000
0.151367187500
0.054687500000
-0.026245117188
0.079589843750
-0.026611328125
-0.052490234375
-0.402343750000
0.038085937500
-0.065429687500
0.041015625000
0.154296875000
0.130859375000
-0.079589843750
-0.052246093750
-0.115234375000
0.022583007812
-0.115234375000
-0.002166748047
0.006408691406
-0.115234375000
-0.002090454102
-0.005859375000
0.076660156250
-0.139648437500
0.067382812500
-0.169921875000
-0.205078125000
0.034667968750
-0.078125000000
-0.048828125000
0.092285156250
0.115234375000
-0.083007812500
-0.029663085938
0.049316406250
0.181640625000
0.035400390625
-0.023803710938
0.050537109375
-0.047607421875
0.028076171875
-0.102050781250
-0.034423828125
-0.022705078125
-0.083984375000
-0.064941406250
-0.052734375000
0.078125000000
0.078125000000
0.122558593750
-0.052978515625
-0.075683593750
-0.112792968750
0.064453125000
-0.171875000000
0.028442382812
0.058593750000
0.183593750000
-0.004852294922
0.091308593750
0.018554687500
0.128906250000
-0.000235557556
0.017089843750
0.130859375000
0.008056640625
-0.001670837402
0.246093750000
-0.095703125000
0.207031250000
0.008666992188
-0.070800781250
-0.116699218750
-0.099609375000
0.114257812500
0.059082031250
0.039306640625
0.046142578125
-0.028930664062
-0.036376953125
0.049560546875
-0.221679687500
-0.056884765625
0.069335937500
-0.090332031250
0.108398437500
0.062011718750
-0.003753662109
-0.003479003906
-0.098632812500
-0.023559570312
-0.077636718750
-0.078613281250
-0.111328125000
0.017211914062
-0.003082275391
-0.048339843750
-0.065917968750
0.055664062500
-0.096679687500
-0.105957031250
0.008361816406
0.036376953125
0.104492187500
-0.020751953125
-0.042480468750
-0.045654296875
0.012084960938
-0.083007812500
-0.031494140625
-0.038818359375
-0.101562500000
0.005401611328
0.019409179688
-0.083984375000
-0.138671875000
-0.016479492188
-0.168945312500
0.058349609375
-0.091796875000
0.000507354736
0.261718750000
-0.013549804688
0.160156250000
0.048095703125
0.078125000000
0.009338378906
-0.267578125000
-0.074218750000
0.022094726562
0.103027343750
0.050537109375
0.001556396484
-0.077636718750
0.029296875000
0.028930664062
-0.076660156250
-0.189453125000
-0.059326171875
0.036376953125
-0.077636718750
0.100097656250
-0.008422851562
-0.120117187500
0.099609375000
-0.116210937500
0.016113281250
0.115234375000
-0.255859375000
0.092773437500
-0.068359375000
-0.142578125000
-0.081542968750
-0.080078125000
0.099609375000
0.095703125000
-0.007324218750
0.011718750000
0.161132812500
-0.088378906250
0.024780273438
-0.083984375000
0.018554687500
0.002578735352
0.000174522400
0.025024414062
-0.096191406250
0.013793945312
0.066894531250
0.131835937500
-0.003784179688
0.037353515625
-0.044677734375
0.099121093750
0.004272460938
0.062255859375
-0.147460937500
0.024658203125
0.094238281250
-0.094238281250
-0.066894531250
0.013061523438
0.022094726562
-0.267578125000
-0.114746093750
0.002685546875
0.003585815430
0.021484375000
-0.087402343750
-0.016601562500
-0.047607421875
-0.042236328125
-0.034179687500
-0.040527343750
-0.207031250000
0.169921875000
-0.152343750000
-0.003387451172
-0.013977050781
-0.053222656250
-0.040283203125
0.141601562500
0.131835937500
0.104980468750
-0.008178710938
-0.093750000000
-0.170898437500
-0.030395507812
-0.200195312500
0.149414062500
0.088378906250
0.123046875000
-0.034912109375
0.011352539062
0.098144531250
-0.065429687500
-0.018554687500
0.074707031250
0.138671875000
-0.091308593750
0.124511718750
-0.180664062500
0.091796875000
0.040771484375
0.112792968750
-0.099121093750
-0.077148437500
-0.105957031250
-0.008483886719
-0.134765625000
-0.127929687500
-0.113281250000
0.125976562500
0.073730468750
0.009582519531
0.052246093750
0.012390136719
0.104980468750
0.073730468750
0.026489257812
0.004638671875
-0.060058593750
-0.035400390625
-0.130859375000
0.036621093750
0.050537109375
-0.196289062500
-0.199218750000
0.025756835938
-0.011596679688
0.226562500000
0.033691406250
0.022827148438
-0.058105468750
0.019531250000
-0.021972656250
0.115722656250
0.074707031250
-0.004608154297
-0.164062500000
-0.121582031250
-0.000214576721
0.119140625000
-0.092285156250
0.078613281250
-0.038574218750
-0.166015625000
0.106445312500
-0.003555297852
-0.001739501953
0.070800781250
-0.018798828125
-0.106445312500
-0.082519531250
0.094726562500
-0.181640625000
-0.014282226562
0.076171875000
0.082031250000
-0.135742187500
0.007293701172
-0.086914062500
-0.002807617188
-0.079101562500
-0.063476562500
-0.025390625000
0.019897460938
-0.000473022461
0.010864257812
-0.036132812500
-0.088378906250
-0.014465332031
-0.004547119141
-0.061767578125
0.055664062500
0.089843750000
-0.088867187500
-0.017578125000
-0.226562500000
-0.011779785156
-0.018188476562
0.038330078125
-0.083496093750
0.002334594727
-0.092285156250
0.149414062500
-0.036376953125
-0.039062500000
0.016723632812
0.007781982422
0.029296875000
0.050537109375
-0.023437500000
-0.039794921875
0.028930664062
-0.190429687500
-0.141601562500
0.067382812500
0.101074218750
-0.140625000000
-0.205078125000
-0.152343750000
0.094726562500
-0.192382812500
-0.038085937500
0.066406250000
0.114257812500
0.275390625000
0.183593750000
-0.033935546875
-0.112304687500
0.089843750000
-0.081054687500
-0.140625000000
-0.122558593750
-0.040283203125
0.062011718750
-0.100585937500
0.094238281250
-0.003829956055
-0.013610839844
-0.101074218750
0.050048828125
0.055664062500
0.032714843750
-0.042236328125
-0.037109375000
-0.034912109375
0.014709472656
0.053466796875
-0.099121093750
0.062988281250
0.104980468750
-0.079101562500
0.131835937500
-0.001060485840
0.122558593750
-0.087402343750
-0.086914062500
0.025878906250
-0.094238281250
0.084960937500
-0.106933593750
0.134765625000
0.015747070312
0.035644531250
0.025512695312
-0.126953125000
-0.146484375000
-0.090820312500
0.064453125000
0.065429687500
0.125000000000
-0.241210937500
-0.192382812500
0.077148437500
0.050781250000
-0.064941406250
-0.156250000000
-0.281250000000
-0.083007812500
-0.036621093750
0.051757812500
-0.158203125000
-0.055175781250
-0.013183593750
0.009033203125
-0.015014648438
0.088867187500
0.059326171875
0.160156250000
0.077148437500
-0.059814453125
-0.103027343750
0.185546875000
-0.101562500000
-0.193359375000
-0.086425781250
-0.045898437500
0.131835937500
0.067871093750
-0.138671875000
0.101562500000
0.012817382812
-0.050292968750
-0.012329101562
0.053710937500
0.040039062500
-0.042480468750
-0.052490234375
-0.233398437500
0.074218750000
0.057128906250
0.132812500000
0.039794921875
-0.110839843750
-0.057373046875
0.054687500000
-0.130859375000
-0.008361816406
-0.087402343750
-0.146484375000
-0.091796875000
0.154296875000
-0.054931640625
-0.061035156250
0.099609375000
-0.144531250000
-0.058349609375
0.038330078125
0.143554687500
-0.104492187500
-0.080078125000
0.177734375000
0.052490234375
-0.235351562500
-0.012451171875
0.144531250000
-0.040283203125
-0.183593750000
-0.013610839844
-0.014831542969
-0.135742187500
0.047363281250
0.005371093750
0.108398437500
-0.002243041992
0.224609375000
-0.131835937500
0.071777343750
-0.087890625000
0.035400390625
-0.140625000000
-0.199218750000
-0.088867187500
-0.183593750000
0.084960937500
0.009399414062
0.108886718750
-0.044677734375
0.056152343750
-0.222656250000
0.077636718750
0.036376953125
-0.168945312500
-0.047607421875
0.074707031250
0.121582031250
-0.085937500000
-0.073242187500
-0.073242187500
0.056152343750
-0.035888671875
0.092285156250
-0.004730224609
0.211914062500
0.059570312500
-0.111816406250
0.024902343750
0.103515625000
-0.095703125000
-0.074707031250
-0.040283203125
-0.104492187500
-0.058349609375
0.117675781250
-0.113281250000
0.182617187500
-0.008422851562
0.064453125000
-0.086425781250
-0.011840820312
-0.036621093750
-0.111328125000
-0.125976562500
-0.049072265625
-0.031127929688
-0.083984375000
-0.005798339844
0.035400390625
-0.002441406250
-0.077148437500
-0.162109375000
-0.185546875000
-0.018554687500
-0.224609375000
-0.078613281250
0.082519531250
0.137695312500
0.034667968750
-0.146484375000
0.113281250000
-0.016235351562
0.046386718750
0.048339843750
0.170898437500
0.097167968750
-0.182617187500
-0.066406250000
-0.035644531250
0.010192871094
-0.012939453125
-0.162109375000
-0.251953125000
0.105957031250
0.013916015625
-0.174804687500
0.200195312500
-0.023681640625
-0.004028320312
-0.015258789062
-0.042724609375
0.021728515625
0.136718750000
-0.038330078125
-0.002639770508
-0.019897460938
0.019897460938
0.100585937500
-0.140625000000
-0.026977539062
0.015136718750
-0.023315429688
0.030273437500
-0.242187500000
0.143554687500
-0.069824218750
0.002258300781
0.084472656250
0.080078125000
0.090332031250
-0.000865936279
-0.074218750000
-0.100097656250
0.093261718750
-0.040039062500
-0.160156250000
-0.057617187500
-0.038574218750
-0.074218750000
-0.043701171875
0.057128906250
-0.026245117188
-0.106445312500
-0.142578125000
0.012573242188
-0.081542968750
-0.053222656250
0.106445312500
-0.003692626953
0.026000976562
0.124023437500
0.025268554688
0.250000000000
-0.204101562500
-0.038818359375
-0.016357421875
0.103027343750
-0.041259765625
0.077636718750
0.083496093750
0.035644531250
-0.023437500000
0.057617187500
-0.032714843750
-0.006103515625
-0.173828125000
-0.001808166504
0.016113281250
-0.193359375000
0.060546875000
0.130859375000
0.163085937500
0.012145996094
-0.103027343750
-0.021972656250
0.163085937500
0.034912109375
-0.062255859375
0.083496093750
0.109375000000
0.076660156250
0.054687500000
-0.019531250000
0.052734375000
-0.088867187500
-0.059814453125
0.029418945312
0.148437500000
0.003173828125
0.104003906250
0.141601562500
0.045898437500
-0.051269531250
-0.101074218750
0.094238281250
0.006134033203
-0.162109375000
0.052490234375
-0.112304687500
-0.055908203125
0.085937500000
-0.081542968750
0.101074218750
-0.019409179688
0.101562500000
0.031738281250
-0.060058593750
0.090332031250
0.079101562500
-0.166992187500
-0.035400390625
0.114257812500
0.062988281250
0.053222656250
-0.050292968750
0.067871093750
-0.069824218750
0.000137329102
-0.056396484375
0.055419921875
-0.039794921875
0.069335937500
0.066406250000
-0.106933593750
0.213867187500
0.017211914062
-0.058837890625
0.020263671875
0.051025390625
-0.021972656250
-0.076660156250
-0.047363281250
-0.225585937500
-0.137695312500
0.092773437500
0.184570312500
-0.043212890625
-0.044921875000
-0.075683593750
0.050781250000
-0.092773437500
0.006896972656
-0.147460937500
0.141601562500
0.036621093750
-0.028198242188
0.034179687500
-0.082031250000
-0.034912109375
0.016723632812
-0.146484375000
-0.019409179688
-0.196289062500
0.065429687500
-0.004669189453
0.034423828125
-0.158203125000
0.037353515625
-0.066406250000
0.027587890625
0.022583007812
-0.337890625000
-0.166992187500
0.100585937500
-0.066406250000
-0.056640625000
-0.040527343750
0.112792968750
-0.078613281250
0.062500000000
0.062011718750
-0.186523437500
0.143554687500
-0.125000000000
0.021606445312
-0.031494140625
-0.168945312500
0.085449218750
-0.271484375000
0.094238281250
-0.039306640625
0.026367187500
0.000255584717
0.060058593750
-0.143554687500
0.085937500000
-0.156250000000
-0.068847656250
-0.007080078125
0.057861328125
0.029541015625
0.182617187500
-0.216796875000
-0.067871093750
0.048339843750
-0.109863281250
-0.195312500000
-0.062500000000
0.005645751953
0.003173828125
0.243164062500
0.001091003418
-0.082031250000
0.096191406250
0.165039062500
0.013061523438
0.105957031250
-0.061035156250
0.091796875000
0.004943847656
0.052734375000
-0.096191406250
-0.018920898438
0.073242187500
0.066894531250
-0.057373046875
0.045898437500
-0.095214843750
-0.093750000000
-0.129882812500
-0.153320312500
0.101562500000
-0.030151367188
0.002517700195
0.025024414062
0.030639648438
-0.094238281250
0.052001953125
-0.172851562500
0.063964843750
-0.042724609375
0.042968750000
-0.117675781250
-0.020751953125
0.013488769531
0.029541015625
0.109863281250
0.011108398438
-0.040283203125
0.057128906250
-0.077148437500
-0.180664062500
0.164062500000
-0.041992187500
0.000698089600
-0.014709472656
0.053222656250
0.040527343750
-0.023437500000
0.049316406250
-0.045654296875
-0.177734375000
0.038574218750
-0.100585937500
0.182617187500
0.043212890625
0.040283203125
-0.086425781250
-0.185546875000
0.103027343750
-0.116699218750
0.082031250000
-0.023071289062
0.083984375000
0.012023925781
-0.012634277344
-0.054687500000
0.110351562500
-0.030273437500
-0.127929687500
-0.132812500000
-0.084960937500
0.010070800781
-0.086914062500
-0.033691406250
0.024658203125
-0.015380859375
-0.123046875000
0.062988281250
-0.085937500000
0.042724609375
-0.040771484375
-0.057617187500
0.021728515625
0.000272750854
0.014221191406
0.093261718750
-0.148437500000
-0.099609375000
-0.030761718750
-0.086914062500
0.125976562500
0.027465820312
0.157226562500
0.020141601562
0.108886718750
0.060058593750
-0.037597656250
0.053710937500
0.096679687500
-0.093261718750
-0.067871093750
0.170898437500
-0.208007812500
0.239257812500
0.021728515625
-0.077636718750
-0.062988281250
-0.010070800781
0.052001953125
0.042968750000
0.042724609375
0.185546875000
-0.076171875000
-0.097167968750
0.031738281250
-0.044677734375
0.174804687500
0.032470703125
0.067382812500
-0.009338378906
0.011230468750
-0.036376953125
-0.155273437500
0.074218750000
0.023437500000
-0.075195312500
-0.007446289062
-0.054199218750
0.090332031250
-0.048339843750
-0.055175781250
0.081542968750
-0.028930664062
0.018676757812
-0.002838134766
-0.111816406250
-0.120605468750
0.048828125000
0.098144531250
-0.079101562500
0.054443359375
0.002502441406
-0.110839843750
0.012939453125
0.023071289062
0.085937500000
-0.060546875000
-0.125000000000
0.049560546875
-0.139648437500
-0.042236328125
-0.064453125000
0.050537109375
0.030517578125
0.021118164062
0.089843750000
-0.121582031250
-0.124023437500
-0.071777343750
-0.077148437500
0.063476562500
0.012878417969
-0.094238281250
-0.028808593750
-0.015319824219
0.020263671875
-0.053222656250
0.067382812500
-0.019897460938
-0.015869140625
-0.027099609375
0.022583007812
-0.192382812500
0.008361816406
-0.020996093750
-0.207031250000
0.102539062500
0.054199218750
0.044921875000
-0.104003906250
0.076171875000
-0.062255859375
0.006134033203
-0.156250000000
-0.147460937500
-0.097656250000
-0.003158569336
-0.082519531250
0.114746093750
-0.047119140625
-0.119628906250
0.028320312500
0.044677734375
-0.064453125000
0.087890625000
-0.122070312500
0.039550781250
0.025512695312
-0.093750000000
0.104492187500
-0.071777343750
-0.053222656250
0.079101562500
-0.147460937500
0.145507812500
0.141601562500
-0.134765625000
-0.067871093750
0.024780273438
-0.121093750000
0.037597656250
-0.116699218750
0.014587402344
0.062255859375
0.010925292969
-0.100097656250
0.060058593750
-0.158203125000
0.012084960938
-0.066406250000
-0.075195312500
0.028564453125
0.021850585938
-0.171875000000
0.015747070312
0.006713867188
0.104492187500
-0.168945312500
0.168945312500
-0.052978515625
0.083496093750
-0.094238281250
0.057617187500
-0.046630859375
0.056884765625
-0.151367187500
0.047119140625
-0.125976562500
-0.047607421875
0.018432617188
-0.061767578125
0.175781250000
0.039550781250
0.099121093750
0.184570312500
0.175781250000
0.044677734375
-0.011108398438
0.103027343750
0.015136718750
0.028808593750
-0.101074218750
0.009643554688
0.119628906250
-0.112792968750
0.062011718750
0.004669189453
0.028564453125
-0.024414062500
-0.025024414062
-0.010375976562
0.107421875000
-0.005767822266
-0.017333984375
0.012878417969
-0.111328125000
-0.068847656250
0.143554687500
-0.050537109375
0.033935546875
-0.157226562500
0.166015625000
0.125000000000
-0.126953125000
-0.223632812500
0.094726562500
0.115234375000
-0.116699218750
-0.104492187500
-0.212890625000
0.148437500000
-0.029785156250
0.043457031250
0.069335937500
-0.092285156250
0.004669189453
0.144531250000
-0.033935546875
0.096679687500
0.079101562500
-0.089355468750
-0.149414062500
0.199218750000
-0.095214843750
0.007263183594
-0.046142578125
0.039550781250
0.057861328125
0.128906250000
0.036132812500
-0.175781250000
0.039306640625
0.049560546875
0.079101562500
-0.164062500000
0.202148437500
0.133789062500
-0.141601562500
0.108886718750
0.164062500000
-0.089843750000
0.058593750000
-0.022094726562
0.032226562500
0.115234375000
-0.018188476562
-0.044433593750
-0.070312500000
-0.185546875000
-0.003906250000
0.085937500000
0.033203125000
-0.033935546875
-0.051757812500
-0.000270843506
0.076660156250
0.053955078125
-0.085937500000
-0.037597656250
0.189453125000
-0.062988281250
0.028320312500
0.027832031250
0.041503906250
-0.000495910645
0.135742187500
0.049560546875
-0.019165039062
-0.057861328125
0.035644531250
0.039062500000
0.025024414062
-0.043457031250
0.028320312500
0.042480468750
-0.058593750000
-0.045410156250
-0.072265625000
-0.092285156250
-0.110839843750
0.100097656250
-0.205078125000
0.069335937500
0.095703125000
-0.020751953125
-0.123046875000
-0.140625000000
-0.038330078125
-0.062500000000
-0.045898437500
-0.050048828125
-0.075683593750
-0.111816406250
0.067382812500
-0.015625000000
0.081054687500
0.006469726562
-0.050292968750
-0.058105468750
-0.108886718750
-0.112304687500
0.059082031250
0.011291503906
0.009155273438
0.068847656250
0.275390625000
-0.017578125000
0.056396484375
-0.021240234375
0.119140625000
-0.134765625000
0.123046875000
0.146484375000
0.017089843750
-0.149414062500
0.023193359375
0.004119873047
-0.147460937500
-0.085937500000
-0.116699218750
0.023803710938
-0.055419921875
-0.058837890625
0.101074218750
0.017456054688
0.083496093750
0.083496093750
0.097167968750
-0.005065917969
-0.031738281250
-0.013671875000
0.114257812500
-0.070312500000
0.053466796875
-0.166992187500
-0.030029296875
0.030639648438
0.038330078125
-0.107910156250
0.104492187500
-0.052246093750
0.168945312500
-0.049316406250
-0.180664062500
0.071289062500
0.034423828125
-0.022827148438
-0.081054687500
0.095214843750
0.072265625000
-0.125976562500
0.079101562500
-0.140625000000
0.010681152344
-0.038818359375
-0.046875000000
-0.041748046875
0.090820312500
0.125000000000
-0.126953125000
0.048095703125
-0.192382812500
-0.065917968750
-0.227539062500
0.088867187500
-0.060791015625
-0.238281250000
0.059570312500
-0.096679687500
-0.020507812500
-0.131835937500
0.007415771484
0.018432617188
-0.061279296875
-0.036621093750
-0.058105468750
0.051513671875
0.007446289062
-0.171875000000
0.009277343750
-0.016357421875
-0.007873535156
-0.036132812500
0.045166015625
0.033203125000
0.014648437500
-0.169921875000
0.057128906250
-0.014221191406
-0.055908203125
0.014343261719
-0.144531250000
0.057128906250
0.064453125000
-0.082519531250
-0.006652832031
0.114746093750
-0.068847656250
0.012817382812
0.097656250000
0.031127929688
-0.048095703125
-0.040039062500
-0.112792968750
0.066894531250
-0.035156250000
-0.144531250000
0.151367187500
0.199218750000
0.027832031250
-0.133789062500
0.117187500000
-0.026733398438
-0.116699218750
-0.053710937500
-0.004211425781
-0.125000000000
-0.100097656250
-0.102539062500
0.073242187500
0.040771484375
0.107421875000
0.133789062500
0.083496093750
0.042968750000
0.001327514648
0.125976562500
-0.013183593750
0.137695312500
0.002914428711
-0.002593994141
0.328125000000
-0.087402343750
0.128906250000
0.009033203125
-0.104492187500
-0.060302734375
-0.091796875000
0.392578125000
-0.126953125000
-0.062500000000
-0.003158569336
0.040527343750
-0.062500000000
-0.061035156250
0.001968383789
-0.130859375000
-0.054443359375
0.038574218750
0.019897460938
-0.161132812500
-0.044433593750
-0.038818359375
-0.017822265625
-0.024902343750
0.018188476562
0.139648437500
-0.097167968750
-0.047119140625
-0.066894531250
0.010253906250
-0.017700195312
0.071777343750
0.077636718750
0.007415771484
0.069335937500
0.011962890625
-0.130859375000
0.017822265625
-0.023559570312
0.112304687500
-0.087402343750
0.141601562500
0.161132812500
0.076660156250
0.139648437500
0.105957031250
-0.032958984375
0.157226562500
-0.241210937500
0.033447265625
-0.111328125000
-0.265625000000
0.039550781250
0.024047851562
0.071777343750
0.045898437500
0.057373046875
0.193359375000
-0.011535644531
0.032958984375
-0.090332031250
-0.126953125000
0.030395507812
0.183593750000
-0.043945312500
-0.130859375000
-0.089843750000
-0.208007812500
0.159179687500
-0.036865234375
-0.119140625000
-0.084960937500
0.033447265625
0.007720947266
-0.001983642578
-0.080566406250
0.007446289062
0.045898437500
0.176757812500
-0.079589843750
0.092285156250
0.021850585938
0.029541015625
-0.003265380859
0.087402343750
0.006958007812
0.098144531250
-0.048828125000
0.060302734375
-0.042724609375
0.068847656250
-0.020019531250
-0.020996093750
0.072265625000
0.027832031250
-0.034179687500
-0.013916015625
-0.105468750000
0.080566406250
0.020141601562
-0.051757812500
-0.042236328125
-0.046142578125
-0.068359375000
-0.077148437500
0.013488769531
-0.074218750000
-0.009521484375
0.102050781250
0.004943847656
-0.166992187500
0.207031250000
-0.062500000000
-0.063476562500
0.050781250000
-0.086425781250
-0.036132812500
0.014526367188
0.113769531250
-0.129882812500
0.158203125000
0.074707031250
-0.166992187500
-0.038085937500
-0.027709960938
0.014526367188
0.031982421875
-0.032470703125
-0.128906250000
0.049316406250
0.109863281250
-0.017578125000
-0.138671875000
-0.009460449219
0.063476562500
0.097656250000
0.116210937500
-0.028808593750
-0.129882812500
-0.163085937500
-0.114746093750
0.058349609375
0.026855468750
-0.042724609375
0.064453125000
0.030395507812
-0.004333496094
0.042968750000
0.071289062500
0.157226562500
-0.017578125000
0.110839843750
0.357421875000
0.094726562500
-0.093750000000
0.023437500000
0.084472656250
-0.069824218750
-0.024414062500
-0.016113281250
-0.101074218750
-0.178710937500
-0.057617187500
0.048583984375
-0.073242187500
-0.135742187500
-0.177734375000
-0.001525878906
0.042724609375
0.087402343750
-0.146484375000
-0.154296875000
0.076660156250
-0.026977539062
-0.020996093750
0.058105468750
0.112792968750
-0.013977050781
0.051269531250
0.017700195312
-0.003906250000
0.087402343750
0.039062500000
-0.167968750000
0.117675781250
0.164062500000
-0.038574218750
0.096191406250
-0.066894531250
-0.098632812500
0.071289062500
0.022460937500
-0.239257812500
-0.157226562500
0.030639648438
0.155273437500
0.048095703125
0.246093750000
-0.145507812500
0.087402343750
-0.040039062500
0.034179687500
0.010620117188
-0.022705078125
-0.099121093750
-0.019409179688
0.166015625000
0.007141113281
-0.005554199219
0.051269531250
0.100585937500
-0.108398437500
0.090332031250
-0.030273437500
-0.068847656250
-0.069335937500
-0.017822265625
-0.094238281250
-0.032226562500
-0.044921875000
-0.086425781250
-0.035888671875
0.059570312500
-0.125976562500
0.152343750000
-0.083496093750
-0.064453125000
0.175781250000
-0.094238281250
0.015380859375
-0.180664062500
0.064941406250
0.044921875000
-0.034423828125
0.194335937500
-0.114257812500
0.081542968750
-0.051757812500
-0.010314941406
0.136718750000
-0.148437500000
-0.062011718750
0.019653320312
-0.047363281250
-0.109863281250
-0.015747070312
0.006896972656
0.010803222656
-0.062988281250
0.054931640625
-0.085449218750
0.146484375000
-0.050048828125
-0.017944335938
0.034667968750
-0.185546875000
-0.007995605469
0.076660156250
0.010192871094
-0.010437011719
-0.015747070312
-0.004241943359
0.073730468750
0.070800781250
0.149414062500
-0.081054687500
0.034179687500
-0.015869140625
0.010498046875
-0.095214843750
-0.034179687500
0.051513671875
0.009582519531
0.047607421875
0.069824218750
-0.043212890625
-0.045410156250
-0.060058593750
0.058593750000
-0.185546875000
0.067382812500
0.173828125000
0.070800781250
-0.051757812500
0.132812500000
0.030639648438
0.041748046875
0.088378906250
0.017944335938
-0.002731323242
-0.094726562500
-0.195312500000
0.016845703125
0.024169921875
-0.026245117188
-0.069824218750
-0.028808593750
0.124023437500
0.043945312500
0.114257812500
-0.100097656250
-0.122558593750
0.102539062500
0.015380859375
-0.092773437500
-0.075683593750
0.001853942871
-0.031738281250
0.154296875000
-0.036376953125
-0.049316406250
-0.023681640625
0.144531250000
-0.032226562500
-0.029174804688
-0.041015625000
-0.084472656250
-0.079589843750
0.009948730469
-0.084960937500
0.038330078125
0.045898437500
-0.079101562500
-0.069335937500
0.046142578125
-0.001426696777
0.025268554688
-0.129882812500
0.060546875000
-0.069335937500
-0.131835937500
0.090332031250
-0.101074218750
-0.098632812500
0.060302734375
-0.125976562500
-0.001609802246
-0.090332031250
0.034179687500
-0.048339843750
-0.073242187500
0.070800781250
-0.137695312500
0.036132812500
0.000299453735
-0.077636718750
0.091796875000
-0.072265625000
-0.032470703125
-0.032226562500
0.127929687500
0.066894531250
0.088867187500
-0.005279541016
0.039062500000
0.062500000000
-0.001014709473
0.039062500000
-0.092285156250
-0.036865234375
-0.005371093750
-0.058105468750
-0.006072998047
0.079589843750
-0.120605468750
0.004241943359
-0.099121093750
-0.090820312500
-0.203125000000
-0.005462646484
0.105468750000
0.088378906250
0.003448486328
0.012207031250
-0.115234375000
-0.129882812500
-0.165039062500
0.000968933105
0.086425781250
0.013061523438
0.032226562500
0.050781250000
0.009887695312
-0.084472656250
0.090820312500
0.024902343750
0.046630859375
0.005371093750
-0.015869140625
0.115722656250
-0.029418945312
0.009643554688
-0.097656250000
-0.041015625000
-0.066406250000
-0.051025390625
0.133789062500
0.061523437500
-0.122070312500
-0.088378906250
-0.014648437500
-0.055908203125
-0.093261718750
0.042724609375
-0.169921875000
0.107910156250
-0.003997802734
0.155273437500
-0.080078125000
0.044677734375
-0.048828125000
0.067871093750
-0.213867187500
0.171875000000
-0.083984375000
0.020629882812
-0.106933593750
0.044189453125
0.049316406250
-0.002792358398
0.073730468750
0.026367187500
0.036376953125
-0.016479492188
0.051025390625
0.050781250000
0.139648437500
0.083007812500
0.029663085938
-0.233398437500
0.061279296875
-0.162109375000
0.024047851562
0.012573242188
0.113281250000
-0.062988281250
0.075195312500
0.036132812500
0.000423431396
-0.091308593750
0.158203125000
0.033935546875
0.047607421875
-0.059082031250
0.176757812500
-0.116210937500
-0.020751953125
0.009460449219
-0.124511718750
-0.099121093750
0.100097656250
0.088378906250
0.005462646484
-0.097656250000
0.025146484375
-0.026367187500
0.007812500000
0.028686523438
-0.147460937500
-0.045410156250
0.086425781250
-0.091796875000
0.024169921875
0.004547119141
0.108886718750
-0.007995605469
0.098632812500
-0.166015625000
0.000556945801
-0.032714843750
0.018066406250
0.029052734375
-0.055419921875
0.035644531250
0.056152343750
0.011413574219
0.055175781250
-0.032714843750
0.179687500000
-0.157226562500
-0.052246093750
-0.046386718750
0.118652343750
0.162109375000
0.088378906250
-0.170898437500
0.145507812500
-0.166992187500
-0.016967773438
-0.005096435547
-0.148437500000
0.012878417969
0.120605468750
-0.026489257812
-0.137695312500
0.175781250000
0.028808593750
-0.125976562500
0.058837890625
-0.005584716797
0.094238281250
0.122558593750
-0.106445312500
0.098144531250
-0.134765625000
0.009704589844
0.166015625000
-0.029663085938
-0.150390625000
0.036621093750
0.031250000000
-0.061767578125
-0.122070312500
0.088378906250
0.187500000000
0.084960937500
0.065429687500
-0.017333984375
-0.084472656250
0.085937500000
-0.098632812500
-0.171875000000
0.055419921875
-0.086914062500
-0.055419921875
0.073242187500
-0.012145996094
0.072753906250
0.008789062500
-0.125000000000
0.038085937500
-0.102539062500
-0.122070312500
-0.086914062500
0.058105468750
0.035400390625
0.090820312500
0.112304687500
0.122558593750
0.035888671875
-0.150390625000
0.035888671875
0.060791015625
-0.120605468750
-0.008422851562
-0.038818359375
-0.055175781250
-0.074218750000
0.012573242188
0.029663085938
0.051269531250
0.075683593750
0.041259765625
-0.300781250000
-0.058837890625
-0.085449218750
0.088378906250
0.079101562500
-0.014099121094
0.166992187500
0.161132812500
-0.072753906250
0.004943847656
0.095214843750
0.012695312500
-0.006988525391
-0.071777343750
0.005615234375
0.077148437500
-0.034667968750
-0.014099121094
0.056396484375
-0.117187500000
0.107910156250
-0.104003906250
-0.026855468750
-0.070800781250
0.120605468750
0.088378906250
-0.055419921875
0.062500000000
0.010375976562
0.052734375000
0.090332031250
0.076660156250
-0.018066406250
0.029663085938
0.059570312500
-0.105468750000
-0.034667968750
-0.038818359375
-0.039062500000
0.047607421875
-0.187500000000
-0.157226562500
0.084960937500
0.053222656250
0.077148437500
0.045898437500
0.021728515625
-0.028442382812
0.148437500000
0.040527343750
-0.163085937500
0.013183593750
-0.039306640625
0.073242187500
-0.043945312500
0.016845703125
0.146484375000
0.004608154297
-0.306640625000
-0.089843750000
-0.021972656250
-0.110351562500
0.008789062500
-0.029296875000
-0.037109375000
0.111328125000
-0.073730468750
-0.122558593750
-0.064941406250
-0.002899169922
0.125000000000
0.168945312500
-0.011962890625
-0.122070312500
-0.209960937500
0.028320312500
-0.096191406250
-0.023803710938
0.079101562500
-0.002548217773
0.076171875000
0.105957031250
0.072265625000
-0.033691406250
-0.025634765625
0.056152343750
-0.062988281250
0.085937500000
-0.061523437500
0.015625000000
-0.023925781250
-0.016235351562
-0.069335937500
-0.214843750000
-0.089843750000
-0.053466796875
0.029296875000
-0.106445312500
0.093750000000
-0.036865234375
-0.031982421875
-0.016967773438
0.026611328125
0.074218750000
0.011901855469
0.050292968750
0.125000000000
0.112304687500
0.190429687500
0.015869140625
-0.001998901367
0.076171875000
-0.106933593750
-0.079101562500
0.189453125000
-0.043212890625
-0.029663085938
-0.032226562500
-0.009887695312
-0.014526367188
-0.017089843750
-0.068359375000
-0.130859375000
0.035644531250
0.046142578125
0.015075683594
-0.216796875000
0.065429687500
-0.020996093750
-0.046386718750
0.015991210938
-0.032470703125
-0.057128906250
-0.000124931335
-0.054931640625
-0.050537109375
0.147460937500
0.069824218750
0.069824218750
0.080078125000
-0.005401611328
0.127929687500
0.033691406250
-0.135742187500
0.015319824219
-0.042236328125
0.029174804688
0.285156250000
0.091308593750
0.116699218750
0.044189453125
-0.033691406250
0.083984375000
-0.159179687500
0.039306640625
-0.040039062500
-0.021118164062
0.011535644531
-0.062500000000
-0.060546875000
0.217773437500
0.187500000000
0.008361816406
-0.075195312500
-0.033203125000
-0.087402343750
-0.086425781250
-0.124023437500
0.003219604492
-0.021118164062
0.105957031250
0.034667968750
0.009704589844
0.049804687500
0.114257812500
-0.130859375000
0.051025390625
0.047119140625
-0.063964843750
-0.010131835938
0.022827148438
0.040527343750
0.147460937500
-0.054199218750
0.065429687500
0.091308593750
-0.045410156250
0.138671875000
-0.023803710938
-0.052734375000
0.114746093750
0.060791015625
0.027709960938
-0.153320312500
0.121582031250
0.016723632812
-0.167968750000
0.031738281250
-0.048339843750
-0.061767578125
-0.037597656250
0.049316406250
0.062255859375
-0.056640625000
-0.089355468750
-0.176757812500
0.010803222656
0.062988281250
-0.064941406250
-0.081542968750
0.020141601562
0.007080078125
-0.092285156250
0.014526367188
0.090332031250
0.062011718750
-0.127929687500
-0.038818359375
0.035888671875
-0.010986328125
0.153320312500
-0.030517578125
-0.240234375000
0.073730468750
-0.122070312500
0.041503906250
0.245117187500
0.010253906250
-0.056884765625
-0.118652343750
0.113281250000
-0.172851562500
0.077636718750
0.071289062500
0.060058593750
-0.178710937500
0.079101562500
0.053955078125
-0.055908203125
0.009643554688
0.116699218750
-0.065429687500
-0.067382812500
0.012695312500
0.010742187500
0.132812500000
-0.001266479492
0.135742187500
-0.059814453125
-0.015197753906
-0.019775390625
0.077148437500
-0.024780273438
0.045654296875
0.116699218750
-0.065429687500
-0.088867187500
-0.126953125000
0.058593750000
0.042480468750
0.136718750000
-0.178710937500
0.059814453125
-0.099609375000
-0.015075683594
-0.102050781250
0.177734375000
-0.090332031250
0.037841796875
-0.144531250000
-0.128906250000
-0.043212890625
-0.002212524414
0.009216308594
0.046630859375
-0.220703125000
0.124511718750
0.041259765625
-0.087402343750
-0.052001953125
-0.007446289062
0.093261718750
-0.017578125000
0.051513671875
-0.023315429688
-0.000782012939
0.039062500000
-0.025756835938
-0.001640319824
-0.026000976562
0.079589843750
0.096679687500
0.071777343750
0.033691406250
0.024902343750
0.006439208984
0.004547119141
-0.122070312500
0.085449218750
-0.009460449219
0.082519531250
-0.084472656250
-0.057128906250
-0.027221679688
0.106445312500
-0.153320312500
-0.091796875000
0.014038085938
-0.032714843750
0.000713348389
0.023681640625
0.085449218750
-0.054687500000
0.167968750000
-0.197265625000
0.010498046875
-0.074707031250
-0.025268554688
-0.024780273438
0.083984375000
0.155273437500
-0.099609375000
-0.197265625000
0.113281250000
0.027221679688
0.200195312500
0.007354736328
-0.215820312500
-0.047363281250
-0.129882812500
0.013793945312
-0.002044677734
0.009704589844
-0.037353515625
-0.029296875000
-0.035888671875
-0.059814453125
0.096679687500
-0.101074218750
0.047119140625
-0.029418945312
-0.081542968750
-0.040039062500
0.038085937500
-0.163085937500
-0.070800781250
0.032226562500
0.164062500000
0.031494140625
-0.199218750000
-0.055419921875
-0.122558593750
0.010192871094
-0.040039062500
-0.138671875000
0.067871093750
-0.057861328125
-0.000797271729
0.026733398438
-0.014587402344
0.075195312500
0.098144531250
-0.049560546875
0.070800781250
-0.175781250000
0.093261718750
0.093261718750
0.152343750000
-0.026489257812
0.054443359375
-0.090820312500
-0.032470703125
0.056884765625
0.046875000000
0.088378906250
0.058105468750
-0.046875000000
0.023681640625
0.053466796875
0.076660156250
-0.049804687500
0.070312500000
0.077148437500
-0.076171875000
0.060302734375
0.059326171875
0.118652343750
0.024414062500
-0.034912109375
-0.122070312500
-0.105468750000
-0.118652343750
0.185546875000
-0.120117187500
0.127929687500
-0.119628906250
0.006774902344
0.048095703125
-0.156250000000
-0.056640625000
0.044921875000
0.107910156250
0.062988281250
0.065917968750
0.097656250000
0.052978515625
0.134765625000
-0.114746093750
-0.144531250000
-0.255859375000
-0.064941406250
-0.047119140625
-0.119628906250
-0.030395507812
-0.035888671875
0.078125000000
-0.006164550781
0.011291503906
0.072753906250
0.057373046875
-0.098144531250
-0.018676757812
-0.091796875000
-0.007324218750
0.015502929688
-0.119628906250
-0.047363281250
0.032470703125
-0.093261718750
-0.071777343750
-0.049804687500
-0.032470703125
0.003677368164
-0.003524780273
-0.069335937500
-0.002914428711
0.145507812500
0.058105468750
-0.099609375000
0.026733398438
-0.173828125000
-0.018066406250
-0.035400390625
0.035888671875
-0.100585937500
0.050292968750
-0.012878417969
-0.033935546875
-0.048828125000
0.229492187500
-0.157226562500
0.039062500000
-0.217773437500
0.237304687500
0.052490234375
-0.019653320312
-0.007781982422
-0.136718750000
0.110351562500
-0.187500000000
-0.097656250000
0.009643554688
-0.039550781250
-0.187500000000
0.018676757812
0.084960937500
-0.013183593750
0.057373046875
0.119140625000
-0.015136718750
-0.014709472656
-0.166015625000
0.060546875000
-0.142578125000
-0.148437500000
0.063964843750
0.063964843750
0.026489257812
0.083496093750
-0.015747070312
-0.065917968750
-0.069824218750
0.135742187500
0.083984375000
-0.087402343750
0.229492187500
0.149414062500
-0.005126953125
0.119140625000
-0.052490234375
-0.061767578125
0.043701171875
0.097167968750
0.107421875000
0.033447265625
-0.047851562500
-0.035400390625
-0.105468750000
-0.070800781250
-0.204101562500
0.060302734375
-0.035888671875
-0.003387451172
0.090332031250
-0.061279296875
0.087402343750
0.066894531250
-0.035156250000
-0.056152343750
0.096191406250
0.096679687500
0.026367187500
0.022460937500
0.135742187500
0.025756835938
0.017333984375
-0.076660156250
0.102539062500
-0.109375000000
-0.006042480469
0.079589843750
0.114257812500
0.156250000000
0.003234863281
-0.058105468750
0.002716064453
-0.197265625000
-0.071777343750
-0.106933593750
0.021972656250
0.098144531250
-0.010009765625
0.050048828125
-0.001831054688
0.042724609375
0.063476562500
0.166015625000
0.033935546875
-0.078613281250
-0.021728515625
0.047607421875
0.006347656250
0.033935546875
-0.253906250000
0.036621093750
-0.021850585938
0.231445312500
-0.015747070312
0.043457031250
0.148437500000
-0.149414062500
0.007202148438
-0.010375976562
0.037109375000
0.059570312500
0.001853942871
0.020263671875
-0.110839843750
-0.042480468750
0.025146484375
-0.105957031250
-0.057373046875
0.069824218750
0.094726562500
-0.045410156250
0.008544921875
-0.054443359375
-0.036621093750
0.048828125000
-0.031494140625
-0.081542968750
-0.029785156250
0.069335937500
-0.015625000000
-0.345703125000
-0.184570312500
-0.127929687500
-0.126953125000
-0.140625000000
0.066894531250
0.133789062500
0.065429687500
-0.005584716797
-0.015441894531
-0.180664062500
-0.018798828125
0.041503906250
-0.004486083984
-0.109863281250
0.024902343750
-0.196289062500
0.024902343750
-0.049072265625
0.020263671875
0.027709960938
-0.045410156250
-0.048583984375
0.016723632812
0.046875000000
-0.240234375000
0.094238281250
0.048828125000
0.002944946289
0.086425781250
0.063476562500
-0.043945312500
-0.125000000000
-0.180664062500
-0.035644531250
0.065429687500
-0.055175781250
-0.046142578125
0.012756347656
-0.126953125000
-0.160156250000
0.020507812500
0.135742187500
-0.038330078125
-0.152343750000
-0.018920898438
-0.013244628906
-0.030761718750
0.024658203125
-0.136718750000
0.070312500000
0.163085937500
0.006500244141
0.016235351562
0.060302734375
-0.011230468750
-0.004821777344
-0.162109375000
-0.068359375000
-0.074707031250
-0.002441406250
0.141601562500
0.030517578125
-0.036132812500
-0.144531250000
-0.046142578125
-0.072265625000
0.003829956055
0.062011718750
-0.116210937500
0.030029296875
0.052734375000
-0.065917968750
0.003936767578
0.017089843750
0.037841796875
0.014465332031
0.065917968750
-0.246093750000
-0.071289062500
-0.058837890625
0.030883789062
0.045654296875
0.014892578125
-0.056640625000
-0.098632812500
-0.014038085938
-0.102539062500
-0.037841796875
0.131835937500
0.127929687500
-0.170898437500
0.004730224609
0.000080585480
0.114746093750
0.046142578125
0.022216796875
-0.018554687500
-0.061523437500
-0.132812500000
-0.121582031250
0.143554687500
0.015563964844
-0.105957031250
0.068359375000
-0.225585937500
-0.045898437500
-0.064453125000
0.078613281250
0.046386718750
-0.092773437500
-0.129882812500
-0.043701171875
-0.025634765625
0.062011718750
-0.196289062500
0.025878906250
-0.053466796875
-0.029663085938
-0.113281250000
-0.028930664062
0.003509521484
-0.098144531250
0.184570312500
0.127929687500
0.001426696777
0.033203125000
-0.322265625000
-0.176757812500
0.017333984375
-0.038574218750
-0.129882812500
0.106445312500
-0.018798828125
0.027343750000
-0.056640625000
0.181640625000
0.081054687500
0.072265625000
-0.069824218750
0.039794921875
0.056884765625
-0.049316406250
-0.069824218750
0.036376953125
0.060302734375
-0.023193359375
0.022338867188
-0.008361816406
-0.107421875000
-0.016967773438
-0.035400390625
-0.024414062500
0.024169921875
0.127929687500
-0.037109375000
-0.081054687500
-0.101074218750
0.080078125000
0.022705078125
0.045166015625
0.057617187500
-0.095214843750
0.002548217773
0.028076171875
0.035400390625
-0.031494140625
0.052490234375
0.071289062500
-0.059326171875
0.020263671875
-0.141601562500
-0.093261718750
0.246093750000
-0.016235351562
-0.109863281250
-0.050292968750
0.142578125000
-0.082519531250
0.012756347656
-0.004669189453
0.069824218750
-0.033203125000
-0.128906250000
-0.029296875000
0.121582031250
-0.088867187500
-0.086425781250
0.052490234375
-0.133789062500
-0.166992187500
-0.243164062500
-0.064453125000
0.012207031250
-0.189453125000
-0.018798828125
0.015197753906
0.041748046875
0.220703125000
-0.100585937500
-0.186523437500
-0.166992187500
-0.058593750000
0.318359375000
0.041259765625
0.090820312500
0.090820312500
-0.037109375000
0.127929687500
0.014709472656
0.068847656250
-0.109863281250
0.091796875000
0.098632812500
0.021362304688
-0.031738281250
-0.146484375000
-0.078613281250
-0.027709960938
0.004577636719
0.031250000000
-0.013977050781
0.238281250000
-0.037353515625
0.033691406250
-0.211914062500
0.110839843750
-0.032958984375
0.005859375000
0.040283203125
0.060302734375
0.005432128906
0.115722656250
-0.097656250000
0.067382812500
0.158203125000
-0.026733398438
0.221679687500
-0.144531250000
0.056396484375
-0.100585937500
0.078613281250
0.022094726562
0.141601562500
0.069335937500
-0.018920898438
0.104003906250
0.005279541016
-0.205078125000
-0.100585937500
-0.004638671875
0.098632812500
0.098632812500
0.073242187500
-0.041748046875
-0.077148437500
0.102539062500
-0.022094726562
-0.060791015625
-0.071777343750
-0.102539062500
0.042236328125
0.047363281250
-0.041992187500
0.073730468750
-0.040283203125
-0.104492187500
-0.056884765625
-0.065429687500
-0.032226562500
0.081542968750
-0.082031250000
-0.070800781250
-0.030151367188
-0.124023437500
-0.124023437500
0.057617187500
-0.021484375000
-0.006958007812
-0.131835937500
-0.053466796875
0.094238281250
-0.022216796875
0.004608154297
0.084472656250
-0.040283203125
-0.002746582031
0.076660156250
-0.026367187500
-0.011779785156
-0.100585937500
0.030517578125
-0.021362304688
-0.087402343750
-0.075195312500
0.080078125000
-0.075683593750
0.011291503906
-0.046875000000
-0.082031250000
-0.013427734375
0.026123046875
-0.097167968750
0.049316406250
0.161132812500
0.100585937500
0.100585937500
0.102539062500
-0.084960937500
-0.020141601562
0.090820312500
-0.035644531250
-0.090332031250
0.018432617188
-0.023315429688
-0.078613281250
0.127929687500
-0.157226562500
0.084472656250
0.171875000000
-0.101074218750
0.060058593750
-0.078125000000
-0.007171630859
-0.021362304688
-0.196289062500
0.070312500000
0.125000000000
0.030151367188
-0.104980468750
0.036376953125
0.070800781250
-0.015563964844
-0.085449218750
0.078613281250
-0.055664062500
0.076660156250
0.024047851562
-0.025390625000
-0.042236328125
0.085937500000
0.162109375000
-0.109375000000
-0.052978515625
-0.032226562500
-0.012573242188
0.020385742188
0.153320312500
-0.207031250000
-0.023925781250
-0.089843750000
-0.115234375000
0.087890625000
0.168945312500
-0.009155273438
-0.141601562500
0.004943847656
0.001701354980
0.010559082031
0.016967773438
0.122558593750
-0.105957031250
0.066406250000
0.029785156250
-0.159179687500
0.079589843750
-0.133789062500
-0.124023437500
-0.077636718750
0.034667968750
0.041015625000
-0.067871093750
0.133789062500
0.073730468750
0.006530761719
0.085937500000
0.021484375000
-0.029907226562
-0.114257812500
-0.092773437500
0.015747070312
0.047363281250
-0.112792968750
-0.078613281250
-0.088378906250
0.094726562500
0.199218750000
-0.046386718750
-0.008850097656
-0.024291992188
0.102050781250
-0.134765625000
0.218750000000
0.121093750000
0.143554687500
-0.037597656250
-0.056640625000
0.093750000000
0.034912109375
-0.053955078125
-0.120117187500
-0.089843750000
0.000751495361
-0.010070800781
-0.061523437500
-0.003540039062
0.052246093750
0.024902343750
0.076660156250
0.003280639648
-0.006195068359
-0.164062500000
0.036621093750
-0.036376953125
0.113769531250
0.017456054688
0.038330078125
-0.138671875000
-0.025878906250
-0.106445312500
-0.035644531250
0.095703125000
0.004150390625
0.069335937500
0.049560546875
0.072265625000
0.056884765625
0.209960937500
-0.063964843750
-0.012878417969
0.011718750000
0.066406250000
0.014343261719
0.142578125000
0.060791015625
-0.182617187500
0.081542968750
0.122070312500
-0.079101562500
-0.080078125000
-0.070312500000
-0.012695312500
-0.051513671875
-0.022583007812
-0.213867187500
-0.148437500000
0.094238281250
0.078125000000
0.069335937500
-0.102539062500
0.103027343750
0.031494140625
-0.096191406250
0.003112792969
-0.172851562500
-0.041015625000
0.044677734375
0.078613281250
0.023071289062
0.078125000000
0.071777343750
0.073242187500
-0.025390625000
-0.030517578125
-0.001220703125
0.062988281250
0.098632812500
0.005859375000
-0.034667968750
-0.076660156250
-0.063476562500
0.047851562500
-0.005584716797
-0.125976562500
-0.165039062500
-0.072753906250
0.044189453125
0.034423828125
0.043701171875
-0.083496093750
0.171875000000
0.091796875000
-0.037353515625
0.095214843750
0.026245117188
0.165039062500
-0.116210937500
0.147460937500
0.016601562500
0.054931640625
-0.026855468750
0.094726562500
-0.103027343750
0.135742187500
-0.052734375000
-0.050537109375
0.019897460938
0.060546875000
0.205078125000
-0.000843048096
-0.127929687500
0.022216796875
-0.051513671875
0.079589843750
-0.000339508057
0.040283203125
0.028930664062
-0.126953125000
0.182617187500
-0.039794921875
0.018798828125
-0.100097656250
-0.117675781250
0.001403808594
-0.044189453125
0.067871093750
0.064941406250
-0.053710937500
-0.006530761719
-0.135742187500
-0.045654296875
0.066894531250
0.089843750000
-0.018188476562
-0.014221191406
-0.036132812500
-0.014709472656
-0.063964843750
-0.189453125000
-0.082519531250
0.000474929810
-0.094238281250
-0.090820312500
-0.068359375000
0.027221679688
-0.027343750000
0.159179687500
0.019653320312
-0.020019531250
0.089355468750
0.052978515625
0.056640625000
0.125000000000
0.046875000000
0.059082031250
-0.021728515625
0.004211425781
-0.085449218750
0.018432617188
-0.000972747803
0.099609375000
-0.078613281250
0.023925781250
0.074218750000
-0.019042968750
-0.057373046875
0.089843750000
0.038085937500
-0.115722656250
-0.016357421875
0.016479492188
-0.001121520996
-0.038574218750
0.253906250000
-0.121582031250
0.042724609375
0.008911132812
0.172851562500
-0.175781250000
0.134765625000
-0.012878417969
-0.079101562500
-0.012634277344
0.039062500000
0.111328125000
-0.146484375000
-0.076660156250
0.093750000000
-0.196289062500
-0.125000000000
-0.104492187500
-0.135742187500
0.042968750000
0.014587402344
-0.132812500000
-0.002044677734
-0.001914978027
-0.001266479492
-0.024902343750
-0.056640625000
-0.022583007812
0.172851562500
-0.134765625000
0.011047363281
0.092773437500
-0.094238281250
-0.001274108887
-0.019653320312
0.011413574219
-0.091308593750
0.204101562500
-0.052490234375
-0.050292968750
-0.133789062500
-0.090820312500
-0.057373046875
0.023925781250
0.089843750000
-0.033447265625
-0.043212890625
-0.115722656250
-0.099609375000
0.092285156250
-0.150390625000
-0.035400390625
-0.090820312500
-0.068359375000
0.014038085938
0.098144531250
-0.159179687500
0.041992187500
-0.016113281250
-0.041259765625
-0.065917968750
0.051757812500
-0.024169921875
0.003906250000
-0.015258789062
0.007385253906
0.053710937500
-0.041503906250
0.042480468750
-0.065429687500
-0.063964843750
-0.007598876953
-0.013732910156
0.083984375000
-0.014404296875
0.070800781250
0.006134033203
-0.038574218750
0.118164062500
-0.116699218750
-0.053955078125
0.143554687500
-0.106445312500
0.174804687500
0.016845703125
-0.040283203125
-0.005035400391
0.094238281250
0.052490234375
-0.035400390625
-0.090820312500
0.091308593750
0.181640625000
0.036621093750
0.044433593750
0.131835937500
0.036865234375
-0.058593750000
-0.062500000000
-0.058837890625
0.025146484375
0.011169433594
0.110839843750
-0.227539062500
0.030639648438
-0.054687500000
-0.029296875000
0.054931640625
-0.069335937500
-0.094726562500
0.100097656250
0.035156250000
-0.271484375000
-0.087402343750
0.027099609375
0.031738281250
-0.089843750000
-0.046630859375
0.006683349609
-0.109863281250
0.000556945801
-0.085937500000
-0.050537109375
0.077148437500
-0.139648437500
0.002761840820
-0.128906250000
-0.018554687500
-0.051269531250
-0.032470703125
0.055908203125
-0.033935546875
0.144531250000
-0.011291503906
-0.057373046875
0.014831542969
0.072265625000
-0.083496093750
0.098632812500
-0.044189453125
0.167968750000
0.064453125000
0.018554687500
0.017578125000
-0.058349609375
0.017333984375
-0.043945312500
0.083007812500
0.008789062500
-0.013916015625
-0.020263671875
0.031982421875
-0.072265625000
-0.096679687500
-0.191406250000
-0.050292968750
0.055419921875
0.075195312500
0.032226562500
0.089843750000
-0.018188476562
0.069824218750
0.052734375000
0.087402343750
0.018554687500
0.029174804688
-0.028076171875
0.005584716797
-0.156250000000
0.047119140625
0.037841796875
-0.054199218750
-0.005096435547
0.088867187500
-0.021484375000
0.089843750000
-0.084472656250
-0.080078125000
0.032470703125
0.042724609375
0.058593750000
-0.281250000000
0.002838134766
-0.181640625000
0.076171875000
-0.001251220703
0.073730468750
0.028320312500
-0.105957031250
0.042724609375
0.000461578369
-0.078613281250
0.047119140625
-0.006469726562
-0.275390625000
-0.035888671875
-0.036865234375
0.043457031250
-0.052978515625
0.035644531250
-0.046875000000
0.084472656250
-0.029296875000
0.189453125000
-0.070800781250
0.142578125000
0.003021240234
0.221679687500
-0.026977539062
0.052001953125
0.128906250000
-0.119140625000
0.036621093750
0.041503906250
-0.084960937500
0.001052856445
0.016113281250
0.002441406250
0.060058593750
0.004394531250
-0.130859375000
-0.108886718750
-0.090332031250
0.112304687500
0.069824218750
0.075683593750
-0.285156250000
-0.067871093750
0.043945312500
-0.030761718750
-0.035400390625
-0.083496093750
-0.087402343750
0.071777343750
-0.050292968750
0.131835937500
0.088867187500
0.082519531250
-0.076660156250
-0.059814453125
-0.015014648438
0.027465820312
0.007293701172
0.104492187500
-0.188476562500
0.051513671875
0.059326171875
0.027465820312
0.083496093750
0.019653320312
0.058349609375
0.105957031250
0.170898437500
-0.104003906250
0.133789062500
-0.081054687500
0.086425781250
-0.020263671875
0.066894531250
-0.133789062500
0.108398437500
-0.009033203125
-0.054443359375
0.042724609375
-0.033691406250
-0.113281250000
0.055419921875
0.088378906250
-0.064453125000
0.010925292969
-0.048828125000
-0.137695312500
0.181640625000
-0.080078125000
0.101074218750
0.150390625000
-0.023315429688
0.109375000000
0.026245117188
-0.190429687500
0.022827148438
0.006530761719
0.084960937500
0.241210937500
0.067871093750
0.135742187500
0.085449218750
-0.030883789062
0.046142578125
-0.017456054688
-0.104003906250
-0.041015625000
-0.003494262695
-0.218750000000
-0.110839843750
0.048828125000
-0.111328125000
-0.022094726562
0.074218750000
0.031738281250
0.004241943359
-0.019042968750
0.070800781250
0.090820312500
-0.068359375000
0.072265625000
0.000839233398
0.008056640625
-0.161132812500
-0.078125000000
-0.101074218750
-0.086914062500
-0.010559082031
-0.116699218750
-0.124023437500
-0.036621093750
0.162109375000
-0.089355468750
0.090820312500
0.003128051758
-0.016113281250
0.135742187500
-0.080566406250
0.007080078125
-0.069335937500
-0.149414062500
-0.053955078125
-0.005798339844
0.032958984375
0.009155273438
0.093750000000
0.049072265625
0.072753906250
0.097656250000
0.016113281250
-0.074218750000
0.014282226562
-0.117187500000
0.025756835938
-0.027465820312
0.090820312500
-0.069824218750
-0.098144531250
-0.044189453125
-0.047607421875
-0.053710937500
0.209960937500
0.009460449219
-0.036865234375
-0.059082031250
0.055664062500
0.111328125000
0.082031250000
0.128906250000
-0.058349609375
-0.031494140625
0.031494140625
0.082519531250
0.006164550781
-0.106445312500
0.089355468750
0.008361816406
-0.015869140625
-0.040771484375
-0.053955078125
-0.041748046875
-0.034423828125
-0.013427734375
-0.078613281250
-0.016845703125
-0.016967773438
0.026855468750
0.119628906250
0.033935546875
-0.011413574219
-0.162109375000
0.110839843750
-0.129882812500
-0.036865234375
-0.085449218750
-0.001762390137
0.100097656250
0.157226562500
-0.126953125000
-0.198242187500
-0.062988281250
0.098632812500
0.003845214844
-0.013610839844
-0.106445312500
0.097167968750
0.054687500000
0.078125000000
0.048339843750
0.058105468750
0.005584716797
-0.213867187500
0.134765625000
0.098632812500
-0.089355468750
-0.140625000000
0.304687500000
0.001136779785
-0.067382812500
0.013610839844
0.037841796875
-0.130859375000
0.003341674805
-0.050781250000
0.027221679688
-0.191406250000
-0.022583007812
-0.003097534180
-0.141601562500
0.010192871094
0.046630859375
-0.026245117188
0.039794921875
-0.165039062500
0.135742187500
0.047607421875
-0.094238281250
0.008117675781
-0.231445312500
0.061279296875
-0.039794921875
-0.127929687500
-0.009826660156
0.104003906250
-0.114746093750
0.025634765625
-0.059326171875
-0.232421875000
0.141601562500
0.012329101562
0.041992187500
-0.023559570312
-0.012023925781
0.047607421875
-0.235351562500
-0.132812500000
0.027587890625
-0.104492187500
-0.049072265625
0.013488769531
-0.012695312500
-0.058105468750
0.016723632812
0.044433593750
-0.100585937500
0.002120971680
0.025146484375
-0.084960937500
-0.085937500000
-0.018676757812
-0.044921875000
-0.053955078125
-0.048828125000
-0.075683593750
-0.009399414062
0.057861328125
0.175781250000
0.112792968750
0.020751953125
-0.084960937500
0.145507812500
-0.043701171875
-0.016723632812
-0.112792968750
0.094238281250
-0.031005859375
0.130859375000
-0.069335937500
-0.006195068359
-0.018554687500
-0.053222656250
0.117187500000
-0.055908203125
0.150390625000
0.021118164062
0.001045227051
-0.068359375000
-0.078125000000
-0.160156250000
0.072753906250
0.138671875000
-0.103027343750
0.214843750000
0.044433593750
0.034667968750
0.037109375000
-0.001342773438
-0.052490234375
-0.012756347656
0.140625000000
-0.017456054688
-0.029907226562
-0.028930664062
0.001373291016
0.119628906250
-0.062011718750
0.013000488281
0.163085937500
0.093261718750
0.113769531250
0.051025390625
0.025268554688
-0.062988281250
0.108886718750
0.035156250000
-0.009765625000
-0.039062500000
-0.023803710938
0.057861328125
-0.103515625000
-0.024291992188
-0.048095703125
-0.008666992188
-0.164062500000
-0.096191406250
0.040527343750
0.045410156250
-0.022827148438
-0.004943847656
0.072753906250
-0.178710937500
0.091308593750
0.019775390625
-0.114257812500
-0.048583984375
-0.022705078125
0.022216796875
-0.242187500000
0.255859375000
0.095214843750
0.023315429688
-0.009948730469
-0.079101562500
-0.110351562500
-0.106445312500
-0.093750000000
0.068847656250
0.139648437500
0.052490234375
-0.009094238281
-0.217773437500
0.003204345703
-0.082519531250
-0.103515625000
-0.096191406250
-0.083007812500
-0.158203125000
0.114746093750
0.085449218750
-0.086425781250
-0.005218505859
-0.006317138672
0.203125000000
0.011108398438
0.062500000000
-0.010681152344
-0.112792968750
-0.007415771484
-0.009582519531
0.075683593750
0.156250000000
0.007812500000
-0.019531250000
0.021728515625
-0.080566406250
-0.084472656250
-0.040283203125
-0.144531250000
-0.036376953125
0.080566406250
0.122070312500
0.159179687500
-0.087890625000
-0.035156250000
0.044433593750
0.013977050781
-0.087890625000
-0.053955078125
0.057617187500
0.008972167969
-0.074707031250
-0.059570312500
-0.096191406250
0.023071289062
-0.020019531250
-0.030517578125
-0.030639648438
0.130859375000
-0.086914062500
0.117675781250
-0.090820312500
0.034423828125
0.104003906250
-0.097167968750
0.014343261719
-0.038085937500
-0.041503906250
0.044433593750
-0.057861328125
-0.248046875000
-0.033447265625
0.029174804688
0.006103515625
0.144531250000
-0.082519531250
-0.091796875000
-0.112792968750
-0.027465820312
0.021850585938
-0.027343750000
-0.104003906250
-0.074707031250
0.002029418945
-0.076171875000
-0.002777099609
0.125000000000
-0.019165039062
0.193359375000
0.007629394531
0.157226562500
-0.101562500000
-0.049072265625
0.060546875000
0.138671875000
-0.045166015625
-0.051025390625
-0.001686096191
-0.101074218750
-0.083496093750
0.005798339844
-0.104003906250
-0.009216308594
0.016845703125
-0.083496093750
0.104980468750
-0.100097656250
-0.003250122070
-0.134765625000
0.088867187500
-0.033935546875
0.047851562500
0.153320312500
-0.007049560547
0.039062500000
-0.060058593750
0.014953613281
-0.028320312500
-0.004852294922
0.082519531250
-0.000235557556
-0.077636718750
0.098632812500
0.063476562500
-0.014892578125
0.014404296875
-0.067382812500
-0.277343750000
-0.172851562500
0.041992187500
0.029907226562
0.093261718750
0.071289062500
-0.122070312500
0.052734375000
0.057617187500
0.031982421875
-0.052246093750
0.008789062500
-0.002502441406
-0.039794921875
-0.073242187500
0.012268066406
0.036621093750
-0.019653320312
-0.067382812500
-0.004791259766
-0.114257812500
-0.141601562500
-0.040283203125
0.039794921875
-0.104492187500
-0.011108398438
-0.004058837891
0.004791259766
-0.042968750000
-0.053466796875
-0.108398437500
-0.205078125000
-0.149414062500
0.061279296875
-0.067871093750
0.012878417969
-0.118164062500
-0.050537109375
0.135742187500
0.044433593750
-0.013122558594
0.026000976562
-0.164062500000
-0.121582031250
0.180664062500
-0.010314941406
0.101562500000
-0.048339843750
-0.051025390625
0.021972656250
-0.073242187500
-0.130859375000
0.002426147461
0.028442382812
-0.032714843750
0.087890625000
-0.241210937500
0.086425781250
-0.036132812500
-0.015380859375
0.049316406250
0.077148437500
-0.009887695312
-0.159179687500
0.024169921875
-0.004974365234
0.020751953125
0.024291992188
0.020385742188
0.046630859375
0.104492187500
-0.098144531250
0.188476562500
-0.066894531250
-0.118652343750
-0.127929687500
0.088378906250
-0.180664062500
0.022949218750
-0.072753906250
0.024536132812
0.084960937500
-0.125976562500
0.072265625000
0.053222656250
-0.076171875000
-0.062988281250
0.000202178955
0.031738281250
-0.081542968750
-0.003860473633
-0.131835937500
-0.074218750000
-0.146484375000
0.052978515625
0.082031250000
0.064941406250
0.065917968750
-0.015380859375
-0.073242187500
0.055664062500
-0.007934570312
0.060302734375
0.135742187500
0.108886718750
-0.030517578125
-0.009948730469
-0.137695312500
-0.081054687500
0.158203125000
-0.144531250000
-0.008483886719
-0.133789062500
-0.046142578125
-0.012084960938
-0.010192871094
-0.055664062500
0.072265625000
0.061767578125
0.128906250000
0.066406250000
0.067382812500
-0.064941406250
-0.013366699219
0.121093750000
0.029418945312
0.157226562500
-0.026855468750
-0.108886718750
-0.014099121094
-0.012390136719
0.041503906250
0.043945312500
0.035156250000
0.048583984375
-0.010437011719
0.080566406250
-0.083496093750
-0.072265625000
-0.000324249268
-0.146484375000
0.049804687500
-0.114257812500
-0.015991210938
-0.050781250000
-0.036865234375
-0.024291992188
0.021118164062
0.011657714844
-0.080078125000
-0.271484375000
-0.099609375000
-0.037353515625
-0.111328125000
0.078613281250
-0.034667968750
0.012329101562
-0.115234375000
0.118652343750
-0.217773437500
0.102539062500
-0.050292968750
0.017456054688
-0.073242187500
0.139648437500
-0.057128906250
-0.255859375000
0.039550781250
-0.019409179688
0.176757812500
0.114257812500
0.022216796875
0.013000488281
0.058349609375
-0.025756835938
-0.026855468750
0.035156250000
0.147460937500
-0.005157470703
0.041259765625
-0.069335937500
-0.066894531250
-0.011901855469
-0.086425781250
-0.082031250000
-0.002655029297
-0.133789062500
0.139648437500
-0.023315429688
-0.051757812500
0.043457031250
0.046386718750
-0.051025390625
-0.010070800781
-0.118164062500
-0.140625000000
0.134765625000
-0.038818359375
0.002288818359
-0.016967773438
-0.182617187500
-0.002838134766
0.112304687500
0.051025390625
-0.179687500000
-0.122558593750
0.046142578125
-0.000055313110
0.006591796875
-0.011779785156
-0.005676269531
-0.175781250000
-0.121582031250
-0.076660156250
-0.007476806641
-0.102539062500
-0.068847656250
-0.169921875000
-0.337890625000
0.012634277344
0.126953125000
-0.182617187500
-0.120117187500
0.086914062500
-0.036132812500
0.034912109375
-0.015014648438
-0.148437500000
-0.056396484375
0.064453125000
0.036376953125
0.126953125000
0.029663085938
0.059082031250
0.066894531250
-0.011840820312
-0.068847656250
0.033203125000
-0.050048828125
0.072265625000
0.074707031250
-0.090820312500
-0.031982421875
0.012207031250
0.023437500000
-0.066406250000
0.009582519531
-0.072265625000
-0.047363281250
-0.035156250000
-0.093261718750
0.102539062500
-0.044433593750
0.013366699219
0.005523681641
0.008056640625
0.030151367188
-0.028930664062
-0.108398437500
0.003067016602
-0.015991210938
0.047363281250
0.025634765625
-0.049072265625
-0.056152343750
-0.060791015625
-0.055908203125
-0.041259765625
-0.024536132812
-0.043212890625
0.084960937500
0.072753906250
0.062988281250
-0.100585937500
-0.099609375000
-0.141601562500
0.014831542969
-0.166015625000
0.096191406250
0.082519531250
-0.033203125000
-0.069824218750
0.130859375000
0.086425781250
0.057373046875
0.081054687500
-0.034179687500
-0.093261718750
0.085449218750
-0.197265625000
0.120117187500
0.021240234375
0.073730468750
0.049316406250
0.026367187500
0.100097656250
0.109375000000
0.068359375000
-0.012451171875
0.152343750000
0.007049560547
0.039062500000
0.042724609375
0.088867187500
-0.042968750000
0.123535156250
0.006561279297
0.044921875000
0.101562500000
0.024902343750
-0.024414062500
0.076171875000
-0.105957031250
-0.040527343750
0.041748046875
0.087402343750
0.228515625000
-0.080078125000
-0.023559570312
0.086914062500
0.205078125000
-0.004669189453
0.049804687500
0.042968750000
-0.069824218750
0.065917968750
-0.001640319824
0.087402343750
-0.082519531250
-0.069335937500
0.104980468750
-0.122558593750
-0.014587402344
-0.128906250000
-0.030029296875
-0.112792968750
0.041259765625
-0.005859375000
-0.064453125000
-0.191406250000
-0.037109375000
-0.015991210938
0.015991210938
-0.048339843750
-0.040283203125
0.111328125000
0.002502441406
0.039062500000
-0.103515625000
-0.014648437500
0.019653320312
0.055175781250
0.073730468750
-0.107910156250
-0.046875000000
0.048095703125
0.172851562500
-0.006042480469
0.166992187500
-0.040527343750
-0.113281250000
0.045898437500
-0.086425781250
-0.000039577484
-0.011901855469
-0.151367187500
-0.066894531250
0.105468750000
-0.004730224609
-0.118164062500
0.046630859375
-0.065429687500
0.042480468750
-0.027587890625
-0.010864257812
0.134765625000
-0.064941406250
-0.051757812500
-0.107421875000
0.090820312500
-0.016967773438
-0.084472656250
-0.049560546875
0.004425048828
-0.055419921875
-0.037597656250
-0.111816406250
0.053955078125
-0.003677368164
-0.067871093750
0.037353515625
-0.081542968750
0.142578125000
-0.030273437500
0.000123977661
0.024169921875
0.004638671875
-0.018310546875
-0.018676757812
-0.000862121582
0.136718750000
0.026977539062
-0.162109375000
-0.011047363281
-0.067382812500
-0.062011718750
0.114746093750
-0.000530242920
-0.121093750000
0.050048828125
-0.245117187500
-0.023193359375
-0.003967285156
0.054931640625
-0.031250000000
-0.099121093750
-0.167968750000
-0.080566406250
-0.022216796875
-0.159179687500
0.195312500000
0.016723632812
0.140625000000
-0.006805419922
-0.157226562500
0.039794921875
0.017578125000
-0.020507812500
0.100585937500
0.002716064453
-0.040039062500
0.049804687500
-0.210937500000
0.056396484375
0.016357421875
0.077148437500
0.070800781250
0.084960937500
-0.033447265625
-0.119628906250
-0.238281250000
0.042480468750
-0.086425781250
0.036865234375
-0.032470703125
0.078125000000
0.068847656250
-0.140625000000
-0.059570312500
-0.102539062500
0.010681152344
-0.054687500000
0.027221679688
0.082519531250
0.043945312500
0.073242187500
0.168945312500
0.024536132812
0.096679687500
-0.144531250000
-0.062255859375
0.046630859375
-0.085937500000
-0.009094238281
0.085937500000
-0.072265625000
-0.047363281250
0.058593750000
-0.038085937500
0.089843750000
0.047363281250
-0.174804687500
0.031127929688
-0.127929687500
-0.158203125000
0.022583007812
0.002212524414
0.073242187500
0.010620117188
-0.121093750000
0.030395507812
0.028076171875
0.188476562500
-0.004028320312
-0.090820312500
0.063964843750
-0.030761718750
-0.025878906250
-0.037109375000
-0.004241943359
-0.113769531250
-0.112792968750
0.006683349609
0.088378906250
0.145507812500
0.016113281250
0.031127929688
0.013305664062
0.013244628906
0.149414062500
-0.048583984375
-0.133789062500
-0.038330078125
-0.089843750000
0.115722656250
-0.035400390625
-0.023925781250
-0.113281250000
-0.074707031250
0.006378173828
0.229492187500
0.098144531250
0.017822265625
-0.053466796875
-0.092285156250
-0.052978515625
0.018676757812
0.067382812500
-0.029052734375
-0.172851562500
0.037353515625
-0.065429687500
-0.039306640625
-0.083007812500
-0.080566406250
0.036376953125
0.050537109375
0.055175781250
-0.296875000000
0.062011718750
0.049316406250
0.058349609375
0.007812500000
-0.005554199219
-0.014038085938
0.025512695312
-0.032226562500
-0.131835937500
-0.084472656250
-0.040527343750
-0.073730468750
-0.144531250000
-0.101562500000
-0.056396484375
-0.061035156250
-0.228515625000
0.035156250000
-0.083984375000
-0.063964843750
0.129882812500
-0.050292968750
-0.028076171875
0.011413574219
0.009948730469
-0.126953125000
-0.021240234375
0.110351562500
0.052001953125
-0.056884765625
-0.027954101562
-0.084472656250
0.038330078125
-0.037597656250
0.063476562500
-0.022094726562
0.061523437500
-0.011657714844
0.038330078125
-0.135742187500
0.043701171875
0.052001953125
0.076660156250
-0.024414062500
0.090820312500
-0.079101562500
0.054931640625
-0.056640625000
-0.018310546875
0.135742187500
0.089843750000
0.018554687500
0.045166015625
0.009277343750
0.007537841797
0.022338867188
-0.179687500000
-0.057861328125
-0.127929687500
-0.037353515625
0.211914062500
-0.043945312500
0.118164062500
0.194335937500
-0.008789062500
-0.065917968750
-0.010559082031
0.072265625000
0.071289062500
0.095214843750
0.269531250000
-0.040771484375
0.144531250000
0.052001953125
-0.023437500000
-0.084960937500
0.033203125000
-0.070800781250
-0.150390625000
0.083496093750
0.035644531250
0.179687500000
0.113281250000
-0.021850585938
-0.068359375000
-0.281250000000
-0.015625000000
0.021972656250
0.082031250000
-0.013366699219
-0.028320312500
-0.022338867188
0.040771484375
-0.135742187500
-0.035888671875
-0.090332031250
-0.054931640625
-0.152343750000
-0.137695312500
-0.099121093750
-0.061767578125
-0.032470703125
-0.117675781250
-0.096679687500
0.024536132812
0.050781250000
0.075683593750
-0.125976562500
-0.077148437500
-0.085937500000
-0.144531250000
0.146484375000
-0.153320312500
-0.141601562500
0.214843750000
0.008300781250
0.085937500000
0.055419921875
-0.053710937500
0.132812500000
-0.061767578125
0.011474609375
-0.038085937500
0.030029296875
0.092285156250
-0.014282226562
-0.089843750000
0.004943847656
-0.045654296875
-0.090332031250
-0.289062500000
0.025268554688
-0.069824218750
-0.098632812500
0.073730468750
-0.044433593750
0.007110595703
0.057128906250
-0.051025390625
-0.087402343750
0.016845703125
-0.246093750000
0.210937500000
-0.053710937500
0.029174804688
-0.015991210938
0.075683593750
0.012756347656
-0.076171875000
0.028930664062
0.034667968750
0.030883789062
0.103027343750
-0.031738281250
-0.056884765625
-0.066894531250
-0.101074218750
0.073730468750
-0.017211914062
-0.034179687500
0.049804687500
-0.125000000000
-0.021484375000
0.079589843750
-0.013671875000
0.037109375000
0.068847656250
-0.082519531250
-0.100585937500
-0.113769531250
-0.052001953125
0.140625000000
0.092285156250
-0.131835937500
0.019653320312
0.102050781250
-0.249023437500
-0.058105468750
-0.098632812500
0.197265625000
-0.062500000000
-0.119140625000
0.024414062500
0.009704589844
-0.051269531250
-0.063964843750
-0.084472656250
-0.113281250000
0.095703125000
-0.077148437500
0.031494140625
-0.012023925781
-0.137695312500
0.114257812500
0.070312500000
0.010925292969
0.060791015625
-0.108398437500
-0.091796875000
-0.058593750000
0.014770507812
-0.024658203125
0.044433593750
0.131835937500
0.108886718750
0.090820312500
0.028198242188
0.004394531250
-0.002685546875
0.042968750000
0.049560546875
0.109863281250
-0.009460449219
-0.041503906250
-0.166015625000
-0.008666992188
0.142578125000
0.067871093750
-0.025634765625
0.095703125000
0.037109375000
0.023315429688
-0.005615234375
0.005950927734
-0.125976562500
0.115234375000
-0.071289062500
-0.167968750000
0.042968750000
-0.174804687500
-0.015136718750
-0.014953613281
-0.000185966492
-0.003768920898
-0.170898437500
-0.117187500000
-0.090332031250
-0.125976562500
-0.015747070312
-0.000402450562
-0.045410156250
-0.050048828125
-0.033935546875
0.152343750000
0.001411437988
0.064453125000
0.047363281250
-0.013671875000
-0.017578125000
0.081542968750
-0.047607421875
0.064453125000
-0.023071289062
-0.128906250000
-0.054687500000
0.124511718750
-0.131835937500
0.042236328125
0.007690429688
-0.012695312500
-0.011840820312
-0.064941406250
0.009155273438
0.011596679688
0.028808593750
-0.082519531250
0.049560546875
0.060058593750
-0.010803222656
-0.036621093750
0.071777343750
-0.067871093750
0.090332031250
-0.033203125000
0.065917968750
0.033935546875
-0.141601562500
-0.005706787109
-0.150390625000
-0.077148437500
0.041503906250
-0.095703125000
-0.046386718750
-0.084472656250
0.067382812500
0.066406250000
0.006530761719
-0.012512207031
0.021972656250
-0.033447265625
0.072265625000
-0.249023437500
-0.047607421875
0.040527343750
0.002517700195
-0.083496093750
-0.122558593750
-0.250000000000
0.090820312500
-0.044189453125
0.008361816406
-0.049316406250
-0.032714843750
-0.017211914062
0.064453125000
0.035888671875
-0.003616333008
-0.154296875000
0.019165039062
0.117675781250
0.036621093750
-0.027832031250
-0.077636718750
-0.037841796875
-0.138671875000
0.161132812500
-0.139648437500
-0.012207031250
0.148437500000
-0.019042968750
0.208984375000
0.088867187500
-0.050048828125
-0.052978515625
-0.060791015625
-0.136718750000
0.020385742188
-0.173828125000
-0.043701171875
0.135742187500
-0.042724609375
0.159179687500
-0.006988525391
-0.039794921875
-0.125000000000
-0.023925781250
0.061523437500
0.032470703125
0.082519531250
0.040283203125
0.047363281250
0.075195312500
-0.064453125000
0.004089355469
-0.021362304688
0.147460937500
-0.146484375000
0.050781250000
0.031494140625
0.076171875000
0.129882812500
-0.103515625000
-0.015380859375
-0.044189453125
0.141601562500
0.123535156250
0.065917968750
-0.106445312500
0.096191406250
0.180664062500
-0.090820312500
-0.071289062500
0.056640625000
0.074707031250
0.048095703125
0.076171875000
-0.041992187500
-0.253906250000
0.049072265625
0.030273437500
-0.027954101562
0.041992187500
0.050292968750
0.027832031250
0.054199218750
0.092285156250
-0.129882812500
-0.078125000000
0.038330078125
-0.054199218750
0.026245117188
0.136718750000
0.027832031250
0.118652343750
-0.068847656250
-0.122558593750
-0.056884765625
-0.035156250000
0.063964843750
0.002166748047
-0.068359375000
0.016845703125
0.065917968750
0.028320312500
-0.062255859375
0.025512695312
0.156250000000
-0.104003906250
0.039794921875
-0.086425781250
0.076660156250
0.010559082031
0.030273437500
-0.037109375000
-0.045654296875
0.046142578125
0.119628906250
-0.012939453125
-0.066406250000
-0.097656250000
-0.041015625000
-0.090820312500
-0.071289062500
0.130859375000
-0.081542968750
0.012023925781
-0.014892578125
-0.100585937500
0.056396484375
0.149414062500
-0.132812500000
-0.009033203125
0.087890625000
-0.043212890625
-0.033691406250
-0.021728515625
0.095703125000
0.071777343750
-0.119628906250
-0.063964843750
-0.023925781250
0.014526367188
-0.108398437500
0.051025390625
0.196289062500
-0.103515625000
0.101074218750
0.000919342041
0.047607421875
-0.152343750000
-0.084472656250
-0.045410156250
0.067382812500
-0.044921875000
-0.053710937500
0.019165039062
-0.113281250000
-0.094238281250
-0.029907226562
0.007995605469
0.117675781250
-0.147460937500
0.009277343750
-0.182617187500
-0.164062500000
-0.031127929688
0.126953125000
-0.048828125000
-0.080078125000
0.014221191406
0.168945312500
-0.036376953125
-0.255859375000
-0.060791015625
-0.023315429688
-0.007080078125
0.055175781250
-0.140625000000
-0.029907226562
0.055908203125
0.098144531250
0.000145912170
-0.023681640625
-0.138671875000
-0.081054687500
0.028564453125
0.082519531250
0.015869140625
0.059570312500
0.082031250000
0.031127929688
0.006103515625
-0.076660156250
-0.029296875000
-0.055908203125
-0.117187500000
-0.045898437500
-0.014160156250
0.004272460938
0.130859375000
-0.142578125000
0.002380371094
0.034912109375
-0.051757812500
0.112304687500
-0.176757812500
-0.043945312500
-0.011291503906
-0.030029296875
-0.031005859375
-0.024780273438
-0.096191406250
0.048828125000
-0.011718750000
-0.046875000000
0.053222656250
0.079589843750
0.083496093750
0.119140625000
0.042480468750
-0.037109375000
-0.067382812500
-0.024169921875
-0.082519531250
0.089843750000
-0.130859375000
-0.247070312500
0.094726562500
0.053955078125
-0.249023437500
0.081054687500
-0.000923156738
0.012939453125
-0.086914062500
-0.024780273438
0.041015625000
0.077636718750
-0.035400390625
-0.055908203125
-0.087402343750
0.025268554688
-0.104003906250
-0.029663085938
0.045654296875
0.008728027344
0.021972656250
-0.039550781250
-0.034423828125
0.091308593750
0.100585937500
-0.030639648438
0.020019531250
0.095214843750
0.090332031250
-0.113281250000
-0.076660156250
0.041259765625
-0.015319824219
-0.076171875000
0.079101562500
-0.035156250000
0.015563964844
-0.063964843750
0.035888671875
0.007934570312
-0.013061523438
-0.113769531250
0.431640625000
0.051513671875
-0.026245117188
-0.047119140625
0.074218750000
0.010192871094
0.010986328125
0.062500000000
0.011352539062
-0.040283203125
-0.085449218750
0.056396484375
0.033203125000
0.052246093750
-0.033691406250
0.138671875000
0.087890625000
0.077148437500
-0.027587890625
-0.080078125000
0.048095703125
0.123046875000
0.009704589844
0.087890625000
0.114257812500
0.004089355469
0.147460937500
0.000270843506
0.098632812500
-0.030517578125
0.105468750000
0.193359375000
0.034423828125
0.047363281250
-0.023803710938
0.025024414062
-0.054931640625
0.061279296875
-0.039550781250
0.149414062500
0.100097656250
-0.060302734375
0.078125000000
-0.000119209290
0.129882812500
0.091796875000
-0.014831542969
0.059570312500
0.005126953125
-0.090332031250
0.209960937500
-0.002487182617
-0.041503906250
-0.082519531250
0.159179687500
-0.004394531250
0.021850585938
0.075683593750
-0.125000000000
0.077636718750
-0.014953613281
-0.163085937500
-0.028320312500
-0.117675781250
0.098144531250
-0.052978515625
-0.166015625000
0.094238281250
0.075683593750
-0.092773437500
-0.071289062500
0.007293701172
0.139648437500
-0.154296875000
0.080566406250
-0.022460937500
-0.047607421875
0.018310546875
0.162109375000
0.043701171875
-0.048095703125
0.034912109375
0.040527343750
0.017944335938
-0.011413574219
0.140625000000
-0.012695312500
-0.095214843750
-0.120605468750
-0.049560546875
-0.109863281250
-0.050048828125
0.103515625000
0.033203125000
-0.107910156250
-0.086425781250
0.106445312500
0.052001953125
-0.077636718750
-0.030395507812
0.007812500000
0.009277343750
0.055664062500
-0.048095703125
0.036621093750
-0.020629882812
-0.083007812500
-0.029785156250
0.060791015625
-0.031127929688
0.073242187500
-0.064941406250
0.086914062500
0.138671875000
0.000205993652
0.042968750000
0.042724609375
0.113281250000
-0.216796875000
0.057617187500
0.010131835938
0.055419921875
0.031005859375
-0.125976562500
0.030151367188
0.083007812500
-0.074707031250
-0.008728027344
-0.064941406250
0.085449218750
-0.005798339844
0.169921875000
-0.094726562500
-0.039062500000
0.026000976562
0.029663085938
-0.001327514648
-0.076171875000
0.002227783203
-0.058349609375
-0.003356933594
0.034179687500
0.047363281250
0.067871093750
-0.139648437500
0.093750000000
-0.002532958984
-0.039794921875
0.113769531250
-0.055419921875
-0.128906250000
-0.102050781250
-0.066894531250
-0.067382812500
0.091796875000
-0.052246093750
0.040527343750
0.205078125000
-0.012023925781
-0.233398437500
-0.221679687500
-0.003005981445
0.005249023438
0.125976562500
-0.026855468750
0.029418945312
0.074218750000
0.042480468750
-0.018676757812
-0.057617187500
-0.025024414062
0.133789062500
0.031738281250
-0.011596679688
-0.072265625000
-0.019165039062
-0.040039062500
0.041259765625
0.029907226562
0.060546875000
0.005371093750
0.076171875000
0.109863281250
0.060302734375
0.029541015625
-0.091796875000
0.067871093750
0.128906250000
0.065429687500
-0.235351562500
0.048828125000
0.063476562500
-0.074707031250
0.030761718750
0.028320312500
0.172851562500
-0.095703125000
-0.093750000000
-0.105468750000
0.143554687500
-0.043701171875
0.016357421875
0.093261718750
0.007812500000
0.063476562500
-0.036621093750
0.039062500000
0.028076171875
0.009460449219
0.150390625000
-0.068847656250
0.014465332031
0.135742187500
-0.094726562500
-0.148437500000
-0.071289062500
-0.075195312500
-0.090332031250
-0.042480468750
-0.075195312500
0.098632812500
-0.048339843750
0.094726562500
0.066406250000
0.157226562500
-0.021240234375
-0.183593750000
-0.003448486328
-0.082031250000
-0.019409179688
0.016601562500
-0.035644531250
0.096679687500
0.036865234375
0.097656250000
-0.137695312500
0.022460937500
0.078613281250
0.001953125000
-0.090332031250
0.139648437500
0.067871093750
0.038085937500
-0.007751464844
-0.079101562500
-0.057373046875
-0.024047851562
-0.017944335938
0.121582031250
0.044677734375
0.014648437500
-0.027709960938
-0.059326171875
-0.100585937500
0.066406250000
0.122070312500
-0.076660156250
-0.003936767578
-0.127929687500
0.028442382812
0.032470703125
0.017822265625
0.123046875000
0.047363281250
-0.041503906250
-0.069335937500
0.140625000000
0.165039062500
0.064941406250
0.069824218750
0.073730468750
-0.049804687500
0.018432617188
-0.036865234375
0.004058837891
0.088378906250
-0.105957031250
0.045410156250
0.070800781250
0.083984375000
0.000307083130
-0.037841796875
0.023925781250
0.146484375000
-0.131835937500
0.090332031250
0.180664062500
0.121093750000
-0.033447265625
-0.145507812500
-0.110839843750
0.002136230469
0.043212890625
-0.091308593750
0.019165039062
0.152343750000
0.012817382812
0.030395507812
-0.010864257812
0.080078125000
0.013732910156
-0.027465820312
0.042968750000
0.210937500000
0.079589843750
0.015991210938
0.169921875000
-0.201171875000
0.078125000000
-0.090820312500
0.008911132812
0.141601562500
-0.076171875000
-0.119140625000
0.024780273438
-0.079101562500
-0.006805419922
-0.073242187500
0.062011718750
-0.072753906250
0.038818359375
-0.019897460938
0.139648437500
-0.021362304688
-0.051513671875
0.055175781250
-0.136718750000
0.080078125000
0.145507812500
-0.052490234375
-0.088378906250
-0.035400390625
-0.092773437500
-0.088867187500
-0.106933593750
-0.061523437500
0.055664062500
0.099121093750
0.020019531250
-0.094238281250
-0.044433593750
-0.300781250000
0.153320312500
-0.040771484375
0.058837890625
0.042236328125
-0.104492187500
-0.150390625000
0.076171875000
0.048828125000
-0.090332031250
-0.107421875000
0.095214843750
-0.177734375000
-0.056884765625
-0.066406250000
-0.017456054688
0.010009765625
0.069335937500
0.074218750000
0.060546875000
-0.144531250000
-0.011535644531
0.067871093750
-0.015625000000
-0.078125000000
0.019165039062
0.044189453125
-0.086914062500
-0.065429687500
-0.073730468750
0.051269531250
0.033447265625
-0.181640625000
0.000463485718
0.024291992188
0.036376953125
0.152343750000
-0.089355468750
0.115234375000
0.015136718750
-0.111816406250
0.047851562500
0.214843750000
0.014648437500
-0.086914062500
0.186523437500
-0.014404296875
-0.060546875000
-0.124511718750
0.092773437500
-0.047119140625
0.051513671875
-0.104492187500
-0.059326171875
0.120117187500
-0.057128906250
0.005035400391
0.013061523438
0.082031250000
0.019409179688
0.149414062500
0.075683593750
0.000415802002
0.316406250000
0.093261718750
-0.123535156250
-0.144531250000
-0.060302734375
-0.072753906250
-0.003311157227
0.028808593750
0.076171875000
-0.045898437500
0.021240234375
-0.016235351562
0.128906250000
0.044921875000
0.011535644531
0.123535156250
0.024536132812
-0.070312500000
-0.121093750000
-0.102050781250
-0.203125000000
0.024902343750
0.083984375000
0.020385742188
-0.066894531250
0.048095703125
0.118652343750
-0.047607421875
-0.045654296875
-0.059570312500
0.102539062500
0.015991210938
-0.133789062500
-0.097656250000
0.005004882812
0.066406250000
0.019042968750
0.043212890625
0.141601562500
0.043457031250
0.337890625000
-0.173828125000
0.094726562500
0.098144531250
-0.082519531250
-0.037841796875
-0.022583007812
-0.059570312500
-0.098632812500
-0.056884765625
0.040283203125
-0.013061523438
0.102050781250
0.120605468750
-0.130859375000
-0.097167968750
-0.135742187500
-0.125976562500
-0.037841796875
0.034912109375
0.032714843750
-0.105468750000
-0.026733398438
0.045654296875
0.004669189453
-0.255859375000
0.041259765625
-0.059814453125
-0.112792968750
-0.098144531250
-0.141601562500
0.041748046875
-0.063476562500
-0.004638671875
0.032226562500
-0.039306640625
0.100097656250
0.004364013672
0.056152343750
-0.039062500000
-0.179687500000
-0.018432617188
0.001441955566
0.090820312500
0.075683593750
0.126953125000
-0.077148437500
0.054443359375
-0.043457031250
-0.002243041992
-0.144531250000
-0.057373046875
-0.024169921875
0.089843750000
-0.093750000000
0.023803710938
-0.026245117188
0.101562500000
-0.032226562500
0.045410156250
-0.045166015625
-0.013427734375
-0.110839843750
0.011657714844
0.131835937500
-0.046386718750
0.105468750000
0.031738281250
-0.075683593750
0.065429687500
0.075195312500
0.021240234375
-0.014465332031
-0.058105468750
-0.206054687500
0.073730468750
-0.115234375000
-0.035400390625
-0.106933593750
0.015014648438
-0.123535156250
-0.051513671875
0.135742187500
-0.121582031250
-0.019042968750
0.128906250000
-0.098144531250
0.031494140625
0.039794921875
0.136718750000
0.001678466797
0.000492095947
-0.047119140625
-0.019287109375
0.044677734375
0.018188476562
0.023925781250
0.098144531250
-0.118164062500
0.109375000000
-0.027709960938
-0.097167968750
-0.047119140625
-0.113281250000
-0.117187500000
0.037109375000
0.073730468750
0.013610839844
0.036621093750
0.010559082031
0.132812500000
0.019409179688
-0.058105468750
-0.096679687500
0.061523437500
0.169921875000
0.063476562500
0.023925781250
-0.109375000000
0.110351562500
-0.073730468750
-0.042968750000
-0.022094726562
0.085937500000
-0.027343750000
0.217773437500
0.010742187500
-0.118164062500
0.031250000000
0.019287109375
0.047119140625
-0.040771484375
-0.316406250000
0.165039062500
-0.136718750000
0.091308593750
-0.025512695312
-0.129882812500
-0.015258789062
-0.063964843750
0.039550781250
0.119628906250
0.137695312500
-0.005523681641
0.072753906250
-0.208984375000
-0.177734375000
-0.153320312500
0.163085937500
-0.109375000000
-0.106445312500
0.103515625000
-0.104492187500
-0.013916015625
-0.157226562500
-0.000743865967
-0.042968750000
-0.114746093750
-0.107421875000
0.076171875000
0.097656250000
-0.074218750000
-0.037353515625
-0.050781250000
-0.016723632812
0.001281738281
0.023315429688
-0.020751953125
-0.031982421875
-0.093261718750
-0.021850585938
0.027099609375
-0.110839843750
0.023681640625
-0.000417709351
0.005767822266
-0.033203125000
-0.023925781250
-0.013549804688
0.045654296875
0.157226562500
-0.104980468750
0.083496093750
0.036132812500
0.001281738281
-0.063964843750
-0.028198242188
-0.085449218750
0.139648437500
-0.017456054688
-0.003158569336
0.009582519531
0.170898437500
-0.069824218750
-0.107421875000
-0.058349609375
0.112792968750
-0.123046875000
0.002700805664
-0.045898437500
-0.005615234375
-0.044433593750
-0.074218750000
-0.025634765625
0.007171630859
0.007171630859
0.111328125000
0.160156250000
-0.011230468750
-0.047851562500
0.097656250000
-0.028198242188
0.001770019531
-0.115234375000
-0.069335937500
0.263671875000
-0.093750000000
0.150390625000
0.052001953125
-0.023559570312
0.003295898438
0.026245117188
0.316406250000
-0.090332031250
-0.012634277344
-0.043945312500
0.039306640625
0.023681640625
-0.041748046875
-0.029663085938
-0.006408691406
-0.049072265625
-0.014465332031
-0.052246093750
-0.012268066406
0.009948730469
-0.148437500000
0.011535644531
-0.028198242188
-0.113769531250
0.112304687500
-0.102539062500
-0.041015625000
-0.102050781250
0.092285156250
-0.032958984375
0.191406250000
-0.049316406250
-0.046875000000
0.047851562500
-0.121093750000
-0.016357421875
-0.082519531250
-0.058349609375
-0.024291992188
0.072753906250
0.104980468750
0.005371093750
0.069824218750
-0.028198242188
-0.012207031250
0.000312805176
-0.025634765625
-0.503906250000
0.017822265625
-0.047119140625
-0.137695312500
-0.019409179688
0.107421875000
0.119628906250
0.049560546875
0.000280380249
0.144531250000
-0.166015625000
0.007690429688
0.042480468750
-0.095214843750
0.234375000000
0.055664062500
-0.032714843750
-0.111328125000
-0.046875000000
-0.206054687500
0.049316406250
0.011474609375
0.031127929688
-0.138671875000
0.104003906250
-0.005920410156
0.002273559570
-0.024902343750
0.034667968750
-0.044433593750
0.154296875000
-0.012634277344
-0.072753906250
-0.169921875000
0.101562500000
0.017700195312
0.015441894531
-0.179687500000
0.121582031250
0.004760742188
0.080566406250
0.079589843750
-0.083007812500
0.080078125000
0.101562500000
0.078613281250
-0.053710937500
-0.128906250000
0.120605468750
-0.106933593750
0.127929687500
-0.116699218750
-0.060791015625
-0.069335937500
-0.057128906250
-0.051025390625
-0.021240234375
-0.031005859375
-0.197265625000
0.033935546875
0.080078125000
0.044921875000
-0.051025390625
0.223632812500
-0.047851562500
-0.031127929688
0.154296875000
-0.014770507812
-0.149414062500
-0.056640625000
-0.105957031250
-0.025268554688
0.086425781250
0.010925292969
-0.192382812500
0.120117187500
0.018188476562
0.081054687500
0.143554687500
0.087402343750
-0.066406250000
-0.033203125000
0.263671875000
-0.074707031250
-0.109863281250
0.037597656250
-0.054931640625
-0.013854980469
-0.123046875000
0.034179687500
0.022338867188
-0.065429687500
-0.065429687500
0.050048828125
-0.040039062500
0.093261718750
0.040283203125
0.059570312500
-0.119628906250
-0.079589843750
0.104492187500
0.120605468750
0.118652343750
0.002059936523
0.174804687500
-0.023681640625
-0.047119140625
0.081054687500
0.038330078125
-0.146484375000
-0.132812500000
-0.054687500000
-0.110839843750
-0.008666992188
-0.017333984375
0.044921875000
-0.066406250000
-0.063964843750
-0.141601562500
-0.095703125000
0.015441894531
0.036621093750
-0.018554687500
-0.058593750000
0.079101562500
0.060058593750
0.001739501953
-0.049804687500
0.024902343750
0.088378906250
0.017333984375
-0.059082031250
0.030273437500
-0.066406250000
0.062255859375
-0.193359375000
-0.001502990723
0.143554687500
-0.115234375000
-0.005737304688
-0.157226562500
0.043701171875
-0.042724609375
0.167968750000
0.020385742188
-0.208007812500
-0.011169433594
-0.010986328125
0.011230468750
0.151367187500
0.023559570312
-0.037353515625
0.079101562500
0.026489257812
-0.037597656250
0.232421875000
-0.100585937500
-0.077636718750
0.085449218750
0.104003906250
-0.060791015625
-0.037353515625
0.012573242188
-0.205078125000
-0.029785156250
0.094726562500
0.041748046875
-0.137695312500
-0.079101562500
-0.040771484375
-0.044189453125
0.071777343750
-0.004302978516
-0.051513671875
0.100097656250
-0.084960937500
0.135742187500
-0.133789062500
-0.083984375000
0.013793945312
-0.005126953125
-0.031738281250
-0.050048828125
0.062988281250
0.052246093750
-0.014709472656
0.217773437500
-0.043701171875
0.037109375000
0.058349609375
-0.044189453125
0.136718750000
0.102050781250
0.093750000000
-0.159179687500
0.123535156250
-0.037353515625
0.212890625000
-0.121582031250
-0.101074218750
0.009643554688
-0.068847656250
-0.003692626953
-0.002059936523
-0.157226562500
-0.012207031250
0.003143310547
0.059326171875
0.062988281250
0.089355468750
-0.062988281250
-0.051757812500
-0.048583984375
-0.069824218750
0.106445312500
0.085449218750
-0.036376953125
-0.000104904175
0.094238281250
-0.150390625000
-0.074218750000
-0.035644531250
0.029296875000
-0.058349609375
-0.006927490234
-0.017700195312
-0.016357421875
-0.101074218750
0.049560546875
0.025024414062
-0.044677734375
-0.005096435547
0.095214843750
0.126953125000
-0.007568359375
-0.020996093750
0.113769531250
-0.012145996094
0.058105468750
-0.056152343750
0.134765625000
0.023437500000
-0.101074218750
-0.086425781250
0.066894531250
-0.017333984375
-0.021728515625
-0.131835937500
0.068359375000
-0.040283203125
0.009094238281
-0.031127929688
-0.061035156250
-0.051025390625
-0.070800781250
-0.013610839844
-0.091308593750
-0.226562500000
-0.069824218750
-0.067871093750
0.084472656250
-0.089355468750
-0.053955078125
-0.105957031250
0.273437500000
-0.001510620117
0.007568359375
0.053955078125
-0.009033203125
0.020263671875
0.122070312500
-0.009399414062
-0.009643554688
-0.076660156250
0.072265625000
0.107421875000
-0.057617187500
-0.087890625000
-0.010925292969
-0.125976562500
0.022827148438
-0.018432617188
-0.001281738281
-0.063476562500
-0.016967773438
-0.187500000000
0.010192871094
-0.057128906250
0.071289062500
0.108886718750
-0.029541015625
0.047119140625
0.046875000000
-0.045410156250
-0.083984375000
0.021850585938
-0.014343261719
-0.098632812500
-0.017700195312
0.026123046875
-0.033691406250
-0.104003906250
0.030273437500
-0.062988281250
0.173828125000
0.001724243164
0.034179687500
0.018066406250
0.031005859375
0.003112792969
-0.048095703125
0.149414062500
-0.131835937500
0.022827148438
-0.049804687500
0.077148437500
-0.074707031250
-0.006713867188
0.038574218750
0.055908203125
-0.146484375000
0.003433227539
-0.014282226562
0.067382812500
0.021606445312
-0.001899719238
-0.039062500000
0.067382812500
0.017089843750
0.073242187500
0.195312500000
0.051269531250
-0.178710937500
0.099121093750
-0.054687500000
-0.045654296875
-0.154296875000
-0.027221679688
-0.017700195312
-0.125976562500
0.104003906250
0.003906250000
0.081054687500
0.017944335938
0.055908203125
-0.034667968750
-0.092773437500
-0.001541137695
0.108886718750
0.081542968750
-0.014343261719
0.022094726562
0.127929687500
0.017211914062
0.001251220703
0.026733398438
-0.184570312500
-0.167968750000
-0.007141113281
-0.040039062500
-0.121582031250
0.022216796875
-0.022094726562
-0.039550781250
-0.183593750000
0.080078125000
-0.003372192383
0.063964843750
-0.030029296875
-0.012268066406
0.090332031250
0.049316406250
-0.070800781250
-0.008056640625
0.016967773438
-0.017944335938
-0.122558593750
0.066406250000
0.042236328125
0.125976562500
-0.079589843750
0.160156250000
0.013549804688
-0.233398437500
0.106445312500
0.112304687500
-0.016235351562
0.084472656250
-0.120117187500
-0.198242187500
0.019042968750
0.025512695312
-0.003906250000
-0.013732910156
0.147460937500
0.020507812500
0.007476806641
-0.125976562500
0.056884765625
0.104492187500
-0.098632812500
-0.024780273438
-0.052490234375
-0.015502929688
-0.060302734375
-0.204101562500
-0.024047851562
-0.170898437500
0.176757812500
-0.015014648438
-0.076171875000
-0.014526367188
-0.006896972656
-0.049560546875
-0.118652343750
0.067382812500
-0.101562500000
0.044433593750
0.191406250000
-0.078125000000
0.039062500000
-0.029296875000
0.003646850586
-0.090820312500
-0.100097656250
-0.093750000000
0.046630859375
0.052490234375
-0.027343750000
-0.185546875000
0.108886718750
-0.107910156250
-0.005554199219
-0.031738281250
0.018188476562
0.025024414062
-0.043701171875
-0.147460937500
0.255859375000
-0.137695312500
-0.031127929688
-0.057861328125
-0.208984375000
-0.063964843750
-0.008605957031
0.007324218750
0.013488769531
0.040527343750
0.110839843750
-0.024169921875
-0.087402343750
0.044189453125
-0.032226562500
0.117675781250
-0.045898437500
0.000572204590
-0.007568359375
-0.004425048828
0.178710937500
0.051269531250
-0.002944946289
-0.017944335938
-0.086914062500
-0.055175781250
-0.107910156250
0.001892089844
0.125000000000
0.008300781250
-0.097656250000
0.011657714844
-0.081542968750
0.012329101562
-0.150390625000
-0.013305664062
-0.057617187500
-0.059570312500
0.006378173828
-0.085937500000
0.072753906250
-0.057128906250
0.060302734375
-0.148437500000
-0.091308593750
-0.190429687500
-0.127929687500
-0.146484375000
-0.206054687500
-0.128906250000
0.165039062500
0.050292968750
0.014343261719
-0.037597656250
-0.013122558594
-0.021240234375
0.154296875000
-0.281250000000
-0.012634277344
0.081054687500
0.025512695312
-0.069335937500
-0.035156250000
-0.139648437500
0.102539062500
-0.056396484375
0.096679687500
-0.241210937500
-0.053466796875
0.071289062500
-0.093261718750
0.064941406250
0.092285156250
0.046386718750
0.238281250000
-0.109863281250
0.008361816406
-0.037109375000
0.068847656250
0.094238281250
0.176757812500
-0.046875000000
0.013183593750
-0.069335937500
0.003463745117
-0.030029296875
0.027954101562
-0.054931640625
-0.078613281250
0.000576019287
0.013183593750
0.171875000000
0.017822265625
-0.074707031250
0.025268554688
-0.045654296875
-0.013244628906
-0.032958984375
0.084960937500
0.060546875000
-0.047363281250
-0.004272460938
0.055419921875
0.022460937500
-0.151367187500
-0.018920898438
-0.001304626465
-0.126953125000
-0.105468750000
0.043945312500
-0.007690429688
-0.036376953125
0.136718750000
0.104003906250
0.004791259766
0.132812500000
0.035888671875
-0.053955078125
-0.087402343750
0.022705078125
0.055908203125
0.045410156250
-0.021972656250
0.170898437500
-0.004943847656
-0.326171875000
0.050292968750
0.016357421875
-0.024169921875
0.031982421875
0.051757812500
0.035156250000
0.085449218750
0.012023925781
0.049804687500
0.113281250000
-0.037841796875
0.027221679688
0.165039062500
-0.089355468750
-0.078125000000
-0.040771484375
0.044921875000
-0.153320312500
0.006530761719
-0.002029418945
0.111816406250
-0.097656250000
-0.008789062500
0.071777343750
-0.043457031250
0.084472656250
0.004394531250
-0.044921875000
0.069824218750
0.041503906250
0.039306640625
0.011535644531
0.038085937500
-0.077148437500
-0.140625000000
-0.012145996094
0.059082031250
0.030395507812
-0.092285156250
-0.024047851562
0.006958007812
-0.082519531250
-0.013793945312
0.024902343750
0.123535156250
0.083496093750
0.065429687500
0.012023925781
0.043701171875
-0.043945312500
-0.020263671875
-0.130859375000
0.108886718750
0.044921875000
-0.048583984375
0.173828125000
-0.005645751953
0.057861328125
0.027221679688
-0.017333984375
0.013916015625
-0.032714843750
-0.070312500000
-0.176757812500
0.013671875000
0.013610839844
0.028198242188
-0.071289062500
0.030273437500
0.032470703125
-0.094238281250
-0.010498046875
-0.013488769531
0.060058593750
0.080566406250
-0.091796875000
-0.028442382812
0.031127929688
0.173828125000
-0.079101562500
-0.028076171875
-0.115234375000
-0.083496093750
-0.046630859375
-0.080078125000
-0.015563964844
-0.050781250000
-0.015014648438
0.185546875000
-0.027099609375
0.007202148438
0.127929687500
0.007720947266
0.014648437500
-0.073730468750
-0.100097656250
0.042724609375
-0.069824218750
-0.046875000000
0.009582519531
0.034912109375
0.017089843750
0.098144531250
0.042480468750
-0.110839843750
-0.039794921875
-0.132812500000
-0.104492187500
-0.071777343750
0.024291992188
0.082519531250
-0.088867187500
0.004882812500
-0.060791015625
-0.054687500000
-0.018066406250
0.014770507812
0.172851562500
0.124023437500
0.013732910156
-0.114257812500
0.019775390625
-0.027099609375
0.031250000000
0.070312500000
0.066406250000
-0.023559570312
-0.006561279297
0.010131835938
0.027709960938
0.040527343750
0.137695312500
0.072265625000
-0.050048828125
-0.019287109375
0.050781250000
-0.067871093750
0.006683349609
-0.109863281250
-0.182617187500
0.039062500000
-0.147460937500
-0.116699218750
-0.091308593750
0.033203125000
-0.041748046875
-0.009216308594
0.027099609375
-0.056640625000
-0.106445312500
-0.022705078125
0.086914062500
0.214843750000
0.086914062500
0.089843750000
0.008605957031
0.042480468750
0.019897460938
0.012817382812
0.067382812500
-0.204101562500
0.075195312500
0.003372192383
-0.171875000000
0.050781250000
-0.085937500000
0.006164550781
0.198242187500
-0.078613281250
-0.153320312500
-0.198242187500
0.098144531250
-0.018676757812
0.092285156250
0.125976562500
-0.099609375000
-0.069335937500
0.049072265625
0.096679687500
-0.012390136719
-0.007263183594
-0.021118164062
0.002639770508
-0.011413574219
-0.040771484375
-0.000144004822
0.002990722656
-0.030151367188
0.133789062500
0.092285156250
-0.005645751953
-0.014770507812
-0.043457031250
-0.013427734375
0.086914062500
-0.042236328125
-0.028808593750
-0.053710937500
0.012878417969
0.044433593750
0.049072265625
-0.042724609375
-0.070312500000
0.040771484375
-0.135742187500
-0.120117187500
0.017333984375
0.096191406250
0.025146484375
0.045654296875
-0.142578125000
-0.079589843750
-0.103027343750
-0.064453125000
0.027343750000
-0.063964843750
-0.019531250000
0.128906250000
-0.056152343750
-0.000436782837
0.060058593750
-0.034423828125
0.084960937500
-0.080078125000
0.064453125000
0.079589843750
0.038085937500
0.024536132812
0.025634765625
0.042968750000
0.057128906250
0.074218750000
-0.047363281250
0.038818359375
-0.041015625000
0.034667968750
-0.117675781250
0.035400390625
-0.058837890625
0.050292968750
-0.087402343750
0.052978515625
0.113281250000
-0.021728515625
-0.159179687500
0.037353515625
0.077636718750
-0.146484375000
-0.064941406250
-0.063476562500
0.020385742188
-0.062500000000
0.096191406250
-0.156250000000
0.065429687500
-0.081542968750
-0.017333984375
0.062500000000
-0.184570312500
0.257812500000
0.064941406250
0.170898437500
0.016967773438
0.086425781250
0.185546875000
-0.037841796875
0.067382812500
0.115234375000
-0.068847656250
0.071289062500
-0.195312500000
-0.070800781250
-0.028930664062
-0.029541015625
-0.089843750000
0.019531250000
-0.085449218750
-0.009216308594
0.104003906250
-0.084960937500
0.005615234375
-0.110839843750
-0.106445312500
0.028930664062
-0.073730468750
-0.020263671875
-0.098632812500
-0.034423828125
0.031738281250
0.083984375000
-0.100097656250
0.019775390625
0.093261718750
0.070800781250
-0.053466796875
-0.068359375000
-0.069824218750
-0.052734375000
0.011291503906
0.143554687500
0.000207901001
-0.120605468750
-0.045166015625
0.019775390625
0.051513671875
0.002975463867
0.075195312500
-0.022827148438
0.170898437500
-0.110351562500
-0.013244628906
-0.079589843750
0.069335937500
-0.104003906250
0.035644531250
0.269531250000
0.114746093750
-0.049804687500
-0.021362304688
0.004730224609
0.068847656250
0.124023437500
0.122558593750
-0.023071289062
-0.095214843750
-0.087402343750
0.001930236816
0.025390625000
-0.073730468750
0.021240234375
-0.071289062500
0.086425781250
-0.062988281250
0.075683593750
-0.017456054688
0.142578125000
0.003768920898
0.122558593750
-0.035644531250
-0.004333496094
-0.009582519531
-0.101562500000
-0.020507812500
-0.020019531250
0.070800781250
0.023193359375
-0.029296875000
-0.073730468750
-0.059082031250
-0.101074218750
-0.106445312500
-0.013977050781
0.013305664062
0.034667968750
0.075195312500
-0.055175781250
0.019897460938
-0.010559082031
-0.111328125000
-0.097656250000
0.225585937500
-0.069824218750
-0.020751953125
0.026123046875
0.036865234375
0.052490234375
-0.009216308594
0.011657714844
-0.016357421875
-0.091308593750
0.082031250000
-0.013977050781
0.016845703125
0.045898437500
0.050292968750
0.000381469727
-0.131835937500
0.089843750000
0.081542968750
-0.116699218750
-0.112792968750
0.090332031250
-0.125976562500
0.044921875000
0.038574218750
0.021240234375
0.184570312500
-0.088867187500
0.008666992188
0.012573242188
0.102539062500
0.056640625000
-0.055175781250
-0.102050781250
0.221679687500
0.025512695312
-0.134765625000
0.080078125000
-0.089355468750
0.015136718750
-0.095214843750
-0.076660156250
-0.007934570312
-0.058349609375
-0.125976562500
0.028320312500
0.013122558594
-0.031982421875
-0.108398437500
0.082031250000
-0.083496093750
0.104492187500
-0.132812500000
0.029663085938
-0.154296875000
-0.091308593750
-0.038330078125
-0.090820312500
-0.015502929688
0.014770507812
0.041259765625
-0.117187500000
-0.032958984375
-0.004913330078
0.017333984375
-0.131835937500
0.126953125000
0.049316406250
0.073730468750
0.011840820312
-0.029418945312
-0.081054687500
-0.044433593750
0.010925292969
0.120605468750
0.038330078125
-0.003387451172
0.074707031250
-0.105957031250
-0.046630859375
-0.097167968750
0.064941406250
-0.074218750000
0.074707031250
-0.002593994141
-0.052978515625
0.147460937500
0.177734375000
0.064453125000
0.079101562500
-0.009399414062
0.054931640625
0.000141143799
-0.034179687500
0.186523437500
0.081054687500
0.028808593750
0.043457031250
0.023559570312
-0.130859375000
0.132812500000
-0.156250000000
0.139648437500
0.145507812500
-0.036132812500
-0.145507812500
0.010131835938
-0.061279296875
-0.053222656250
-0.022949218750
-0.056152343750
-0.042236328125
-0.074707031250
-0.091308593750
-0.086425781250
-0.128906250000
0.062988281250
0.172851562500
0.064453125000
-0.180664062500
0.113769531250
-0.121093750000
0.014953613281
0.171875000000
-0.193359375000
-0.009521484375
-0.008361816406
0.204101562500
-0.020751953125
0.121093750000
0.169921875000
-0.042968750000
-0.109375000000
0.013183593750
0.062255859375
0.101562500000
0.034423828125
-0.094238281250
-0.001655578613
0.045410156250
0.027465820312
-0.189453125000
0.103027343750
0.037597656250
0.005035400391
-0.073242187500
-0.083007812500
-0.088867187500
0.059326171875
0.196289062500
-0.125976562500
-0.108886718750
-0.092773437500
-0.028808593750
-0.106933593750
-0.148437500000
-0.103515625000
-0.202148437500
-0.069335937500
-0.037109375000
-0.084960937500
0.010070800781
-0.085449218750
-0.033691406250
-0.015441894531
-0.008789062500
-0.140625000000
-0.056396484375
-0.078125000000
-0.094726562500
-0.038330078125
0.015014648438
-0.014709472656
0.114746093750
-0.032714843750
-0.003631591797
-0.097656250000
-0.017578125000
0.031127929688
-0.007629394531
-0.027587890625
-0.007476806641
0.001754760742
-0.058593750000
0.143554687500
-0.096679687500
0.005737304688
0.067382812500
-0.188476562500
0.013183593750
0.019287109375
-0.122070312500
-0.010925292969
-0.022705078125
-0.178710937500
-0.014648437500
0.068847656250
0.019531250000
-0.092773437500
-0.113281250000
-0.053955078125
-0.070312500000
-0.024169921875
0.035888671875
-0.104980468750
0.067382812500
0.038330078125
-0.122558593750
-0.016967773438
-0.057861328125
0.005126953125
0.031982421875
-0.159179687500
-0.043701171875
-0.071777343750
-0.000360488892
0.113281250000
0.088378906250
0.115234375000
-0.115722656250
0.033203125000
-0.036865234375
0.071777343750
-0.173828125000
-0.045410156250
0.056152343750
-0.069824218750
-0.176757812500
0.052001953125
-0.087402343750
0.041259765625
0.059570312500
0.045410156250
-0.003463745117
-0.115234375000
-0.042968750000
-0.053222656250
-0.002029418945
0.010498046875
-0.040771484375
0.080566406250
0.039550781250
-0.101074218750
0.090820312500
0.025878906250
0.133789062500
-0.070800781250
0.042724609375
-0.060546875000
0.076660156250
0.007415771484
0.091308593750
-0.059082031250
0.034423828125
-0.050048828125
0.016601562500
0.082519531250
0.008239746094
0.057861328125
0.037841796875
-0.109863281250
0.038574218750
-0.166992187500
-0.003707885742
-0.121093750000
-0.071777343750
0.098632812500
0.046630859375
0.020996093750
0.032714843750
-0.013793945312
-0.004943847656
0.061035156250
0.154296875000
-0.025146484375
0.029541015625
-0.091796875000
0.031738281250
0.028198242188
0.081542968750
-0.056152343750
-0.113769531250
-0.292968750000
-0.168945312500
-0.083496093750
-0.090820312500
-0.055175781250
0.088867187500
-0.080078125000
-0.078613281250
0.053222656250
0.077148437500
-0.001617431641
-0.009704589844
0.041992187500
0.011047363281
-0.033447265625
0.063964843750
-0.067871093750
0.010803222656
-0.082031250000
0.004089355469
0.010559082031
-0.085449218750
-0.248046875000
0.100097656250
0.079101562500
0.063476562500
0.140625000000
0.088378906250
-0.040527343750
-0.044921875000
0.016479492188
0.051757812500
-0.094726562500
-0.027099609375
0.103515625000
-0.059082031250
-0.048583984375
-0.064453125000
-0.103027343750
0.127929687500
0.135742187500
0.067871093750
0.192382812500
-0.032958984375
-0.187500000000
-0.014099121094
0.139648437500
0.017944335938
-0.023071289062
0.027709960938
-0.057128906250
-0.021362304688
0.008789062500
-0.053466796875
0.070312500000
0.035644531250
-0.109863281250
-0.158203125000
0.109863281250
0.028930664062
0.039306640625
-0.050292968750
-0.138671875000
0.018432617188
-0.095214843750
-0.007171630859
0.048583984375
-0.068359375000
0.011169433594
-0.035156250000
-0.065429687500
0.124023437500
-0.082519531250
-0.005584716797
-0.012268066406
-0.076660156250
0.106445312500
-0.006683349609
-0.011657714844
-0.052246093750
-0.003494262695
-0.039306640625
-0.050048828125
-0.047119140625
-0.057617187500
-0.029296875000
0.190429687500
-0.054443359375
0.031005859375
-0.070800781250
0.025878906250
-0.102050781250
-0.033447265625
0.049316406250
0.033447265625
0.123535156250
0.036376953125
0.050781250000
-0.025146484375
0.038330078125
-0.130859375000
-0.039306640625
0.056884765625
0.021484375000
0.075195312500
0.040283203125
0.095214843750
0.010375976562
-0.071289062500
0.038330078125
0.228515625000
-0.151367187500
0.127929687500
-0.056152343750
0.104003906250
-0.113281250000
0.067871093750
0.111328125000
0.063476562500
-0.022949218750
0.045654296875
-0.110839843750
-0.051757812500
-0.079589843750
-0.049804687500
-0.105468750000
0.080566406250
-0.061767578125
0.071777343750
-0.067871093750
-0.040283203125
-0.023315429688
-0.141601562500
0.087890625000
-0.146484375000
0.031982421875
0.044677734375
0.114257812500
0.050048828125
0.066406250000
-0.088867187500
-0.059570312500
-0.066894531250
-0.017578125000
0.011474609375
-0.060058593750
-0.050781250000
0.081542968750
-0.152343750000
0.111328125000
0.025268554688
-0.069824218750
-0.093261718750
-0.024658203125
0.120117187500
-0.072753906250
-0.026367187500
0.133789062500
-0.023437500000
0.037841796875
-0.043701171875
0.026489257812
0.041992187500
0.026489257812
0.037109375000
-0.027465820312
-0.058837890625
-0.014892578125
-0.018920898438
0.031738281250
-0.057617187500
0.030151367188
-0.051757812500
-0.033935546875
0.164062500000
0.024169921875
0.064941406250
0.026000976562
0.069824218750
0.036621093750
0.069824218750
-0.019287109375
-0.036132812500
0.162109375000
0.115234375000
-0.051513671875
0.010009765625
0.027343750000
0.045166015625
0.069335937500
-0.135742187500
-0.014831542969
0.057861328125
-0.092773437500
0.062988281250
-0.090820312500
0.056152343750
-0.038818359375
-0.002578735352
0.113769531250
0.103515625000
-0.017822265625
-0.006591796875
0.038085937500
0.090820312500
-0.118164062500
0.013122558594
0.009033203125
-0.040527343750
0.056884765625
-0.064453125000
-0.051757812500
-0.149414062500
-0.035888671875
0.235351562500
-0.027954101562
-0.009155273438
-0.018432617188
0.000150680542
0.093750000000
0.008911132812
-0.212890625000
-0.054931640625
-0.105957031250
-0.046875000000
0.016235351562
0.113769531250
0.085449218750
-0.131835937500
0.105468750000
-0.098632812500
0.052734375000
0.008422851562
0.005676269531
0.119628906250
-0.061767578125
-0.048828125000
-0.016113281250
0.007446289062
-0.018432617188
0.061279296875
0.008483886719
0.065429687500
-0.038574218750
-0.072753906250
0.026000976562
0.083007812500
0.070312500000
0.052246093750
0.005859375000
-0.082031250000
0.057617187500
0.052734375000
0.038574218750
-0.072753906250
-0.085937500000
0.031738281250
0.085937500000
-0.062500000000
-0.007354736328
-0.005554199219
0.002685546875
-0.018554687500
0.068847656250
-0.032714843750
0.165039062500
-0.070312500000
0.047119140625
0.011901855469
-0.008850097656
-0.055908203125
-0.086425781250
-0.138671875000
0.092285156250
-0.074707031250
-0.005676269531
-0.062011718750
0.045166015625
-0.066406250000
0.180664062500
-0.038085937500
-0.036376953125
0.069335937500
0.013610839844
-0.153320312500
0.022949218750
-0.074707031250
0.157226562500
-0.077148437500
-0.046386718750
0.006896972656
-0.037109375000
0.027954101562
-0.014404296875
-0.040039062500
-0.030883789062
-0.043701171875
-0.000724792480
-0.056640625000
0.018676757812
0.158203125000
-0.009155273438
-0.177734375000
0.075683593750
0.060546875000
-0.078125000000
-0.092773437500
0.012023925781
-0.271484375000
0.205078125000
0.118164062500
-0.221679687500
-0.114257812500
0.003723144531
0.074218750000
0.083984375000
-0.061035156250
-0.077636718750
-0.147460937500
-0.004547119141
0.033447265625
-0.105957031250
0.020507812500
0.084960937500
-0.030761718750
0.034912109375
-0.021972656250
-0.095214843750
0.002258300781
-0.049560546875
0.203125000000
0.016601562500
-0.001586914062
0.083496093750
-0.092285156250
-0.072265625000
0.057617187500
-0.062500000000
0.095703125000
-0.021850585938
-0.083496093750
-0.152343750000
-0.111816406250
-0.137695312500
0.034667968750
-0.134765625000
-0.055664062500
-0.092285156250
-0.053955078125
0.038085937500
0.004577636719
0.007934570312
-0.104492187500
0.192382812500
0.040771484375
0.030761718750
0.090332031250
-0.070800781250
0.035156250000
0.100097656250
-0.087890625000
0.043457031250
0.036376953125
-0.004119873047
-0.094726562500
-0.063476562500
0.077636718750
-0.009582519531
-0.044677734375
-0.181640625000
-0.002578735352
0.121093750000
0.121093750000
-0.088378906250
0.091308593750
-0.144531250000
0.075683593750
0.033691406250
0.038085937500
0.093261718750
-0.114257812500
0.173828125000
0.030517578125
0.051757812500
0.194335937500
-0.106933593750
-0.067871093750
-0.036865234375
-0.094238281250
0.071777343750
-0.035644531250
0.081542968750
0.005340576172
-0.105468750000
0.077636718750
-0.022460937500
-0.070312500000
-0.032470703125
0.026245117188
0.069335937500
-0.094238281250
-0.097656250000
0.005096435547
-0.098144531250
0.021728515625
0.025878906250
-0.094726562500
0.135742187500
-0.038818359375
0.094238281250
-0.212890625000
0.043457031250
0.074707031250
0.118652343750
0.007415771484
0.020507812500
-0.153320312500
0.124511718750
-0.082519531250
0.025390625000
0.008239746094
0.005218505859
-0.047607421875
-0.123046875000
0.102539062500
0.090820312500
0.131835937500
-0.014404296875
0.083984375000
0.042968750000
-0.022216796875
0.051513671875
0.065429687500
0.025024414062
0.137695312500
-0.006011962891
0.158203125000
-0.129882812500
0.053955078125
-0.040527343750
-0.033935546875
-0.058593750000
0.134765625000
-0.156250000000
-0.005187988281
0.097656250000
0.065917968750
0.019775390625
-0.025634765625
0.018066406250
-0.071289062500
-0.095703125000
-0.036621093750
-0.072265625000
-0.166992187500
-0.156250000000
0.096679687500
-0.093750000000
-0.005523681641
0.043945312500
-0.015747070312
0.073242187500
0.027343750000
-0.084472656250
0.172851562500
0.030029296875
0.059814453125
0.001571655273
-0.018920898438
-0.058837890625
-0.022827148438
-0.019165039062
-0.110839843750
0.080078125000
-0.067871093750
0.101562500000
-0.273437500000
0.030151367188
-0.134765625000
-0.076660156250
0.113769531250
-0.029541015625
-0.083984375000
0.036376953125
-0.138671875000
0.004089355469
0.059082031250
0.027709960938
0.042480468750
0.028198242188
-0.063476562500
0.059082031250
-0.003494262695
-0.158203125000
0.019775390625
0.017089843750
0.122558593750
-0.095214843750
0.019653320312
-0.120117187500
-0.035156250000
-0.004302978516
0.123046875000
-0.085937500000
0.005645751953
-0.182617187500
-0.115722656250
-0.041503906250
0.009521484375
0.112304687500
0.002746582031
0.057373046875
-0.075683593750
-0.010253906250
0.036621093750
0.064453125000
-0.049316406250
0.054443359375
-0.055175781250
0.057128906250
-0.036376953125
-0.011962890625
0.089843750000
0.004028320312
-0.141601562500
-0.017089843750
0.028686523438
0.009826660156
0.115234375000
0.012023925781
-0.026977539062
-0.018432617188
-0.213867187500
-0.080566406250
0.039794921875
0.070800781250
0.138671875000
-0.006866455078
-0.021606445312
-0.042724609375
-0.012756347656
-0.107421875000
0.065429687500
-0.007995605469
-0.100585937500
0.022338867188
0.028564453125
0.023803710938
-0.004486083984
-0.000991821289
0.050292968750
0.009094238281
-0.062011718750
0.030883789062
-0.009948730469
-0.064941406250
0.000637054443
-0.051269531250
-0.012878417969
0.123046875000
-0.038085937500
0.102050781250
0.007385253906
-0.135742187500
0.118164062500
0.004425048828
0.034912109375
-0.021362304688
-0.023193359375
-0.141601562500
-0.026245117188
-0.041748046875
-0.011779785156
0.077636718750
-0.058349609375
0.035400390625
0.093261718750
0.012023925781
-0.037841796875
-0.066894531250
0.016723632812
0.052246093750
0.005371093750
-0.047119140625
0.032470703125
-0.027465820312
-0.016357421875
-0.041992187500
-0.094238281250
0.048095703125
-0.253906250000
0.089843750000
-0.031738281250
0.048095703125
-0.006164550781
-0.069335937500
0.018310546875
-0.083007812500
0.100585937500
0.080078125000
0.041992187500
-0.005187988281
-0.001472473145
-0.074218750000
-0.079589843750
-0.088867187500
0.109863281250
0.007690429688
0.000896453857
0.026000976562
-0.070800781250
-0.060058593750
-0.136718750000
-0.073730468750
-0.028198242188
0.119628906250
0.052246093750
-0.177734375000
-0.045898437500
-0.075195312500
-0.053955078125
-0.019165039062
-0.031494140625
0.005371093750
-0.087402343750
-0.057373046875
-0.094726562500
-0.031982421875
0.040039062500
-0.089843750000
-0.204101562500
0.070312500000
-0.109375000000
0.078125000000
-0.097167968750
0.034423828125
0.053222656250
0.044433593750
0.008972167969
0.152343750000
-0.109863281250
-0.014770507812
-0.062500000000
-0.005432128906
0.055175781250
0.056884765625
0.002670288086
0.029541015625
0.066406250000
-0.034179687500
-0.091796875000
0.011413574219
-0.066406250000
-0.168945312500
0.008056640625
0.076660156250
-0.184570312500
-0.134765625000
-0.198242187500
0.004394531250
-0.082519531250
0.079101562500
-0.047851562500
-0.079101562500
0.019897460938
-0.013061523438
-0.004211425781
-0.047851562500
-0.072265625000
0.123535156250
0.014099121094
0.078125000000
0.119628906250
0.006988525391
0.062500000000
-0.096191406250
-0.018798828125
-0.052734375000
-0.064941406250
0.112792968750
-0.074218750000
0.082519531250
-0.000360488892
0.050537109375
-0.060058593750
0.151367187500
0.024169921875
-0.052001953125
0.166992187500
-0.080078125000
0.062500000000
-0.007812500000
0.053955078125
0.098144531250
0.074707031250
0.034912109375
0.071289062500
0.022338867188
-0.106933593750
-0.089843750000
0.020141601562
0.055908203125
-0.039550781250
0.043701171875
-0.048095703125
0.002960205078
0.021850585938
-0.075195312500
0.026489257812
0.063476562500
-0.044433593750
0.022949218750
-0.039062500000
0.055908203125
0.002777099609
-0.010375976562
-0.091796875000
0.030761718750
0.054931640625
0.143554687500
0.013366699219
0.094726562500
0.171875000000
-0.040283203125
-0.013732910156
0.051025390625
-0.109863281250
-0.013488769531
0.014770507812
-0.127929687500
-0.101562500000
0.073730468750
-0.244140625000
0.082519531250
-0.057861328125
0.106933593750
0.083984375000
0.125976562500
-0.120117187500
-0.026977539062
-0.058105468750
0.095214843750
0.064453125000
0.076660156250
-0.017578125000
0.014099121094
-0.003326416016
0.052978515625
0.105957031250
-0.149414062500
-0.182617187500
-0.063476562500
0.116210937500
0.058593750000
0.007751464844
-0.113281250000
-0.014892578125
0.169921875000
0.007080078125
-0.028686523438
-0.110839843750
-0.120605468750
0.035888671875
-0.035400390625
0.121093750000
0.066406250000
-0.040527343750
0.015747070312
0.100097656250
-0.009399414062
-0.080566406250
-0.019531250000
0.038574218750
-0.023681640625
-0.039306640625
0.001052856445
0.015319824219
-0.051269531250
-0.104492187500
0.095703125000
-0.059326171875
-0.028198242188
0.079101562500
-0.051269531250
0.048828125000
0.019409179688
-0.032714843750
0.068359375000
0.018798828125
0.004547119141
-0.021362304688
0.088867187500
-0.063476562500
-0.097656250000
0.021240234375
0.016723632812
0.024658203125
-0.115722656250
-0.094238281250
-0.038574218750
-0.057861328125
-0.223632812500
-0.072265625000
-0.000102043152
-0.067382812500
0.015869140625
0.028076171875
0.053222656250
0.109375000000
-0.021972656250
0.111816406250
-0.129882812500
0.090332031250
-0.120117187500
-0.043457031250
-0.126953125000
-0.023315429688
0.092285156250
0.041259765625
-0.169921875000
-0.098144531250
-0.044921875000
0.083496093750
0.013854980469
-0.032958984375
0.060058593750
0.011962890625
-0.009399414062
-0.028320312500
0.043945312500
0.108398437500
-0.058349609375
-0.100097656250
-0.039794921875
0.191406250000
0.038574218750
-0.218750000000
0.183593750000
-0.068359375000
-0.109863281250
-0.069824218750
-0.084472656250
-0.033447265625
0.023315429688
-0.162109375000
-0.106445312500
-0.119628906250
-0.089843750000
-0.045410156250
0.037353515625
0.117675781250
-0.027343750000
-0.000514984131
-0.067871093750
-0.226562500000
0.114257812500
-0.102539062500
-0.166015625000
-0.000436782837
-0.170898437500
-0.062255859375
-0.076171875000
-0.168945312500
0.005462646484
0.052490234375
-0.006103515625
0.049072265625
0.129882812500
-0.021606445312
0.121582031250
-0.124023437500
-0.000957489014
-0.061523437500
0.052490234375
0.036621093750
-0.185546875000
-0.005859375000
-0.107910156250
-0.053466796875
-0.007720947266
0.108398437500
-0.126953125000
0.081054687500
0.002136230469
-0.138671875000
-0.098144531250
-0.057861328125
-0.004760742188
0.108398437500
0.138671875000
0.035156250000
-0.009643554688
0.041259765625
-0.006103515625
-0.051757812500
0.057373046875
-0.056396484375
0.098632812500
0.042968750000
0.006683349609
-0.055664062500
-0.047851562500
0.085937500000
0.018554687500
0.031494140625
0.080566406250
-0.096679687500
0.014709472656
-0.029785156250
-0.029541015625
-0.035156250000
0.060302734375
0.068847656250
-0.051513671875
-0.189453125000
-0.118652343750
0.039062500000
-0.079589843750
0.072265625000
-0.100097656250
0.010498046875
0.148437500000
-0.140625000000
0.141601562500
0.001686096191
-0.022094726562
0.040283203125
0.074218750000
0.092285156250
0.008239746094
-0.010070800781
0.032226562500
-0.021240234375
-0.052734375000
-0.028320312500
-0.067871093750
-0.104492187500
0.036132812500
0.220703125000
-0.025512695312
0.141601562500
-0.008605957031
-0.008300781250
-0.012390136719
0.104003906250
0.065429687500
0.003677368164
0.170898437500
0.013244628906
0.014038085938
-0.009582519531
0.114257812500
0.062255859375
-0.042724609375
-0.088867187500
0.001411437988
0.085937500000
-0.029052734375
-0.049316406250
0.062988281250
-0.168945312500
-0.142578125000
0.108398437500
0.053710937500
-0.088867187500
-0.093261718750
-0.149414062500
-0.068359375000
-0.170898437500
0.186523437500
0.160156250000
-0.056640625000
-0.148437500000
0.038330078125
0.005249023438
-0.088378906250
-0.094238281250
0.038085937500
-0.068359375000
-0.040039062500
-0.077636718750
-0.084960937500
-0.010681152344
0.076171875000
0.030395507812
0.081054687500
0.057617187500
-0.123046875000
-0.030395507812
-0.011535644531
-0.004852294922
0.091308593750
0.017822265625
0.045898437500
-0.106445312500
0.002960205078
-0.132812500000
-0.044189453125
-0.032958984375
0.090820312500
-0.056884765625
0.079101562500
0.005401611328
0.012573242188
-0.106445312500
-0.015869140625
-0.055664062500
0.035156250000
-0.035400390625
0.015869140625
0.075195312500
0.023803710938
0.098144531250
-0.054931640625
0.050781250000
-0.006622314453
0.030029296875
0.021362304688
-0.007019042969
-0.057861328125
-0.123046875000
-0.030395507812
-0.042724609375
-0.116210937500
-0.134765625000
-0.141601562500
-0.001380920410
0.059326171875
0.087890625000
0.040283203125
0.082031250000
-0.335937500000
0.088378906250
0.118652343750
-0.076171875000
0.147460937500
0.049804687500
-0.069824218750
0.036376953125
-0.131835937500
-0.093261718750
0.026367187500
0.029907226562
-0.087402343750
0.109375000000
0.061279296875
-0.073730468750
-0.234375000000
-0.145507812500
-0.129882812500
-0.061767578125
-0.131835937500
-0.137695312500
0.004302978516
0.057373046875
-0.018432617188
0.013732910156
0.075683593750
0.025634765625
-0.062500000000
0.156250000000
-0.127929687500
0.003616333008
0.069824218750
0.038574218750
-0.065429687500
0.038085937500
0.084960937500
-0.185546875000
0.037597656250
-0.064453125000
-0.120605468750
0.023071289062
-0.048339843750
-0.056396484375
0.005645751953
0.042236328125
-0.194335937500
0.030151367188
-0.081542968750
-0.117675781250
-0.013977050781
0.008789062500
0.046386718750
-0.063476562500
-0.012817382812
-0.135742187500
-0.051269531250
0.044921875000
0.191406250000
-0.132812500000
-0.040283203125
0.082519531250
-0.001472473145
-0.061035156250
0.052001953125
-0.023925781250
-0.296875000000
-0.217773437500
0.023925781250
0.040771484375
-0.062255859375
-0.122558593750
-0.244140625000
0.070312500000
-0.035888671875
0.090820312500
-0.051025390625
0.021606445312
0.137695312500
0.096679687500
-0.004333496094
0.120117187500
0.154296875000
0.094238281250
-0.101562500000
-0.043212890625
0.022705078125
0.047363281250
-0.049316406250
-0.037597656250
-0.180664062500
-0.017700195312
0.002426147461
0.046630859375
-0.082519531250
-0.024169921875
-0.070800781250
-0.162109375000
-0.177734375000
0.024780273438
0.032470703125
-0.085449218750
0.052490234375
0.050048828125
0.036376953125
0.066894531250
0.015502929688
0.141601562500
0.026611328125
0.022827148438
-0.021606445312
-0.067382812500
0.113769531250
0.071289062500
-0.154296875000
-0.047607421875
0.037841796875
-0.078125000000
0.188476562500
-0.036621093750
-0.030151367188
-0.013610839844
-0.221679687500
-0.010498046875
0.000486373901
0.078613281250
0.022094726562
-0.000617980957
0.123046875000
0.002426147461
0.055175781250
-0.176757812500
-0.040771484375
-0.015625000000
-0.030761718750
-0.140625000000
-0.008911132812
0.042480468750
0.176757812500
-0.014221191406
-0.056640625000
0.028686523438
-0.034912109375
-0.096191406250
-0.092285156250
0.069824218750
0.034179687500
0.062988281250
-0.027832031250
0.089843750000
-0.051025390625
0.051513671875
0.006408691406
0.037597656250
0.003402709961
-0.084960937500
0.072265625000
0.020263671875
0.053955078125
-0.063964843750
0.006530761719
0.097656250000
0.011657714844
-0.019775390625
-0.032958984375
0.007568359375
-0.059814453125
-0.151367187500
-0.035644531250
0.129882812500
0.176757812500
0.038818359375
0.043457031250
-0.017822265625
-0.059814453125
0.105957031250
-0.033935546875
0.132812500000
0.007324218750
-0.019042968750
-0.040283203125
-0.113281250000
-0.153320312500
-0.090332031250
-0.016723632812
0.108886718750
-0.038330078125
0.003677368164
0.036865234375
0.058349609375
-0.008728027344
-0.060058593750
0.068359375000
0.174804687500
-0.033691406250
0.040283203125
0.144531250000
0.160156250000
0.080078125000
0.070312500000
-0.016967773438
-0.002136230469
0.081542968750
-0.133789062500
0.032470703125
-0.065917968750
0.049560546875
0.021484375000
-0.099609375000
-0.001274108887
-0.025390625000
0.062988281250
0.016235351562
-0.017944335938
0.065429687500
-0.010192871094
-0.031982421875
0.077636718750
0.090820312500
0.026123046875
0.086914062500
-0.017089843750
0.039306640625
-0.028198242188
-0.011779785156
-0.109863281250
0.008850097656
-0.011169433594
0.075683593750
-0.041503906250
0.232421875000
-0.023071289062
-0.214843750000
0.004333496094
-0.113769531250
0.205078125000
-0.002929687500
-0.021606445312
0.012023925781
0.052734375000
0.059326171875
0.048583984375
-0.027465820312
-0.117675781250
0.083984375000
-0.109863281250
-0.103515625000
0.104980468750
0.078125000000
0.081054687500
-0.020141601562
0.048339843750
-0.096679687500
0.110839843750
0.132812500000
0.055908203125
0.002182006836
-0.045654296875
0.031738281250
-0.074218750000
-0.036132812500
0.030639648438
0.020996093750
0.023925781250
0.028442382812
-0.081542968750
0.035400390625
-0.067382812500
0.014648437500
0.098632812500
0.013061523438
-0.281250000000
0.018920898438
-0.065429687500
-0.171875000000
-0.042480468750
-0.021362304688
-0.085937500000
-0.065429687500
-0.020874023438
0.022094726562
0.004821777344
0.031494140625
0.010742187500
-0.269531250000
0.023193359375
0.015747070312
-0.181640625000
-0.064453125000
0.167968750000
0.094726562500
0.027465820312
-0.005004882812
-0.187500000000
-0.040771484375
-0.005798339844
0.143554687500
0.116699218750
0.062500000000
0.075683593750
0.053466796875
0.031494140625
-0.060546875000
-0.035400390625
0.029785156250
-0.034912109375
-0.027954101562
0.006835937500
0.073730468750
0.074218750000
-0.093750000000
0.124023437500
0.055175781250
0.049316406250
0.040039062500
0.120605468750
-0.029418945312
0.196289062500
-0.047607421875
0.072753906250
-0.132812500000
-0.109375000000
-0.084960937500
-0.187500000000
-0.072753906250
0.055664062500
0.095214843750
0.132812500000
-0.081542968750
0.044189453125
-0.173828125000
-0.052734375000
-0.043945312500
-0.074218750000
-0.145507812500
-0.091796875000
-0.021118164062
-0.054199218750
0.064453125000
-0.050292968750
0.016357421875
-0.038330078125
-0.047607421875
-0.051269531250
-0.132812500000
0.059082031250
-0.108398437500
0.064941406250
0.119140625000
0.100097656250
0.089355468750
0.051025390625
0.027832031250
0.033691406250
-0.030029296875
-0.235351562500
-0.036865234375
-0.075195312500
0.002502441406
0.163085937500
0.045410156250
0.076660156250
-0.061279296875
0.047851562500
0.087402343750
0.085937500000
0.019531250000
-0.045410156250
0.001029968262
0.061279296875
0.005096435547
0.140625000000
0.067382812500
0.031738281250
-0.040039062500
-0.056152343750
0.017333984375
-0.030151367188
-0.103515625000
-0.081054687500
0.088378906250
0.057128906250
0.041015625000
-0.107421875000
0.039794921875
0.115234375000
0.088378906250
-0.242187500000
-0.030883789062
0.025390625000
-0.040527343750
-0.090820312500
-0.048339843750
-0.091308593750
-0.092773437500
0.061767578125
-0.052490234375
0.034912109375
-0.186523437500
-0.222656250000
0.104003906250
-0.011535644531
-0.035888671875
0.032470703125
-0.018188476562
-0.134765625000
0.118164062500
-0.081054687500
0.016845703125
0.071289062500
-0.067382812500
0.042236328125
0.068847656250
0.121582031250
0.008300781250
-0.008178710938
-0.077636718750
0.000911712646
0.070800781250
-0.165039062500
0.028564453125
-0.048339843750
0.028930664062
-0.122070312500
0.046630859375
0.027587890625
-0.013610839844
0.005279541016
-0.039062500000
-0.020996093750
0.005310058594
-0.157226562500
0.031982421875
0.129882812500
-0.026977539062
-0.037841796875
-0.034912109375
0.030395507812
-0.044189453125
0.053710937500
-0.014465332031
0.008605957031
0.084960937500
-0.059570312500
0.053955078125
-0.071777343750
0.035888671875
-0.143554687500
-0.074218750000
0.061523437500
-0.067382812500
-0.029541015625
-0.067871093750
0.124023437500
-0.122558593750
0.141601562500
-0.045654296875
0.016967773438
0.007019042969
-0.072265625000
-0.068359375000
-0.016967773438
-0.022705078125
-0.134765625000
0.031982421875
-0.027343750000
0.121582031250
-0.101562500000
-0.061279296875
-0.129882812500
-0.145507812500
-0.035888671875
-0.036132812500
-0.048583984375
-0.138671875000
0.027221679688
-0.086425781250
-0.052001953125
-0.065917968750
0.177734375000
-0.089355468750
0.016723632812
-0.111816406250
0.012817382812
0.058837890625
-0.046630859375
0.121093750000
0.091796875000
0.087890625000
-0.025024414062
-0.128906250000
0.075683593750
0.018676757812
0.014221191406
0.160156250000
-0.096679687500
0.021728515625
0.197265625000
0.003906250000
0.016357421875
0.079589843750
-0.039306640625
0.026977539062
0.045166015625
0.059082031250
-0.140625000000
-0.249023437500
0.057373046875
-0.057128906250
-0.046386718750
0.125976562500
0.109375000000
0.113281250000
0.011169433594
0.108886718750
0.110839843750
-0.036132812500
0.127929687500
0.007873535156
-0.031005859375
-0.048583984375
-0.011230468750
-0.101074218750
-0.130859375000
-0.052490234375
-0.053222656250
0.004394531250
-0.022827148438
-0.002090454102
0.049072265625
0.116210937500
-0.007781982422
0.054199218750
0.055419921875
0.053466796875
0.019897460938
-0.052978515625
-0.202148437500
0.018188476562
0.099121093750
-0.019897460938
-0.061767578125
0.014465332031
-0.008972167969
0.230468750000
-0.098632812500
-0.126953125000
-0.019165039062
0.041503906250
0.065429687500
-0.036376953125
0.020019531250
0.043945312500
0.072265625000
-0.019165039062
-0.004089355469
0.010864257812
-0.016845703125
-0.141601562500
0.102050781250
0.026123046875
-0.015197753906
-0.029663085938
-0.058593750000
0.024047851562
-0.094726562500
-0.069335937500
-0.048095703125
-0.119628906250
-0.108398437500
0.057373046875
-0.055419921875
0.005187988281
0.015991210938
0.012817382812
-0.057617187500
-0.030029296875
-0.083984375000
0.049072265625
-0.159179687500
0.001037597656
-0.114257812500
-0.112792968750
0.030761718750
0.046875000000
-0.061523437500
-0.058593750000
0.022460937500
0.089843750000
0.025756835938
-0.071777343750
-0.024780273438
0.080566406250
-0.103515625000
-0.193359375000
0.024780273438
0.062255859375
0.050537109375
0.004669189453
0.068359375000
-0.071289062500
-0.135742187500
-0.064941406250
-0.009338378906
-0.016235351562
-0.011230468750
-0.034423828125
-0.072265625000
0.038574218750
0.039794921875
0.003219604492
-0.188476562500
-0.035644531250
-0.083496093750
-0.058837890625
0.111816406250
-0.043212890625
-0.020263671875
0.120117187500
-0.079101562500
-0.051513671875
-0.142578125000
0.187500000000
0.061767578125
0.001533508301
-0.048095703125
-0.056152343750
-0.066406250000
-0.041259765625
-0.029174804688
-0.094726562500
0.010620117188
0.007934570312
-0.108398437500
-0.028564453125
0.036132812500
0.177734375000
0.103027343750
-0.111328125000
-0.007324218750
-0.147460937500
0.035644531250
-0.175781250000
-0.015869140625
0.104003906250
0.083496093750
0.055175781250
0.049316406250
0.031250000000
0.048095703125
0.020751953125
-0.106933593750
0.028198242188
0.031494140625
0.032958984375
0.162109375000
-0.060546875000
0.267578125000
0.060058593750
-0.042236328125
-0.074707031250
0.055908203125
0.001113891602
0.125976562500
-0.073730468750
-0.004394531250
0.033447265625
-0.049316406250
0.066894531250
-0.098632812500
0.115234375000
0.026855468750
-0.096679687500
-0.070800781250
-0.012451171875
0.084472656250
-0.061767578125
0.042724609375
0.009216308594
0.010375976562
-0.158203125000
-0.013854980469
0.053710937500
0.003936767578
0.165039062500
-0.132812500000
0.041259765625
0.045410156250
-0.076660156250
0.050292968750
-0.070312500000
0.013244628906
-0.088378906250
-0.088378906250
-0.057128906250
0.065917968750
0.038330078125
0.032958984375
-0.122070312500
0.080078125000
0.051513671875
0.014282226562
-0.070800781250
-0.152343750000
-0.011657714844
-0.134765625000
0.082519531250
-0.125000000000
0.000724792480
0.192382812500
0.104492187500
0.137695312500
-0.057617187500
0.013671875000
0.009216308594
-0.061767578125
0.031127929688
0.046142578125
0.106933593750
0.064941406250
0.115234375000
-0.055175781250
0.042724609375
0.031250000000
0.047851562500
0.005584716797
0.074218750000
-0.060791015625
-0.063476562500
0.158203125000
-0.054199218750
-0.035644531250
-0.093261718750
-0.009887695312
-0.009338378906
-0.020629882812
-0.267578125000
0.047119140625
-0.054687500000
-0.040771484375
0.012023925781
0.014892578125
0.010498046875
-0.000129699707
-0.008972167969
0.064941406250
0.058593750000
-0.041503906250
-0.017578125000
0.007324218750
-0.054687500000
-0.045166015625
0.010314941406
-0.040771484375
0.032714843750
-0.075683593750
-0.074707031250
-0.018188476562
0.070800781250
0.017211914062
0.110351562500
0.125976562500
-0.016723632812
0.098144531250
-0.137695312500
0.025512695312
0.095703125000
0.067382812500
-0.166992187500
0.085937500000
0.032226562500
-0.175781250000
0.027832031250
-0.082519531250
0.098632812500
-0.011718750000
-0.174804687500
0.042724609375
-0.018554687500
0.019775390625
0.008422851562
0.065429687500
-0.051513671875
-0.096679687500
0.121093750000
0.018676757812
0.035156250000
-0.166015625000
0.080566406250
0.123046875000
0.051757812500
0.098632812500
-0.064453125000
-0.006683349609
-0.155273437500
0.056884765625
-0.073242187500
0.097167968750
0.086425781250
0.111328125000
0.031005859375
-0.054199218750
0.128906250000
0.022705078125
0.013427734375
0.003890991211
0.018066406250
-0.019287109375
-0.011718750000
-0.124023437500
0.058105468750
0.052978515625
0.032226562500
-0.027587890625
-0.042236328125
0.045898437500
-0.051025390625
0.102539062500
0.006011962891
-0.130859375000
-0.071289062500
-0.020263671875
-0.057373046875
0.041503906250
-0.121093750000
0.117675781250
-0.003509521484
-0.000263214111
0.086425781250
-0.071777343750
-0.275390625000
0.018432617188
-0.009216308594
-0.037597656250
-0.134765625000
-0.101562500000
-0.104492187500
-0.036132812500
0.117187500000
0.030151367188
0.038330078125
-0.090820312500
-0.070800781250
0.023071289062
0.052246093750
-0.041259765625
0.049804687500
-0.114257812500
-0.060302734375
0.011474609375
0.041748046875
-0.088867187500
-0.015197753906
0.037109375000
-0.083007812500
-0.098632812500
-0.001266479492
0.164062500000
-0.007446289062
0.040527343750
0.056884765625
-0.081542968750
0.083496093750
-0.101074218750
-0.102539062500
0.143554687500
0.003524780273
0.062255859375
-0.003219604492
-0.033691406250
-0.087890625000
-0.083496093750
0.086425781250
-0.023559570312
-0.019897460938
0.053222656250
-0.039550781250
-0.009216308594
-0.065917968750
0.104003906250
0.020385742188
0.098144531250
-0.035400390625
-0.081542968750
0.019409179688
0.019409179688
-0.123046875000
-0.041992187500
0.202148437500
-0.014404296875
-0.003967285156
0.008483886719
-0.231445312500
0.159179687500
-0.185546875000
0.061279296875
0.032470703125
-0.065917968750
-0.045410156250
0.000789642334
0.064453125000
0.051025390625
0.002059936523
-0.171875000000
-0.077148437500
0.016113281250
-0.008544921875
-0.179687500000
0.031494140625
-0.161132812500
0.116210937500
-0.209960937500
0.034912109375
0.173828125000
0.104980468750
0.194335937500
0.026733398438
0.041748046875
-0.158203125000
-0.100585937500
0.109375000000
-0.047119140625
-0.036132812500
-0.018798828125
0.117675781250
-0.057617187500
0.006958007812
0.127929687500
0.075683593750
-0.001258850098
-0.049560546875
0.078613281250
0.031982421875
-0.072265625000
-0.071289062500
-0.130859375000
-0.010986328125
0.057861328125
-0.115722656250
0.098632812500
0.044677734375
0.116210937500
-0.048828125000
0.079589843750
0.108398437500
0.032958984375
-0.098144531250
-0.078125000000
-0.026611328125
0.070312500000
-0.027221679688
0.079101562500
0.054199218750
-0.090820312500
0.110839843750
-0.038818359375
-0.034179687500
-0.046386718750
0.015197753906
-0.094238281250
0.076171875000
-0.132812500000
-0.208007812500
0.008300781250
0.090820312500
0.056396484375
-0.011413574219
0.045654296875
0.074707031250
-0.022094726562
0.008056640625
-0.090820312500
0.015441894531
0.036621093750
0.120605468750
-0.081054687500
0.013732910156
0.101074218750
0.081542968750
-0.081542968750
-0.127929687500
0.021484375000
0.015380859375
0.055419921875
0.083007812500
0.068847656250
-0.023437500000
-0.081542968750
0.005859375000
-0.139648437500
-0.106445312500
-0.050781250000
0.012512207031
-0.002197265625
-0.051513671875
-0.059326171875
0.030273437500
-0.032958984375
-0.114746093750
0.061767578125
-0.104492187500
0.074218750000
-0.092773437500
0.048828125000
-0.005035400391
-0.072265625000
-0.078125000000
-0.045654296875
0.071289062500
-0.148437500000
-0.018432617188
-0.045410156250
-0.147460937500
0.002975463867
0.074218750000
-0.181640625000
-0.013122558594
0.070800781250
-0.178710937500
0.018798828125
-0.041992187500
0.089843750000
-0.039794921875
-0.127929687500
-0.050781250000
0.128906250000
0.143554687500
-0.096679687500
0.053466796875
0.109375000000
-0.119140625000
-0.010559082031
-0.010131835938
-0.054931640625
-0.023071289062
-0.222656250000
0.024902343750
0.212890625000
0.001266479492
0.074707031250
0.027343750000
-0.146484375000
-0.126953125000
-0.154296875000
-0.008605957031
-0.006805419922
-0.113281250000
0.034912109375
-0.188476562500
-0.031127929688
0.067382812500
0.014953613281
0.050781250000
0.017211914062
0.073242187500
0.108398437500
0.017333984375
-0.208007812500
0.046630859375
-0.032470703125
-0.007537841797
-0.103027343750
0.091308593750
0.079101562500
0.172851562500
0.044921875000
0.108398437500
0.163085937500
0.014465332031
-0.139648437500
0.029907226562
-0.171875000000
-0.009521484375
-0.042724609375
-0.054931640625
-0.100585937500
-0.077636718750
0.054443359375
-0.072265625000
-0.125976562500
-0.011291503906
-0.107910156250
0.050292968750
-0.005981445312
0.144531250000
-0.062255859375
-0.152343750000
0.100585937500
0.105468750000
0.042968750000
-0.255859375000
0.094726562500
-0.078125000000
0.026733398438
0.067871093750
0.090332031250
-0.090332031250
-0.050781250000
-0.117675781250
-0.004791259766
-0.061523437500
0.099121093750
-0.072265625000
-0.047119140625
-0.008972167969
0.020385742188
-0.172851562500
-0.040283203125
0.014343261719
0.003784179688
-0.144531250000
-0.257812500000
0.050781250000
0.001441955566
-0.079101562500
0.125000000000
0.076171875000
-0.037597656250
0.200195312500
0.066894531250
-0.054443359375
-0.110839843750
-0.106933593750
0.098144531250
0.038574218750
-0.006439208984
0.042724609375
0.041015625000
0.014404296875
0.057861328125
-0.006072998047
-0.016601562500
-0.062988281250
0.017456054688
0.046142578125
-0.093750000000
0.117187500000
0.123046875000
-0.125976562500
-0.109375000000
-0.124023437500
0.013305664062
0.117675781250
-0.082519531250
-0.043212890625
-0.170898437500
0.007934570312
0.036132812500
0.067871093750
0.029541015625
0.086914062500
-0.045654296875
0.006896972656
0.056152343750
-0.128906250000
-0.047607421875
-0.056152343750
-0.029296875000
-0.062255859375
0.053955078125
-0.011962890625
0.058837890625
-0.000892639160
0.025634765625
-0.012939453125
-0.039062500000
-0.035888671875
0.027954101562
0.090820312500
0.012634277344
0.049560546875
0.017456054688
0.161132812500
0.156250000000
0.084960937500
-0.035888671875
0.091796875000
-0.071777343750
0.110839843750
0.033447265625
-0.025878906250
-0.063964843750
-0.101074218750
0.104980468750
-0.017578125000
0.063476562500
-0.086914062500
-0.063476562500
-0.004364013672
0.103515625000
0.013244628906
0.078613281250
-0.011474609375
-0.080078125000
0.001632690430
0.083007812500
-0.019287109375
0.038085937500
0.059570312500
0.033691406250
-0.085937500000
0.015380859375
0.055419921875
-0.026611328125
-0.047607421875
-0.059326171875
0.018798828125
-0.147460937500
0.014831542969
0.035644531250
0.000212669373
0.100585937500
-0.030395507812
0.031738281250
-0.041748046875
0.010009765625
0.191406250000
0.048339843750
-0.212890625000
0.047851562500
0.043212890625
-0.005004882812
0.021606445312
-0.046875000000
0.045898437500
-0.063964843750
0.098632812500
-0.007354736328
0.086914062500
-0.130859375000
0.154296875000
-0.024902343750
-0.087402343750
0.142578125000
-0.029541015625
0.007415771484
0.037353515625
0.082031250000
-0.017089843750
-0.058837890625
-0.064941406250
-0.061523437500
-0.146484375000
0.116699218750
0.176757812500
-0.014038085938
0.000740051270
-0.058837890625
-0.049560546875
0.053222656250
0.091308593750
0.043945312500
0.087402343750
-0.026977539062
-0.046142578125
-0.120117187500
0.004791259766
0.028076171875
-0.029174804688
-0.007934570312
0.053222656250
0.084960937500
0.026489257812
0.077148437500
-0.030273437500
-0.008789062500
-0.061523437500
0.006134033203
0.057128906250
0.072265625000
0.127929687500
0.027832031250
0.007141113281
-0.037597656250
0.050048828125
-0.125000000000
0.030517578125
0.038330078125
-0.014770507812
0.061523437500
-0.035644531250
0.099609375000
-0.061523437500
0.068847656250
-0.033935546875
-0.069335937500
0.149414062500
0.083007812500
0.099121093750
-0.042480468750
-0.068847656250
-0.096191406250
-0.013183593750
-0.068359375000
-0.071289062500
-0.064453125000
0.065917968750
0.040771484375
-0.045166015625
-0.046142578125
0.087402343750
0.020507812500
-0.092773437500
0.017578125000
-0.003082275391
-0.072265625000
0.078613281250
0.083496093750
-0.000770568848
0.065429687500
-0.061035156250
-0.065917968750
-0.012451171875
-0.107421875000
0.059326171875
0.063964843750
0.026489257812
0.024169921875
-0.003768920898
0.108886718750
-0.082519531250
-0.083496093750
-0.028198242188
0.019165039062
-0.055419921875
0.007293701172
-0.057373046875
0.028442382812
-0.073730468750
-0.203125000000
-0.065429687500
0.026489257812
-0.051513671875
0.016845703125
-0.006103515625
-0.030151367188
0.046630859375
-0.031982421875
0.031250000000
0.168945312500
0.075195312500
-0.215820312500
0.041503906250
0.024536132812
-0.021240234375
0.032714843750
-0.103027343750
0.164062500000
0.066406250000
-0.101562500000
-0.024658203125
0.049804687500
0.034912109375
0.000762939453
-0.068847656250
-0.025756835938
-0.034667968750
-0.032958984375
0.134765625000
0.137695312500
-0.044921875000
0.057373046875
-0.179687500000
0.095703125000
0.031494140625
-0.028198242188
-0.121093750000
0.097656250000
-0.058837890625
-0.093261718750
-0.019409179688
0.121093750000
0.005035400391
-0.039794921875
0.168945312500
-0.056396484375
0.057617187500
0.044921875000
-0.123046875000
-0.128906250000
-0.012329101562
0.035644531250
-0.104003906250
0.081542968750
-0.111816406250
-0.103515625000
-0.012817382812
-0.025756835938
0.008911132812
0.147460937500
0.091796875000
-0.193359375000
0.079589843750
-0.126953125000
0.030273437500
0.110351562500
-0.103515625000
-0.105957031250
-0.060302734375
-0.016479492188
0.078613281250
0.113769531250
0.097167968750
0.025146484375
-0.053710937500
0.015563964844
0.064941406250
-0.106933593750
-0.208007812500
-0.024902343750
-0.002136230469
0.084472656250
-0.064453125000
0.040527343750
0.042236328125
-0.121093750000
0.002166748047
-0.035400390625
-0.002029418945
0.111328125000
0.074218750000
-0.003997802734
0.034912109375
0.110839843750
-0.034912109375
-0.003936767578
0.042724609375
-0.070312500000
-0.156250000000
0.002075195312
0.189453125000
-0.032714843750
-0.141601562500
-0.013183593750
0.012023925781
0.094726562500
-0.082031250000
0.060546875000
0.158203125000
-0.017944335938
-0.022216796875
-0.049316406250
-0.138671875000
-0.068359375000
-0.014282226562
-0.182617187500
0.033203125000
0.062988281250
-0.062988281250
0.039306640625
0.039550781250
0.057128906250
-0.090332031250
-0.132812500000
0.052001953125
0.018310546875
0.078613281250
-0.040283203125
0.036621093750
-0.116699218750
-0.113281250000
0.011047363281
0.072265625000
0.052978515625
-0.099121093750
-0.038330078125
-0.161132812500
0.033935546875
-0.030761718750
0.049072265625
-0.025268554688
-0.027954101562
-0.023193359375
-0.042724609375
0.097167968750
-0.059570312500
0.040039062500
-0.105957031250
-0.050537109375
0.072753906250
0.011169433594
-0.045410156250
0.054687500000
0.095214843750
0.027832031250
-0.149414062500
-0.031982421875
0.005310058594
0.085937500000
0.102539062500
-0.086425781250
-0.002487182617
-0.064453125000
-0.153320312500
0.001312255859
-0.007995605469
-0.061035156250
0.086425781250
0.055175781250
0.065429687500
-0.069335937500
0.009704589844
-0.197265625000
-0.034667968750
0.028442382812
-0.203125000000
0.025634765625
0.074707031250
0.071289062500
-0.041992187500
-0.101562500000
0.125976562500
-0.108886718750
-0.101562500000
0.038818359375
-0.034667968750
-0.078613281250
-0.084472656250
-0.020385742188
0.008300781250
0.058105468750
0.062988281250
-0.062988281250
-0.008483886719
-0.034179687500
-0.026123046875
0.084472656250
-0.178710937500
-0.137695312500
0.029052734375
-0.171875000000
-0.076660156250
0.101074218750
0.031005859375
-0.053222656250
0.071777343750
-0.030883789062
-0.103515625000
0.119628906250
-0.096679687500
0.054931640625
-0.120117187500
-0.036865234375
-0.098632812500
0.054199218750
-0.199218750000
0.052001953125
-0.053710937500
-0.074707031250
-0.095214843750
-0.006622314453
0.023559570312
-0.009948730469
0.218750000000
0.009460449219
0.095703125000
0.133789062500
0.034667968750
0.090820312500
0.005310058594
0.054199218750
-0.104492187500
0.040771484375
0.001083374023
-0.031005859375
-0.002838134766
0.046386718750
-0.060302734375
0.003799438477
-0.022705078125
0.023315429688
0.102539062500
0.014465332031
-0.127929687500
-0.098632812500
0.062255859375
-0.079101562500
0.020507812500
0.042236328125
0.087890625000
-0.066894531250
0.149414062500
0.098632812500
0.001556396484
-0.219726562500
-0.099121093750
-0.001129150391
0.031494140625
-0.195312500000
0.000633239746
0.110351562500
0.013305664062
0.151367187500
0.125976562500
0.113769531250
-0.087890625000
0.166992187500
-0.281250000000
0.122070312500
-0.031005859375
-0.100097656250
-0.012756347656
-0.037597656250
-0.101074218750
-0.020019531250
-0.089355468750
-0.169921875000
0.016601562500
0.064453125000
0.083007812500
0.071777343750
0.018310546875
0.022705078125
-0.082031250000
-0.104003906250
0.052734375000
0.003097534180
-0.008422851562
0.126953125000
0.026611328125
0.031494140625
-0.049804687500
-0.003753662109
-0.070800781250
-0.069335937500
0.027587890625
-0.035644531250
-0.112304687500
-0.079589843750
0.054199218750
0.045654296875
0.112792968750
0.071289062500
-0.003646850586
-0.000740051270
0.033935546875
0.049804687500
0.003555297852
-0.119140625000
0.116210937500
0.038818359375
-0.003707885742
-0.032470703125
0.136718750000
-0.011291503906
0.097656250000
0.057128906250
-0.001945495605
-0.090332031250
-0.000486373901
0.056884765625
-0.028198242188
-0.003295898438
0.212890625000
-0.107421875000
0.056152343750
-0.010559082031
0.000843048096
-0.111328125000
-0.096679687500
0.121582031250
-0.130859375000
-0.073242187500
-0.087890625000
-0.025634765625
-0.013061523438
0.069824218750
-0.041015625000
-0.008056640625
-0.017822265625
-0.140625000000
0.028930664062
-0.206054687500
0.085937500000
0.118164062500
0.083007812500
0.010681152344
-0.041015625000
0.088867187500
-0.197265625000
-0.085937500000
0.020385742188
-0.069335937500
-0.046142578125
0.111328125000
0.181640625000
-0.008605957031
-0.045898437500
-0.046875000000
-0.004333496094
-0.190429687500
-0.141601562500
-0.070800781250
0.063964843750
-0.040283203125
0.072753906250
0.147460937500
-0.125000000000
0.063476562500
-0.123535156250
-0.014831542969
0.046875000000
-0.016235351562
-0.005676269531
-0.057128906250
-0.070312500000
0.034912109375
-0.079589843750
-0.098144531250
-0.012207031250
-0.028198242188
-0.016479492188
-0.064453125000
0.002487182617
-0.113769531250
0.085937500000
-0.107421875000
0.001480102539
-0.150390625000
0.091308593750
-0.046142578125
0.140625000000
0.005767822266
-0.142578125000
0.112792968750
-0.042480468750
-0.069824218750
-0.113281250000
-0.063476562500
0.058593750000
-0.047607421875
0.121582031250
-0.039794921875
0.020874023438
-0.062500000000
0.091308593750
0.069824218750
0.056152343750
0.018066406250
-0.044921875000
0.082519531250
-0.139648437500
-0.063476562500
-0.040527343750
0.061523437500
0.056640625000
-0.021484375000
-0.074218750000
0.038574218750
0.067382812500
-0.096191406250
-0.062011718750
-0.108398437500
-0.046630859375
-0.139648437500
0.011657714844
-0.028076171875
-0.065917968750
-0.016723632812
-0.070312500000
-0.101074218750
-0.047607421875
-0.049316406250
0.120605468750
-0.006988525391
-0.002731323242
0.064453125000
0.021484375000
0.061767578125
-0.000823974609
0.069335937500
-0.130859375000
-0.024414062500
0.100097656250
-0.072265625000
0.088867187500
0.022827148438
0.020996093750
-0.001884460449
0.066894531250
0.030761718750
-0.017700195312
-0.017578125000
0.051513671875
0.008361816406
-0.124023437500
-0.111328125000
0.220703125000
-0.032470703125
0.056152343750
0.008911132812
-0.019409179688
0.024414062500
0.019409179688
-0.104980468750
-0.127929687500
0.002944946289
-0.081542968750
-0.261718750000
-0.001136779785
-0.030395507812
0.073730468750
-0.033447265625
0.003326416016
-0.004089355469
-0.142578125000
0.033203125000
-0.012023925781
0.205078125000
0.036621093750
0.116210937500
0.116699218750
-0.014038085938
0.090332031250
-0.054443359375
-0.022460937500
0.008911132812
0.159179687500
0.186523437500
-0.073242187500
0.014831542969
0.090820312500
-0.104003906250
0.009033203125
0.093750000000
0.026123046875
0.011962890625
-0.081542968750
0.045166015625
-0.041992187500
-0.146484375000
-0.072753906250
0.018066406250
-0.113281250000
-0.065917968750
0.043945312500
0.047607421875
-0.029418945312
-0.066406250000
-0.063476562500
-0.026733398438
-0.041503906250
0.238281250000
0.136718750000
-0.040771484375
0.134765625000
-0.043701171875
-0.053466796875
-0.096191406250
0.038330078125
0.020019531250
-0.002410888672
0.007873535156
0.211914062500
0.054443359375
0.041503906250
0.049072265625
-0.084960937500
-0.083007812500
-0.255859375000
-0.026489257812
-0.009826660156
-0.114257812500
0.036132812500
-0.092773437500
0.053710937500
0.036865234375
-0.154296875000
-0.023437500000
0.007598876953
-0.042968750000
-0.146484375000
-0.017211914062
0.066894531250
0.057373046875
0.021240234375
-0.036376953125
-0.071777343750
-0.164062500000
-0.009582519531
-0.004211425781
0.030029296875
0.033935546875
-0.096679687500
0.062988281250
-0.023559570312
-0.069824218750
-0.113281250000
-0.020629882812
-0.014831542969
-0.075195312500
-0.185546875000
-0.071777343750
-0.028076171875
0.080566406250
-0.016601562500
-0.061523437500
0.104980468750
-0.015441894531
0.001853942871
-0.020629882812
0.141601562500
-0.112792968750
0.100097656250
-0.080078125000
-0.179687500000
-0.167968750000
-0.051513671875
-0.075683593750
0.101074218750
0.053955078125
-0.050048828125
-0.006866455078
0.001251220703
0.064941406250
-0.027221679688
-0.050048828125
-0.083007812500
0.021240234375
0.128906250000
0.022705078125
0.019531250000
0.125000000000
-0.158203125000
0.049316406250
-0.106933593750
-0.089843750000
-0.091308593750
-0.094238281250
0.096679687500
-0.030273437500
0.165039062500
-0.028320312500
-0.232421875000
0.212890625000
0.067382812500
-0.076660156250
0.129882812500
0.057617187500
-0.007873535156
-0.047607421875
0.162109375000
-0.133789062500
-0.126953125000
0.005889892578
-0.152343750000
-0.039794921875
-0.029174804688
-0.051757812500
-0.173828125000
-0.114257812500
-0.025512695312
0.122070312500
0.025024414062
0.041015625000
-0.060546875000
-0.039306640625
-0.000694274902
0.036621093750
0.066894531250
0.062988281250
0.014892578125
0.074707031250
0.107421875000
0.008056640625
-0.058349609375
0.024047851562
-0.032958984375
-0.177734375000
-0.140625000000
-0.037109375000
-0.120117187500
-0.024536132812
0.080566406250
0.030273437500
0.009399414062
-0.007781982422
-0.036132812500
0.003784179688
0.028808593750
0.185546875000
-0.156250000000
-0.052490234375
0.004638671875
0.037597656250
0.058593750000
-0.014099121094
0.018920898438
-0.046630859375
0.068359375000
-0.098144531250
0.039306640625
-0.103027343750
-0.112304687500
-0.207031250000
-0.128906250000
0.166992187500
0.007415771484
0.030517578125
-0.068359375000
0.142578125000
0.003204345703
-0.028198242188
-0.029418945312
-0.105957031250
-0.138671875000
0.079589843750
-0.047607421875
-0.149414062500
-0.049316406250
0.013488769531
0.052490234375
0.000705718994
-0.095214843750
0.206054687500
0.057373046875
0.003036499023
0.089355468750
-0.041503906250
0.046142578125
-0.017822265625
0.001312255859
-0.091796875000
0.015747070312
0.027709960938
-0.064941406250
-0.014831542969
0.066894531250
-0.076171875000
-0.090332031250
-0.013732910156
-0.093261718750
0.006927490234
0.061035156250
-0.152343750000
-0.008544921875
-0.075683593750
-0.055664062500
0.118652343750
-0.020874023438
-0.018432617188
0.015014648438
-0.024902343750
-0.053466796875
0.084472656250
0.032226562500
0.085449218750
-0.020385742188
0.097167968750
-0.049804687500
0.187500000000
0.005096435547
0.041992187500
0.047363281250
0.012023925781
-0.077636718750
0.003784179688
-0.052734375000
0.019287109375
-0.029296875000
-0.112792968750
-0.124023437500
0.089355468750
-0.152343750000
0.011535644531
-0.009094238281
0.049072265625
-0.033203125000
-0.036132812500
-0.043212890625
-0.080078125000
-0.028930664062
-0.017944335938
0.012451171875
0.136718750000
-0.062988281250
0.071777343750
0.166015625000
-0.063476562500
0.000606536865
-0.135742187500
-0.003646850586
-0.007720947266
0.005004882812
0.066894531250
0.053466796875
-0.233398437500
0.027587890625
0.126953125000
-0.096191406250
-0.015563964844
-0.019165039062
0.211914062500
-0.042480468750
-0.141601562500
0.124023437500
0.025024414062
0.105468750000
-0.035156250000
0.000625610352
-0.009887695312
-0.028076171875
0.136718750000
-0.022094726562
0.005187988281
0.096191406250
-0.002899169922
-0.150390625000
0.043457031250
0.143554687500
0.012512207031
-0.006500244141
0.004302978516
-0.063964843750
-0.097656250000
-0.075195312500
0.053222656250
-0.107910156250
-0.134765625000
0.061523437500
-0.104003906250
-0.070312500000
-0.062500000000
0.234375000000
-0.062500000000
0.151367187500
0.025878906250
0.012390136719
0.099121093750
0.042724609375
-0.038085937500
0.083007812500
-0.115234375000
-0.150390625000
-0.007720947266
0.133789062500
-0.114746093750
-0.070800781250
-0.077148437500
-0.026245117188
0.024658203125
-0.131835937500
-0.110351562500
-0.063964843750
-0.079589843750
0.081542968750
-0.030395507812
-0.057617187500
0.052246093750
-0.107910156250
0.104492187500
0.042236328125
-0.063476562500
-0.020019531250
-0.062988281250
0.036376953125
-0.034667968750
-0.053222656250
0.122558593750
-0.004852294922
-0.116210937500
-0.019042968750
0.076171875000
0.206054687500
0.020751953125
0.065429687500
0.032958984375
-0.038085937500
0.013671875000
0.064453125000
0.151367187500
-0.063476562500
0.068359375000
-0.061035156250
-0.071289062500
0.024169921875
0.043701171875
-0.051757812500
0.123535156250
-0.124511718750
-0.015441894531
-0.030517578125
0.141601562500
-0.090820312500
-0.102050781250
0.054443359375
-0.031250000000
0.083007812500
-0.024536132812
0.159179687500
-0.019653320312
-0.125976562500
0.016723632812
-0.093261718750
-0.090332031250
-0.050048828125
-0.111816406250
0.101562500000
-0.029907226562
-0.143554687500
-0.110351562500
-0.043701171875
0.006652832031
0.012390136719
0.014831542969
-0.008422851562
0.191406250000
0.200195312500
-0.141601562500
0.016479492188
-0.133789062500
-0.138671875000
0.034179687500
0.036865234375
0.012329101562
-0.098632812500
-0.269531250000
-0.036132812500
-0.006011962891
-0.158203125000
0.082519531250
0.110839843750
-0.020141601562
0.034667968750
0.078613281250
-0.099121093750
0.107910156250
0.020141601562
0.149414062500
0.072265625000
0.039550781250
-0.079589843750
0.093750000000
-0.042968750000
-0.028198242188
-0.062255859375
0.118652343750
-0.006774902344
0.033935546875
-0.058105468750
0.152343750000
0.042968750000
-0.075195312500
-0.010009765625
0.089355468750
-0.045166015625
-0.036132812500
0.021972656250
-0.078613281250
0.031982421875
0.091308593750
0.049560546875
0.023925781250
-0.059814453125
0.033203125000
0.081054687500
-0.055175781250
-0.091308593750
0.112304687500
-0.105957031250
-0.064453125000
0.052246093750
0.000816345215
-0.076660156250
-0.080078125000
0.053955078125
-0.222656250000
0.178710937500
0.097656250000
-0.238281250000
0.000448226929
0.081054687500
-0.087402343750
0.016967773438
0.008789062500
-0.023437500000
0.095703125000
0.163085937500
-0.042480468750
-0.010498046875
-0.109863281250
-0.053955078125
0.019165039062
-0.111816406250
0.022827148438
0.043945312500
0.019409179688
-0.012634277344
-0.064941406250
0.032470703125
-0.031738281250
0.100097656250
-0.008361816406
0.063964843750
0.000755310059
0.078613281250
-0.144531250000
0.213867187500
-0.164062500000
-0.012878417969
-0.098144531250
-0.145507812500
-0.063964843750
0.020019531250
0.014526367188
-0.137695312500
0.058837890625
0.006652832031
-0.058593750000
-0.024047851562
-0.096191406250
0.047607421875
-0.060302734375
-0.159179687500
0.099121093750
0.057373046875
-0.002212524414
-0.060058593750
0.041503906250
-0.112304687500
0.055664062500
0.040283203125
0.078125000000
0.000214576721
-0.145507812500
0.187500000000
-0.015380859375
-0.076660156250
-0.017578125000
0.053222656250
0.045166015625
-0.029174804688
-0.094726562500
0.034423828125
0.021118164062
-0.023559570312
-0.082519531250
-0.035156250000
-0.195312500000
0.067871093750
0.018310546875
-0.098144531250
-0.114746093750
-0.067871093750
-0.133789062500
-0.062255859375
-0.038818359375
0.130859375000
-0.003051757812
0.052490234375
-0.041015625000
-0.047851562500
-0.130859375000
0.105468750000
0.091308593750
0.096191406250
0.064941406250
0.062500000000
0.046875000000
-0.094726562500
-0.005432128906
-0.022094726562
0.018920898438
0.020141601562
-0.116210937500
-0.074218750000
0.062500000000
0.113769531250
-0.051757812500
-0.083007812500
0.081054687500
0.160156250000
-0.006011962891
-0.016601562500
-0.075195312500
0.016235351562
0.108886718750
0.004547119141
-0.062988281250
-0.030273437500
-0.160156250000
0.019531250000
0.047851562500
-0.058349609375
0.069824218750
-0.000295639038
-0.167968750000
-0.084960937500
0.126953125000
-0.065429687500
0.059082031250
-0.042236328125
0.086914062500
0.042236328125
-0.043945312500
-0.133789062500
0.153320312500
-0.060791015625
-0.066894531250
0.005126953125
-0.008789062500
-0.085449218750
-0.025024414062
-0.098632812500
-0.130859375000
-0.027709960938
-0.001167297363
0.116699218750
0.000415802002
0.027954101562
-0.075195312500
0.149414062500
0.237304687500
-0.098144531250
-0.190429687500
-0.085449218750
0.058349609375
0.076171875000
-0.076171875000
-0.030883789062
0.045898437500
0.069335937500
-0.273437500000
0.022216796875
-0.066406250000
-0.041748046875
0.013183593750
-0.001693725586
-0.045654296875
0.171875000000
-0.041748046875
0.105957031250
-0.018432617188
0.042480468750
-0.062011718750
0.029663085938
0.007385253906
0.000448226929
-0.128906250000
0.050781250000
-0.173828125000
0.059570312500
-0.000713348389
0.117675781250
-0.037841796875
0.021972656250
0.080566406250
-0.135742187500
-0.012329101562
0.028320312500
-0.101074218750
0.046875000000
0.105957031250
0.161132812500
0.085449218750
0.025146484375
0.018676757812
0.025146484375
-0.093750000000
-0.038818359375
0.019287109375
-0.083496093750
0.086425781250
-0.025878906250
0.034179687500
-0.106933593750
-0.101562500000
-0.038818359375
-0.051757812500
-0.096191406250
0.105957031250
-0.040771484375
0.137695312500
-0.002166748047
-0.082519531250
0.033691406250
0.075683593750
-0.025634765625
0.083496093750
-0.091796875000
0.052734375000
-0.026733398438
0.035156250000
0.027099609375
-0.039550781250
-0.077636718750
-0.064453125000
0.096191406250
-0.005157470703
-0.022705078125
-0.104492187500
-0.054687500000
0.073242187500
0.030029296875
-0.093261718750
-0.135742187500
0.070312500000
0.034423828125
0.010131835938
-0.062988281250
-0.053466796875
0.190429687500
0.015563964844
-0.017578125000
-0.039062500000
-0.026733398438
-0.048828125000
-0.009033203125
-0.048339843750
0.033691406250
-0.044433593750
0.182617187500
0.071289062500
0.044677734375
0.021606445312
-0.081542968750
-0.151367187500
0.070800781250
0.053466796875
-0.027954101562
0.029418945312
-0.007873535156
-0.084960937500
0.041992187500
-0.045166015625
0.052001953125
0.053955078125
-0.181640625000
-0.002868652344
0.085449218750
-0.091308593750
-0.088867187500
-0.076660156250
0.035888671875
0.029785156250
0.127929687500
-0.027099609375
-0.051269531250
-0.012573242188
0.091796875000
0.019653320312
0.009643554688
-0.044921875000
0.035156250000
-0.090332031250
-0.010009765625
0.041992187500
-0.047607421875
0.084472656250
0.007629394531
-0.044189453125
0.023559570312
-0.036132812500
0.038085937500
0.208984375000
0.170898437500
0.062988281250
0.048095703125
-0.031250000000
0.076171875000
-0.150390625000
-0.029052734375
-0.191406250000
-0.042724609375
-0.104980468750
0.079101562500
0.089355468750
0.036376953125
-0.034667968750
0.048339843750
0.059570312500
-0.122558593750
0.013244628906
-0.170898437500
0.012145996094
0.363281250000
0.032958984375
0.103027343750
-0.052734375000
0.032470703125
0.079101562500
-0.055175781250
0.021362304688
-0.143554687500
0.130859375000
-0.017944335938
-0.056152343750
-0.134765625000
-0.220703125000
0.025024414062
0.145507812500
-0.006988525391
-0.047363281250
-0.099609375000
0.037353515625
-0.078125000000
-0.119140625000
0.004272460938
0.034179687500
-0.030883789062
0.057617187500
-0.198242187500
0.049072265625
-0.125976562500
0.057861328125
-0.054443359375
0.010253906250
0.068359375000
0.023193359375
0.120117187500
-0.117675781250
-0.165039062500
-0.021362304688
-0.011901855469
0.093750000000
0.025024414062
0.038574218750
0.125976562500
0.078613281250
0.043945312500
-0.180664062500
-0.200195312500
-0.184570312500
-0.031982421875
-0.000171661377
-0.023071289062
-0.001182556152
-0.117187500000
-0.095703125000
-0.063964843750
0.025756835938
0.031250000000
-0.105468750000
-0.083496093750
0.001632690430
0.058593750000
0.027832031250
0.001617431641
0.163085937500
-0.151367187500
0.132812500000
-0.020996093750
0.117187500000
-0.007019042969
0.100585937500
0.099121093750
-0.115234375000
0.165039062500
-0.053466796875
0.116210937500
-0.072753906250
-0.071777343750
0.043457031250
0.104003906250
0.088867187500
-0.007476806641
0.086914062500
-0.014282226562
-0.016479492188
-0.018188476562
0.056884765625
-0.169921875000
0.025146484375
0.034423828125
-0.013366699219
-0.041748046875
0.080566406250
-0.075683593750
0.139648437500
-0.013305664062
0.045410156250
0.030273437500
0.007934570312
-0.137695312500
0.112304687500
0.015136718750
-0.075195312500
-0.008178710938
-0.144531250000
-0.066406250000
0.078125000000
0.032226562500
0.132812500000
0.091308593750
0.103027343750
0.083496093750
0.068359375000
0.081542968750
0.014770507812
0.128906250000
-0.042236328125
-0.008239746094
0.149414062500
-0.008239746094
-0.034667968750
0.007720947266
-0.046142578125
0.051269531250
0.029785156250
-0.051513671875
-0.035156250000
0.005859375000
-0.012756347656
0.156250000000
-0.013854980469
-0.139648437500
-0.005859375000
0.041259765625
-0.040283203125
-0.178710937500
0.087890625000
-0.063476562500
-0.034912109375
0.014160156250
-0.050781250000
0.003067016602
0.113281250000
0.089843750000
-0.024658203125
0.030029296875
0.001884460449
-0.055419921875
-0.006469726562
-0.034912109375
-0.105957031250
0.011779785156
0.000961303711
-0.100585937500
0.102539062500
-0.020507812500
0.002212524414
0.176757812500
-0.095703125000
0.110839843750
0.095214843750
-0.027099609375
-0.132812500000
0.099121093750
0.144531250000
0.047119140625
0.044189453125
0.038085937500
0.012145996094
-0.004669189453
-0.067871093750
0.143554687500
-0.003768920898
-0.121093750000
0.074218750000
-0.011718750000
0.011352539062
-0.009399414062
0.073242187500
-0.026977539062
0.069335937500
0.007232666016
0.079589843750
0.050048828125
-0.032226562500
-0.012329101562
0.072265625000
-0.064453125000
-0.125000000000
0.006896972656
-0.032470703125
0.106445312500
0.077636718750
0.058593750000
-0.128906250000
0.043945312500
0.018432617188
-0.099121093750
0.068359375000
-0.170898437500
-0.140625000000
-0.014892578125
0.037353515625
0.110839843750
0.124023437500
0.120117187500
0.090332031250
-0.064941406250
-0.020874023438
0.107910156250
0.006134033203
0.037841796875
0.028686523438
0.026000976562
-0.008239746094
-0.018920898438
0.009460449219
-0.117187500000
-0.116210937500
0.028442382812
0.046386718750
-0.064453125000
-0.019897460938
0.143554687500
-0.024047851562
-0.038330078125
0.111328125000
0.037841796875
-0.031982421875
-0.031738281250
-0.042480468750
-0.095703125000
0.042480468750
-0.115234375000
-0.002395629883
0.051513671875
0.022583007812
0.008178710938
-0.084960937500
0.076171875000
0.153320312500
0.033691406250
-0.057128906250
0.102050781250
0.056396484375
-0.111328125000
-0.035156250000
0.074218750000
0.118164062500
-0.025512695312
-0.081542968750
0.153320312500
0.033935546875
-0.017700195312
0.038330078125
0.051757812500
0.055419921875
0.056152343750
-0.055908203125
-0.014770507812
0.018676757812
-0.094726562500
0.018920898438
-0.163085937500
0.032226562500
0.047119140625
-0.039794921875
-0.050292968750
-0.064453125000
-0.018432617188
-0.047851562500
-0.109863281250
0.015991210938
0.066406250000
-0.170898437500
0.076171875000
0.174804687500
0.027343750000
-0.040039062500
0.009033203125
-0.014831542969
0.094238281250
0.093750000000
0.143554687500
0.025756835938
-0.068847656250
0.113769531250
0.019409179688
-0.149414062500
-0.139648437500
0.018920898438
0.028564453125
-0.032470703125
0.031982421875
-0.014831542969
0.204101562500
0.039794921875
-0.010498046875
-0.035156250000
0.019409179688
0.130859375000
0.097656250000
0.135742187500
0.157226562500
-0.027954101562
0.043945312500
0.004730224609
0.161132812500
0.044189453125
0.002044677734
-0.049804687500
0.040039062500
0.230468750000
-0.040039062500
0.083007812500
-0.041015625000
-0.243164062500
0.015869140625
-0.070800781250
-0.060058593750
0.081542968750
-0.015991210938
-0.044433593750
-0.037353515625
-0.098632812500
0.068359375000
0.123535156250
-0.026977539062
-0.172851562500
-0.010742187500
-0.090820312500
-0.009155273438
0.031738281250
-0.039306640625
-0.075683593750
0.040771484375
0.041259765625
0.041992187500
0.126953125000
0.079101562500
-0.041992187500
-0.110351562500
0.058837890625
-0.081542968750
0.070800781250
-0.083984375000
0.003356933594
-0.021606445312
0.044433593750
0.023071289062
0.023193359375
0.085937500000
-0.073730468750
0.136718750000
-0.008789062500
-0.005737304688
0.012207031250
0.111816406250
0.185546875000
-0.072265625000
0.012329101562
0.032226562500
0.086914062500
-0.083984375000
-0.094726562500
-0.069824218750
-0.166992187500
-0.094726562500
-0.121093750000
0.018798828125
-0.155273437500
0.019897460938
0.032714843750
-0.067871093750
-0.063476562500
-0.038574218750
0.026123046875
-0.106933593750
0.037109375000
0.100585937500
-0.051513671875
-0.147460937500
-0.021484375000
0.090820312500
-0.026611328125
-0.101562500000
0.069335937500
0.022216796875
0.033447265625
-0.217773437500
0.090820312500
-0.140625000000
0.039794921875
0.029663085938
-0.127929687500
-0.218750000000
0.009887695312
-0.042480468750
0.036132812500
0.069824218750
-0.016723632812
-0.167968750000
-0.192382812500
0.010070800781
-0.139648437500
0.110839843750
0.012817382812
-0.006439208984
-0.164062500000
0.027587890625
-0.074707031250
-0.028320312500
-0.092773437500
-0.090332031250
-0.025146484375
0.176757812500
-0.067382812500
0.049316406250
0.046875000000
-0.074218750000
0.144531250000
-0.197265625000
0.010620117188
-0.097167968750
-0.031127929688
0.054443359375
-0.105468750000
-0.025390625000
0.147460937500
0.127929687500
-0.257812500000
0.080078125000
-0.029174804688
-0.031738281250
-0.098632812500
0.010070800781
-0.174804687500
0.045898437500
-0.064453125000
-0.036132812500
0.120605468750
0.129882812500
0.044921875000
-0.028442382812
-0.141601562500
0.069824218750
0.054931640625
0.011657714844
-0.065917968750
0.091308593750
0.058593750000
-0.081054687500
0.082031250000
0.008300781250
-0.086914062500
-0.176757812500
0.053222656250
-0.107421875000
-0.038085937500
-0.068359375000
-0.023193359375
-0.062255859375
-0.017089843750
-0.085937500000
-0.074707031250
0.009033203125
0.040283203125
0.055175781250
-0.132812500000
-0.041259765625
0.022949218750
-0.064941406250
-0.026855468750
-0.127929687500
-0.076171875000
-0.034423828125
-0.031494140625
-0.105468750000
-0.017211914062
0.006744384766
-0.182617187500
-0.038330078125
0.206054687500
-0.094238281250
0.023681640625
0.069824218750
-0.120605468750
0.045898437500
-0.005798339844
0.053955078125
-0.005401611328
-0.152343750000
-0.182617187500
-0.074707031250
0.007232666016
-0.026000976562
0.112792968750
-0.133789062500
0.008483886719
-0.052978515625
0.205078125000
-0.014038085938
0.017333984375
-0.051025390625
0.187500000000
-0.135742187500
-0.045898437500
0.050537109375
-0.008972167969
0.050048828125
0.057373046875
-0.025146484375
0.066406250000
-0.090332031250
0.110839843750
0.000999450684
0.011596679688
-0.030395507812
0.002120971680
0.039550781250
-0.098144531250
0.033203125000
-0.029174804688
-0.128906250000
-0.065429687500
0.004699707031
-0.052246093750
-0.050292968750
-0.097656250000
0.057861328125
0.146484375000
0.109863281250
0.005432128906
0.094726562500
-0.006622314453
-0.092773437500
-0.225585937500
0.119628906250
-0.003097534180
-0.073242187500
0.102050781250
0.300781250000
-0.111816406250
-0.072265625000
-0.026611328125
0.046386718750
0.105468750000
-0.111816406250
-0.072265625000
0.153320312500
-0.055664062500
0.104492187500
0.009399414062
0.060302734375
-0.107910156250
-0.182617187500
-0.131835937500
0.049316406250
-0.071289062500
-0.095703125000
-0.018798828125
-0.016113281250
0.120605468750
-0.007629394531
-0.123046875000
-0.127929687500
0.018920898438
0.238281250000
-0.074707031250
-0.166015625000
-0.029174804688
-0.030151367188
0.092285156250
0.043945312500
0.144531250000
0.003524780273
-0.226562500000
0.081054687500
0.099121093750
0.049560546875
-0.054443359375
-0.015502929688
-0.027832031250
-0.098632812500
-0.113769531250
0.128906250000
-0.013977050781
-0.076660156250
-0.042480468750
-0.148437500000
-0.071289062500
0.003097534180
0.057373046875
-0.048095703125
0.100097656250
0.154296875000
0.031738281250
0.112792968750
-0.009948730469
-0.111816406250
-0.072265625000
0.174804687500
-0.140625000000
0.110351562500
-0.025634765625
0.076171875000
-0.011596679688
-0.041259765625
0.105468750000
0.085449218750
0.067382812500
-0.003997802734
-0.221679687500
-0.082519531250
0.006072998047
-0.085937500000
-0.085937500000
0.026977539062
0.006347656250
-0.063964843750
-0.082031250000
-0.063476562500
0.062500000000
-0.081054687500
0.070312500000
0.070312500000
-0.036865234375
-0.029418945312
-0.000698089600
-0.036376953125
0.054199218750
-0.048339843750
0.102050781250
-0.151367187500
0.025390625000
-0.014099121094
0.023437500000
0.008422851562
-0.092773437500
-0.107910156250
0.078125000000
0.078613281250
-0.030883789062
-0.108886718750
0.062988281250
0.102539062500
0.092285156250
0.079101562500
0.225585937500
-0.127929687500
-0.009338378906
0.024902343750
0.104492187500
-0.015869140625
0.050781250000
0.055664062500
-0.107910156250
-0.012084960938
0.062500000000
0.049072265625
0.048095703125
0.083984375000
-0.053955078125
0.063476562500
-0.008117675781
-0.031982421875
0.075683593750
0.151367187500
0.147460937500
-0.112304687500
0.017578125000
-0.089355468750
-0.133789062500
0.014465332031
0.154296875000
-0.083007812500
0.074707031250
0.131835937500
0.070800781250
0.072265625000
0.062011718750
-0.083007812500
0.075195312500
0.019775390625
-0.083007812500
0.025268554688
-0.134765625000
0.105468750000
0.013061523438
-0.021484375000
0.046142578125
0.218750000000
0.097656250000
-0.166992187500
0.179687500000
-0.041259765625
-0.103027343750
0.005126953125
0.019287109375
-0.018432617188
0.048583984375
-0.055175781250
0.035156250000
-0.156250000000
-0.108886718750
0.043945312500
0.042236328125
-0.045166015625
-0.037597656250
0.017089843750
-0.033447265625
0.061035156250
-0.292968750000
0.002426147461
-0.023071289062
-0.106445312500
0.011535644531
-0.044677734375
-0.016967773438
-0.155273437500
0.158203125000
-0.062500000000
-0.007995605469
0.066894531250
0.165039062500
-0.066406250000
0.030639648438
-0.027221679688
0.012939453125
0.057861328125
-0.104492187500
-0.059082031250
0.050048828125
-0.047607421875
0.079101562500
-0.083007812500
0.074218750000
0.067871093750
0.014038085938
0.087890625000
0.074218750000
-0.093261718750
0.058837890625
0.048583984375
-0.026977539062
0.015441894531
-0.189453125000
-0.160156250000
-0.148437500000
-0.068847656250
-0.011291503906
0.005310058594
0.150390625000
-0.103027343750
-0.064453125000
0.062500000000
0.051513671875
0.134765625000
0.040039062500
0.120605468750
0.100585937500
-0.025146484375
0.084472656250
0.041748046875
0.102050781250
-0.062500000000
-0.122070312500
-0.030639648438
-0.104492187500
-0.033691406250
0.071777343750
-0.067871093750
-0.112304687500
-0.005737304688
0.036376953125
-0.181640625000
-0.103515625000
0.054687500000
0.210937500000
0.093261718750
0.008728027344
0.011169433594
0.030151367188
-0.103515625000
-0.104492187500
0.048828125000
-0.044189453125
0.075683593750
0.022094726562
0.071777343750
0.056640625000
0.069335937500
0.079101562500
-0.125976562500
0.155273437500
0.055175781250
-0.063964843750
-0.014282226562
0.214843750000
-0.145507812500
0.120605468750
0.120605468750
0.051513671875
-0.114746093750
0.173828125000
-0.087402343750
0.125976562500
-0.015319824219
-0.128906250000
-0.087890625000
-0.000843048096
0.079101562500
-0.019531250000
-0.163085937500
0.047851562500
0.003524780273
0.010559082031
-0.051513671875
-0.080078125000
-0.008850097656
-0.073730468750
0.071777343750
-0.070800781250
-0.108886718750
0.025634765625
0.065429687500
0.024658203125
0.024536132812
-0.010314941406
0.136718750000
-0.095703125000
-0.057617187500
-0.105468750000
0.083007812500
0.219726562500
0.089843750000
-0.084960937500
0.126953125000
-0.333984375000
0.099121093750
0.035888671875
-0.069335937500
-0.014038085938
0.035156250000
0.044921875000
0.102539062500
0.087402343750
0.141601562500
-0.023681640625
0.087890625000
0.000312805176
-0.041748046875
0.009582519531
-0.038085937500
0.011413574219
0.104980468750
-0.166992187500
0.025146484375
-0.031738281250
-0.093261718750
-0.030517578125
0.067382812500
0.281250000000
0.018188476562
-0.055664062500
0.011840820312
0.031982421875
0.024536132812
-0.015747070312
0.074707031250
0.089355468750
-0.127929687500
0.028564453125
-0.015747070312
-0.016235351562
-0.102050781250
0.145507812500
-0.017578125000
-0.090332031250
-0.077636718750
0.035400390625
-0.024536132812
-0.054931640625
-0.126953125000
-0.039062500000
-0.126953125000
0.112304687500
-0.164062500000
0.070312500000
-0.023559570312
0.054199218750
-0.042724609375
-0.070800781250
0.082519531250
0.097656250000
0.128906250000
0.071289062500
-0.024047851562
-0.034423828125
0.062255859375
-0.066406250000
-0.078125000000
-0.002517700195
0.004394531250
-0.000976562500
-0.102050781250
0.068359375000
-0.090820312500
0.026123046875
-0.147460937500
0.005615234375
0.018310546875
0.010437011719
0.165039062500
-0.108886718750
-0.005767822266
0.014953613281
0.001190185547
0.066406250000
-0.107910156250
-0.143554687500
-0.004150390625
-0.031250000000
-0.027221679688
-0.072265625000
-0.034179687500
-0.088378906250
0.165039062500
-0.060546875000
-0.077148437500
-0.032958984375
0.026367187500
0.177734375000
0.160156250000
-0.174804687500
0.027709960938
-0.028930664062
0.020263671875
0.059814453125
0.010620117188
0.010131835938
0.104980468750
-0.105957031250
-0.050537109375
-0.126953125000
0.048828125000
-0.221679687500
0.099609375000
-0.009155273438
-0.068359375000
-0.082031250000
-0.007263183594
-0.025268554688
-0.098632812500
-0.002746582031
-0.028686523438
0.050292968750
-0.081054687500
-0.066406250000
0.020263671875
-0.025390625000
0.106445312500
0.111328125000
0.003051757812
0.095214843750
0.023071289062
0.008422851562
-0.126953125000
-0.074707031250
-0.075683593750
-0.025146484375
-0.031738281250
-0.016601562500
-0.036376953125
-0.067871093750
-0.044921875000
0.112304687500
0.088378906250
-0.058349609375
-0.020141601562
0.090332031250
-0.031250000000
0.064453125000
-0.030883789062
0.067871093750
0.092773437500
0.064941406250
-0.017333984375
0.063476562500
0.004760742188
-0.093261718750
0.019775390625
0.038818359375
-0.072265625000
-0.052734375000
0.091796875000
-0.053222656250
-0.140625000000
0.057373046875
-0.039062500000
-0.081542968750
-0.030761718750
0.208984375000
-0.013366699219
0.001632690430
0.074707031250
0.020263671875
-0.151367187500
0.044921875000
-0.080078125000
0.045410156250
-0.034667968750
0.052001953125
0.088378906250
0.059814453125
-0.150390625000
-0.170898437500
-0.107910156250
0.005187988281
0.087402343750
-0.059326171875
-0.083984375000
0.069824218750
0.044677734375
-0.145507812500
0.024291992188
-0.103515625000
0.039794921875
0.017822265625
-0.042968750000
-0.059326171875
-0.101562500000
-0.073242187500
0.042724609375
-0.017333984375
0.014221191406
-0.154296875000
0.105468750000
-0.014221191406
-0.234375000000
-0.075195312500
-0.014160156250
-0.054443359375
0.005310058594
-0.017211914062
-0.008666992188
-0.014709472656
0.005798339844
0.034423828125
-0.037597656250
0.041748046875
-0.257812500000
0.090820312500
-0.003646850586
-0.030273437500
-0.129882812500
-0.049072265625
-0.116210937500
0.030883789062
0.067871093750
0.018920898438
-0.032470703125
0.077636718750
0.063476562500
0.030395507812
0.115234375000
0.009521484375
0.153320312500
-0.042724609375
0.095703125000
-0.110351562500
-0.039794921875
0.020141601562
0.130859375000
0.002761840820
0.038818359375
-0.133789062500
-0.043945312500
-0.075683593750
0.029418945312
-0.112792968750
-0.138671875000
0.004730224609
0.104492187500
-0.044677734375
0.067382812500
0.140625000000
-0.003387451172
0.018066406250
-0.036621093750
0.036621093750
0.147460937500
-0.101074218750
-0.007781982422
-0.060791015625
-0.041748046875
-0.133789062500
-0.077636718750
0.038818359375
-0.232421875000
-0.062500000000
-0.179687500000
0.010498046875
-0.121093750000
-0.001411437988
-0.049072265625
0.049804687500
0.143554687500
-0.089843750000
0.061523437500
-0.084960937500
0.007720947266
0.000976562500
-0.052490234375
0.084472656250
-0.011169433594
0.055175781250
0.172851562500
-0.056884765625
-0.002304077148
-0.110351562500
-0.310546875000
0.025146484375
-0.007171630859
0.035156250000
0.011230468750
-0.033691406250
-0.048583984375
-0.148437500000
0.000046968460
0.110839843750
-0.048339843750
0.102050781250
0.080566406250
0.061279296875
0.040039062500
0.043457031250
-0.002761840820
-0.060302734375
-0.001121520996
-0.020996093750
-0.100585937500
-0.083496093750
0.013610839844
-0.197265625000
-0.055664062500
-0.064453125000
-0.102539062500
-0.066894531250
-0.192382812500
0.044189453125
0.039306640625
0.103027343750
0.108398437500
-0.039062500000
0.133789062500
0.090820312500
0.005676269531
0.022460937500
-0.257812500000
0.143554687500
-0.029174804688
0.310546875000
0.104492187500
0.047607421875
0.020996093750
-0.031494140625
-0.001640319824
-0.071777343750
0.083007812500
-0.094726562500
-0.199218750000
-0.040527343750
0.058105468750
0.025024414062
0.082031250000
-0.011047363281
0.023925781250
-0.060058593750
0.166015625000
-0.049560546875
0.233398437500
0.031494140625
0.208007812500
0.023681640625
0.129882812500
0.060791015625
0.142578125000
-0.071289062500
0.050048828125
-0.115234375000
0.035644531250
-0.002304077148
0.051757812500
0.030273437500
0.001251220703
-0.001800537109
0.100097656250
0.016845703125
0.185546875000
-0.077148437500
0.083496093750
0.015441894531
0.009338378906
-0.047119140625
0.035888671875
-0.038574218750
0.014404296875
-0.059326171875
0.006225585938
-0.176757812500
0.093750000000
-0.034667968750
-0.013122558594
0.097656250000
-0.072753906250
-0.003417968750
-0.025634765625
0.010559082031
-0.021728515625
-0.036376953125
-0.235351562500
0.104980468750
-0.137695312500
0.139648437500
0.068359375000
-0.019531250000
0.056884765625
0.085449218750
0.135742187500
0.047119140625
-0.075683593750
-0.077636718750
0.087402343750
0.028564453125
0.039550781250
-0.064941406250
0.012939453125
0.013061523438
0.128906250000
-0.047607421875
-0.087402343750
-0.016113281250
0.195312500000
0.013793945312
0.139648437500
0.015441894531
-0.138671875000
0.219726562500
0.024658203125
-0.021362304688
-0.073730468750
-0.009521484375
-0.039062500000
0.045410156250
-0.006042480469
0.033935546875
-0.026977539062
-0.118652343750
0.138671875000
0.102539062500
0.068847656250
-0.071289062500
0.092285156250
-0.078125000000
-0.053955078125
0.022460937500
-0.014221191406
-0.169921875000
-0.026733398438
0.098632812500
-0.046142578125
0.035156250000
0.013671875000
0.024047851562
-0.075195312500
-0.073242187500
-0.033203125000
0.020263671875
0.136718750000
-0.125000000000
-0.076660156250
-0.024658203125
-0.053710937500
-0.039794921875
-0.037597656250
-0.009887695312
0.013061523438
-0.052490234375
-0.134765625000
0.039306640625
-0.085937500000
-0.062255859375
0.030883789062
0.054199218750
-0.000511169434
0.055419921875
0.062988281250
0.121093750000
0.102050781250
0.046630859375
-0.054443359375
-0.062255859375
0.025634765625
-0.085937500000
-0.035644531250
-0.226562500000
0.049316406250
-0.016357421875
0.143554687500
-0.192382812500
-0.175781250000
0.081054687500
-0.146484375000
0.105957031250
0.058837890625
0.042480468750
0.108886718750
-0.029296875000
0.012145996094
0.063964843750
0.008422851562
-0.132812500000
0.047607421875
-0.005676269531
0.073242187500
0.125000000000
-0.202148437500
0.292968750000
0.172851562500
0.038330078125
0.022094726562
-0.032714843750
-0.180664062500
0.141601562500
-0.022094726562
0.001312255859
-0.167968750000
0.052246093750
-0.071777343750
0.126953125000
-0.001113891602
-0.051269531250
0.051025390625
0.047363281250
-0.215820312500
0.129882812500
-0.135742187500
-0.159179687500
0.043212890625
-0.190429687500
-0.025024414062
0.074218750000
-0.081542968750
0.005767822266
0.063964843750
0.026977539062
0.002517700195
0.060546875000
0.008300781250
0.119628906250
-0.171875000000
-0.123046875000
0.048828125000
-0.026123046875
0.000560760498
-0.115234375000
0.046630859375
-0.001251220703
-0.001060485840
0.071289062500
-0.142578125000
0.158203125000
-0.019897460938
0.075683593750
-0.142578125000
-0.109375000000
-0.014831542969
-0.021972656250
0.013061523438
-0.098632812500
0.075195312500
-0.037597656250
0.017822265625
0.040283203125
-0.105468750000
-0.073242187500
0.038818359375
-0.012817382812
0.085449218750
-0.033691406250
-0.088378906250
0.104003906250
0.131835937500
-0.020874023438
-0.101562500000
-0.020751953125
-0.024047851562
0.091796875000
-0.016357421875
0.004882812500
-0.118652343750
0.130859375000
0.083496093750
0.106445312500
-0.078125000000
-0.162109375000
-0.056152343750
-0.041748046875
0.008911132812
-0.118164062500
-0.036132812500
-0.087890625000
-0.120605468750
0.120605468750
0.056152343750
-0.105468750000
0.145507812500
-0.020019531250
0.078125000000
-0.069824218750
-0.076171875000
0.054687500000
-0.004394531250
-0.028930664062
0.051757812500
0.001136779785
-0.070312500000
-0.084472656250
0.234375000000
-0.064941406250
0.074218750000
0.045898437500
-0.074218750000
0.059814453125
0.038330078125
-0.038330078125
-0.078613281250
0.161132812500
-0.046875000000
-0.000965118408
0.038085937500
0.064941406250
0.007781982422
-0.033203125000
0.021850585938
0.025756835938
0.162109375000
-0.023315429688
-0.102050781250
-0.071777343750
-0.166992187500
-0.165039062500
0.134765625000
0.117675781250
-0.204101562500
-0.074707031250
-0.075195312500
0.035400390625
-0.253906250000
0.184570312500
0.161132812500
0.063964843750
-0.170898437500
-0.062500000000
0.001983642578
-0.030151367188
0.090332031250
-0.195312500000
0.024902343750
0.044921875000
-0.024291992188
-0.078125000000
-0.090332031250
0.028686523438
-0.098144531250
0.047851562500
-0.082031250000
-0.142578125000
0.006347656250
0.057617187500
-0.205078125000
-0.010070800781
0.089355468750
0.171875000000
0.113769531250
0.036132812500
-0.049072265625
-0.054687500000
0.011352539062
-0.063964843750
-0.070800781250
0.054443359375
-0.019897460938
0.050292968750
-0.053466796875
-0.106933593750
0.019165039062
-0.066406250000
-0.056396484375
0.089843750000
0.043457031250
-0.045898437500
0.015991210938
-0.040039062500
-0.044921875000
-0.052978515625
0.046875000000
0.020141601562
-0.056152343750
0.003768920898
-0.085937500000
-0.033203125000
0.035156250000
-0.203125000000
-0.130859375000
-0.261718750000
-0.051025390625
-0.044921875000
0.068359375000
0.082519531250
-0.036132812500
-0.200195312500
0.002471923828
0.025024414062
-0.076171875000
0.037841796875
-0.124023437500
-0.002059936523
-0.000583648682
0.068359375000
-0.112304687500
-0.005310058594
0.107910156250
-0.015869140625
0.095214843750
-0.101074218750
-0.132812500000
-0.074707031250
-0.130859375000
-0.155273437500
-0.108398437500
-0.214843750000
0.013732910156
0.066406250000
0.017822265625
-0.077148437500
0.065429687500
0.007080078125
0.041992187500
0.056884765625
-0.045166015625
-0.039794921875
-0.098144531250
0.030395507812
0.023193359375
-0.170898437500
-0.113769531250
0.060058593750
-0.218750000000
-0.033447265625
-0.029174804688
-0.020629882812
0.070312500000
-0.122070312500
-0.104003906250
-0.008056640625
0.126953125000
-0.110839843750
-0.046386718750
-0.013061523438
-0.037353515625
0.028320312500
0.169921875000
0.032470703125
0.112792968750
-0.098632812500
0.064453125000
-0.048583984375
0.008544921875
0.265625000000
0.007110595703
0.018554687500
0.010009765625
0.048095703125
0.003845214844
-0.059814453125
-0.122558593750
-0.152343750000
-0.108398437500
-0.015502929688
-0.031250000000
0.056640625000
0.027099609375
-0.114257812500
0.161132812500
0.030151367188
0.002502441406
-0.177734375000
-0.008178710938
0.068847656250
-0.064941406250
-0.108886718750
-0.010620117188
0.015014648438
-0.076660156250
-0.004821777344
-0.005310058594
0.083007812500
0.047119140625
-0.083496093750
-0.020874023438
-0.250000000000
-0.001953125000
-0.013671875000
-0.145507812500
-0.098144531250
-0.088867187500
-0.082031250000
-0.070312500000
-0.162109375000
-0.086425781250
0.012512207031
-0.000031709671
-0.125000000000
0.122558593750
0.090820312500
-0.149414062500
0.022094726562
0.082031250000
0.007873535156
0.064453125000
0.014709472656
-0.037353515625
0.018920898438
-0.092773437500
-0.025268554688
0.010803222656
0.047363281250
-0.061523437500
-0.065917968750
-0.105468750000
-0.079101562500
0.060058593750
-0.121582031250
0.080078125000
-0.024291992188
0.057128906250
0.016845703125
-0.004119873047
-0.013610839844
-0.119628906250
-0.029663085938
0.121582031250
-0.087890625000
-0.020996093750
-0.093750000000
0.001266479492
0.051025390625
-0.096679687500
0.013549804688
0.026123046875
-0.043701171875
0.005462646484
0.014953613281
-0.027465820312
-0.028686523438
0.029785156250
0.013305664062
0.103027343750
-0.103027343750
-0.047119140625
-0.108886718750
-0.080566406250
-0.031494140625
0.010498046875
0.060546875000
0.101562500000
0.044433593750
0.000556945801
0.015319824219
-0.107421875000
-0.142578125000
0.076171875000
-0.033935546875
0.057617187500
-0.108886718750
-0.016479492188
0.009643554688
-0.064941406250
0.037109375000
0.150390625000
-0.177734375000
-0.057373046875
-0.034912109375
0.007751464844
-0.027587890625
0.189453125000
-0.020263671875
0.034423828125
0.039550781250
0.033691406250
0.057861328125
-0.027587890625
-0.088378906250
-0.043457031250
-0.055175781250
0.018920898438
0.076660156250
0.047119140625
0.037841796875
-0.011840820312
-0.121093750000
-0.082519531250
0.171875000000
-0.043701171875
-0.083007812500
0.023559570312
-0.058105468750
0.002883911133
-0.043457031250
0.012268066406
0.038330078125
0.043457031250
0.017089843750
-0.022827148438
-0.007598876953
0.045166015625
0.139648437500
-0.095214843750
-0.015014648438
-0.050048828125
-0.020507812500
0.028930664062
-0.089355468750
0.004547119141
0.029541015625
0.057861328125
-0.041015625000
-0.087890625000
0.029907226562
0.045410156250
0.063476562500
0.009277343750
0.135742187500
0.062255859375
0.125976562500
-0.132812500000
0.036621093750
-0.063476562500
-0.082519531250
-0.035400390625
0.117675781250
-0.014343261719
0.021972656250
0.024169921875
-0.074218750000
0.244140625000
-0.007995605469
0.018798828125
-0.023681640625
0.220703125000
-0.171875000000
0.121093750000
0.031127929688
0.074218750000
0.028564453125
0.037353515625
-0.042480468750
-0.113769531250
-0.024047851562
-0.038085937500
-0.019775390625
0.002212524414
-0.139648437500
-0.088867187500
0.052978515625
0.058593750000
0.060546875000
0.162109375000
0.064453125000
-0.128906250000
-0.147460937500
-0.152343750000
0.023803710938
0.043945312500
0.045654296875
-0.022705078125
0.068847656250
0.029296875000
-0.123535156250
-0.026733398438
-0.042968750000
-0.208984375000
-0.238281250000
-0.094726562500
-0.003417968750
0.068847656250
-0.027343750000
-0.194335937500
-0.113769531250
0.060546875000
0.029663085938
-0.012451171875
-0.040771484375
-0.015869140625
-0.161132812500
0.056396484375
-0.075683593750
-0.251953125000
-0.016967773438
0.035156250000
0.084472656250
-0.066894531250
0.092285156250
-0.168945312500
0.082031250000
-0.031494140625
0.062255859375
0.174804687500
-0.020996093750
0.091308593750
0.017822265625
-0.098632812500
-0.145507812500
0.049316406250
-0.073730468750
0.082031250000
-0.031494140625
0.062988281250
0.053222656250
0.095214843750
0.036376953125
0.117187500000
-0.037353515625
0.069335937500
-0.009582519531
0.090332031250
0.001472473145
0.037109375000
0.055664062500
0.034912109375
0.137695312500
-0.052001953125
-0.014160156250
-0.206054687500
-0.088867187500
-0.032470703125
-0.029052734375
0.214843750000
0.078125000000
-0.041992187500
-0.020751953125
-0.016357421875
-0.018432617188
0.162109375000
-0.067871093750
-0.162109375000
-0.124023437500
0.058837890625
0.004730224609
0.030639648438
0.094238281250
-0.091308593750
0.071289062500
-0.006317138672
0.036132812500
0.023803710938
-0.126953125000
0.082519531250
0.062988281250
0.103515625000
0.162109375000
0.200195312500
-0.012207031250
0.002075195312
-0.034912109375
-0.308593750000
-0.065429687500
-0.074218750000
0.108886718750
0.143554687500
-0.117187500000
-0.063964843750
0.004394531250
-0.060791015625
0.006988525391
0.010803222656
-0.035156250000
0.125976562500
0.017089843750
0.129882812500
-0.030029296875
0.045654296875
-0.048095703125
0.076660156250
-0.042968750000
0.099609375000
-0.070800781250
0.172851562500
-0.098632812500
-0.058593750000
0.113281250000
-0.114746093750
0.041503906250
-0.064941406250
-0.091796875000
0.028442382812
0.062011718750
-0.129882812500
-0.127929687500
0.023193359375
-0.083984375000
-0.001167297363
-0.086425781250
0.030883789062
-0.113281250000
-0.055175781250
0.029174804688
0.001434326172
0.022583007812
-0.208984375000
0.122070312500
-0.022216796875
-0.036865234375
-0.049072265625
-0.016479492188
-0.063964843750
0.039062500000
0.019897460938
-0.051513671875
-0.070800781250
-0.023681640625
0.088378906250
-0.021362304688
0.052246093750
-0.149414062500
-0.009887695312
0.083984375000
-0.014221191406
-0.083007812500
-0.204101562500
-0.033935546875
0.013916015625
0.068359375000
0.065917968750
-0.010559082031
0.009094238281
-0.036865234375
-0.032226562500
-0.088867187500
0.012878417969
-0.077636718750
-0.209960937500
-0.037841796875
0.162109375000
-0.157226562500
0.006469726562
0.073242187500
0.182617187500
0.007080078125
0.006378173828
-0.035888671875
0.032958984375
0.199218750000
0.006927490234
0.041503906250
0.097167968750
-0.021240234375
-0.058105468750
0.091796875000
0.052734375000
-0.122070312500
0.006347656250
-0.045898437500
0.154296875000
-0.008239746094
-0.021118164062
-0.018066406250
0.079101562500
-0.000092506409
-0.049316406250
0.093261718750
-0.043945312500
0.041015625000
-0.041748046875
-0.014648437500
0.012390136719
0.201171875000
-0.031127929688
-0.091796875000
-0.041259765625
-0.103027343750
0.017822265625
0.033447265625
-0.001205444336
-0.146484375000
0.070800781250
-0.104980468750
0.005371093750
-0.009460449219
-0.082031250000
-0.096679687500
-0.005493164062
-0.096191406250
-0.141601562500
-0.038574218750
-0.108398437500
0.209960937500
0.077148437500
-0.041992187500
0.021240234375
0.018554687500
0.071777343750
0.041259765625
-0.030273437500
-0.026245117188
-0.006622314453
0.156250000000
0.080078125000
-0.067382812500
0.012268066406
-0.027221679688
-0.041748046875
-0.046386718750
0.048583984375
0.007934570312
-0.201171875000
-0.259765625000
0.001571655273
-0.157226562500
0.032958984375
-0.093261718750
0.062011718750
0.004089355469
0.031982421875
0.054443359375
-0.004852294922
-0.046386718750
0.092285156250
0.020874023438
-0.011169433594
0.000041961670
0.041992187500
-0.076171875000
-0.060058593750
-0.077636718750
-0.131835937500
-0.068847656250
-0.083984375000
-0.127929687500
-0.025756835938
0.001716613770
-0.107421875000
-0.125000000000
0.203125000000
-0.054687500000
0.024169921875
0.060302734375
-0.170898437500
0.060546875000
0.020751953125
-0.121093750000
-0.023193359375
-0.064941406250
0.056884765625
-0.006774902344
-0.043212890625
-0.003143310547
0.138671875000
0.190429687500
-0.018676757812
-0.045166015625
-0.106933593750
0.050292968750
-0.082031250000
0.005767822266
-0.154296875000
-0.107421875000
-0.026855468750
-0.062011718750
-0.027832031250
0.160156250000
-0.132812500000
-0.102050781250
-0.045166015625
-0.053710937500
-0.138671875000
-0.122070312500
-0.075195312500
0.019165039062
-0.160156250000
0.141601562500
-0.040039062500
0.035156250000
-0.106933593750
0.023803710938
0.047363281250
-0.013854980469
-0.005157470703
0.063476562500
0.012634277344
-0.067382812500
-0.119140625000
-0.057617187500
-0.010131835938
0.019287109375
-0.084472656250
-0.028442382812
-0.076660156250
-0.099609375000
0.062988281250
0.027954101562
0.020874023438
-0.029052734375
-0.176757812500
-0.169921875000
-0.025756835938
0.034179687500
0.002960205078
0.015563964844
-0.154296875000
-0.018676757812
-0.070800781250
0.043457031250
-0.057373046875
-0.128906250000
-0.076171875000
-0.005187988281
0.068847656250
-0.016235351562
0.008911132812
0.006622314453
-0.122558593750
-0.007049560547
0.038330078125
-0.121093750000
0.074218750000
-0.160156250000
-0.017700195312
0.095703125000
-0.030639648438
-0.179687500000
-0.021606445312
0.104980468750
0.115722656250
0.053710937500
0.066406250000
-0.092285156250
-0.066406250000
-0.022949218750
0.012756347656
-0.002853393555
-0.007934570312
-0.112792968750
-0.096679687500
-0.079589843750
0.055419921875
0.098632812500
0.073242187500
-0.040771484375
0.049560546875
-0.065917968750
-0.024414062500
-0.011535644531
0.042480468750
0.126953125000
0.010009765625
0.086914062500
0.016723632812
0.032470703125
-0.061279296875
-0.051513671875
-0.240234375000
-0.019409179688
-0.078125000000
-0.049560546875
0.163085937500
-0.108398437500
0.009948730469
0.031250000000
-0.069335937500
0.025024414062
-0.023925781250
-0.009826660156
0.025268554688
0.082031250000
0.143554687500
-0.124023437500
0.046875000000
0.001426696777
0.023315429688
0.099609375000
0.114746093750
-0.120605468750
-0.008666992188
0.113281250000
-0.017822265625
-0.063964843750
-0.044677734375
-0.055664062500
-0.008789062500
-0.089843750000
-0.126953125000
0.029418945312
-0.051269531250
-0.022827148438
-0.037841796875
0.066406250000
-0.076171875000
-0.128906250000
-0.027343750000
-0.004791259766
-0.124023437500
0.052246093750
-0.119628906250
-0.045654296875
-0.055419921875
0.069824218750
0.054443359375
-0.019531250000
-0.104003906250
0.055175781250
-0.001174926758
-0.051513671875
0.026123046875
-0.002105712891
-0.208984375000
0.210937500000
-0.144531250000
-0.168945312500
0.047851562500
0.088867187500
0.012695312500
0.052978515625
-0.017700195312
0.047363281250
-0.066406250000
-0.002792358398
0.018432617188
0.126953125000
0.066406250000
-0.071289062500
-0.031005859375
-0.001846313477
0.028320312500
-0.002502441406
-0.040039062500
0.166015625000
0.126953125000
0.078613281250
-0.034667968750
0.009338378906
-0.030029296875
0.125976562500
-0.058105468750
-0.084960937500
-0.079101562500
-0.166015625000
0.140625000000
-0.014099121094
-0.014099121094
-0.000762939453
0.006134033203
-0.008178710938
-0.049560546875
-0.059082031250
0.125000000000
0.022460937500
-0.068359375000
-0.156250000000
-0.054199218750
0.115722656250
-0.043212890625
-0.020263671875
-0.019775390625
0.053466796875
0.014526367188
-0.051025390625
0.092285156250
-0.081054687500
0.008361816406
0.106933593750
0.033203125000
0.070312500000
0.003005981445
-0.096679687500
-0.073730468750
-0.053222656250
-0.021728515625
-0.026489257812
-0.055664062500
0.001380920410
-0.251953125000
0.039794921875
0.012939453125
-0.031982421875
-0.120117187500
-0.181640625000
-0.089843750000
-0.009155273438
0.031494140625
-0.040527343750
-0.018066406250
-0.061523437500
-0.220703125000
0.015502929688
-0.062255859375
0.039306640625
-0.117675781250
0.045410156250
0.070800781250
0.060546875000
0.060546875000
0.026245117188
0.024902343750
-0.186523437500
-0.017822265625
-0.122558593750
0.012817382812
-0.108398437500
0.098632812500
0.071289062500
0.121093750000
-0.080566406250
0.036621093750
-0.006927490234
0.017700195312
-0.027465820312
-0.090332031250
0.076171875000
-0.057617187500
0.048095703125
-0.061523437500
-0.014038085938
-0.086425781250
0.079101562500
0.128906250000
-0.132812500000
0.032226562500
-0.046875000000
-0.167968750000
-0.080078125000
-0.025146484375
0.139648437500
0.028442382812
-0.045410156250
0.008300781250
-0.019042968750
-0.001075744629
-0.025390625000
0.121093750000
-0.137695312500
-0.033935546875
0.084960937500
-0.150390625000
-0.025146484375
-0.103027343750
-0.002731323242
-0.108886718750
0.163085937500
0.049804687500
0.051757812500
-0.009765625000
0.054931640625
-0.034912109375
0.030395507812
0.147460937500
0.128906250000
-0.081054687500
-0.029663085938
0.011291503906
-0.044677734375
-0.083007812500
0.143554687500
-0.016967773438
0.025390625000
-0.075195312500
0.014099121094
-0.048828125000
-0.030761718750
-0.073730468750
-0.034423828125
-0.024414062500
-0.026855468750
0.103515625000
-0.037109375000
0.111328125000
0.069335937500
-0.008789062500
-0.034423828125
-0.054199218750
0.036376953125
-0.128906250000
-0.061279296875
-0.134765625000
0.011230468750
0.090332031250
-0.104003906250
-0.060058593750
-0.135742187500
0.207031250000
-0.006958007812
-0.009521484375
-0.088867187500
0.037841796875
-0.059814453125
-0.082519531250
0.020141601562
-0.005828857422
0.043945312500
-0.030761718750
-0.091796875000
-0.044189453125
-0.460937500000
0.016235351562
-0.115722656250
0.098632812500
0.251953125000
-0.065429687500
0.010986328125
0.057373046875
0.105468750000
-0.125000000000
-0.005340576172
-0.103027343750
0.111328125000
-0.114257812500
0.016967773438
-0.079589843750
0.094726562500
0.046630859375
0.040039062500
-0.208984375000
-0.088378906250
0.002944946289
0.049560546875
0.257812500000
0.214843750000
-0.029785156250
-0.129882812500
0.000675201416
0.031250000000
-0.078125000000
-0.017456054688
0.066894531250
0.054199218750
-0.100585937500
-0.003356933594
0.042968750000
-0.098144531250
0.036132812500
0.004760742188
0.116210937500
-0.078613281250
-0.031005859375
-0.004547119141
-0.125000000000
0.047607421875
-0.231445312500
-0.142578125000
0.215820312500
0.075195312500
-0.006958007812
-0.078125000000
0.072265625000
-0.054443359375
-0.030273437500
0.011474609375
0.048339843750
-0.052490234375
0.071777343750
-0.010986328125
0.112792968750
0.120605468750
0.016845703125
0.003570556641
0.043212890625
-0.030029296875
-0.003555297852
0.046875000000
0.023193359375
0.089843750000
-0.188476562500
-0.139648437500
-0.060302734375
-0.125000000000
0.085449218750
-0.010131835938
-0.046630859375
0.032958984375
0.011474609375
0.010803222656
-0.028442382812
-0.067871093750
0.050048828125
0.147460937500
0.054687500000
0.017333984375
0.051513671875
-0.009155273438
-0.024780273438
-0.225585937500
-0.123046875000
0.071289062500
0.115722656250
-0.058349609375
-0.096191406250
0.049316406250
-0.096679687500
-0.023559570312
-0.063476562500
-0.202148437500
0.093750000000
-0.078125000000
0.010253906250
0.076660156250
-0.086425781250
-0.150390625000
-0.084960937500
-0.027587890625
0.051757812500
-0.079589843750
0.052978515625
-0.092773437500
-0.174804687500
-0.006072998047
-0.075683593750
-0.007995605469
-0.082031250000
0.113281250000
-0.059326171875
0.039306640625
-0.125976562500
-0.161132812500
0.112304687500
-0.002960205078
-0.111328125000
0.104492187500
0.085937500000
-0.211914062500
0.164062500000
-0.137695312500
0.104980468750
-0.127929687500
-0.053710937500
-0.112304687500
0.000320434570
0.177734375000
-0.102050781250
-0.058593750000
0.032714843750
0.046142578125
-0.033447265625
0.048583984375
0.124023437500
-0.123535156250
-0.166992187500
-0.015014648438
0.098144531250
-0.054687500000
0.006835937500
0.042236328125
-0.080078125000
-0.110839843750
-0.071289062500
0.068847656250
0.059082031250
-0.060302734375
0.134765625000
0.015197753906
-0.183593750000
0.062500000000
0.093750000000
-0.095703125000
-0.123535156250
0.010681152344
0.099121093750
-0.080078125000
-0.273437500000
0.019287109375
0.078613281250
0.010253906250
0.007476806641
-0.024902343750
0.017822265625
0.035888671875
0.083007812500
0.012634277344
0.235351562500
-0.027099609375
-0.144531250000
0.042480468750
-0.058593750000
-0.099609375000
-0.046630859375
0.026611328125
-0.098632812500
0.177734375000
-0.009582519531
-0.066406250000
0.009643554688
0.020874023438
-0.070800781250
-0.173828125000
0.083496093750
-0.018188476562
-0.066894531250
-0.006317138672
-0.097656250000
0.078125000000
0.036621093750
-0.246093750000
-0.069335937500
0.031982421875
-0.069335937500
-0.019042968750
0.036865234375
0.026000976562
-0.056884765625
-0.120605468750
-0.109375000000
-0.008544921875
-0.072265625000
-0.009033203125
0.126953125000
0.046386718750
-0.108886718750
-0.063476562500
-0.024291992188
-0.018432617188
-0.083984375000
0.021118164062
-0.162109375000
-0.052001953125
0.005645751953
-0.096679687500
0.161132812500
0.102539062500
0.068359375000
0.001396179199
-0.047607421875
0.001869201660
0.110351562500
0.017456054688
-0.003219604492
0.034179687500
-0.000740051270
0.024169921875
0.011291503906
0.040283203125
-0.082519531250
-0.125976562500
0.152343750000
-0.326171875000
-0.110839843750
0.149414062500
0.012084960938
-0.115722656250
0.281250000000
-0.048583984375
0.005645751953
-0.119140625000
-0.094726562500
0.083007812500
0.079589843750
-0.100097656250
0.055419921875
-0.016967773438
-0.052734375000
0.079589843750
0.013183593750
0.046875000000
0.024291992188
0.045898437500
0.093261718750
-0.112792968750
-0.110839843750
0.007019042969
-0.032714843750
0.049072265625
0.069824218750
-0.000434875488
0.006011962891
-0.112792968750
0.078613281250
0.012145996094
0.069824218750
0.109375000000
0.192382812500
-0.008972167969
0.038330078125
-0.036865234375
0.033691406250
0.003494262695
0.061035156250
0.039062500000
0.016845703125
0.095214843750
0.022338867188
0.110351562500
0.068847656250
0.080566406250
-0.036376953125
0.005645751953
0.180664062500
0.033935546875
0.033691406250
-0.059570312500
-0.139648437500
0.005950927734
0.082519531250
0.039794921875
-0.049072265625
-0.027343750000
-0.169921875000
-0.021240234375
-0.026977539062
-0.054443359375
-0.236328125000
0.000103473663
-0.018554687500
-0.009338378906
-0.053710937500
0.141601562500
-0.036376953125
-0.125976562500
-0.130859375000
-0.056152343750
-0.025634765625
-0.014099121094
-0.002014160156
-0.130859375000
-0.019409179688
-0.034667968750
-0.063476562500
0.076660156250
-0.047851562500
0.167968750000
0.057373046875
-0.300781250000
0.076660156250
0.006713867188
-0.025390625000
-0.007385253906
-0.123046875000
-0.086425781250
-0.054443359375
0.057617187500
-0.001533508301
0.025512695312
-0.023315429688
0.108886718750
-0.111816406250
-0.018432617188
0.106933593750
0.006561279297
0.034912109375
-0.013305664062
0.156250000000
-0.065429687500
0.086425781250
-0.104003906250
-0.020629882812
-0.038574218750
0.041748046875
0.115722656250
-0.084472656250
0.021728515625
-0.045166015625
0.058349609375
0.112792968750
-0.046875000000
0.020141601562
0.061035156250
0.139648437500
0.099121093750
0.110351562500
-0.063964843750
0.023071289062
0.023559570312
-0.019531250000
0.069824218750
-0.034912109375
0.104003906250
-0.018432617188
0.125976562500
-0.096191406250
-0.020263671875
0.048583984375
0.093750000000
0.043212890625
0.063964843750
-0.027832031250
-0.061767578125
0.103515625000
-0.012023925781
-0.049560546875
-0.084960937500
0.114257812500
-0.000854492188
-0.091308593750
0.011657714844
-0.019165039062
-0.112304687500
0.131835937500
0.012695312500
-0.002456665039
0.055419921875
-0.041992187500
-0.040527343750
0.050781250000
-0.092773437500
0.020629882812
0.078613281250
-0.175781250000
0.008483886719
0.009460449219
-0.171875000000
-0.042236328125
-0.131835937500
0.142578125000
-0.008117675781
0.024291992188
0.047851562500
-0.018920898438
-0.008361816406
0.102050781250
-0.041503906250
0.131835937500
0.009643554688
0.249023437500
-0.012634277344
-0.271484375000
-0.033447265625
-0.107910156250
-0.034179687500
0.018310546875
0.080078125000
0.091308593750
-0.097167968750
0.030151367188
-0.011535644531
-0.049316406250
-0.036865234375
0.151367187500
-0.173828125000
0.088378906250
-0.135742187500
-0.049072265625
-0.083984375000
-0.066894531250
0.025878906250
-0.083496093750
-0.050781250000
-0.212890625000
0.126953125000
0.006805419922
-0.041992187500
-0.202148437500
0.065429687500
0.051025390625
-0.041503906250
-0.060546875000
0.032470703125
-0.029663085938
-0.004333496094
0.041992187500
-0.013244628906
0.067382812500
-0.041992187500
-0.002807617188
0.172851562500
0.017944335938
-0.032470703125
0.019531250000
-0.083496093750
0.037841796875
0.168945312500
0.097167968750
0.146484375000
0.052490234375
-0.250000000000
-0.000705718994
-0.014587402344
-0.110839843750
0.117187500000
-0.077636718750
-0.112304687500
0.057128906250
-0.055419921875
-0.138671875000
0.107421875000
0.060058593750
0.062255859375
0.024169921875
0.047851562500
0.019775390625
0.053222656250
-0.125000000000
-0.163085937500
-0.121582031250
-0.032470703125
0.034423828125
0.050292968750
-0.021728515625
0.073242187500
0.081054687500
-0.019042968750
0.072265625000
0.020874023438
0.077148437500
-0.020263671875
-0.011962890625
0.043457031250
-0.057128906250
-0.011230468750
0.014892578125
0.040527343750
-0.059814453125
-0.168945312500
0.049560546875
0.015258789062
-0.031982421875
0.046142578125
0.032226562500
0.033691406250
-0.061767578125
0.011779785156
0.157226562500
-0.008605957031
-0.077636718750
0.016235351562
-0.037109375000
-0.013671875000
0.007446289062
0.054443359375
0.008666992188
-0.047119140625
-0.047851562500
-0.015869140625
-0.047607421875
0.057861328125
-0.026977539062
0.060791015625
-0.047607421875
-0.065429687500
-0.029052734375
-0.150390625000
0.043457031250
-0.161132812500
0.121582031250
0.008361816406
0.007415771484
0.049072265625
0.000907897949
0.022705078125
0.161132812500
-0.085449218750
-0.023437500000
0.083984375000
-0.078125000000
-0.107421875000
-0.052734375000
-0.247070312500
-0.087402343750
0.042724609375
-0.104003906250
-0.030517578125
0.017089843750
0.008483886719
-0.035644531250
-0.063964843750
-0.072753906250
0.062011718750
-0.063476562500
0.006713867188
-0.080078125000
-0.091308593750
0.011047363281
0.058593750000
0.209960937500
-0.030517578125
-0.074218750000
0.000587463379
0.073242187500
-0.043701171875
-0.031982421875
0.006561279297
-0.019165039062
-0.086914062500
-0.010437011719
0.036621093750
-0.095703125000
-0.010375976562
-0.028076171875
-0.025146484375
0.002700805664
0.046386718750
-0.227539062500
-0.054931640625
-0.034912109375
0.075195312500
-0.006561279297
-0.030883789062
0.029296875000
0.022460937500
-0.018676757812
-0.097167968750
0.076171875000
0.046630859375
0.046630859375
-0.015014648438
0.008972167969
0.026245117188
-0.339843750000
-0.067871093750
0.123046875000
0.020751953125
0.124511718750
-0.082519531250
-0.034179687500
-0.055908203125
0.054199218750
0.039062500000
-0.071777343750
0.083007812500
-0.019165039062
-0.023193359375
0.073242187500
-0.114746093750
0.068847656250
0.027343750000
-0.034912109375
0.014465332031
-0.080566406250
0.002426147461
0.083984375000
0.150390625000
-0.053955078125
0.018432617188
0.007934570312
-0.062255859375
-0.018798828125
0.076660156250
-0.005950927734
0.100097656250
-0.069335937500
0.019042968750
0.041259765625
0.184570312500
0.030029296875
-0.124023437500
0.018310546875
0.039550781250
0.037841796875
0.076660156250
0.065429687500
-0.025756835938
-0.031982421875
0.300781250000
-0.049804687500
0.032714843750
-0.185546875000
0.000377655029
0.054687500000
0.005035400391
0.022827148438
0.062255859375
-0.098144531250
-0.019897460938
-0.060546875000
-0.137695312500
0.123046875000
0.048583984375
0.204101562500
0.129882812500
0.068359375000
0.061523437500
-0.041259765625
0.133789062500
-0.065429687500
0.026611328125
-0.075683593750
-0.011291503906
0.058105468750
0.031494140625
0.035888671875
0.016357421875
-0.014892578125
0.054931640625
0.002258300781
-0.028930664062
0.091308593750
0.061035156250
-0.084472656250
-0.083984375000
-0.093261718750
-0.022949218750
0.094726562500
-0.053222656250
0.052734375000
-0.169921875000
0.137695312500
0.159179687500
-0.137695312500
-0.105957031250
-0.210937500000
-0.066894531250
-0.021606445312
-0.147460937500
-0.016479492188
-0.110839843750
-0.085449218750
-0.006134033203
-0.016113281250
0.082519531250
-0.012023925781
0.131835937500
-0.212890625000
-0.107421875000
-0.041015625000
-0.097656250000
-0.019775390625
0.028564453125
-0.115234375000
-0.026855468750
-0.031127929688
-0.062255859375
-0.149414062500
0.104003906250
0.131835937500
-0.044677734375
0.119140625000
-0.070312500000
-0.145507812500
0.079589843750
0.027954101562
0.102050781250
-0.111816406250
0.020263671875
0.081054687500
0.009643554688
-0.059326171875
0.080078125000
-0.021728515625
-0.003997802734
-0.062500000000
0.042724609375
-0.140625000000
-0.011779785156
-0.038818359375
-0.161132812500
0.087402343750
0.139648437500
-0.047119140625
-0.033691406250
-0.076171875000
0.079589843750
0.034423828125
-0.088378906250
0.202148437500
-0.043457031250
0.173828125000
0.059814453125
0.169921875000
-0.004089355469
0.121093750000
-0.185546875000
-0.075195312500
0.259765625000
-0.037109375000
0.009094238281
0.010742187500
-0.108886718750
0.206054687500
-0.051513671875
-0.112792968750
0.028442382812
0.112304687500
-0.054199218750
-0.098632812500
0.144531250000
-0.139648437500
0.046386718750
0.037353515625
-0.052734375000
-0.009704589844
-0.073730468750
-0.039062500000
0.065429687500
-0.091796875000
-0.162109375000
-0.020263671875
-0.059570312500
-0.071289062500
0.107421875000
0.048095703125
-0.001289367676
-0.044677734375
0.052734375000
-0.151367187500
-0.114257812500
0.166015625000
-0.097656250000
0.093261718750
0.004241943359
0.154296875000
-0.010131835938
-0.022094726562
-0.025634765625
-0.012878417969
-0.109863281250
-0.074218750000
0.088867187500
0.134765625000
-0.076660156250
0.034912109375
0.094238281250
0.000713348389
-0.008056640625
-0.157226562500
-0.042724609375
0.065917968750
-0.000961303711
0.087402343750
-0.148437500000
-0.104980468750
0.117675781250
0.084960937500
-0.013793945312
-0.037597656250
0.003463745117
-0.007354736328
-0.053466796875
-0.008972167969
-0.194335937500
0.024536132812
-0.016723632812
0.057617187500
-0.078613281250
0.144531250000
0.102539062500
0.279296875000
-0.125976562500
-0.065917968750
0.005432128906
-0.049804687500
0.105957031250
0.045410156250
-0.244140625000
-0.003463745117
0.020751953125
0.098144531250
-0.044921875000
-0.115234375000
-0.080078125000
0.068359375000
0.044921875000
-0.001289367676
0.023193359375
0.019165039062
-0.016967773438
-0.119140625000
-0.105468750000
-0.123046875000
0.122070312500
0.061523437500
-0.181640625000
-0.027343750000
-0.048583984375
-0.021972656250
-0.038330078125
-0.014160156250
-0.107421875000
-0.136718750000
-0.004730224609
-0.043945312500
0.008056640625
0.097656250000
-0.057373046875
0.116699218750
-0.021362304688
-0.059814453125
-0.083007812500
0.192382812500
0.022705078125
-0.064941406250
-0.069335937500
-0.111328125000
0.129882812500
-0.000368118286
0.020751953125
0.014282226562
0.028808593750
0.000204086304
-0.022827148438
0.033935546875
0.062255859375
-0.074218750000
0.107910156250
0.083984375000
0.025756835938
-0.037841796875
0.094726562500
-0.137695312500
0.017089843750
0.052001953125
-0.000701904297
0.072265625000
-0.022705078125
-0.019653320312
-0.088867187500
0.024780273438
-0.017333984375
-0.038818359375
-0.052246093750
-0.100097656250
0.070800781250
-0.069335937500
-0.055664062500
0.018920898438
-0.051513671875
0.032226562500
-0.106933593750
0.105468750000
-0.032714843750
-0.026123046875
0.017822265625
0.061279296875
-0.068359375000
-0.079101562500
0.005340576172
0.163085937500
-0.048095703125
0.209960937500
0.076171875000
-0.158203125000
0.001113891602
0.066406250000
0.367187500000
0.059082031250
0.027709960938
0.125976562500
0.064941406250
0.003509521484
0.072753906250
-0.061279296875
-0.123535156250
-0.032470703125
0.051513671875
-0.040283203125
-0.046386718750
0.030273437500
0.104003906250
-0.108886718750
-0.132812500000
0.019042968750
0.005554199219
-0.239257812500
-0.064453125000
-0.155273437500
0.068847656250
-0.053466796875
0.188476562500
-0.007720947266
0.032226562500
0.035644531250
0.188476562500
-0.000131607056
-0.061767578125
-0.014038085938
-0.134765625000
0.028320312500
0.182617187500
0.064453125000
-0.000907897949
-0.090820312500
0.027587890625
-0.050292968750
-0.005462646484
-0.324218750000
0.098632812500
0.025024414062
-0.004272460938
0.006958007812
-0.010498046875
0.104980468750
0.085937500000
-0.116699218750
0.050048828125
-0.007171630859
-0.065429687500
0.073730468750
0.037109375000
0.199218750000
0.003067016602
-0.083984375000
0.020629882812
-0.058105468750
-0.219726562500
0.102050781250
0.170898437500
0.059814453125
-0.131835937500
-0.075683593750
0.073242187500
-0.014770507812
0.028808593750
-0.067382812500
0.018066406250
0.105957031250
0.031738281250
-0.113281250000
-0.029907226562
0.003311157227
-0.010742187500
-0.098144531250
-0.099609375000
0.104492187500
0.078125000000
0.032226562500
0.037841796875
-0.007720947266
-0.188476562500
-0.029785156250
0.100585937500
-0.089843750000
-0.089355468750
-0.012573242188
-0.048339843750
0.054443359375
0.063476562500
-0.021484375000
-0.050048828125
-0.101074218750
0.010681152344
0.051513671875
0.055908203125
-0.025390625000
-0.024780273438
-0.089843750000
-0.050537109375
0.071289062500
0.119140625000
-0.107910156250
-0.131835937500
0.087890625000
0.030273437500
0.026489257812
-0.034179687500
-0.052490234375
-0.100097656250
0.099609375000
0.080566406250
-0.041748046875
0.042480468750
0.048095703125
-0.039062500000
0.007446289062
0.035156250000
0.059326171875
0.109375000000
0.090820312500
-0.055419921875
-0.144531250000
0.013061523438
0.142578125000
0.114746093750
-0.060058593750
0.097167968750
-0.005645751953
-0.017578125000
-0.064941406250
0.086914062500
-0.146484375000
0.006042480469
0.039306640625
0.084472656250
-0.041259765625
0.012634277344
0.062255859375
-0.004058837891
0.009826660156
0.015869140625
-0.082031250000
-0.023071289062
-0.162109375000
0.008361816406
-0.053710937500
-0.029785156250
0.048828125000
-0.037841796875
-0.082031250000
0.018066406250
0.052490234375
-0.100585937500
0.068359375000
0.047119140625
-0.028320312500
-0.003875732422
0.115234375000
0.078125000000
0.042968750000
-0.082031250000
-0.059326171875
0.061767578125
0.053955078125
0.041015625000
0.005004882812
0.007659912109
0.074218750000
0.080078125000
-0.062988281250
-0.063964843750
-0.011230468750
-0.109375000000
0.057373046875
-0.020507812500
-0.105957031250
0.060302734375
-0.207031250000
0.033691406250
-0.088867187500
0.223632812500
-0.093261718750
-0.068847656250
0.043701171875
0.027099609375
0.009155273438
-0.228515625000
-0.253906250000
0.003524780273
-0.021240234375
-0.062011718750
0.015747070312
0.154296875000
-0.101074218750
0.098632812500
0.232421875000
0.025146484375
0.129882812500
0.030639648438
0.021484375000
-0.198242187500
0.095214843750
0.085937500000
0.019165039062
-0.055908203125
0.072265625000
0.057373046875
-0.107910156250
0.114746093750
-0.085937500000
0.097167968750
0.184570312500
0.001708984375
-0.025268554688
-0.036865234375
-0.039550781250
0.012329101562
-0.002639770508
0.021118164062
-0.066406250000
-0.162109375000
0.027099609375
-0.120605468750
0.021484375000
-0.004089355469
0.009155273438
0.003540039062
-0.036132812500
0.183593750000
-0.122070312500
-0.063964843750
-0.021118164062
-0.103515625000
-0.016357421875
0.122558593750
-0.006347656250
-0.147460937500
0.070312500000
-0.019409179688
0.029541015625
0.098144531250
-0.174804687500
0.056640625000
0.008972167969
-0.105468750000
0.062500000000
0.027343750000
-0.035644531250
-0.112792968750
-0.059814453125
-0.019409179688
-0.138671875000
0.109863281250
0.059814453125
0.084960937500
0.074218750000
-0.064941406250
-0.099121093750
0.134765625000
-0.003417968750
-0.064453125000
0.024536132812
0.018920898438
0.093750000000
-0.037109375000
0.046630859375
0.073730468750
-0.175781250000
-0.000568389893
-0.106445312500
0.145507812500
0.098632812500
-0.198242187500
0.088867187500
-0.060058593750
0.014404296875
-0.211914062500
-0.034912109375
0.057617187500
-0.035400390625
-0.017944335938
0.048095703125
-0.032226562500
-0.134765625000
-0.005310058594
-0.030029296875
-0.047363281250
0.092285156250
0.002380371094
-0.053955078125
0.047363281250
0.112304687500
-0.053222656250
-0.094726562500
-0.014526367188
0.007751464844
0.008361816406
0.186523437500
-0.106933593750
-0.195312500000
-0.146484375000
0.143554687500
0.091308593750
0.020507812500
0.125000000000
0.050292968750
-0.060058593750
-0.011657714844
0.011108398438
0.104980468750
-0.076171875000
-0.061279296875
0.077636718750
0.108398437500
-0.038574218750
0.032958984375
0.010925292969
0.008972167969
0.070800781250
-0.025024414062
-0.115234375000
-0.142578125000
-0.004089355469
0.094238281250
-0.100585937500
0.044677734375
-0.082519531250
0.010437011719
0.108886718750
0.055664062500
-0.250000000000
-0.105957031250
-0.031494140625
-0.039794921875
0.071777343750
-0.125976562500
-0.010314941406
-0.021728515625
-0.076171875000
-0.019409179688
-0.145507812500
0.202148437500
0.045166015625
-0.062011718750
-0.054687500000
0.031982421875
0.047119140625
-0.043457031250
0.265625000000
0.002593994141
-0.000224113464
-0.014221191406
-0.080078125000
-0.066894531250
0.132812500000
0.020385742188
0.136718750000
-0.126953125000
0.000268936157
0.054931640625
0.093261718750
-0.084472656250
-0.076660156250
-0.075195312500
-0.052246093750
0.143554687500
0.067382812500
0.123046875000
-0.015869140625
-0.187500000000
0.022949218750
0.004760742188
0.055419921875
-0.049804687500
-0.034179687500
0.019409179688
0.008300781250
-0.017944335938
0.038818359375
0.030273437500
-0.083007812500
-0.113769531250
0.123535156250
-0.007995605469
0.131835937500
0.014343261719
-0.042236328125
0.055908203125
0.107421875000
-0.017578125000
-0.011230468750
-0.069335937500
0.030395507812
-0.222656250000
0.070800781250
0.050781250000
0.080078125000
-0.073730468750
-0.031494140625
0.084472656250
-0.100585937500
-0.078613281250
-0.149414062500
0.070312500000
0.190429687500
0.011047363281
-0.049804687500
0.059082031250
-0.027709960938
0.017578125000
0.035400390625
-0.048095703125
-0.131835937500
0.073242187500
0.063964843750
0.061035156250
0.060302734375
-0.143554687500
0.045410156250
0.011779785156
-0.091796875000
0.040283203125
0.003067016602
-0.053222656250
0.060546875000
-0.107910156250
-0.065917968750
0.120117187500
0.056396484375
0.008422851562
0.084472656250
-0.054443359375
-0.005737304688
0.092773437500
-0.137695312500
0.067871093750
0.217773437500
-0.100097656250
0.082519531250
0.043701171875
0.040527343750
-0.015197753906
0.015869140625
-0.071289062500
-0.155273437500
0.019653320312
0.031250000000
-0.136718750000
0.012329101562
-0.044433593750
-0.014221191406
-0.017211914062
0.133789062500
0.006500244141
-0.102050781250
0.017456054688
-0.102050781250
0.007507324219
-0.006774902344
0.118164062500
-0.045654296875
-0.135742187500
0.016479492188
-0.007995605469
0.065917968750
-0.126953125000
-0.082519531250
0.041015625000
-0.126953125000
0.051757812500
-0.104003906250
0.070800781250
0.078613281250
0.137695312500
-0.119628906250
0.012634277344
0.033935546875
0.006896972656
0.039062500000
-0.073730468750
-0.045654296875
0.052001953125
0.034912109375
-0.013427734375
0.015991210938
-0.049560546875
-0.018432617188
-0.018066406250
-0.062988281250
-0.013488769531
0.105468750000
-0.160156250000
0.119628906250
-0.066406250000
-0.083496093750
0.157226562500
-0.035644531250
-0.077148437500
0.062988281250
0.131835937500
-0.033691406250
-0.094238281250
-0.091308593750
0.163085937500
-0.035400390625
0.009948730469
-0.081054687500
0.092285156250
0.017578125000
-0.197265625000
-0.145507812500
-0.107421875000
-0.098632812500
-0.122070312500
0.053222656250
0.050292968750
0.007324218750
-0.044189453125
-0.170898437500
-0.023803710938
-0.072753906250
-0.068359375000
-0.028930664062
-0.139648437500
-0.001167297363
0.070800781250
0.085449218750
-0.077148437500
-0.098632812500
0.022949218750
-0.039550781250
0.013305664062
-0.049804687500
-0.019165039062
0.044677734375
0.085937500000
0.025024414062
0.020019531250
0.063964843750
-0.126953125000
0.011169433594
0.034423828125
-0.145507812500
0.099609375000
0.018920898438
-0.096191406250
-0.007934570312
0.063964843750
0.098144531250
0.134765625000
-0.045654296875
0.021850585938
-0.008483886719
0.014587402344
0.145507812500
-0.136718750000
0.014282226562
-0.061279296875
-0.077148437500
0.115234375000
0.096191406250
0.006469726562
0.070312500000
-0.052734375000
-0.160156250000
-0.025390625000
0.018066406250
0.030029296875
0.012084960938
-0.017333984375
0.034179687500
0.166015625000
0.058593750000
-0.192382812500
0.115234375000
-0.033691406250
-0.073730468750
0.020751953125
-0.040771484375
-0.046386718750
-0.078125000000
0.026000976562
-0.230468750000
-0.133789062500
0.112792968750
-0.003265380859
0.087402343750
-0.021118164062
-0.018188476562
0.064941406250
0.154296875000
0.041259765625
-0.111328125000
-0.171875000000
0.052490234375
0.019775390625
-0.026855468750
-0.002914428711
-0.084472656250
-0.145507812500
-0.279296875000
-0.050537109375
0.017089843750
0.009887695312
0.000238418579
-0.073730468750
-0.024169921875
0.119140625000
0.058837890625
0.001937866211
-0.001663208008
-0.039306640625
0.082031250000
0.183593750000
-0.107421875000
-0.007934570312
-0.175781250000
0.092285156250
-0.100585937500
0.063476562500
0.052246093750
0.114746093750
-0.141601562500
0.032470703125
0.125000000000
-0.148437500000
0.058105468750
0.001220703125
-0.091308593750
0.089843750000
0.037353515625
0.074218750000
-0.143554687500
0.155273437500
0.085449218750
0.020019531250
-0.004394531250
0.000373840332
-0.080078125000
-0.142578125000
0.195312500000
0.011352539062
0.034912109375
-0.020629882812
-0.111816406250
-0.040771484375
0.104003906250
-0.027709960938
0.150390625000
-0.114257812500
0.055664062500
-0.013366699219
-0.006378173828
-0.042480468750
0.031982421875
-0.039550781250
0.138671875000
-0.122558593750
-0.014404296875
-0.000068664551
0.011474609375
-0.070800781250
-0.078125000000
0.007507324219
0.017333984375
-0.020385742188
-0.015014648438
0.000288009644
0.038818359375
0.029663085938
0.100585937500
-0.000377655029
0.085449218750
-0.022583007812
0.033691406250
0.069335937500
-0.113281250000
-0.045166015625
-0.023559570312
0.178710937500
-0.091796875000
-0.057617187500
0.007141113281
-0.035888671875
-0.143554687500
0.029174804688
-0.101074218750
-0.044189453125
0.007812500000
0.306640625000
0.066406250000
-0.030883789062
-0.066406250000
-0.062988281250
0.049316406250
0.019409179688
-0.028198242188
-0.022705078125
-0.043945312500
-0.016845703125
-0.115234375000
-0.085449218750
-0.013793945312
-0.061767578125
0.107421875000
-0.066406250000
0.069335937500
-0.012573242188
-0.025756835938
-0.147460937500
-0.051513671875
0.056884765625
0.012329101562
0.054199218750
0.044433593750
0.055175781250
0.157226562500
0.092285156250
0.244140625000
0.093750000000
-0.083007812500
0.020507812500
-0.070312500000
-0.117187500000
0.185546875000
0.055175781250
0.037597656250
0.095703125000
0.004058837891
-0.050048828125
-0.076171875000
0.068847656250
0.117187500000
-0.057373046875
-0.029663085938
-0.031982421875
0.119628906250
0.007781982422
0.060058593750
-0.139648437500
-0.023803710938
0.104003906250
0.044189453125
-0.018676757812
-0.006347656250
0.105468750000
0.103515625000
-0.165039062500
0.040039062500
-0.037109375000
0.056152343750
-0.116699218750
-0.044677734375
0.296875000000
0.109863281250
0.031494140625
0.029418945312
0.021240234375
0.070800781250
-0.011169433594
0.040283203125
-0.035888671875
0.176757812500
0.015075683594
-0.174804687500
-0.152343750000
0.018310546875
0.083007812500
0.111328125000
-0.027099609375
-0.159179687500
-0.202148437500
-0.004516601562
-0.124511718750
-0.033203125000
0.085937500000
-0.035156250000
0.054931640625
0.060302734375
-0.015319824219
-0.060058593750
-0.065917968750
-0.114746093750
0.075683593750
-0.117675781250
0.004089355469
0.002365112305
-0.050537109375
-0.145507812500
-0.238281250000
0.068359375000
0.012023925781
0.088867187500
0.049072265625
0.039306640625
0.158203125000
0.040527343750
0.000394821167
-0.070800781250
-0.133789062500
-0.151367187500
-0.062011718750
0.033935546875
-0.114746093750
0.173828125000
-0.246093750000
0.054199218750
-0.052734375000
-0.005065917969
-0.002441406250
0.047607421875
-0.101074218750
-0.158203125000
0.055664062500
-0.068359375000
0.055175781250
0.082519531250
-0.169921875000
0.016601562500
0.034667968750
0.109863281250
-0.059814453125
0.073730468750
-0.006439208984
-0.140625000000
0.114746093750
-0.014953613281
-0.028564453125
-0.067382812500
-0.002273559570
0.059082031250
0.114257812500
0.126953125000
0.018676757812
0.025756835938
0.042480468750
-0.017944335938
0.020141601562
-0.097656250000
-0.138671875000
0.045654296875
0.023193359375
-0.058593750000
0.077148437500
0.050781250000
-0.152343750000
0.070312500000
0.083007812500
-0.100097656250
-0.143554687500
0.013610839844
-0.095214843750
-0.150390625000
-0.040771484375
0.013061523438
0.036132812500
-0.036621093750
0.149414062500
0.028076171875
-0.054443359375
0.248046875000
-0.030639648438
0.164062500000
-0.020874023438
-0.062988281250
0.123535156250
0.275390625000
0.088378906250
-0.006225585938
-0.083007812500
0.021118164062
0.145507812500
0.043457031250
-0.075195312500
0.090332031250
0.032226562500
0.037109375000
-0.002944946289
0.008789062500
-0.093261718750
-0.016845703125
-0.029418945312
-0.039306640625
0.000671386719
-0.014526367188
0.014892578125
0.019775390625
-0.116699218750
0.098144531250
-0.106933593750
-0.036621093750
0.050048828125
-0.074218750000
-0.018310546875
0.121582031250
0.020141601562
-0.080566406250
-0.135742187500
-0.032226562500
-0.053466796875
0.113769531250
0.015869140625
-0.052734375000
0.118164062500
0.004882812500
-0.021362304688
0.174804687500
-0.058593750000
0.126953125000
0.100585937500
0.019897460938
-0.051513671875
-0.023681640625
-0.067382812500
-0.134765625000
0.070800781250
-0.005493164062
0.114257812500
0.003616333008
-0.090332031250
-0.030395507812
0.063476562500
-0.090820312500
0.013061523438
-0.137695312500
-0.089355468750
0.029541015625
-0.039306640625
0.063476562500
-0.084472656250
0.042968750000
0.048095703125
0.109375000000
-0.186523437500
-0.014953613281
-0.014587402344
0.041259765625
-0.045654296875
0.098632812500
0.007080078125
-0.090820312500
0.012084960938
0.072265625000
0.064453125000
0.102050781250
0.227539062500
0.028198242188
-0.001922607422
-0.047851562500
0.006805419922
-0.115234375000
-0.171875000000
-0.130859375000
-0.020507812500
0.302734375000
-0.027221679688
-0.007476806641
0.209960937500
-0.135742187500
-0.086914062500
-0.107421875000
0.085449218750
-0.050781250000
-0.085937500000
-0.015625000000
-0.114257812500
-0.094238281250
0.027221679688
-0.038085937500
0.041748046875
0.001731872559
-0.083007812500
0.085937500000
0.052246093750
0.013488769531
0.078125000000
-0.165039062500
0.090332031250
0.098144531250
-0.041503906250
-0.022827148438
-0.020751953125
0.101562500000
0.039794921875
0.127929687500
0.068847656250
-0.089355468750
0.170898437500
0.030761718750
-0.010314941406
-0.068359375000
0.047607421875
-0.035888671875
0.050781250000
-0.157226562500
0.062988281250
0.078125000000
0.006347656250
-0.050292968750
-0.085449218750
-0.072753906250
0.065917968750
-0.076660156250
0.111328125000
-0.031127929688
0.029174804688
0.030639648438
0.047363281250
0.038085937500
0.059570312500
0.125000000000
-0.098144531250
0.033447265625
-0.041015625000
-0.018188476562
-0.131835937500
-0.053955078125
0.070312500000
0.029052734375
-0.106933593750
0.057128906250
-0.003890991211
0.028076171875
0.038330078125
-0.021484375000
-0.040527343750
-0.174804687500
0.193359375000
0.021606445312
0.095214843750
0.028686523438
-0.014770507812
-0.001998901367
0.041748046875
0.012573242188
0.163085937500
-0.035888671875
0.009582519531
0.113769531250
-0.160156250000
0.066406250000
-0.056884765625
0.098144531250
0.009521484375
0.063476562500
-0.032470703125
-0.080078125000
0.115722656250
-0.059814453125
0.089355468750
-0.117675781250
0.035644531250
-0.083007812500
-0.083984375000
0.174804687500
0.333984375000
0.037597656250
0.046630859375
0.146484375000
0.086425781250
-0.046630859375
0.103515625000
-0.037841796875
-0.016479492188
0.160156250000
-0.103027343750
-0.068359375000
0.091308593750
-0.199218750000
0.014282226562
-0.056640625000
-0.027221679688
-0.093750000000
-0.098144531250
0.004211425781
-0.117187500000
0.002258300781
0.054931640625
0.135742187500
-0.056152343750
-0.043457031250
0.026611328125
-0.064453125000
0.124023437500
0.085449218750
-0.188476562500
-0.223632812500
0.041259765625
0.186523437500
-0.029174804688
0.067871093750
0.082031250000
-0.009094238281
-0.173828125000
-0.017822265625
-0.093750000000
-0.038085937500
0.090820312500
0.070800781250
-0.041015625000
-0.006134033203
-0.048583984375
-0.015502929688
-0.020507812500
-0.031494140625
0.094238281250
-0.025512695312
0.058105468750
-0.109375000000
0.049560546875
-0.008605957031
-0.139648437500
-0.016601562500
-0.147460937500
-0.064941406250
0.147460937500
-0.179687500000
0.015014648438
-0.013732910156
-0.032958984375
-0.101074218750
0.179687500000
0.012939453125
-0.107910156250
-0.045410156250
-0.004272460938
0.039550781250
0.000081062317
0.029541015625
0.046630859375
-0.063964843750
0.058105468750
-0.065429687500
-0.093750000000
0.031738281250
0.052734375000
-0.029174804688
-0.100097656250
0.096191406250
-0.025878906250
0.089355468750
-0.113281250000
0.100097656250
-0.043945312500
0.088867187500
0.070800781250
0.004577636719
0.010131835938
0.126953125000
0.089355468750
0.047363281250
0.103027343750
-0.096679687500
-0.109375000000
-0.088867187500
-0.072265625000
-0.017333984375
-0.016357421875
0.019531250000
0.025268554688
-0.277343750000
-0.143554687500
-0.085449218750
-0.058105468750
0.023071289062
-0.192382812500
0.057617187500
0.104003906250
0.174804687500
0.032226562500
-0.098144531250
-0.080078125000
0.038330078125
-0.175781250000
0.148437500000
0.058837890625
-0.032226562500
0.002563476562
-0.078613281250
0.020751953125
0.085449218750
0.006744384766
-0.212890625000
0.072753906250
-0.024047851562
-0.083496093750
-0.079101562500
-0.051269531250
-0.083984375000
-0.024658203125
-0.054687500000
-0.033447265625
-0.072753906250
-0.129882812500
0.189453125000
-0.102050781250
-0.077636718750
0.032470703125
0.079101562500
0.000907897949
0.083496093750
-0.016357421875
-0.056396484375
-0.135742187500
-0.052978515625
0.243164062500
-0.051513671875
0.047363281250
0.148437500000
-0.000926971436
0.009338378906
0.037353515625
-0.008728027344
-0.101562500000
0.033447265625
-0.138671875000
-0.184570312500
-0.067871093750
0.082519531250
0.026611328125
0.030639648438
-0.201171875000
0.066894531250
-0.030395507812
0.026977539062
-0.073242187500
0.041015625000
-0.048339843750
0.151367187500
-0.027709960938
0.049804687500
-0.030029296875
-0.065429687500
0.039062500000
0.002395629883
0.057373046875
0.055664062500
-0.095214843750
-0.061035156250
0.022216796875
0.140625000000
0.046386718750
0.069335937500
-0.357421875000
-0.081054687500
0.080078125000
0.038085937500
0.081542968750
0.107421875000
-0.179687500000
-0.039550781250
-0.044433593750
0.066406250000
0.050537109375
0.015869140625
0.007781982422
-0.044189453125
0.129882812500
-0.089355468750
-0.046386718750
-0.082519531250
-0.086914062500
0.016845703125
0.081054687500
0.166015625000
-0.441406250000
0.184570312500
-0.112792968750
-0.040527343750
0.026489257812
0.067382812500
0.048339843750
-0.025756835938
0.005554199219
-0.039062500000
-0.205078125000
-0.079101562500
-0.041015625000
-0.074218750000
0.032958984375
-0.107910156250
-0.020996093750
-0.052246093750
0.005706787109
0.077148437500
0.125976562500
0.006896972656
-0.150390625000
-0.226562500000
-0.011657714844
-0.126953125000
-0.136718750000
0.015136718750
0.198242187500
-0.069335937500
-0.056396484375
-0.136718750000
0.122558593750
0.098632812500
-0.042968750000
0.078613281250
0.096679687500
-0.086425781250
0.031005859375
0.054199218750
-0.014709472656
-0.133789062500
-0.069824218750
-0.160156250000
-0.089843750000
-0.081054687500
-0.104003906250
0.026367187500
-0.064453125000
0.140625000000
0.028320312500
-0.041503906250
-0.102539062500
-0.025878906250
0.202148437500
-0.019287109375
-0.040039062500
0.086425781250
0.029052734375
0.019042968750
-0.071777343750
0.033203125000
-0.085937500000
0.020019531250
0.141601562500
0.005889892578
-0.033203125000
-0.040771484375
0.056152343750
0.039306640625
-0.141601562500
0.119628906250
0.025268554688
-0.185546875000
0.105957031250
0.114257812500
-0.001419067383
-0.052734375000
0.014160156250
0.094238281250
0.065917968750
-0.086914062500
0.151367187500
0.042724609375
-0.107421875000
0.154296875000
-0.096191406250
0.012573242188
0.065429687500
-0.090820312500
0.031494140625
-0.132812500000
0.131835937500
-0.020263671875
0.033935546875
0.115722656250
0.060546875000
0.097167968750
0.046142578125
-0.220703125000
-0.056396484375
-0.023559570312
0.066894531250
-0.029296875000
0.125976562500
-0.031250000000
0.051025390625
0.031494140625
-0.047607421875
-0.089355468750
-0.192382812500
0.062988281250
0.063476562500
-0.129882812500
0.071777343750
-0.067871093750
0.051269531250
0.047363281250
0.031005859375
-0.066406250000
-0.058349609375
-0.020507812500
-0.031494140625
-0.028442382812
0.060546875000
-0.077636718750
0.095214843750
-0.044433593750
0.027954101562
0.211914062500
-0.045166015625
0.066894531250
0.025146484375
0.004302978516
-0.080566406250
0.100585937500
-0.041503906250
-0.029052734375
-0.052978515625
0.083007812500
0.015563964844
0.035644531250
0.007507324219
-0.012817382812
-0.023925781250
-0.064453125000
0.095703125000
0.002349853516
0.030395507812
0.003860473633
-0.078125000000
-0.009643554688
-0.010314941406
-0.061523437500
0.055419921875
-0.039794921875
0.062988281250
0.065917968750
-0.158203125000
0.021118164062
-0.056396484375
0.093261718750
0.099609375000
-0.104492187500
0.023193359375
-0.012145996094
-0.089843750000
-0.104492187500
-0.053466796875
0.058593750000
0.129882812500
-0.051757812500
0.141601562500
-0.020263671875
0.009277343750
-0.060791015625
-0.008972167969
0.158203125000
0.050292968750
0.070800781250
-0.102050781250
-0.004486083984
0.088867187500
-0.047851562500
-0.029907226562
0.000576019287
0.047607421875
-0.023071289062
0.079589843750
0.012390136719
-0.046386718750
0.012084960938
0.164062500000
-0.080566406250
-0.152343750000
0.023437500000
0.046142578125
0.102050781250
0.081054687500
-0.142578125000
-0.035156250000
-0.010253906250
-0.021728515625
-0.033447265625
-0.051025390625
-0.016113281250
-0.006866455078
-0.034912109375
-0.021118164062
0.028320312500
0.000070095062
0.101074218750
0.050292968750
-0.029907226562
0.131835937500
0.015075683594
-0.001945495605
-0.093750000000
-0.016723632812
0.063476562500
-0.056152343750
-0.069824218750
0.107421875000
0.084960937500
0.107421875000
0.013244628906
0.076171875000
0.040527343750
-0.046142578125
0.012573242188
-0.023803710938
-0.081542968750
-0.108398437500
-0.125000000000
-0.121093750000
-0.040771484375
-0.076171875000
0.008605957031
0.035156250000
-0.016235351562
-0.101074218750
0.056640625000
0.076660156250
0.115234375000
-0.036376953125
0.038330078125
0.009216308594
-0.037597656250
0.086425781250
-0.092285156250
0.107421875000
0.133789062500
-0.024169921875
-0.126953125000
-0.120117187500
-0.042724609375
-0.108398437500
0.016967773438
-0.095703125000
-0.016723632812
0.036376953125
0.045166015625
-0.063476562500
0.053955078125
-0.100097656250
-0.008178710938
0.051757812500
-0.107421875000
0.001014709473
0.002548217773
-0.204101562500
0.196289062500
-0.041259765625
-0.001983642578
-0.007019042969
0.011657714844
-0.018554687500
0.070312500000
0.095703125000
-0.016113281250
-0.037109375000
-0.038574218750
0.010498046875
-0.006469726562
0.127929687500
-0.028808593750
-0.183593750000
0.076660156250
0.132812500000
0.029052734375
-0.087402343750
0.063476562500
0.012023925781
0.049072265625
-0.003936767578
0.017333984375
-0.017944335938
-0.155273437500
-0.058349609375
0.033691406250
0.150390625000
0.002075195312
0.002319335938
0.049804687500
-0.041748046875
-0.011230468750
-0.003005981445
-0.142578125000
0.152343750000
-0.074218750000
0.046142578125
0.008361816406
0.012939453125
-0.046142578125
0.038574218750
-0.053222656250
0.095703125000
-0.057861328125
-0.081054687500
-0.166015625000
0.054687500000
-0.065429687500
-0.012634277344
0.001533508301
0.064453125000
-0.302734375000
-0.005279541016
0.125976562500
0.013488769531
0.006683349609
0.152343750000
0.083007812500
0.121093750000
0.102050781250
-0.053466796875
0.080078125000
0.054443359375
0.056884765625
-0.158203125000
0.064941406250
0.050292968750
-0.008361816406
0.081054687500
-0.125976562500
0.072265625000
-0.083984375000
0.002258300781
-0.125976562500
-0.009399414062
0.153320312500
-0.004974365234
0.013854980469
-0.074218750000
-0.041259765625
0.138671875000
0.080078125000
-0.042480468750
-0.086914062500
0.017211914062
-0.072265625000
-0.120117187500
0.038818359375
0.163085937500
0.027832031250
-0.039550781250
-0.100097656250
-0.165039062500
0.001411437988
-0.172851562500
0.036865234375
-0.013366699219
-0.113769531250
0.087890625000
-0.006011962891
-0.038330078125
0.133789062500
0.074707031250
0.051757812500
-0.115722656250
-0.091308593750
-0.044677734375
-0.065917968750
0.089355468750
0.076660156250
0.088867187500
0.041503906250
-0.016845703125
0.059814453125
-0.029541015625
0.021972656250
0.056884765625
0.126953125000
-0.120117187500
0.194335937500
0.017822265625
-0.034912109375
0.011840820312
0.075195312500
-0.089355468750
0.030517578125
-0.023193359375
-0.022827148438
0.077636718750
0.024047851562
0.035156250000
0.020629882812
-0.166015625000
-0.113769531250
-0.051269531250
0.021606445312
-0.152343750000
0.009216308594
0.069335937500
-0.106933593750
0.183593750000
0.083984375000
-0.132812500000
0.079589843750
0.185546875000
-0.149414062500
0.118164062500
0.015747070312
-0.081054687500
0.130859375000
-0.085449218750
0.008483886719
-0.090332031250
0.040771484375
-0.068359375000
-0.052978515625
-0.098632812500
-0.035644531250
-0.088867187500
0.097167968750
0.033447265625
0.013916015625
-0.102050781250
0.001831054688
0.099121093750
-0.012817382812
0.070312500000
-0.086425781250
-0.098632812500
-0.153320312500
-0.001373291016
-0.014526367188
-0.018554687500
0.168945312500
0.150390625000
0.066406250000
-0.016845703125
-0.166992187500
0.060058593750
-0.045166015625
-0.159179687500
-0.100585937500
-0.048095703125
-0.054199218750
0.033203125000
0.104003906250
-0.287109375000
-0.057861328125
-0.089355468750
0.024047851562
0.017456054688
-0.055908203125
-0.074707031250
0.139648437500
-0.118164062500
-0.056152343750
0.016479492188
-0.065429687500
0.177734375000
0.056640625000
-0.049560546875
-0.095703125000
0.009155273438
-0.155273437500
0.003189086914
-0.065429687500
0.121093750000
0.057861328125
0.074218750000
-0.145507812500
-0.165039062500
0.116210937500
0.062255859375
-0.075195312500
-0.210937500000
-0.004455566406
-0.036376953125
-0.103515625000
-0.019165039062
-0.175781250000
-0.031982421875
0.105468750000
0.103027343750
0.030273437500
-0.081542968750
0.124023437500
0.081542968750
-0.083984375000
-0.008666992188
-0.062500000000
-0.109863281250
-0.117675781250
0.063476562500
0.000709533691
0.084960937500
0.127929687500
0.025878906250
-0.096679687500
0.089355468750
-0.134765625000
0.022338867188
0.015136718750
0.018798828125
0.064941406250
0.041015625000
-0.041503906250
-0.082519531250
0.051757812500
-0.003646850586
0.035644531250
0.121093750000
0.050537109375
-0.279296875000
-0.122558593750
-0.082031250000
0.056640625000
0.028076171875
0.041015625000
0.139648437500
-0.026489257812
-0.005004882812
0.029663085938
0.057617187500
-0.091308593750
-0.220703125000
0.186523437500
0.027099609375
-0.003158569336
-0.102050781250
-0.151367187500
0.155273437500
-0.024902343750
0.032958984375
0.075195312500
-0.079101562500
0.100585937500
-0.035644531250
0.068359375000
0.098632812500
-0.072265625000
0.228515625000
-0.010009765625
-0.081542968750
-0.084960937500
-0.144531250000
0.083984375000
-0.166992187500
-0.126953125000
0.015991210938
0.001937866211
-0.030883789062
-0.053955078125
0.032714843750
-0.064453125000
-0.067382812500
0.020141601562
0.127929687500
-0.057861328125
-0.036132812500
0.051513671875
-0.173828125000
0.033691406250
0.102050781250
0.089843750000
-0.011535644531
0.107421875000
-0.034667968750
-0.109375000000
-0.101562500000
0.030639648438
0.000087261200
0.041992187500
-0.044677734375
0.137695312500
-0.080566406250
-0.144531250000
0.057617187500
-0.058837890625
0.100097656250
-0.014587402344
0.137695312500
-0.138671875000
-0.024169921875
-0.014892578125
0.039794921875
-0.017700195312
0.017822265625
-0.087402343750
-0.086425781250
0.032226562500
0.151367187500
-0.044189453125
0.040527343750
-0.201171875000
-0.233398437500
0.150390625000
-0.086914062500
0.030151367188
-0.153320312500
0.036865234375
0.022583007812
-0.054199218750
0.129882812500
0.153320312500
-0.054687500000
0.001571655273
0.105468750000
0.021118164062
0.113769531250
-0.152343750000
-0.052490234375
-0.103027343750
0.031005859375
-0.116210937500
-0.125976562500
-0.128906250000
0.058349609375
-0.139648437500
0.086914062500
-0.037841796875
-0.109375000000
0.007629394531
-0.046630859375
-0.080078125000
-0.085449218750
0.041015625000
0.239257812500
0.106445312500
0.194335937500
0.038574218750
0.018188476562
0.088867187500
-0.241210937500
0.089355468750
-0.116210937500
0.024414062500
0.023681640625
0.147460937500
-0.007934570312
0.019165039062
-0.030151367188
-0.117675781250
0.128906250000
0.101074218750
-0.000766754150
-0.088867187500
0.141601562500
-0.020019531250
0.082519531250
0.049804687500
-0.064941406250
-0.028442382812
0.158203125000
0.006286621094
0.121582031250
-0.031982421875
0.180664062500
0.015441894531
-0.000016927719
0.020751953125
0.105468750000
0.047363281250
-0.000356674194
-0.192382812500
0.059570312500
0.083984375000
0.081054687500
-0.012084960938
-0.037841796875
-0.014770507812
0.017211914062
-0.051269531250
0.020263671875
-0.100097656250
0.079589843750
0.058837890625
0.041503906250
-0.030151367188
0.022216796875
-0.068359375000
-0.151367187500
-0.021484375000
0.010009765625
-0.263671875000
-0.070800781250
-0.009765625000
-0.157226562500
-0.057373046875
0.143554687500
0.001312255859
-0.071289062500
0.035888671875
0.002990722656
-0.105468750000
-0.063964843750
0.140625000000
-0.187500000000
0.157226562500
-0.066894531250
0.017944335938
0.119140625000
0.143554687500
-0.028808593750
0.007476806641
0.075683593750
-0.041503906250
0.038574218750
0.093750000000
-0.162109375000
-0.160156250000
0.027465820312
0.052734375000
-0.000507354736
-0.107421875000
-0.123046875000
0.021118164062
0.089843750000
-0.057617187500
0.047363281250
-0.032714843750
-0.024536132812
0.177734375000
0.027221679688
-0.104980468750
-0.084472656250
-0.032470703125
0.140625000000
0.038085937500
0.120605468750
0.002410888672
-0.122558593750
-0.038574218750
0.104980468750
0.035888671875
0.000823974609
-0.328125000000
-0.023193359375
0.083496093750
0.016967773438
-0.092773437500
0.028808593750
-0.106445312500
-0.129882812500
-0.015991210938
-0.130859375000
0.000140190125
-0.073730468750
-0.058593750000
0.007232666016
-0.040771484375
-0.023315429688
0.000629425049
0.052978515625
0.026733398438
0.031982421875
0.076660156250
-0.050292968750
-0.112304687500
-0.020141601562
0.000854492188
-0.043945312500
-0.164062500000
0.034912109375
-0.097656250000
-0.105957031250
-0.149414062500
0.081054687500
0.041503906250
-0.058837890625
-0.067871093750
-0.017456054688
0.031127929688
-0.019287109375
0.136718750000
-0.028320312500
-0.119628906250
0.159179687500
-0.093261718750
-0.099121093750
-0.032958984375
0.074707031250
0.036865234375
0.077148437500
-0.182617187500
-0.098632812500
-0.071289062500
-0.065917968750
0.077636718750
0.012329101562
0.068847656250
-0.021728515625
-0.106445312500
0.008239746094
0.186523437500
0.114746093750
0.136718750000
-0.185546875000
0.060546875000
0.130859375000
-0.028198242188
-0.054931640625
0.324218750000
0.088378906250
-0.074218750000
-0.061279296875
-0.074218750000
-0.044677734375
0.102050781250
-0.073242187500
-0.060058593750
-0.233398437500
0.112792968750
-0.064453125000
-0.001800537109
-0.075683593750
-0.007507324219
0.044677734375
-0.038818359375
-0.168945312500
0.009704589844
-0.003799438477
-0.035400390625
0.034667968750
-0.023681640625
0.018432617188
0.080078125000
-0.078613281250
0.023315429688
0.130859375000
-0.126953125000
0.005462646484
-0.083496093750
-0.167968750000
0.314453125000
-0.033935546875
-0.088378906250
-0.041015625000
0.016845703125
0.025634765625
-0.105957031250
-0.130859375000
0.013916015625
-0.063964843750
-0.065429687500
-0.063476562500
0.103515625000
0.149414062500
0.020263671875
-0.049316406250
0.001312255859
0.021362304688
-0.006042480469
0.057128906250
0.058593750000
0.109375000000
-0.016845703125
-0.072265625000
-0.026611328125
-0.087402343750
-0.055419921875
0.027465820312
-0.140625000000
0.179687500000
0.048339843750
-0.016967773438
-0.103515625000
0.077148437500
0.034912109375
-0.142578125000
-0.118652343750
-0.098144531250
0.088867187500
0.011291503906
0.074218750000
-0.081542968750
-0.017456054688
-0.059570312500
0.107421875000
0.016845703125
-0.053955078125
0.079101562500
-0.026245117188
-0.056640625000
-0.073730468750
0.005981445312
-0.016845703125
-0.045166015625
-0.078613281250
0.053710937500
-0.065429687500
0.062255859375
-0.118164062500
0.118652343750
-0.055664062500
-0.138671875000
0.111816406250
0.031250000000
-0.097167968750
-0.068359375000
-0.054443359375
-0.006774902344
-0.107421875000
0.087890625000
0.052001953125
-0.008850097656
0.088378906250
-0.007202148438
-0.072265625000
0.122558593750
0.037353515625
-0.034912109375
0.031738281250
-0.041259765625
0.054687500000
0.043701171875
0.062500000000
-0.138671875000
0.067871093750
-0.073730468750
-0.046630859375
0.064941406250
0.099609375000
0.037841796875
-0.032958984375
-0.047119140625
-0.156250000000
0.183593750000
0.014221191406
-0.166015625000
-0.071777343750
-0.071777343750
0.018676757812
-0.178710937500
0.180664062500
-0.001724243164
-0.118652343750
-0.159179687500
0.143554687500
0.171875000000
-0.081054687500
-0.047363281250
-0.251953125000
-0.010375976562
-0.084960937500
-0.069335937500
0.004547119141
-0.129882812500
0.102539062500
-0.004180908203
0.025024414062
0.051269531250
-0.189453125000
0.208007812500
0.045166015625
0.018310546875
0.030395507812
0.146484375000
0.012023925781
-0.062500000000
0.186523437500
0.068847656250
0.019653320312
0.018676757812
-0.047363281250
-0.046630859375
0.092285156250
0.052246093750
0.098632812500
-0.072753906250
-0.005432128906
-0.015319824219
0.058105468750
-0.135742187500
-0.029418945312
-0.068847656250
0.009948730469
-0.114746093750
-0.077636718750
0.083984375000
-0.088378906250
-0.010314941406
0.170898437500
-0.031127929688
-0.150390625000
-0.014648437500
-0.116210937500
-0.037109375000
0.034912109375
-0.029418945312
-0.227539062500
0.005859375000
0.069824218750
0.106933593750
0.135742187500
0.040527343750
-0.204101562500
0.153320312500
0.054199218750
-0.105957031250
0.112304687500
0.085937500000
0.039062500000
0.062500000000
-0.171875000000
-0.330078125000
-0.054443359375
-0.148437500000
0.015625000000
0.028198242188
-0.063476562500
-0.124023437500
-0.135742187500
-0.011230468750
0.203125000000
0.013244628906
-0.068359375000
-0.213867187500
-0.046875000000
-0.019042968750
0.034179687500
0.095703125000
-0.140625000000
-0.161132812500
0.026489257812
-0.030273437500
0.060302734375
-0.071777343750
0.026611328125
0.110351562500
-0.159179687500
0.103515625000
0.063476562500
-0.079589843750
-0.149414062500
0.042968750000
-0.032226562500
0.042968750000
0.053466796875
-0.061279296875
0.000881195068
0.096679687500
-0.135742187500
-0.037109375000
-0.042968750000
0.007171630859
-0.120117187500
0.065429687500
0.025146484375
-0.121093750000
0.040039062500
0.066894531250
-0.107421875000
-0.156250000000
0.099609375000
0.046142578125
-0.033691406250
-0.008789062500
0.114746093750
-0.207031250000
0.027587890625
-0.045410156250
-0.041992187500
-0.084960937500
0.137695312500
-0.090332031250
-0.031250000000
0.012207031250
0.074707031250
0.072265625000
0.015502929688
-0.016601562500
-0.094238281250
0.039306640625
0.112792968750
-0.071777343750
0.037597656250
0.022338867188
0.218750000000
-0.094726562500
-0.083007812500
-0.093261718750
-0.069335937500
-0.084960937500
0.010437011719
-0.045898437500
-0.144531250000
0.025024414062
0.091308593750
-0.018554687500
0.076171875000
-0.020507812500
-0.006561279297
-0.205078125000
-0.032958984375
-0.101562500000
0.030517578125
0.143554687500
-0.128906250000
0.112792968750
0.042480468750
-0.167968750000
0.001411437988
-0.017456054688
0.096191406250
-0.102539062500
0.141601562500
-0.036376953125
0.117675781250
0.104492187500
-0.165039062500
-0.125000000000
0.053222656250
-0.140625000000
0.128906250000
0.045410156250
0.077636718750
-0.017944335938
-0.124023437500
-0.064453125000
0.038085937500
0.038818359375
-0.088867187500
0.092773437500
0.186523437500
-0.093750000000
0.029663085938
0.075195312500
-0.032226562500
-0.031982421875
0.035888671875
-0.186523437500
-0.007293701172
0.025512695312
0.125976562500
0.006561279297
0.051757812500
-0.103515625000
0.069824218750
-0.133789062500
0.033447265625
-0.030517578125
0.045898437500
0.001510620117
-0.062988281250
0.041748046875
0.055175781250
-0.087890625000
-0.060546875000
0.241210937500
-0.005187988281
-0.068359375000
0.160156250000
0.116210937500
-0.000576019287
-0.153320312500
-0.125000000000
0.035400390625
-0.040039062500
0.061035156250
-0.117675781250
0.054443359375
0.161132812500
-0.098144531250
0.083984375000
0.104980468750
-0.003692626953
-0.085937500000
0.014282226562
-0.152343750000
0.114746093750
0.184570312500
0.025390625000
0.086914062500
-0.047851562500
0.094726562500
-0.000410079956
-0.001083374023
-0.217773437500
-0.043457031250
-0.023071289062
-0.027709960938
0.075195312500
0.022216796875
-0.011169433594
0.080078125000
0.038330078125
0.123046875000
0.146484375000
0.015380859375
-0.029541015625
-0.069335937500
0.121093750000
-0.025878906250
-0.013183593750
0.144531250000
0.056152343750
0.068847656250
0.028198242188
-0.108886718750
0.037597656250
0.064453125000
-0.034667968750
0.245117187500
-0.041748046875
-0.161132812500
-0.199218750000
-0.019653320312
-0.117675781250
0.015991210938
-0.024414062500
0.069335937500
0.165039062500
-0.116210937500
0.009338378906
0.015014648438
0.086425781250
-0.123535156250
0.028686523438
0.109375000000
0.157226562500
-0.375000000000
0.078613281250
-0.004486083984
-0.048583984375
0.015380859375
0.197265625000
0.018066406250
-0.003784179688
0.100097656250
-0.014709472656
0.014953613281
0.089355468750
0.085937500000
-0.042968750000
0.117675781250
-0.016601562500
0.070800781250
-0.048583984375
0.001815795898
-0.083984375000
-0.072753906250
-0.204101562500
-0.060791015625
-0.102539062500
-0.043457031250
-0.052490234375
-0.139648437500
-0.163085937500
0.103515625000
-0.051757812500
-0.053466796875
-0.054199218750
0.013305664062
0.105468750000
-0.095214843750
-0.031127929688
-0.207031250000
-0.020507812500
0.018310546875
-0.050048828125
-0.130859375000
0.046875000000
-0.075683593750
-0.082519531250
0.104980468750
0.056152343750
-0.144531250000
-0.222656250000
-0.077148437500
-0.021484375000
-0.038085937500
-0.062255859375
-0.064453125000
-0.045898437500
0.078125000000
-0.043701171875
-0.045898437500
0.111328125000
0.035156250000
-0.269531250000
-0.031738281250
0.082519531250
-0.165039062500
-0.095214843750
-0.052978515625
-0.035156250000
0.011047363281
-0.133789062500
-0.112792968750
0.030639648438
-0.060302734375
-0.002456665039
0.126953125000
-0.065917968750
0.090332031250
0.010498046875
0.051757812500
0.124511718750
0.042236328125
-0.195312500000
-0.013000488281
0.076171875000
0.068359375000
0.119628906250
0.124023437500
-0.040771484375
0.076660156250
-0.039306640625
-0.084960937500
0.041259765625
0.161132812500
-0.040039062500
0.126953125000
-0.175781250000
-0.044433593750
0.076171875000
-0.010986328125
0.068847656250
-0.175781250000
0.005126953125
0.026733398438
0.110351562500
0.125976562500
-0.036132812500
0.117187500000
0.031005859375
0.045654296875
-0.137695312500
0.062011718750
-0.218750000000
0.023437500000
0.028808593750
0.121582031250
0.009704589844
-0.084472656250
-0.017456054688
-0.082519531250
0.020141601562
-0.052734375000
-0.020019531250
-0.065917968750
-0.154296875000
-0.097656250000
0.042724609375
0.067871093750
0.097656250000
0.114257812500
-0.055664062500
0.063964843750
0.073242187500
-0.392578125000
-0.037109375000
-0.075683593750
0.009582519531
0.036865234375
-0.017700195312
0.038330078125
-0.018066406250
-0.005523681641
-0.022827148438
0.124023437500
-0.015869140625
-0.042724609375
0.075683593750
-0.052246093750
-0.064453125000
-0.049560546875
-0.039062500000
-0.052734375000
-0.053955078125
0.003601074219
0.123535156250
0.025634765625
0.082519531250
0.063476562500
0.137695312500
0.204101562500
0.092285156250
-0.097167968750
0.097656250000
0.065429687500
0.034912109375
-0.022460937500
0.050537109375
0.120117187500
-0.031127929688
0.010070800781
-0.012207031250
0.072753906250
-0.157226562500
-0.010498046875
0.020141601562
0.024536132812
-0.061767578125
-0.310546875000
-0.059570312500
-0.019165039062
0.052246093750
0.021850585938
-0.007019042969
-0.173828125000
-0.103027343750
-0.015563964844
0.082519531250
-0.089843750000
-0.078613281250
-0.048828125000
0.177734375000
0.134765625000
-0.078125000000
-0.036621093750
-0.052490234375
0.053710937500
-0.014404296875
-0.016235351562
0.033203125000
0.055175781250
-0.026245117188
0.027221679688
0.116210937500
-0.193359375000
-0.007568359375
0.100097656250
0.048583984375
0.103027343750
-0.051757812500
-0.138671875000
-0.027587890625
0.129882812500
0.026123046875
-0.065429687500
-0.091796875000
0.075683593750
0.052978515625
-0.067382812500
0.122070312500
0.110839843750
-0.099609375000
0.017700195312
0.063476562500
0.072753906250
-0.009338378906
0.005340576172
0.074707031250
-0.019409179688
-0.124511718750
-0.071289062500
-0.188476562500
0.033203125000
-0.099121093750
0.103027343750
0.087890625000
-0.096191406250
0.039306640625
0.167968750000
-0.018432617188
-0.062988281250
0.128906250000
-0.055908203125
0.100097656250
-0.054687500000
0.318359375000
-0.180664062500
-0.162109375000
-0.128906250000
0.049804687500
-0.005187988281
-0.091796875000
0.052734375000
0.023681640625
0.140625000000
-0.222656250000
0.031494140625
0.098632812500
-0.005645751953
0.159179687500
-0.108398437500
-0.091796875000
-0.120117187500
-0.015258789062
0.125000000000
0.237304687500
-0.061035156250
0.094726562500
-0.024658203125
-0.007263183594
0.096191406250
0.013916015625
-0.114746093750
-0.041992187500
-0.041748046875
0.249023437500
-0.019897460938
0.023315429688
-0.101562500000
0.065917968750
-0.157226562500
-0.058349609375
0.034912109375
0.240234375000
-0.250000000000
-0.202148437500
0.011718750000
-0.112792968750
-0.050781250000
0.131835937500
0.022705078125
0.033447265625
-0.026611328125
0.069824218750
-0.045166015625
-0.030151367188
-0.022583007812
0.104003906250
0.027099609375
-0.012817382812
0.001373291016
0.047851562500
-0.009704589844
0.018920898438
-0.141601562500
-0.056152343750
-0.011535644531
0.033447265625
0.043945312500
0.054687500000
0.062500000000
-0.160156250000
0.050781250000
0.063476562500
0.130859375000
-0.011413574219
-0.146484375000
-0.142578125000
0.156250000000
-0.173828125000
-0.043212890625
0.005065917969
0.046630859375
-0.047119140625
-0.106445312500
-0.052246093750
0.040527343750
0.178710937500
-0.083007812500
-0.057617187500
0.071289062500
-0.065917968750
-0.010986328125
0.052490234375
-0.072265625000
0.011169433594
-0.034912109375
-0.069335937500
-0.019165039062
0.193359375000
-0.013977050781
-0.018554687500
-0.127929687500
0.049560546875
-0.126953125000
-0.029296875000
-0.091308593750
-0.095214843750
0.065917968750
0.024169921875
-0.059082031250
0.086425781250
0.002487182617
-0.062988281250
-0.011108398438
0.048828125000
0.049560546875
-0.002822875977
-0.111816406250
-0.040283203125
-0.127929687500
-0.038330078125
-0.018920898438
0.083007812500
0.047851562500
0.122558593750
-0.049316406250
-0.041015625000
0.018066406250
-0.031494140625
-0.026611328125
0.009826660156
0.026000976562
-0.201171875000
-0.079101562500
0.023681640625
0.020751953125
0.004241943359
-0.136718750000
0.124023437500
0.023071289062
0.011474609375
0.127929687500
-0.102050781250
-0.055664062500
-0.025878906250
-0.045898437500
-0.189453125000
0.015625000000
0.028076171875
-0.173828125000
0.116210937500
-0.105468750000
-0.086914062500
-0.013366699219
-0.166015625000
0.024414062500
0.016113281250
0.056152343750
-0.054443359375
-0.115722656250
0.138671875000
0.230468750000
0.073242187500
0.137695312500
-0.191406250000
0.088867187500
-0.005126953125
0.171875000000
0.053955078125
0.076660156250
0.004425048828
-0.121093750000
-0.199218750000
-0.057128906250
0.040039062500
0.028442382812
-0.056152343750
-0.034179687500
-0.044921875000
-0.049316406250
-0.070800781250
-0.037597656250
0.046142578125
0.086914062500
-0.064941406250
0.098144531250
-0.065917968750
0.051513671875
0.119140625000
-0.157226562500
0.050292968750
-0.039062500000
0.011535644531
0.123535156250
-0.069335937500
-0.110839843750
-0.070312500000
-0.048828125000
-0.109375000000
0.058349609375
0.041503906250
0.077636718750
0.072265625000
-0.031738281250
-0.088867187500
0.083496093750
0.115722656250
0.005096435547
0.027343750000
0.215820312500
-0.078125000000
-0.061767578125
-0.074707031250
0.031982421875
-0.033447265625
-0.012817382812
-0.021606445312
-0.108886718750
0.142578125000
-0.111816406250
0.046142578125
0.063964843750
0.130859375000
-0.022460937500
0.070312500000
-0.081054687500
-0.136718750000
0.014099121094
0.013183593750
0.041259765625
0.022949218750
0.084960937500
-0.151367187500
0.163085937500
-0.115234375000
-0.080078125000
-0.076171875000
-0.105468750000
-0.024291992188
-0.052246093750
-0.065917968750
0.051757812500
0.038818359375
-0.131835937500
0.113281250000
-0.050537109375
0.028686523438
0.047363281250
0.081542968750
0.030151367188
-0.015258789062
0.072753906250
-0.010986328125
-0.197265625000
-0.064941406250
0.080078125000
0.049804687500
0.049072265625
-0.050781250000
0.023559570312
0.078125000000
-0.121582031250
-0.071289062500
-0.142578125000
0.159179687500
0.067871093750
0.048095703125
0.102539062500
-0.081542968750
-0.003326416016
0.038574218750
-0.079101562500
-0.032226562500
-0.048339843750
-0.117675781250
-0.063964843750
-0.094726562500
-0.033935546875
-0.012084960938
-0.041503906250
-0.098632812500
-0.091796875000
-0.044189453125
0.010925292969
0.030029296875
-0.086425781250
0.154296875000
-0.251953125000
-0.060302734375
-0.106445312500
0.056640625000
-0.049316406250
0.033935546875
-0.179687500000
0.118164062500
-0.054443359375
0.021606445312
0.110351562500
0.049316406250
0.094238281250
0.129882812500
-0.039794921875
-0.054443359375
-0.035156250000
-0.078125000000
0.073730468750
-0.100097656250
-0.037109375000
0.037353515625
-0.186523437500
-0.040039062500
0.037109375000
0.071289062500
0.029541015625
-0.139648437500
-0.085449218750
-0.009460449219
-0.003128051758
0.059082031250
-0.104492187500
-0.094238281250
-0.002868652344
0.050537109375
-0.078125000000
0.131835937500
-0.136718750000
0.018066406250
0.011230468750
0.061523437500
0.166015625000
0.003799438477
-0.047607421875
-0.218750000000
0.019775390625
-0.035888671875
-0.025878906250
-0.145507812500
-0.022583007812
-0.063964843750
0.105957031250
0.022094726562
0.014587402344
-0.025024414062
-0.042480468750
0.177734375000
-0.062988281250
0.041259765625
-0.131835937500
-0.001029968262
-0.353515625000
0.075683593750
0.058593750000
-0.117675781250
0.080078125000
-0.017944335938
0.061279296875
-0.054931640625
-0.167968750000
0.120117187500
0.019287109375
-0.025756835938
0.004699707031
-0.073730468750
0.048828125000
0.135742187500
0.104980468750
0.049560546875
0.009094238281
-0.054931640625
-0.140625000000
-0.012329101562
-0.153320312500
-0.048828125000
0.037841796875
0.009826660156
-0.005889892578
0.183593750000
0.054687500000
0.059570312500
-0.002700805664
0.014648437500
-0.098144531250
0.096191406250
0.084472656250
0.056396484375
-0.018676757812
0.030273437500
-0.046630859375
0.021362304688
0.004821777344
0.018066406250
0.015625000000
-0.063964843750
0.027221679688
-0.009826660156
0.035644531250
0.042480468750
-0.183593750000
0.089843750000
-0.009704589844
0.018798828125
-0.157226562500
0.048095703125
0.062011718750
0.140625000000
0.025146484375
-0.127929687500
0.077148437500
-0.153320312500
-0.015991210938
-0.062255859375
-0.149414062500
-0.011718750000
-0.029541015625
-0.033935546875
0.011230468750
-0.225585937500
0.157226562500
0.017700195312
-0.044921875000
-0.072265625000
-0.021728515625
-0.133789062500
-0.062500000000
-0.060058593750
0.062255859375
-0.059326171875
0.169921875000
0.054443359375
0.004394531250
-0.245117187500
0.004364013672
0.114746093750
0.029907226562
0.212890625000
-0.006652832031
-0.132812500000
0.056884765625
0.062255859375
0.035156250000
0.032714843750
-0.127929687500
-0.019165039062
-0.004455566406
0.109863281250
-0.153320312500
-0.061279296875
0.035644531250
0.116699218750
-0.212890625000
-0.086914062500
0.017944335938
-0.020996093750
0.253906250000
0.216796875000
-0.138671875000
-0.181640625000
0.050781250000
0.064941406250
-0.193359375000
-0.046386718750
0.071777343750
0.140625000000
-0.096191406250
0.121582031250
-0.067871093750
-0.116210937500
0.137695312500
0.025634765625
0.089843750000
-0.083007812500
0.116699218750
-0.060302734375
-0.075683593750
0.053222656250
-0.143554687500
-0.103027343750
0.078613281250
0.289062500000
0.098144531250
0.022216796875
0.110839843750
-0.017456054688
-0.155273437500
-0.137695312500
-0.017700195312
-0.070312500000
-0.073730468750
-0.024536132812
0.178710937500
0.031494140625
0.107421875000
0.060302734375
-0.277343750000
-0.164062500000
0.022094726562
-0.085449218750
0.320312500000
0.016479492188
-0.027587890625
-0.151367187500
-0.108398437500
-0.018554687500
-0.061767578125
-0.169921875000
-0.107910156250
0.009521484375
-0.000082015991
-0.062011718750
0.005737304688
-0.071289062500
0.112792968750
0.040771484375
-0.014404296875
0.080566406250
0.029907226562
0.057128906250
-0.138671875000
-0.068847656250
-0.080566406250
-0.001945495605
0.053955078125
-0.247070312500
0.143554687500
0.002960205078
-0.089355468750
0.035644531250
-0.176757812500
-0.053222656250
-0.126953125000
-0.111328125000
-0.099121093750
-0.027709960938
-0.200195312500
0.038818359375
0.065429687500
-0.146484375000
-0.058593750000
-0.227539062500
0.114746093750
-0.056640625000
0.002365112305
-0.030395507812
-0.087402343750
0.030883789062
-0.050781250000
0.039306640625
-0.052734375000
-0.001037597656
-0.125000000000
-0.080566406250
-0.054199218750
-0.122558593750
0.074218750000
-0.050292968750
0.213867187500
-0.059326171875
-0.083007812500
-0.036621093750
0.243164062500
0.028198242188
0.002853393555
-0.104492187500
0.016967773438
-0.120117187500
-0.021728515625
0.028320312500
0.088867187500
-0.095703125000
0.117187500000
0.097167968750
0.031250000000
0.015319824219
-0.064941406250
-0.022460937500
0.119140625000
0.061767578125
-0.091796875000
0.048828125000
-0.006652832031
-0.106445312500
-0.138671875000
-0.022338867188
-0.025024414062
-0.076660156250
0.105468750000
0.182617187500
-0.170898437500
0.034179687500
-0.055908203125
-0.095214843750
0.041259765625
-0.067382812500
0.198242187500
0.076171875000
-0.271484375000
-0.200195312500
0.095703125000
-0.071289062500
0.008728027344
0.088378906250
-0.032958984375
0.093750000000
0.110351562500
0.085449218750
0.160156250000
0.001937866211
-0.029785156250
0.050048828125
-0.003250122070
0.106933593750
0.190429687500
0.035400390625
0.060302734375
0.013671875000
-0.101562500000
-0.205078125000
-0.095703125000
-0.085449218750
-0.004302978516
-0.106445312500
-0.076171875000
0.117187500000
0.098144531250
-0.019042968750
-0.021728515625
0.122558593750
0.089355468750
-0.246093750000
0.027221679688
-0.084960937500
0.113281250000
0.111328125000
0.041015625000
-0.058593750000
0.034667968750
-0.119628906250
0.041503906250
-0.033935546875
-0.145507812500
-0.031250000000
0.162109375000
-0.017578125000
-0.157226562500
-0.193359375000
-0.046142578125
-0.059082031250
-0.011474609375
-0.142578125000
-0.163085937500
-0.197265625000
-0.050048828125
-0.195312500000
0.066406250000
-0.102539062500
0.079589843750
-0.029174804688
0.000291824341
0.032714843750
-0.066894531250
-0.112304687500
0.057617187500
-0.123046875000
-0.108886718750
-0.074707031250
0.093261718750
-0.038818359375
-0.030761718750
-0.015991210938
-0.023681640625
-0.159179687500
-0.096679687500
-0.107910156250
-0.062988281250
0.020141601562
-0.009521484375
0.000149726868
0.131835937500
-0.046630859375
0.034667968750
0.192382812500
-0.036865234375
-0.048095703125
-0.061279296875
-0.099121093750
-0.004089355469
0.209960937500
0.084472656250
0.091308593750
-0.057128906250
0.019409179688
0.104980468750
-0.133789062500
-0.184570312500
0.184570312500
-0.052246093750
0.099121093750
0.091796875000
0.071777343750
-0.083496093750
-0.064453125000
0.077636718750
-0.026611328125
0.146484375000
0.079101562500
0.227539062500
0.097167968750
0.102050781250
0.115234375000
-0.010192871094
0.047851562500
-0.075683593750
-0.021484375000
-0.000911712646
-0.143554687500
-0.128906250000
0.208984375000
0.037597656250
0.173828125000
-0.106445312500
-0.104003906250
0.098632812500
-0.053466796875
0.085937500000
-0.006134033203
-0.161132812500
0.061767578125
-0.015319824219
0.069824218750
0.070800781250
0.031982421875
0.190429687500
0.070312500000
-0.042236328125
0.004760742188
-0.077148437500
0.026977539062
0.074218750000
0.137695312500
0.116699218750
0.145507812500
-0.194335937500
0.147460937500
0.045898437500
0.046875000000
-0.076171875000
-0.040039062500
-0.071777343750
0.008972167969
-0.049804687500
-0.070800781250
-0.095703125000
0.014160156250
0.100097656250
0.113281250000
0.072753906250
-0.259765625000
0.098144531250
-0.032714843750
0.075683593750
0.085449218750
-0.075683593750
-0.094238281250
0.031738281250
-0.072265625000
-0.069335937500
0.125976562500
-0.102539062500
-0.011840820312
-0.007507324219
-0.222656250000
0.054199218750
-0.013244628906
0.104003906250
0.090332031250
-0.011291503906
-0.003646850586
0.024780273438
-0.058593750000
-0.101074218750
-0.154296875000
-0.047119140625
0.180664062500
-0.022094726562
-0.043701171875
-0.064453125000
0.087402343750
0.148437500000
0.065917968750
-0.050048828125
-0.082519531250
-0.076660156250
0.012878417969
-0.101562500000
-0.109863281250
-0.045166015625
-0.050292968750
-0.000968933105
0.002227783203
0.010742187500
0.139648437500
-0.050048828125
-0.065917968750
-0.049072265625
-0.115234375000
0.018066406250
-0.049316406250
0.107421875000
0.003784179688
0.026855468750
0.009216308594
0.070312500000
0.170898437500
-0.102050781250
-0.048339843750
0.108886718750
-0.027221679688
-0.091796875000
-0.214843750000
0.065429687500
-0.031494140625
0.151367187500
0.044921875000
0.011657714844
0.102539062500
0.071289062500
-0.106445312500
0.029418945312
-0.013732910156
-0.064941406250
-0.070800781250
0.003341674805
-0.041259765625
-0.056152343750
-0.021362304688
0.062988281250
0.007049560547
0.053710937500
-0.106445312500
-0.107421875000
0.047363281250
-0.070312500000
-0.016967773438
0.062988281250
0.210937500000
0.038085937500
-0.027709960938
0.143554687500
0.055664062500
-0.118164062500
-0.069824218750
-0.183593750000
-0.116210937500
0.153320312500
0.037109375000
-0.125976562500
-0.018676757812
0.032226562500
-0.036376953125
-0.091796875000
0.053710937500
0.113769531250
-0.118652343750
-0.062500000000
-0.007293701172
-0.015380859375
-0.075683593750
-0.084472656250
0.033203125000
0.043945312500
0.031250000000
-0.152343750000
0.123535156250
0.010864257812
0.143554687500
-0.094726562500
0.292968750000
-0.089355468750
-0.039062500000
-0.096679687500
-0.019531250000
-0.093750000000
-0.191406250000
0.020019531250
-0.094726562500
0.119628906250
-0.092285156250
-0.173828125000
0.104003906250
0.112792968750
0.012939453125
-0.069335937500
0.082031250000
-0.085449218750
0.092285156250
-0.075683593750
-0.093261718750
0.150390625000
-0.085449218750
0.005310058594
-0.130859375000
0.033935546875
-0.098632812500
-0.003021240234
0.076660156250
-0.117675781250
0.011657714844
-0.073242187500
0.063476562500
0.002563476562
0.113281250000
0.000088214874
0.133789062500
-0.043457031250
0.011962890625
-0.017822265625
-0.148437500000
-0.062500000000
0.003799438477
0.033691406250
-0.080078125000
-0.021118164062
-0.053466796875
-0.031250000000
-0.073242187500
0.055908203125
0.066894531250
0.108886718750
0.091796875000
-0.124511718750
-0.220703125000
0.070312500000
0.120605468750
0.034423828125
0.050292968750
-0.107910156250
0.049072265625
-0.074218750000
-0.039550781250
-0.089843750000
0.029174804688
0.119140625000
0.057128906250
0.011901855469
0.130859375000
-0.031982421875
0.038085937500
-0.028808593750
0.039062500000
-0.059082031250
0.096679687500
0.036132812500
0.064453125000
-0.152343750000
0.105468750000
-0.172851562500
-0.031250000000
0.111328125000
0.130859375000
-0.050781250000
0.056640625000
-0.116210937500
0.041259765625
-0.042236328125
-0.056640625000
-0.064453125000
-0.106445312500
0.093261718750
-0.152343750000
-0.020019531250
-0.103027343750
0.025878906250
-0.045654296875
0.109375000000
-0.006286621094
0.132812500000
0.000816345215
-0.092285156250
-0.027465820312
-0.078613281250
-0.182617187500
-0.026123046875
-0.103027343750
-0.097656250000
-0.019042968750
0.135742187500
0.144531250000
-0.139648437500
-0.027832031250
0.062500000000
-0.099609375000
-0.030273437500
0.181640625000
-0.023193359375
0.080566406250
0.053710937500
0.170898437500
0.097656250000
-0.148437500000
0.135742187500
0.135742187500
-0.023193359375
0.020507812500
0.166992187500
0.014953613281
-0.179687500000
-0.136718750000
-0.037109375000
-0.098144531250
-0.010498046875
-0.007415771484
-0.085449218750
0.065429687500
0.024414062500
-0.008544921875
-0.101562500000
-0.143554687500
-0.033691406250
-0.052734375000
0.038574218750
-0.039062500000
0.104003906250
-0.048095703125
-0.215820312500
-0.076171875000
0.094726562500
-0.191406250000
0.090820312500
0.033691406250
-0.006164550781
0.158203125000
-0.269531250000
-0.021484375000
0.008728027344
0.127929687500
0.069824218750
-0.133789062500
0.017822265625
-0.027221679688
0.112792968750
0.028930664062
-0.049560546875
0.000778198242
-0.155273437500
-0.089355468750
0.031494140625
0.087890625000
0.018554687500
0.063964843750
-0.154296875000
0.017456054688
-0.152343750000
0.140625000000
-0.107910156250
0.166992187500
-0.184570312500
-0.011962890625
0.024169921875
0.094726562500
0.031738281250
0.075683593750
0.052490234375
-0.019653320312
-0.095703125000
-0.371093750000
-0.015136718750
0.105468750000
0.092773437500
-0.232421875000
0.001655578613
-0.002197265625
-0.020629882812
-0.069824218750
-0.080078125000
0.032714843750
-0.072265625000
0.237304687500
-0.019042968750
0.016235351562
-0.035888671875
-0.036865234375
-0.134765625000
-0.121582031250
-0.119628906250
0.041992187500
0.042724609375
-0.022583007812
0.038330078125
-0.001945495605
0.102539062500
0.096191406250
0.227539062500
0.071289062500
0.054687500000
0.077148437500
-0.108398437500
0.128906250000
-0.029663085938
0.010131835938
-0.079101562500
-0.118652343750
0.114257812500
0.038818359375
-0.018676757812
-0.038330078125
-0.059814453125
0.034179687500
0.023925781250
-0.102050781250
-0.060791015625
-0.000125885010
-0.082519531250
-0.009948730469
-0.281250000000
-0.195312500000
0.096191406250
-0.056152343750
-0.061035156250
-0.010498046875
-0.001464843750
0.135742187500
-0.013916015625
-0.102539062500
-0.129882812500
0.078125000000
0.055664062500
-0.077148437500
-0.206054687500
-0.066894531250
0.026733398438
0.151367187500
-0.023315429688
-0.171875000000
0.007141113281
0.139648437500
-0.178710937500
0.046875000000
0.047851562500
-0.006072998047
-0.042968750000
0.092773437500
0.068847656250
-0.059814453125
0.085449218750
-0.094726562500
0.046875000000
-0.024780273438
0.236328125000
0.016235351562
-0.110351562500
0.011657714844
0.100585937500
-0.054199218750
-0.027954101562
-0.007080078125
-0.013854980469
0.030151367188
0.091796875000
0.044433593750
-0.035888671875
-0.077148437500
0.030029296875
0.023315429688
-0.000368118286
0.092773437500
-0.026123046875
-0.076171875000
-0.092773437500
-0.241210937500
0.040771484375
0.031005859375
0.144531250000
-0.038085937500
-0.115722656250
-0.045410156250
0.034667968750
0.047607421875
0.079589843750
-0.049316406250
0.006378173828
-0.063964843750
-0.031127929688
0.037109375000
-0.031005859375
-0.052734375000
-0.119140625000
0.225585937500
-0.033935546875
0.010864257812
-0.063476562500
-0.013610839844
0.253906250000
0.061523437500
0.033447265625
-0.004486083984
-0.060546875000
0.039550781250
-0.077148437500
0.091308593750
-0.241210937500
-0.055419921875
-0.077636718750
0.018920898438
-0.083007812500
-0.164062500000
-0.152343750000
0.025390625000
-0.037353515625
-0.124511718750
0.081054687500
0.073242187500
0.055419921875
-0.016235351562
0.081542968750
-0.180664062500
-0.112792968750
-0.068359375000
-0.045898437500
-0.076171875000
0.068359375000
-0.156250000000
0.008666992188
0.018798828125
0.257812500000
0.043945312500
0.032958984375
-0.121093750000
-0.050048828125
-0.075195312500
-0.188476562500
0.002395629883
0.163085937500
-0.060058593750
0.146484375000
0.073242187500
0.032958984375
-0.011352539062
-0.051757812500
-0.054687500000
-0.029052734375
-0.003616333008
0.131835937500
0.048828125000
-0.197265625000
0.054931640625
0.036376953125
-0.156250000000
-0.029052734375
-0.086425781250
-0.077148437500
0.060546875000
0.039794921875
-0.032226562500
0.183593750000
0.026611328125
-0.104003906250
-0.138671875000
0.151367187500
0.053466796875
0.283203125000
-0.208007812500
-0.103027343750
0.122558593750
0.029785156250
0.067382812500
-0.015563964844
-0.200195312500
0.086425781250
-0.071289062500
0.087402343750
0.008789062500
-0.038818359375
-0.132812500000
-0.047363281250
-0.026245117188
0.131835937500
-0.075683593750
0.038085937500
0.003479003906
-0.255859375000
0.019653320312
0.016113281250
0.129882812500
0.023803710938
-0.091796875000
-0.145507812500
-0.081054687500
-0.000534057617
-0.056152343750
0.082519531250
0.011352539062
-0.170898437500
-0.030761718750
-0.086425781250
-0.269531250000
0.028564453125
-0.087402343750
-0.045898437500
0.141601562500
0.034179687500
-0.006835937500
0.056152343750
-0.096679687500
0.017578125000
-0.113281250000
-0.020385742188
0.060791015625
0.108398437500
0.087402343750
-0.049316406250
0.054931640625
0.015991210938
-0.092773437500
0.054931640625
-0.031250000000
-0.115722656250
0.269531250000
-0.018188476562
0.060546875000
-0.018676757812
-0.070312500000
-0.083007812500
0.002990722656
-0.106933593750
-0.038330078125
0.229492187500
-0.135742187500
0.005798339844
-0.087402343750
0.031250000000
-0.053710937500
-0.041748046875
-0.103515625000
-0.028686523438
0.059326171875
-0.147460937500
-0.125976562500
-0.162109375000
0.038574218750
0.023803710938
0.180664062500
0.035644531250
-0.006042480469
-0.081054687500
0.024169921875
0.108398437500
0.205078125000
0.111328125000
0.119628906250
0.135742187500
-0.010437011719
0.253906250000
-0.083007812500
-0.001136779785
-0.061035156250
0.121093750000
0.279296875000
0.161132812500
-0.047851562500
0.072265625000
-0.058105468750
-0.053222656250
0.097656250000
0.011901855469
-0.027221679688
-0.096191406250
-0.011718750000
-0.141601562500
0.011596679688
-0.106933593750
0.012207031250
0.005401611328
-0.056884765625
-0.087402343750
0.055908203125
-0.146484375000
-0.239257812500
-0.101562500000
-0.055175781250
-0.134765625000
0.198242187500
0.013549804688
0.053222656250
0.011718750000
0.153320312500
-0.084960937500
0.182617187500
0.031982421875
-0.028442382812
-0.057128906250
-0.076171875000
0.065429687500
0.184570312500
0.058105468750
0.081542968750
-0.006561279297
-0.038330078125
-0.429687500000
-0.016357421875
-0.034423828125
-0.108886718750
0.066406250000
-0.108886718750
0.007263183594
0.050537109375
-0.086425781250
0.067871093750
0.056396484375
0.027465820312
0.031494140625
-0.028442382812
0.001243591309
0.061767578125
0.013793945312
-0.134765625000
-0.024047851562
-0.195312500000
0.033203125000
0.015380859375
0.056884765625
-0.111328125000
-0.068847656250
0.021118164062
0.019409179688
-0.040771484375
-0.002944946289
0.027832031250
0.088378906250
0.030151367188
-0.201171875000
0.042724609375
-0.095214843750
0.040283203125
-0.064941406250
0.023803710938
0.020874023438
0.037353515625
0.018066406250
0.213867187500
-0.054443359375
0.009033203125
0.004364013672
0.210937500000
-0.116699218750
-0.093261718750
0.087402343750
-0.109375000000
0.007629394531
0.019775390625
-0.136718750000
-0.076660156250
-0.121582031250
-0.026977539062
-0.057617187500
0.094726562500
0.017822265625
0.004241943359
-0.042236328125
-0.075195312500
-0.034667968750
0.243164062500
-0.196289062500
0.069824218750
0.059326171875
0.067382812500
0.078613281250
-0.051757812500
-0.020629882812
-0.027221679688
0.028808593750
0.045654296875
-0.002975463867
0.017578125000
0.056640625000
-0.115722656250
-0.049316406250
0.102050781250
0.083007812500
0.104980468750
0.146484375000
-0.098144531250
-0.073730468750
-0.030517578125
-0.022583007812
-0.020751953125
-0.010437011719
-0.134765625000
-0.235351562500
0.101562500000
-0.049072265625
0.061767578125
-0.287109375000
-0.054199218750
0.026123046875
0.052246093750
-0.103027343750
-0.030639648438
-0.034912109375
-0.093750000000
0.016113281250
0.027099609375
-0.137695312500
-0.000104904175
-0.025756835938
0.049072265625
0.058593750000
-0.144531250000
-0.118164062500
-0.005615234375
0.058837890625
0.007019042969
0.210937500000
0.041015625000
-0.056640625000
0.052978515625
0.108886718750
-0.020263671875
-0.019531250000
-0.031738281250
-0.115722656250
0.043945312500
-0.004425048828
0.007080078125
-0.091308593750
0.063476562500
-0.113769531250
-0.124511718750
0.086914062500
0.003021240234
-0.069335937500
0.067871093750
-0.011230468750
-0.117675781250
0.040039062500
0.132812500000
0.070800781250
0.041748046875
-0.134765625000
0.076660156250
-0.004241943359
0.193359375000
-0.064941406250
-0.126953125000
-0.044921875000
-0.071289062500
-0.024291992188
-0.104980468750
-0.071777343750
-0.013061523438
-0.211914062500
0.103515625000
-0.011291503906
0.094726562500
-0.006469726562
-0.093261718750
0.131835937500
-0.021362304688
0.183593750000
-0.042724609375
-0.020385742188
0.016113281250
0.137695312500
-0.085937500000
-0.029174804688
0.085449218750
0.215820312500
-0.108398437500
-0.164062500000
0.038085937500
-0.083007812500
0.015014648438
0.076171875000
-0.112304687500
0.183593750000
-0.017944335938
-0.055664062500
-0.008483886719
-0.066894531250
-0.074218750000
0.042968750000
0.032470703125
0.073730468750
-0.042968750000
0.117187500000
0.135742187500
-0.013183593750
0.053466796875
-0.065429687500
0.075195312500
-0.153320312500
0.129882812500
-0.104492187500
0.059326171875
0.079101562500
-0.019165039062
-0.114257812500
-0.140625000000
0.040771484375
-0.167968750000
0.004089355469
0.056884765625
-0.215820312500
0.023437500000
0.020874023438
-0.021972656250
0.007385253906
0.163085937500
0.033935546875
-0.009521484375
0.015991210938
0.048828125000
0.073730468750
0.100097656250
0.037841796875
0.087890625000
0.040771484375
0.058837890625
-0.044433593750
0.128906250000
-0.064941406250
-0.041748046875
0.221679687500
-0.131835937500
0.104003906250
-0.159179687500
0.020141601562
0.003189086914
-0.162109375000
0.006469726562
0.077148437500
0.215820312500
-0.060546875000
-0.243164062500
0.092285156250
-0.001251220703
0.099121093750
-0.023071289062
-0.071777343750
0.086914062500
-0.146484375000
0.050781250000
0.031494140625
0.077636718750
0.086914062500
-0.034912109375
-0.086914062500
-0.092285156250
-0.024291992188
0.032470703125
0.008666992188
-0.068847656250
-0.082519531250
-0.024536132812
-0.020141601562
-0.027099609375
-0.150390625000
0.043945312500
0.088378906250
-0.079101562500
-0.046386718750
-0.019775390625
0.118652343750
0.081054687500
-0.099121093750
-0.000042200089
0.035156250000
0.043212890625
0.028076171875
-0.059082031250
0.101562500000
-0.205078125000
-0.117187500000
0.145507812500
0.004913330078
-0.073242187500
-0.111328125000
-0.125976562500
0.024780273438
-0.013244628906
-0.084472656250
0.001937866211
-0.119628906250
0.104492187500
0.016845703125
-0.018310546875
-0.089355468750
-0.145507812500
-0.071777343750
0.002868652344
-0.068847656250
-0.199218750000
-0.096679687500
-0.046142578125
-0.010925292969
-0.067382812500
-0.178710937500
0.095703125000
0.078613281250
0.009094238281
0.047607421875
-0.053710937500
0.063964843750
-0.072265625000
0.023803710938
-0.014953613281
0.013427734375
0.118652343750
-0.173828125000
-0.089355468750
-0.088378906250
0.125000000000
-0.125976562500
0.164062500000
0.034912109375
-0.004974365234
0.026367187500
0.077148437500
-0.035888671875
0.073730468750
-0.026367187500
0.136718750000
0.030761718750
-0.095703125000
0.096191406250
0.009643554688
0.086914062500
-0.105468750000
0.105957031250
-0.077636718750
-0.172851562500
0.057617187500
0.092285156250
-0.083007812500
-0.086914062500
-0.156250000000
0.213867187500
0.065429687500
0.084472656250
-0.154296875000
0.061523437500
0.016235351562
0.107910156250
0.059814453125
-0.033691406250
0.104003906250
0.112304687500
0.017822265625
-0.039794921875
-0.066406250000
0.034179687500
0.131835937500
0.004028320312
-0.008911132812
-0.156250000000
-0.115234375000
0.001014709473
0.131835937500
-0.182617187500
0.044189453125
-0.025634765625
-0.050292968750
-0.238281250000
-0.007598876953
-0.053710937500
-0.013427734375
0.043945312500
0.005401611328
-0.004852294922
0.034667968750
-0.063964843750
0.188476562500
-0.039306640625
-0.045654296875
0.050048828125
0.117675781250
-0.047363281250
0.099609375000
-0.014831542969
0.103027343750
0.068847656250
-0.198242187500
0.123046875000
0.055908203125
-0.056152343750
-0.024902343750
-0.202148437500
0.009094238281
0.112792968750
0.028442382812
-0.033691406250
0.112792968750
-0.072753906250
-0.005462646484
0.047851562500
-0.150390625000
0.034912109375
0.115234375000
-0.039550781250
-0.172851562500
0.136718750000
-0.115722656250
-0.086914062500
-0.169921875000
0.068847656250
-0.257812500000
0.162109375000
0.259765625000
-0.084472656250
-0.112792968750
-0.098144531250
-0.090820312500
-0.104003906250
0.082031250000
0.068359375000
0.003250122070
-0.008666992188
-0.029907226562
0.001296997070
0.032470703125
-0.073730468750
-0.080566406250
-0.053710937500
0.023559570312
0.016235351562
-0.007080078125
-0.033691406250
-0.122070312500
0.083984375000
-0.019042968750
0.055419921875
-0.044677734375
0.073242187500
0.178710937500
0.199218750000
0.132812500000
0.242187500000
-0.027587890625
-0.035644531250
0.092285156250
-0.300781250000
0.028198242188
0.156250000000
-0.019165039062
-0.035644531250
0.152343750000
0.018066406250
0.098632812500
-0.060302734375
-0.041992187500
0.046630859375
0.192382812500
-0.032226562500
-0.003234863281
-0.125976562500
0.003341674805
0.043945312500
0.154296875000
-0.206054687500
0.029785156250
0.002746582031
-0.043457031250
0.069824218750
-0.026977539062
0.222656250000
-0.169921875000
0.089355468750
0.040527343750
-0.020019531250
0.008544921875
0.220703125000
-0.188476562500
0.022949218750
0.013732910156
0.011352539062
-0.011230468750
-0.083984375000
-0.137695312500
0.026489257812
-0.186523437500
-0.052978515625
-0.204101562500
-0.021118164062
-0.128906250000
-0.054199218750
-0.045898437500
0.017944335938
0.088867187500
0.006988525391
0.015991210938
-0.015563964844
-0.067382812500
0.199218750000
-0.083984375000
-0.039550781250
0.041992187500
0.075683593750
-0.186523437500
-0.040527343750
0.093750000000
0.062988281250
0.010009765625
0.017333984375
-0.137695312500
-0.127929687500
-0.079589843750
-0.043457031250
0.073730468750
0.090820312500
0.117187500000
0.235351562500
-0.074218750000
-0.091796875000
0.134765625000
-0.104980468750
0.125976562500
0.145507812500
-0.021728515625
-0.016967773438
-0.027465820312
0.064941406250
0.080566406250
-0.095703125000
0.105957031250
-0.038574218750
-0.296875000000
-0.070312500000
0.080078125000
0.004760742188
-0.098632812500
-0.022827148438
0.049072265625
0.034667968750
-0.091796875000
-0.166015625000
0.149414062500
-0.149414062500
0.000128746033
-0.049316406250
-0.119628906250
0.019409179688
0.043945312500
0.001640319824
-0.175781250000
0.160156250000
0.011901855469
-0.076171875000
0.178710937500
0.079101562500
0.078613281250
0.127929687500
0.269531250000
-0.187500000000
-0.025512695312
-0.218750000000
-0.158203125000
-0.031982421875
-0.046875000000
-0.031982421875
-0.125976562500
-0.122558593750
-0.050292968750
-0.087402343750
0.003829956055
-0.037353515625
0.094726562500
0.086425781250
-0.081542968750
0.125976562500
0.096679687500
-0.021972656250
0.000652313232
-0.055664062500
0.132812500000
0.111816406250
0.051757812500
-0.085449218750
-0.326171875000
0.003662109375
0.012084960938
0.059570312500
0.073730468750
0.060791015625
-0.085937500000
0.079589843750
0.103027343750
-0.144531250000
-0.010925292969
-0.038085937500
-0.142578125000
0.113769531250
-0.104492187500
0.027099609375
-0.085937500000
-0.054199218750
-0.002059936523
-0.082519531250
-0.038330078125
-0.038085937500
0.088378906250
-0.027343750000
0.058837890625
-0.091308593750
0.002365112305
-0.028076171875
-0.131835937500
-0.032226562500
-0.016723632812
0.104003906250
0.189453125000
-0.089355468750
0.064941406250
-0.041503906250
-0.180664062500
0.057617187500
0.257812500000
-0.006011962891
0.204101562500
-0.117187500000
-0.086425781250
0.051269531250
-0.021850585938
0.083984375000
-0.164062500000
-0.059326171875
-0.125976562500
0.093750000000
0.010070800781
0.015747070312
-0.018676757812
0.166992187500
0.037353515625
-0.121582031250
0.109863281250
0.110839843750
-0.018310546875
0.160156250000
-0.138671875000
-0.117675781250
0.087402343750
0.217773437500
0.027465820312
-0.117187500000
-0.041503906250
0.066406250000
-0.027099609375
0.025878906250
-0.090820312500
0.080078125000
-0.135742187500
0.243164062500
0.083984375000
-0.032226562500
-0.065429687500
-0.070800781250
-0.126953125000
-0.068847656250
0.043457031250
-0.089843750000
0.110839843750
-0.126953125000
-0.180664062500
0.048339843750
-0.066406250000
-0.001159667969
0.042724609375
-0.157226562500
0.067871093750
0.039062500000
-0.049804687500
-0.079101562500
-0.020507812500
0.020141601562
-0.049560546875
0.083984375000
-0.040283203125
-0.168945312500
-0.011718750000
-0.030273437500
0.171875000000
0.175781250000
0.009948730469
-0.025634765625
0.084472656250
-0.011535644531
0.079589843750
-0.036621093750
0.077636718750
0.056884765625
0.020629882812
-0.064453125000
-0.099609375000
0.040039062500
-0.054199218750
-0.139648437500
-0.108398437500
-0.138671875000
-0.037597656250
0.020874023438
0.036865234375
0.016235351562
-0.157226562500
-0.060058593750
-0.043457031250
0.004791259766
-0.065917968750
0.006317138672
0.109375000000
-0.161132812500
0.055908203125
-0.180664062500
0.082519531250
-0.043212890625
-0.079101562500
0.171875000000
-0.022583007812
-0.092285156250
0.139648437500
0.038085937500
-0.044921875000
-0.001686096191
-0.003387451172
-0.067382812500
0.057128906250
-0.000314712524
-0.122558593750
-0.101074218750
-0.059814453125
-0.158203125000
0.046142578125
0.039550781250
-0.144531250000
-0.088867187500
0.127929687500
0.022094726562
0.107421875000
-0.166015625000
0.091308593750
-0.035644531250
0.162109375000
-0.092773437500
-0.059570312500
0.101562500000
-0.142578125000
-0.076171875000
-0.010803222656
0.021240234375
-0.052001953125
-0.040039062500
-0.037597656250
-0.001022338867
-0.052734375000
-0.079101562500
0.034667968750
0.029663085938
0.007171630859
0.014465332031
0.092773437500
0.002822875977
0.060546875000
0.085937500000
0.055908203125
0.010253906250
-0.041015625000
-0.066894531250
0.101074218750
-0.197265625000
0.039062500000
0.082031250000
0.104980468750
0.050292968750
0.061279296875
-0.092773437500
-0.119140625000
0.012023925781
-0.078613281250
-0.001556396484
-0.208984375000
-0.184570312500
-0.016479492188
0.117187500000
-0.050292968750
0.055175781250
0.079101562500
0.148437500000
0.059326171875
0.098632812500
-0.077148437500
0.005615234375
0.008422851562
0.031494140625
0.046386718750
0.086914062500
-0.002426147461
0.052001953125
-0.046875000000
0.157226562500
0.065917968750
-0.076660156250
-0.010375976562
0.011596679688
0.075195312500
0.125000000000
0.153320312500
0.028198242188
-0.095703125000
-0.014282226562
0.047119140625
-0.026367187500
-0.108886718750
-0.108886718750
-0.098632812500
0.069335937500
-0.063964843750
0.048095703125
-0.004119873047
-0.087402343750
-0.101562500000
-0.007568359375
0.058349609375
-0.058593750000
0.188476562500
-0.000957489014
0.199218750000
-0.036376953125
-0.008117675781
0.233398437500
0.088867187500
0.074218750000
-0.083496093750
-0.081542968750
0.049072265625
0.174804687500
0.072265625000
-0.157226562500
0.021240234375
-0.002532958984
-0.031494140625
0.138671875000
-0.039062500000
-0.032958984375
-0.169921875000
0.046630859375
-0.004760742188
-0.050292968750
-0.031738281250
0.016601562500
-0.009704589844
0.014465332031
-0.065429687500
0.025756835938
-0.020141601562
-0.058837890625
-0.104980468750
-0.005706787109
0.059082031250
0.041748046875
-0.000968933105
-0.137695312500
0.193359375000
0.010314941406
0.077148437500
0.184570312500
0.053710937500
0.003723144531
-0.017578125000
-0.035400390625
0.185546875000
0.033691406250
0.082031250000
0.161132812500
0.090820312500
-0.022583007812
-0.068847656250
-0.130859375000
-0.131835937500
0.056884765625
0.039062500000
-0.015747070312
-0.048583984375
-0.108398437500
0.166015625000
0.020141601562
-0.113281250000
0.030517578125
-0.149414062500
-0.065917968750
0.015319824219
0.128906250000
-0.076171875000
-0.009155273438
-0.014709472656
-0.095703125000
-0.004577636719
-0.061279296875
0.147460937500
-0.055908203125
-0.035888671875
-0.184570312500
0.054443359375
-0.035888671875
0.067382812500
-0.052490234375
0.108886718750
0.186523437500
-0.192382812500
0.198242187500
0.120117187500
-0.063964843750
0.013610839844
0.053466796875
0.009216308594
-0.036621093750
-0.001251220703
0.084960937500
0.029541015625
0.028198242188
-0.038330078125
0.201171875000
-0.022827148438
-0.122558593750
-0.184570312500
0.067382812500
0.121093750000
0.070312500000
0.143554687500
-0.027709960938
0.069824218750
0.070800781250
-0.140625000000
-0.119140625000
0.060791015625
0.025146484375
0.074707031250
-0.166015625000
-0.026733398438
-0.038574218750
-0.108398437500
0.092285156250
0.024169921875
0.029174804688
-0.214843750000
0.002532958984
-0.000522613525
0.084960937500
0.047851562500
0.066894531250
-0.025634765625
0.335937500000
-0.002868652344
0.044189453125
0.044677734375
0.201171875000
-0.123535156250
-0.089355468750
-0.247070312500
0.103515625000
-0.002395629883
-0.126953125000
-0.016357421875
-0.030395507812
0.076660156250
0.103027343750
0.000434875488
0.053955078125
-0.009765625000
-0.246093750000
-0.087890625000
0.171875000000
-0.025756835938
0.010253906250
-0.049072265625
-0.008850097656
-0.052734375000
-0.174804687500
-0.102050781250
-0.057128906250
-0.119140625000
-0.044921875000
0.139648437500
0.029785156250
-0.043701171875
-0.099121093750
-0.120605468750
-0.149414062500
0.105957031250
0.120117187500
-0.007781982422
0.205078125000
0.078613281250
0.044677734375
0.051513671875
-0.045898437500
0.071777343750
0.110839843750
-0.128906250000
0.095214843750
0.006591796875
0.015441894531
0.094726562500
-0.055419921875
-0.013427734375
-0.112792968750
0.109375000000
0.032226562500
-0.075195312500
0.074218750000
-0.080566406250
0.324218750000
-0.145507812500
0.038818359375
-0.067871093750
0.047363281250
0.059814453125
0.050292968750
0.210937500000
0.285156250000
-0.018310546875
0.201171875000
0.239257812500
0.175781250000
-0.015625000000
0.181640625000
0.092285156250
0.109863281250
0.105468750000
-0.011474609375
0.022949218750
0.003280639648
-0.531250000000
-0.007873535156
-0.002365112305
0.079101562500
-0.043212890625
-0.053710937500
-0.142578125000
-0.120605468750
0.102539062500
0.084960937500
0.259765625000
0.049316406250
-0.213867187500
-0.006469726562
-0.005310058594
0.115722656250
0.085937500000
-0.102050781250
-0.171875000000
-0.093261718750
0.011230468750
-0.041503906250
0.006134033203
-0.032470703125
0.009460449219
-0.090332031250
0.017578125000
-0.084960937500
0.032958984375
0.030761718750
0.160156250000
-0.071777343750
0.048339843750
0.033935546875
0.004058837891
0.168945312500
-0.000080585480
0.134765625000
-0.050781250000
0.079589843750
-0.040039062500
0.149414062500
-0.073730468750
-0.046142578125
-0.125976562500
-0.031982421875
0.046630859375
-0.050292968750
-0.281250000000
-0.174804687500
-0.166992187500
-0.093261718750
-0.079589843750
-0.064453125000
-0.056884765625
-0.077148437500
-0.012573242188
-0.131835937500
-0.068359375000
0.037109375000
0.060058593750
-0.179687500000
0.000122070312
-0.121093750000
-0.050537109375
-0.033203125000
-0.082519531250
0.018188476562
-0.015380859375
-0.076171875000
-0.040527343750
-0.205078125000
0.063476562500
0.013549804688
0.059814453125
-0.107910156250
-0.023071289062
-0.029052734375
0.052490234375
0.077148437500
0.011657714844
-0.009094238281
0.022216796875
0.022338867188
-0.149414062500
-0.216796875000
-0.125000000000
-0.006591796875
-0.093261718750
0.095214843750
-0.015747070312
0.067382812500
-0.248046875000
0.065917968750
-0.062988281250
-0.034423828125
-0.028930664062
-0.129882812500
0.022094726562
0.026245117188
-0.115722656250
0.053710937500
0.041992187500
0.007354736328
0.056152343750
-0.416015625000
0.021728515625
-0.064453125000
0.166015625000
0.069824218750
-0.041992187500
-0.164062500000
0.025512695312
-0.051513671875
-0.124023437500
0.152343750000
0.052246093750
-0.083007812500
0.096191406250
-0.075195312500
-0.045410156250
0.024536132812
-0.057617187500
0.027465820312
-0.136718750000
0.162109375000
-0.039306640625
-0.075195312500
-0.090332031250
-0.014404296875
-0.138671875000
0.009094238281
-0.016479492188
-0.006469726562
0.006408691406
-0.047363281250
0.064941406250
0.000106811523
-0.304687500000
-0.208984375000
0.084960937500
0.113281250000
-0.020629882812
0.030151367188
-0.039062500000
-0.089355468750
0.027709960938
-0.102050781250
-0.180664062500
0.045654296875
0.001754760742
0.107421875000
-0.136718750000
0.051513671875
-0.128906250000
-0.028808593750
0.059326171875
-0.025268554688
-0.068847656250
0.064453125000
0.197265625000
-0.025146484375
0.150390625000
-0.040527343750
0.026855468750
-0.013122558594
-0.021728515625
-0.012268066406
-0.147460937500
0.045898437500
-0.057373046875
0.106933593750
-0.017578125000
0.020507812500
-0.062011718750
-0.386718750000
-0.055908203125
-0.096191406250
-0.037353515625
-0.153320312500
0.079589843750
-0.154296875000
-0.035644531250
-0.055908203125
0.157226562500
0.082519531250
0.041259765625
-0.023559570312
0.041015625000
-0.174804687500
-0.058349609375
-0.151367187500
-0.080078125000
-0.004791259766
-0.008239746094
0.027832031250
0.102050781250
-0.248046875000
0.255859375000
-0.000362396240
-0.034667968750
0.069824218750
0.061767578125
0.020996093750
0.133789062500
-0.040283203125
-0.021484375000
-0.128906250000
0.061523437500
-0.057128906250
-0.083496093750
-0.143554687500
-0.136718750000
0.041015625000
0.207031250000
-0.076171875000
0.111816406250
0.053222656250
-0.031127929688
-0.053710937500
-0.190429687500
-0.039306640625
0.034423828125
-0.199218750000
-0.072753906250
0.044433593750
-0.034179687500
0.027099609375
-0.001701354980
-0.008728027344
-0.017578125000
-0.245117187500
0.065429687500
0.191406250000
0.125976562500
-0.013305664062
0.037841796875
0.138671875000
-0.123535156250
-0.347656250000
-0.155273437500
0.010559082031
-0.072265625000
-0.108886718750
-0.094238281250
0.056396484375
0.054443359375
-0.027587890625
-0.269531250000
-0.118652343750
-0.181640625000
0.335937500000
0.079101562500
-0.069335937500
0.025146484375
0.031494140625
0.051757812500
0.009155273438
0.034179687500
-0.013305664062
-0.098632812500
0.269531250000
-0.025268554688
0.087890625000
-0.014343261719
0.038085937500
-0.112304687500
-0.074707031250
-0.068847656250
-0.008850097656
-0.122558593750
-0.092773437500
-0.072753906250
-0.062011718750
-0.143554687500
-0.027709960938
0.038574218750
0.030395507812
0.177734375000
-0.082031250000
0.214843750000
-0.079589843750
0.287109375000
-0.024047851562
-0.122070312500
-0.077148437500
0.004425048828
0.024780273438
-0.049560546875
0.142578125000
-0.072753906250
-0.051269531250
-0.052978515625
-0.011962890625
0.112304687500
0.133789062500
-0.235351562500
0.044189453125
-0.023559570312
-0.062988281250
-0.010681152344
0.096679687500
-0.120117187500
-0.005523681641
0.035400390625
-0.058593750000
-0.139648437500
-0.179687500000
-0.037109375000
0.099609375000
-0.028808593750
-0.028930664062
0.099121093750
-0.094726562500
-0.028930664062
-0.173828125000
-0.040283203125
0.023803710938
-0.161132812500
0.028320312500
-0.016479492188
0.113769531250
-0.081542968750
-0.068847656250
-0.124511718750
0.160156250000
0.070800781250
-0.165039062500
-0.014831542969
-0.105957031250
0.098632812500
0.035156250000
0.235351562500
0.125976562500
-0.096191406250
-0.013610839844
0.046142578125
-0.133789062500
0.075195312500
0.006072998047
0.001388549805
-0.131835937500
0.136718750000
-0.064941406250
0.062988281250
0.146484375000
-0.085449218750
-0.086914062500
-0.076171875000
0.069824218750
-0.108886718750
-0.040039062500
0.037841796875
0.090820312500
-0.049316406250
-0.052246093750
0.014892578125
0.125976562500
0.169921875000
-0.186523437500
-0.050048828125
-0.030761718750
-0.056884765625
0.078125000000
-0.029785156250
-0.103515625000
-0.041015625000
0.089843750000
-0.044677734375
0.194335937500
-0.106445312500
0.005493164062
-0.145507812500
-0.068359375000
0.212890625000
-0.009216308594
-0.005645751953
-0.124511718750
-0.054443359375
0.052978515625
0.054687500000
0.091796875000
-0.045166015625
0.016723632812
0.011474609375
0.060302734375
-0.200195312500
-0.070800781250
0.040771484375
0.154296875000
-0.084960937500
-0.047119140625
0.203125000000
-0.078125000000
-0.029907226562
0.075683593750
-0.085937500000
-0.030883789062
0.007202148438
-0.019775390625
0.055419921875
0.000595092773
-0.132812500000
0.118652343750
0.113281250000
-0.034912109375
0.040771484375
-0.041992187500
0.187500000000
0.043457031250
0.011413574219
-0.064453125000
-0.052734375000
0.100585937500
0.042480468750
-0.010253906250
-0.023071289062
-0.123046875000
0.028930664062
-0.076171875000
0.098144531250
0.011962890625
-0.069824218750
0.039550781250
0.154296875000
0.038085937500
-0.170898437500
0.105468750000
-0.251953125000
-0.024658203125
-0.132812500000
0.220703125000
-0.045654296875
-0.047851562500
0.008544921875
0.102050781250
0.209960937500
0.053955078125
0.238281250000
0.004943847656
0.175781250000
-0.016723632812
-0.013732910156
0.143554687500
-0.097167968750
-0.086914062500
-0.063964843750
-0.087402343750
0.135742187500
-0.036865234375
0.022338867188
0.023803710938
-0.120117187500
0.134765625000
0.120605468750
-0.023193359375
0.016479492188
0.063476562500
-0.024780273438
-0.185546875000
0.061767578125
-0.003479003906
0.120605468750
0.255859375000
-0.050292968750
0.036865234375
-0.154296875000
-0.140625000000
-0.087402343750
0.075195312500
0.074218750000
0.018676757812
0.076660156250
-0.016845703125
0.052001953125
0.129882812500
0.170898437500
0.029785156250
0.023193359375
-0.002990722656
-0.002868652344
0.097167968750
-0.188476562500
-0.208984375000
0.156250000000
0.085937500000
-0.097167968750
-0.078613281250
-0.056640625000
-0.073730468750
0.087890625000
0.096191406250
-0.027587890625
-0.005920410156
-0.018066406250
0.103515625000
-0.008117675781
0.033203125000
0.057861328125
-0.008911132812
0.078613281250
-0.003372192383
0.009826660156
0.032714843750
0.174804687500
0.075683593750
-0.034179687500
0.059814453125
-0.028686523438
-0.007354736328
0.105468750000
-0.001487731934
0.137695312500
0.140625000000
-0.035400390625
-0.010681152344
-0.001525878906
-0.145507812500
-0.059082031250
0.099609375000
0.023193359375
-0.058837890625
-0.113281250000
-0.023803710938
0.064941406250
0.120117187500
0.250000000000
0.013122558594
0.125976562500
0.125976562500
-0.091308593750
-0.047607421875
0.052978515625
0.263671875000
-0.076171875000
-0.015869140625
-0.047363281250
0.000885009766
-0.134765625000
0.087402343750
-0.225585937500
-0.113281250000
-0.015747070312
-0.024414062500
-0.029418945312
0.202148437500
0.275390625000
0.119628906250
0.008789062500
-0.078125000000
0.070800781250
-0.078125000000
-0.001487731934
-0.032226562500
0.059326171875
-0.057617187500
0.043701171875
0.010253906250
0.112304687500
0.079101562500
-0.021484375000
-0.007690429688
-0.120117187500
0.001190185547
-0.001609802246
0.044189453125
-0.004852294922
0.130859375000
-0.090332031250
-0.004150390625
0.056884765625
-0.059814453125
-0.002288818359
0.141601562500
-0.029663085938
0.160156250000
-0.106933593750
-0.079101562500
0.038330078125
0.170898437500
0.032226562500
-0.011047363281
0.081054687500
-0.030151367188
0.033447265625
0.015747070312
0.138671875000
-0.036865234375
0.058349609375
0.083496093750
0.298828125000
0.002899169922
0.190429687500
-0.049072265625
-0.131835937500
-0.104492187500
0.233398437500
0.019287109375
0.034423828125
0.029296875000
-0.113281250000
0.002456665039
-0.030883789062
-0.095214843750
-0.074707031250
-0.076660156250
-0.074707031250
-0.071777343750
-0.051513671875
0.240234375000
0.023925781250
0.312500000000
-0.040039062500
0.039550781250
0.025390625000
0.093261718750
0.009704589844
-0.158203125000
0.069335937500
0.004730224609
0.102539062500
0.012390136719
0.092773437500
0.006958007812
0.009277343750
-0.159179687500
-0.085449218750
-0.054199218750
0.087402343750
-0.001495361328
0.086425781250
0.108886718750
0.005889892578
-0.027099609375
-0.031738281250
-0.050781250000
0.094238281250
-0.028442382812
0.149414062500
0.073242187500
0.017578125000
-0.027465820312
0.034667968750
-0.001564025879
0.011291503906
0.084472656250
0.066894531250
-0.116210937500
-0.110839843750
0.031982421875
0.095214843750
-0.177734375000
0.029785156250
-0.112792968750
-0.099121093750
-0.014709472656
-0.037353515625
-0.251953125000
0.077636718750
0.084472656250
-0.012573242188
-0.019409179688
0.034667968750
0.057373046875
0.083007812500
0.009643554688
-0.015197753906
-0.109375000000
-0.144531250000
0.105957031250
0.048583984375
0.000976562500
0.007232666016
0.138671875000
-0.212890625000
0.087890625000
0.010314941406
-0.066894531250
-0.076660156250
0.049560546875
-0.016479492188
0.003067016602
-0.075683593750
-0.063964843750
0.092773437500
-0.044433593750
-0.000125885010
0.081054687500
-0.061035156250
0.017089843750
-0.133789062500
0.072753906250
-0.039062500000
-0.099609375000
0.201171875000
0.032714843750
0.016479492188
0.139648437500
-0.012573242188
-0.171875000000
-0.218750000000
0.069335937500
0.023925781250
-0.083496093750
0.068847656250
0.018676757812
0.056152343750
-0.053710937500
-0.013671875000
-0.025756835938
-0.117675781250
-0.135742187500
0.089355468750
-0.075683593750
-0.015319824219
-0.014892578125
0.076660156250
-0.126953125000
0.048095703125
-0.069824218750
0.009521484375
0.233398437500
0.078125000000
-0.049316406250
-0.043457031250
-0.062988281250
-0.105957031250
0.032226562500
0.061035156250
-0.010742187500
-0.030273437500
0.070800781250
-0.033447265625
-0.229492187500
-0.023437500000
-0.081542968750
0.083496093750
-0.142578125000
-0.188476562500
-0.014404296875
-0.082519531250
-0.098144531250
-0.052001953125
0.076171875000
0.056640625000
-0.164062500000
0.133789062500
0.214843750000
-0.142578125000
-0.057861328125
0.005523681641
0.099609375000
0.184570312500
-0.132812500000
-0.040527343750
-0.097167968750
0.008728027344
-0.091308593750
0.079589843750
0.014465332031
-0.172851562500
-0.008544921875
0.045898437500
-0.065917968750
-0.202148437500
-0.037841796875
-0.156250000000
0.024414062500
-0.222656250000
0.108398437500
0.126953125000
-0.163085937500
-0.002609252930
-0.029785156250
0.159179687500
0.103515625000
-0.014282226562
0.059326171875
0.210937500000
-0.021850585938
-0.041015625000
0.061035156250
-0.088867187500
0.038330078125
0.057373046875
0.188476562500
-0.158203125000
-0.104003906250
-0.106445312500
-0.020507812500
-0.012634277344
0.209960937500
-0.092285156250
0.054687500000
-0.049072265625
0.082031250000
-0.114257812500
-0.050781250000
-0.052246093750
-0.132812500000
0.058837890625
-0.099121093750
-0.184570312500
0.096191406250
-0.137695312500
-0.339843750000
0.058837890625
-0.083007812500
0.026367187500
0.004241943359
-0.151367187500
0.020385742188
0.012634277344
0.030273437500
0.217773437500
-0.138671875000
0.113769531250
-0.033203125000
0.125000000000
0.023681640625
-0.059326171875
0.023559570312
0.057373046875
0.015747070312
-0.026611328125
-0.118164062500
0.004516601562
0.059326171875
-0.060791015625
0.023681640625
-0.021606445312
-0.201171875000
-0.023071289062
-0.069824218750
0.007598876953
0.036865234375
0.042236328125
0.088378906250
0.122558593750
-0.030639648438
-0.044921875000
-0.127929687500
-0.009887695312
-0.408203125000
0.186523437500
-0.083496093750
-0.078125000000
0.075683593750
-0.008056640625
-0.005615234375
-0.066406250000
-0.060791015625
-0.112792968750
0.119140625000
0.069335937500
-0.062988281250
0.044433593750
0.103027343750
-0.023437500000
-0.076171875000
0.044433593750
0.017089843750
0.101562500000
0.115234375000
-0.094238281250
0.234375000000
-0.109863281250
0.032226562500
0.074707031250
0.116699218750
0.115722656250
0.028442382812
0.080078125000
-0.062011718750
0.093750000000
-0.031005859375
0.099121093750
-0.098632812500
-0.110839843750
-0.002456665039
-0.106933593750
-0.050781250000
-0.039306640625
0.062988281250
-0.055664062500
0.164062500000
-0.158203125000
0.031005859375
-0.030273437500
-0.158203125000
-0.152343750000
0.068359375000
-0.178710937500
-0.016845703125
-0.189453125000
-0.005310058594
-0.076660156250
-0.049072265625
-0.031250000000
0.159179687500
-0.020751953125
0.033691406250
-0.022583007812
0.003662109375
-0.108886718750
-0.164062500000
0.058105468750
-0.157226562500
0.080566406250
0.041992187500
0.107910156250
-0.017211914062
0.099609375000
-0.088378906250
-0.019775390625
-0.021362304688
0.079101562500
0.084472656250
0.064941406250
-0.078613281250
-0.139648437500
0.004913330078
-0.099121093750
0.025146484375
-0.114746093750
-0.203125000000
-0.183593750000
0.191406250000
0.065429687500
0.048828125000
-0.035400390625
0.000145912170
0.271484375000
-0.010498046875
-0.057861328125
-0.019042968750
-0.080078125000
-0.059570312500
0.120117187500
-0.144531250000
0.063964843750
-0.052978515625
0.016723632812
-0.183593750000
-0.020751953125
-0.003097534180
-0.221679687500
-0.067871093750
0.027832031250
0.068359375000
0.064453125000
-0.032226562500
-0.255859375000
-0.164062500000
0.075683593750
-0.025268554688
0.083007812500
-0.079589843750
-0.126953125000
-0.124511718750
0.000690460205
0.046630859375
-0.143554687500
0.115722656250
-0.025756835938
0.041015625000
0.030029296875
-0.122070312500
-0.034423828125
-0.038085937500
-0.023559570312
-0.016479492188
0.049560546875
0.063476562500
-0.147460937500
-0.096679687500
-0.197265625000
-0.082031250000
0.129882812500
-0.094726562500
0.010131835938
-0.015136718750
0.108398437500
-0.038085937500
0.011291503906
0.159179687500
-0.071289062500
0.200195312500
-0.135742187500
-0.094726562500
-0.039062500000
0.002014160156
0.010131835938
-0.001693725586
-0.056396484375
-0.176757812500
0.027343750000
-0.047119140625
-0.160156250000
-0.067382812500
0.077636718750
-0.053955078125
-0.052978515625
-0.013916015625
-0.163085937500
-0.024169921875
0.037841796875
0.009643554688
-0.072265625000
0.044677734375
-0.135742187500
0.004089355469
0.300781250000
0.004119873047
-0.079101562500
-0.006042480469
0.209960937500
-0.097167968750
0.107421875000
-0.033935546875
-0.098632812500
0.072753906250
0.006347656250
-0.026611328125
-0.017700195312
0.025390625000
0.088378906250
0.177734375000
0.077636718750
-0.230468750000
-0.067871093750
0.063476562500
-0.069824218750
-0.092285156250
-0.173828125000
-0.024291992188
0.002792358398
-0.196289062500
0.103027343750
-0.001342773438
0.004852294922
0.018920898438
-0.050048828125
-0.164062500000
-0.067871093750
0.056884765625
-0.041015625000
-0.033935546875
-0.026977539062
-0.055175781250
-0.187500000000
-0.163085937500
0.008056640625
-0.118652343750
-0.106933593750
0.074218750000
-0.044921875000
0.056884765625
0.058593750000
-0.131835937500
-0.052734375000
-0.047851562500
0.043945312500
0.092285156250
-0.083007812500
-0.031982421875
-0.123046875000
-0.048583984375
-0.159179687500
0.044677734375
0.016723632812
0.007080078125
-0.118652343750
0.118652343750
-0.053955078125
-0.015380859375
-0.090820312500
-0.008728027344
-0.047363281250
-0.042968750000
-0.057617187500
0.010925292969
-0.002761840820
0.060302734375
-0.060546875000
0.037841796875
0.022094726562
0.066894531250
-0.014160156250
-0.066406250000
-0.143554687500
0.024047851562
-0.049804687500
0.062988281250
-0.083007812500
-0.049560546875
-0.046630859375
-0.120117187500
-0.060546875000
0.132812500000
-0.071777343750
0.062011718750
-0.080078125000
-0.037841796875
0.013854980469
-0.255859375000
0.168945312500
0.019775390625
0.063476562500
-0.030517578125
-0.081054687500
-0.071289062500
-0.101562500000
0.171875000000
0.016479492188
0.047851562500
0.117187500000
0.055175781250
-0.008422851562
0.065429687500
-0.015747070312
0.033691406250
-0.050781250000
-0.109863281250
-0.011596679688
-0.065429687500
-0.009094238281
-0.022949218750
0.071777343750
-0.078613281250
-0.066894531250
0.163085937500
-0.035644531250
0.014648437500
0.104980468750
-0.070800781250
0.012268066406
0.070312500000
-0.020996093750
0.033447265625
-0.211914062500
-0.041748046875
0.013061523438
-0.300781250000
0.163085937500
0.079101562500
-0.091796875000
-0.125976562500
-0.005462646484
-0.083984375000
-0.025390625000
-0.020996093750
-0.211914062500
-0.048095703125
-0.003967285156
-0.055664062500
-0.111328125000
-0.097167968750
0.060302734375
-0.058837890625
-0.112304687500
-0.064941406250
-0.007995605469
0.206054687500
0.066894531250
-0.068359375000
-0.084960937500
0.030151367188
0.125976562500
-0.007690429688
-0.068359375000
0.015502929688
0.003601074219
0.078125000000
0.141601562500
0.050048828125
0.069824218750
0.236328125000
0.070312500000
-0.037353515625
0.070312500000
-0.085449218750
0.001541137695
-0.202148437500
-0.149414062500
-0.035400390625
0.107910156250
-0.132812500000
-0.130859375000
-0.127929687500
-0.081054687500
0.146484375000
0.113769531250
0.059814453125
-0.089355468750
0.092285156250
-0.121582031250
-0.037597656250
0.014099121094
-0.025878906250
-0.166015625000
0.067871093750
-0.068847656250
0.111816406250
-0.071777343750
-0.061523437500
-0.128906250000
-0.016235351562
-0.053222656250
-0.067382812500
0.124023437500
-0.018676757812
-0.150390625000
-0.062988281250
-0.125000000000
-0.357421875000
0.065917968750
-0.077636718750
-0.095703125000
-0.044189453125
-0.011840820312
-0.136718750000
-0.127929687500
-0.110839843750
0.051269531250
-0.009826660156
-0.174804687500
-0.121093750000
-0.095703125000
-0.091308593750
0.003433227539
-0.009216308594
0.058837890625
-0.134765625000
0.185546875000
0.104003906250
-0.104980468750
0.037353515625
0.094238281250
0.086425781250
-0.100585937500
-0.007171630859
0.104492187500
0.112304687500
-0.073242187500
-0.030639648438
-0.359375000000
-0.102050781250
-0.011779785156
-0.070312500000
0.039306640625
0.099609375000
-0.126953125000
-0.074218750000
-0.063476562500
-0.026489257812
0.219726562500
0.002593994141
0.039550781250
-0.104003906250
0.051269531250
-0.084960937500
-0.028808593750
0.033447265625
0.140625000000
-0.023681640625
-0.058837890625
-0.133789062500
0.277343750000
0.032958984375
0.062255859375
0.065917968750
-0.064453125000
-0.244140625000
0.142578125000
-0.008483886719
-0.030639648438
0.041503906250
0.024414062500
0.052246093750
0.016479492188
-0.023803710938
0.007415771484
0.015747070312
0.029541015625
-0.105468750000
0.050537109375
-0.024902343750
0.226562500000
0.035888671875
0.079101562500
-0.007934570312
-0.281250000000
0.036865234375
0.141601562500
-0.084960937500
-0.238281250000
-0.163085937500
-0.015502929688
-0.051513671875
-0.001235961914
-0.090332031250
-0.137695312500
-0.117675781250
-0.337890625000
-0.007934570312
-0.010559082031
0.037353515625
-0.001167297363
0.123046875000
0.056884765625
-0.029663085938
0.077148437500
0.083007812500
-0.173828125000
-0.187500000000
0.046630859375
-0.152343750000
0.078125000000
-0.140625000000
-0.219726562500
0.104492187500
0.135742187500
0.154296875000
0.041503906250
-0.034667968750
0.013916015625
0.018188476562
-0.154296875000
-0.055419921875
-0.048583984375
-0.042968750000
0.002029418945
-0.019287109375
-0.015869140625
-0.136718750000
0.049072265625
0.132812500000
0.018432617188
0.109375000000
-0.087890625000
-0.261718750000
0.036621093750
-0.022949218750
0.150390625000
-0.062500000000
-0.116210937500
0.040283203125
-0.040039062500
-0.118164062500
0.100585937500
-0.017333984375
0.130859375000
0.030151367188
-0.045654296875
-0.080078125000
0.041748046875
-0.019897460938
-0.096191406250
0.200195312500
0.034912109375
-0.084960937500
0.004852294922
0.097656250000
-0.017700195312
-0.149414062500
-0.182617187500
0.021606445312
-0.098632812500
0.001029968262
0.053955078125
0.076660156250
-0.071289062500
0.098144531250
-0.103027343750
0.037597656250
-0.012634277344
-0.116210937500
0.043945312500
0.010986328125
0.003570556641
0.255859375000
-0.122070312500
-0.026733398438
0.045654296875
0.146484375000
0.007507324219
0.045654296875
-0.193359375000
0.034912109375
0.014343261719
0.055175781250
0.092773437500
-0.048095703125
-0.106933593750
-0.048339843750
-0.071777343750
0.048583984375
0.069824218750
-0.000062942505
-0.134765625000
-0.136718750000
0.016845703125
0.108398437500
0.179687500000
0.047363281250
0.033203125000
-0.012207031250
0.159179687500
-0.146484375000
-0.009948730469
-0.003448486328
-0.021118164062
0.210937500000
-0.051269531250
-0.013183593750
-0.232421875000
0.081054687500
0.030151367188
-0.025390625000
-0.018188476562
0.035156250000
0.137695312500
-0.171875000000
0.083984375000
0.050048828125
0.171875000000
-0.046386718750
0.053955078125
0.003463745117
0.153320312500
-0.176757812500
0.035400390625
0.015319824219
0.062255859375
-0.058349609375
0.236328125000
-0.081054687500
-0.055175781250
-0.125976562500
0.037353515625
0.239257812500
-0.059082031250
-0.026611328125
-0.085937500000
0.149414062500
-0.072265625000
-0.075195312500
0.077148437500
-0.006652832031
-0.138671875000
0.037353515625
-0.131835937500
-0.121093750000
-0.131835937500
-0.120117187500
0.004608154297
-0.023925781250
-0.060302734375
0.111816406250
-0.023803710938
-0.010192871094
-0.054199218750
-0.068359375000
0.099609375000
0.023803710938
-0.042968750000
-0.174804687500
0.075683593750
-0.023925781250
-0.011535644531
-0.128906250000
0.031738281250
0.041259765625
0.018432617188
-0.028076171875
-0.036865234375
-0.277343750000
-0.155273437500
-0.217773437500
-0.098632812500
0.087402343750
-0.048828125000
-0.052734375000
-0.265625000000
-0.083007812500
0.021484375000
0.015869140625
-0.109863281250
-0.106445312500
-0.177734375000
0.104980468750
0.007415771484
-0.239257812500
0.009216308594
0.101562500000
0.122558593750
0.087890625000
-0.141601562500
-0.160156250000
-0.010925292969
0.068847656250
0.138671875000
0.308593750000
0.002395629883
-0.000885009766
0.060546875000
-0.167968750000
0.007049560547
0.130859375000
0.050292968750
-0.065917968750
-0.015869140625
-0.091308593750
-0.017456054688
-0.052246093750
-0.023437500000
-0.172851562500
-0.070312500000
0.110351562500
-0.037353515625
0.089355468750
-0.259765625000
-0.018920898438
-0.040283203125
0.023803710938
-0.021118164062
-0.166015625000
-0.058593750000
-0.196289062500
0.126953125000
-0.021484375000
-0.004821777344
0.078613281250
0.073730468750
0.005859375000
-0.022094726562
0.020629882812
-0.205078125000
0.157226562500
-0.075683593750
-0.212890625000
-0.178710937500
-0.041748046875
-0.001098632812
-0.002273559570
-0.004089355469
-0.183593750000
0.022583007812
0.098144531250
-0.003677368164
-0.081542968750
0.028930664062
-0.040283203125
0.158203125000
0.074707031250
0.127929687500
0.126953125000
-0.053955078125
0.060058593750
-0.113769531250
-0.162109375000
-0.019287109375
-0.106445312500
-0.028320312500
0.033203125000
0.028686523438
-0.052246093750
-0.038818359375
-0.166992187500
0.178710937500
-0.092285156250
0.028442382812
-0.058593750000
0.012756347656
0.005035400391
-0.139648437500
0.048583984375
0.111816406250
-0.066406250000
0.003173828125
-0.048095703125
0.066406250000
-0.062988281250
-0.078613281250
0.091308593750
-0.071777343750
0.044677734375
0.011718750000
-0.085937500000
-0.210937500000
0.148437500000
0.145507812500
-0.071289062500
-0.076660156250
0.032714843750
-0.080078125000
0.195312500000
0.058837890625
0.031982421875
-0.046875000000
-0.109863281250
0.081054687500
-0.026000976562
0.021362304688
-0.024414062500
-0.057861328125
0.009826660156
0.033935546875
0.075683593750
0.109375000000
-0.083007812500
-0.042724609375
-0.029785156250
0.008056640625
-0.066406250000
-0.056640625000
0.076171875000
0.186523437500
0.030883789062
0.046875000000
0.019287109375
-0.065429687500
0.049560546875
-0.005493164062
-0.048339843750
-0.023925781250
0.056884765625
0.092773437500
-0.109863281250
0.171875000000
0.028198242188
-0.013183593750
-0.016479492188
-0.044433593750
0.030273437500
-0.013488769531
-0.263671875000
-0.045654296875
0.023437500000
-0.076171875000
-0.006958007812
-0.031738281250
0.001953125000
0.073730468750
-0.129882812500
0.058593750000
-0.036376953125
-0.235351562500
0.129882812500
-0.017333984375
-0.118652343750
0.000056505203
-0.085937500000
0.001510620117
0.078613281250
-0.021362304688
0.113281250000
-0.126953125000
0.150390625000
0.216796875000
0.047363281250
0.048828125000
0.073730468750
0.100585937500
0.250000000000
0.014343261719
0.009704589844
0.067871093750
0.024291992188
-0.008666992188
-0.060058593750
0.196289062500
0.026000976562
-0.160156250000
0.030273437500
0.017944335938
0.004699707031
-0.010437011719
-0.008422851562
-0.113769531250
-0.074707031250
-0.188476562500
-0.069824218750
-0.042724609375
-0.063476562500
-0.045898437500
0.037597656250
-0.098144531250
-0.042480468750
0.000413894653
-0.097656250000
0.357421875000
-0.074707031250
0.018920898438
-0.105468750000
-0.060791015625
-0.015869140625
0.065917968750
0.156250000000
-0.032958984375
0.008117675781
-0.162109375000
-0.061523437500
-0.132812500000
-0.009948730469
-0.152343750000
-0.045410156250
-0.002212524414
0.087402343750
-0.015319824219
-0.017333984375
-0.032226562500
-0.065917968750
0.069335937500
-0.167968750000
-0.238281250000
0.166015625000
0.166992187500
-0.094726562500
-0.016235351562
0.055908203125
-0.110839843750
0.162109375000
0.098632812500
-0.078613281250
0.010070800781
0.075195312500
0.017944335938
-0.128906250000
-0.136718750000
-0.208007812500
-0.109375000000
0.001342773438
-0.066894531250
-0.071289062500
-0.104980468750
0.084472656250
-0.133789062500
0.067382812500
0.112792968750
0.064941406250
0.090332031250
-0.292968750000
-0.069335937500
0.119628906250
0.017700195312
-0.138671875000
0.077148437500
-0.133789062500
-0.076171875000
-0.027709960938
-0.049316406250
0.094238281250
-0.029907226562
-0.032714843750
-0.008361816406
-0.063476562500
-0.127929687500
0.041503906250
0.010925292969
0.040039062500
0.042724609375
-0.066406250000
0.006286621094
0.035888671875
0.164062500000
-0.063964843750
0.009826660156
-0.099121093750
-0.063476562500
0.125976562500
-0.139648437500
-0.018310546875
-0.071289062500
0.044921875000
0.051513671875
-0.136718750000
0.113769531250
-0.230468750000
-0.074707031250
0.137695312500
0.061035156250
0.061279296875
0.035156250000
-0.179687500000
0.168945312500
-0.068359375000
-0.121093750000
0.005310058594
0.018310546875
-0.088378906250
0.183593750000
0.018066406250
-0.035400390625
-0.047363281250
0.024291992188
0.000104904175
-0.073242187500
0.001022338867
-0.151367187500
-0.004486083984
-0.130859375000
-0.187500000000
0.044921875000
-0.038818359375
0.023803710938
-0.040283203125
-0.072265625000
-0.041992187500
-0.087890625000
0.007232666016
-0.052978515625
-0.022705078125
-0.138671875000
0.054443359375
-0.042236328125
-0.249023437500
0.087402343750
-0.081542968750
-0.102539062500
0.002075195312
-0.057373046875
0.050537109375
-0.094726562500
0.053710937500
0.048828125000
-0.049560546875
0.051025390625
0.057373046875
-0.026977539062
-0.039062500000
0.077148437500
-0.007751464844
0.014953613281
0.026977539062
-0.050537109375
-0.006011962891
0.019042968750
-0.101074218750
-0.178710937500
-0.029541015625
-0.009338378906
0.050048828125
0.049560546875
0.084960937500
-0.189453125000
0.039062500000
-0.088867187500
-0.113769531250
-0.039550781250
0.093750000000
0.002151489258
-0.016967773438
-0.000130653381
-0.038818359375
-0.171875000000
-0.118652343750
0.166992187500
0.050292968750
-0.140625000000
0.085937500000
-0.098632812500
-0.007537841797
0.148437500000
-0.091796875000
0.001953125000
0.032714843750
-0.034423828125
-0.120117187500
0.107910156250
-0.062988281250
-0.094238281250
-0.097656250000
0.047119140625
-0.060546875000
0.095703125000
0.099121093750
-0.084960937500
-0.048095703125
0.016845703125
-0.206054687500
-0.062255859375
0.105957031250
-0.040283203125
-0.006072998047
0.197265625000
0.007598876953
0.067382812500
0.019409179688
0.067382812500
-0.068847656250
0.060791015625
-0.076171875000
-0.078125000000
-0.032958984375
-0.029296875000
-0.088378906250
0.006103515625
-0.006164550781
-0.005737304688
-0.037109375000
-0.121093750000
0.053222656250
0.141601562500
-0.107421875000
0.010742187500
-0.024414062500
-0.159179687500
-0.220703125000
-0.024658203125
-0.207031250000
0.464843750000
-0.157226562500
0.109375000000
0.064941406250
0.091796875000
-0.063476562500
-0.009399414062
0.230468750000
0.052734375000
-0.005065917969
0.044189453125
-0.052490234375
-0.050048828125
0.137695312500
-0.057373046875
0.059570312500
-0.027587890625
-0.018066406250
-0.114746093750
-0.072265625000
-0.046142578125
0.021484375000
-0.033691406250
-0.010314941406
0.066894531250
0.066894531250
0.021362304688
-0.145507812500
0.099609375000
0.026489257812
-0.251953125000
0.070800781250
-0.011413574219
0.100097656250
0.120117187500
0.012756347656
-0.013793945312
-0.137695312500
0.209960937500
0.025390625000
0.017700195312
0.110839843750
0.097656250000
-0.114257812500
-0.052978515625
0.048583984375
0.090332031250
-0.042724609375
0.022338867188
-0.120117187500
0.067871093750
0.076171875000
-0.074218750000
0.069824218750
0.231445312500
0.164062500000
0.133789062500
-0.026000976562
-0.189453125000
-0.024902343750
-0.135742187500
0.039794921875
-0.032958984375
-0.153320312500
0.103515625000
-0.095214843750
0.040527343750
0.089843750000
0.117187500000
-0.034912109375
-0.088378906250
0.054931640625
0.007873535156
0.048339843750
-0.085937500000
-0.064453125000
-0.184570312500
0.289062500000
0.060791015625
-0.044921875000
-0.044677734375
-0.134765625000
-0.034667968750
0.279296875000
0.121093750000
-0.007232666016
0.013305664062
-0.026245117188
-0.251953125000
-0.167968750000
-0.127929687500
0.188476562500
-0.081054687500
0.128906250000
0.007263183594
0.180664062500
0.129882812500
0.122070312500
0.042724609375
0.012817382812
0.164062500000
0.048339843750
-0.062011718750
-0.224609375000
-0.057617187500
-0.090332031250
0.110839843750
0.017822265625
-0.084472656250
0.037841796875
-0.096679687500
0.028076171875
-0.073730468750
-0.021362304688
-0.089355468750
0.185546875000
0.064453125000
0.055664062500
0.022460937500
0.024169921875
0.049316406250
0.092773437500
0.076171875000
-0.177734375000
-0.073242187500
-0.058349609375
0.170898437500
-0.070800781250
-0.039794921875
-0.138671875000
-0.022705078125
-0.027343750000
0.269531250000
0.181640625000
0.257812500000
0.061767578125
0.012390136719
0.113281250000
0.069335937500
-0.014953613281
0.039550781250
-0.090820312500
-0.133789062500
-0.022583007812
-0.025512695312
-0.059814453125
0.194335937500
-0.010253906250
-0.310546875000
-0.083007812500
0.080078125000
-0.036621093750
0.048583984375
-0.257812500000
0.083496093750
-0.055664062500
0.028564453125
-0.197265625000
0.084472656250
0.056152343750
0.004058837891
0.000459671021
-0.144531250000
0.021606445312
-0.014099121094
-0.069335937500
-0.097167968750
-0.073242187500
-0.126953125000
0.055908203125
-0.056152343750
-0.061523437500
-0.049316406250
0.175781250000
-0.027343750000
-0.176757812500
-0.160156250000
-0.232421875000
0.062500000000
0.015136718750
0.165039062500
0.062988281250
-0.107910156250
-0.057617187500
-0.046386718750
0.031005859375
-0.257812500000
0.152343750000
-0.126953125000
0.053222656250
0.116210937500
-0.062255859375
-0.088867187500
-0.093750000000
0.042480468750
-0.097167968750
0.035156250000
-0.047851562500
0.090332031250
0.051025390625
-0.095214843750
-0.030029296875
-0.045898437500
0.138671875000
0.032226562500
-0.205078125000
0.019775390625
0.054199218750
0.114746093750
0.482421875000
0.156250000000
0.047607421875
-0.113281250000
0.071777343750
0.063964843750
-0.119140625000
-0.117675781250
-0.007171630859
0.108398437500
-0.148437500000
0.081054687500
-0.011962890625
-0.113281250000
-0.076171875000
-0.018554687500
-0.145507812500
-0.056396484375
0.008483886719
-0.044921875000
-0.209960937500
0.135742187500
-0.102050781250
-0.008300781250
0.083496093750
0.089843750000
0.082519531250
-0.011230468750
-0.023315429688
0.127929687500
-0.037841796875
-0.101562500000
-0.139648437500
-0.005859375000
-0.053466796875
-0.063476562500
-0.064941406250
0.052246093750
0.079101562500
0.086425781250
0.076171875000
-0.098144531250
-0.004608154297
-0.030029296875
0.069335937500
-0.106445312500
-0.186523437500
-0.118164062500
-0.023803710938
0.216796875000
-0.057617187500
-0.052246093750
0.028320312500
-0.006042480469
0.056396484375
-0.142578125000
-0.054199218750
-0.011779785156
0.168945312500
0.151367187500
-0.007812500000
-0.060546875000
-0.035400390625
0.091308593750
-0.107421875000
-0.152343750000
-0.156250000000
0.062500000000
0.012817382812
-0.009765625000
0.083496093750
0.046630859375
0.128906250000
-0.059814453125
-0.158203125000
0.042480468750
-0.152343750000
-0.094238281250
-0.050048828125
0.052490234375
-0.095214843750
0.086425781250
0.094238281250
-0.265625000000
0.048095703125
-0.024902343750
-0.026977539062
-0.092285156250
-0.061035156250
-0.232421875000
0.154296875000
-0.143554687500
-0.091796875000
0.149414062500
0.083984375000
0.094238281250
-0.167968750000
-0.175781250000
-0.019531250000
0.139648437500
0.135742187500
-0.077636718750
0.198242187500
-0.267578125000
-0.059570312500
-0.151367187500
0.189453125000
0.005432128906
-0.190429687500
-0.119140625000
0.008422851562
0.064453125000
-0.138671875000
0.153320312500
0.169921875000
-0.019165039062
-0.000560760498
-0.050781250000
-0.021606445312
-0.012023925781
0.190429687500
0.063476562500
0.186523437500
-0.089843750000
-0.060546875000
0.023803710938
-0.209960937500
-0.222656250000
-0.073730468750
-0.004852294922
0.017578125000
-0.081542968750
0.031250000000
0.154296875000
-0.204101562500
0.022949218750
-0.081542968750
-0.216796875000
-0.058593750000
0.057861328125
0.113769531250
-0.057617187500
-0.197265625000
0.037597656250
0.134765625000
-0.038085937500
0.017456054688
-0.229492187500
-0.031005859375
0.071289062500
0.048095703125
0.034179687500
-0.147460937500
-0.033935546875
-0.172851562500
-0.029541015625
-0.085937500000
0.057128906250
-0.009826660156
-0.104980468750
0.200195312500
0.101074218750
-0.035888671875
-0.117187500000
-0.242187500000
-0.214843750000
0.121582031250
-0.095214843750
0.054199218750
0.106445312500
-0.036376953125
0.003738403320
0.086914062500
0.047607421875
0.127929687500
-0.283203125000
-0.008361816406
-0.040039062500
-0.101074218750
-0.010742187500
-0.107421875000
-0.047851562500
-0.115722656250
-0.071289062500
-0.062011718750
0.013000488281
-0.003311157227
-0.138671875000
0.207031250000
0.151367187500
-0.109863281250
-0.229492187500
-0.116699218750
0.053466796875
0.012329101562
-0.060058593750
-0.119140625000
0.016723632812
0.002258300781
-0.016235351562
-0.125976562500
-0.129882812500
0.034667968750
-0.001136779785
-0.182617187500
0.068847656250
0.157226562500
-0.116210937500
0.099609375000
-0.163085937500
-0.010437011719
0.118164062500
0.027465820312
0.103515625000
-0.012145996094
0.106933593750
0.133789062500
-0.209960937500
-0.032958984375
-0.035888671875
-0.047119140625
-0.046142578125
-0.056152343750
-0.138671875000
-0.031982421875
-0.050292968750
-0.103027343750
0.051269531250
-0.139648437500
0.145507812500
-0.088378906250
-0.131835937500
-0.176757812500
0.158203125000
-0.019531250000
0.089355468750
-0.053955078125
0.123535156250
0.133789062500
-0.353515625000
-0.106445312500
0.044921875000
0.003555297852
-0.049072265625
0.009704589844
0.068847656250
-0.026489257812
-0.002670288086
0.004272460938
0.054199218750
0.132812500000
0.068847656250
0.083007812500
-0.039550781250
-0.024780273438
-0.019653320312
0.050537109375
0.055664062500
0.032958984375
-0.164062500000
0.158203125000
-0.191406250000
-0.052001953125
0.105957031250
0.134765625000
0.071777343750
-0.079589843750
-0.125976562500
0.102050781250
-0.063476562500
0.085937500000
0.105468750000
-0.013854980469
0.001304626465
-0.087890625000
0.006652832031
0.046875000000
0.085449218750
-0.056396484375
-0.001449584961
0.118652343750
0.249023437500
-0.279296875000
-0.052001953125
-0.118652343750
-0.056152343750
-0.014099121094
0.182617187500
-0.115234375000
0.107421875000
0.051269531250
0.115234375000
-0.156250000000
-0.055175781250
0.009460449219
-0.190429687500
0.068359375000
-0.187500000000
0.027099609375
0.040771484375
0.035156250000
0.105957031250
0.073730468750
-0.131835937500
0.000560760498
-0.041259765625
0.013610839844
0.116210937500
0.014160156250
0.014709472656
0.003631591797
0.141601562500
0.043212890625
-0.097167968750
-0.062500000000
0.030883789062
0.039062500000
-0.070800781250
-0.095214843750
0.104980468750
-0.081542968750
0.052246093750
0.058105468750
-0.070312500000
0.041015625000
0.103027343750
-0.193359375000
-0.128906250000
-0.027465820312
0.171875000000
-0.137695312500
-0.010314941406
-0.273437500000
0.104492187500
-0.059326171875
-0.028686523438
0.046875000000
-0.030273437500
0.028808593750
0.026123046875
-0.021484375000
-0.021606445312
-0.019897460938
0.035400390625
0.052246093750
0.014221191406
-0.052001953125
-0.049560546875
-0.078613281250
0.004852294922
0.027221679688
0.174804687500
0.091308593750
0.059082031250
0.100585937500
0.036865234375
0.019409179688
0.032226562500
-0.091308593750
-0.091796875000
-0.198242187500
0.074218750000
-0.029785156250
0.012329101562
0.122558593750
-0.186523437500
0.035888671875
-0.015991210938
0.108398437500
0.056396484375
-0.106933593750
0.160156250000
-0.111328125000
-0.025268554688
0.121093750000
0.114746093750
0.045898437500
0.023803710938
0.052978515625
0.173828125000
-0.084472656250
-0.118164062500
0.122558593750
-0.089355468750
-0.026855468750
-0.271484375000
-0.026489257812
-0.014282226562
-0.093750000000
0.071289062500
-0.066406250000
-0.006347656250
0.024780273438
0.009033203125
0.192382812500
-0.224609375000
-0.211914062500
0.017700195312
-0.148437500000
0.113769531250
-0.130859375000
0.114257812500
0.145507812500
-0.056884765625
0.046386718750
-0.074707031250
0.050292968750
0.024780273438
0.061767578125
0.131835937500
0.104492187500
-0.007873535156
-0.099609375000
-0.060546875000
0.147460937500
0.053710937500
0.019531250000
0.010070800781
-0.073730468750
-0.059082031250
-0.037597656250
0.174804687500
0.039062500000
0.086914062500
-0.001853942871
-0.057617187500
-0.079589843750
0.124023437500
0.059814453125
-0.083984375000
0.070312500000
-0.105468750000
-0.134765625000
0.105957031250
-0.004364013672
-0.219726562500
0.005828857422
-0.057617187500
0.038330078125
0.070312500000
0.040527343750
0.026245117188
0.089843750000
0.109375000000
0.125000000000
-0.148437500000
0.073730468750
0.080078125000
-0.048095703125
-0.076171875000
0.081542968750
-0.086914062500
0.165039062500
0.188476562500
0.024169921875
-0.113769531250
0.136718750000
0.212890625000
-0.175781250000
-0.017578125000
0.044433593750
0.044921875000
-0.059082031250
-0.041259765625
-0.053222656250
0.051269531250
0.041015625000
0.033203125000
-0.116699218750
-0.006683349609
-0.052490234375
-0.129882812500
0.091796875000
0.102050781250
-0.063476562500
-0.121093750000
-0.049804687500
-0.095703125000
0.124511718750
-0.031738281250
0.070312500000
0.050537109375
-0.061035156250
-0.040527343750
0.018798828125
-0.107910156250
0.008728027344
-0.107910156250
-0.059570312500
-0.109863281250
-0.006164550781
0.093261718750
-0.092285156250
0.074707031250
-0.019165039062
0.017944335938
0.034912109375
-0.136718750000
-0.030029296875
0.150390625000
-0.063964843750
0.132812500000
-0.042724609375
0.026123046875
0.063476562500
0.130859375000
0.101562500000
0.143554687500
-0.006927490234
0.061523437500
-0.039550781250
0.005889892578
-0.093261718750
-0.030883789062
0.088867187500
0.194335937500
0.005676269531
0.065429687500
0.033447265625
-0.018310546875
0.012023925781
-0.166992187500
0.031494140625
-0.161132812500
-0.208984375000
0.006927490234
0.081054687500
-0.205078125000
-0.114257812500
-0.062011718750
-0.110351562500
0.058593750000
-0.064941406250
0.038330078125
-0.110351562500
-0.080078125000
0.044921875000
0.012512207031
0.081054687500
0.069824218750
-0.148437500000
-0.002182006836
0.165039062500
0.104003906250
0.064453125000
0.029663085938
-0.084960937500
0.140625000000
0.046386718750
0.105957031250
-0.124023437500
-0.129882812500
-0.166992187500
-0.054931640625
0.016357421875
-0.110839843750
0.052734375000
-0.085937500000
0.051513671875
0.024902343750
0.082031250000
-0.206054687500
-0.108398437500
-0.017578125000
-0.028564453125
-0.082519531250
-0.060058593750
-0.215820312500
0.054931640625
-0.065917968750
-0.093261718750
-0.041992187500
0.073242187500
-0.020141601562
-0.000220298767
-0.052246093750
-0.117187500000
0.147460937500
-0.178710937500
-0.102539062500
0.068359375000
-0.038330078125
-0.127929687500
-0.065917968750
-0.196289062500
0.021728515625
-0.088378906250
-0.086914062500
0.061279296875
-0.080078125000
-0.091308593750
-0.057128906250
0.017089843750
-0.120605468750
-0.071777343750
0.052246093750
-0.143554687500
-0.212890625000
0.083496093750
-0.064453125000
0.064941406250
0.246093750000
-0.145507812500
-0.082031250000
-0.089843750000
0.028930664062
-0.102050781250
-0.027099609375
0.098144531250
0.051025390625
-0.177734375000
-0.099609375000
-0.121582031250
0.120605468750
0.059326171875
-0.152343750000
0.116210937500
0.141601562500
0.156250000000
-0.015258789062
-0.049316406250
-0.143554687500
-0.148437500000
0.212890625000
0.107910156250
-0.035156250000
0.013488769531
0.052490234375
-0.069335937500
0.024658203125
-0.113769531250
0.006378173828
-0.017211914062
-0.032470703125
-0.021240234375
0.051513671875
0.237304687500
0.089355468750
0.197265625000
-0.096679687500
0.047119140625
-0.031127929688
-0.036132812500
0.046630859375
-0.034912109375
-0.047851562500
0.056884765625
0.104492187500
0.166015625000
0.126953125000
-0.067382812500
-0.092285156250
0.065429687500
-0.065917968750
0.001434326172
-0.022094726562
-0.046875000000
0.074218750000
-0.109863281250
0.102050781250
0.020507812500
-0.208007812500
0.014587402344
-0.032470703125
-0.109375000000
-0.257812500000
0.019409179688
0.047363281250
-0.062500000000
-0.212890625000
0.061767578125
-0.043212890625
-0.083984375000
-0.324218750000
-0.007446289062
0.015136718750
0.127929687500
0.160156250000
-0.003631591797
-0.148437500000
-0.186523437500
0.049560546875
-0.402343750000
-0.110351562500
0.020874023438
0.006042480469
-0.045654296875
0.037841796875
-0.027099609375
-0.163085937500
-0.012023925781
0.057128906250
0.046875000000
0.177734375000
0.141601562500
-0.011962890625
-0.036621093750
-0.090820312500
-0.038574218750
0.052001953125
-0.096679687500
0.090820312500
-0.182617187500
-0.065429687500
0.100585937500
0.020019531250
-0.028930664062
-0.086425781250
0.022460937500
0.032226562500
0.134765625000
0.091308593750
0.057617187500
-0.212890625000
-0.082031250000
-0.043701171875
0.036376953125
0.125976562500
-0.028320312500
0.019897460938
0.004608154297
-0.129882812500
0.085449218750
-0.090820312500
-0.049804687500
0.115234375000
0.020996093750
-0.059570312500
0.138671875000
-0.080078125000
0.128906250000
-0.056152343750
-0.223632812500
0.343750000000
-0.071289062500
-0.044189453125
-0.198242187500
-0.054687500000
-0.002944946289
-0.013488769531
-0.109375000000
0.101562500000
-0.176757812500
0.145507812500
-0.148437500000
0.333984375000
-0.034667968750
-0.085937500000
-0.063964843750
-0.098144531250
-0.025634765625
-0.200195312500
-0.061767578125
-0.008728027344
-0.058349609375
-0.181640625000
-0.052978515625
0.087890625000
0.063964843750
0.104980468750
0.041015625000
0.092285156250
0.145507812500
0.121582031250
-0.209960937500
-0.041259765625
0.040283203125
-0.029296875000
-0.044677734375
-0.094238281250
0.188476562500
0.046630859375
0.050781250000
0.316406250000
0.133789062500
-0.072265625000
-0.200195312500
0.197265625000
-0.103515625000
-0.031250000000
0.015441894531
0.170898437500
0.036621093750
-0.020019531250
-0.022460937500
-0.036132812500
-0.054931640625
-0.050048828125
0.011169433594
0.012390136719
-0.041259765625
-0.002716064453
-0.031127929688
-0.106933593750
-0.016601562500
-0.029418945312
-0.030395507812
0.012084960938
-0.007476806641
-0.410156250000
0.152343750000
-0.036621093750
-0.149414062500
-0.129882812500
0.080078125000
0.083496093750
0.169921875000
-0.016845703125
0.097656250000
0.273437500000
-0.014282226562
-0.045654296875
-0.159179687500
0.055908203125
0.067382812500
-0.178710937500
0.126953125000
-0.084960937500
-0.118164062500
0.010070800781
0.147460937500
0.009704589844
0.112304687500
0.086914062500
-0.031982421875
0.038330078125
0.049804687500
-0.044677734375
0.055664062500
0.054931640625
-0.086425781250
-0.125976562500
0.000534057617
-0.005126953125
-0.000434875488
-0.186523437500
0.124023437500
-0.084960937500
0.214843750000
0.009277343750
0.109863281250
-0.076660156250
0.063964843750
-0.094238281250
-0.009216308594
0.054931640625
-0.029907226562
-0.056640625000
0.054687500000
-0.104003906250
0.073730468750
-0.130859375000
0.009216308594
0.380859375000
0.005828857422
-0.088378906250
-0.197265625000
0.024536132812
0.035400390625
-0.106933593750
0.038085937500
0.011840820312
0.023071289062
-0.018310546875
0.107421875000
0.158203125000
0.007202148438
0.033691406250
0.167968750000
-0.043701171875
0.187500000000
-0.074218750000
0.010375976562
-0.103027343750
-0.048583984375
0.011169433594
-0.057617187500
-0.110351562500
-0.029663085938
0.041992187500
-0.176757812500
0.065429687500
-0.101074218750
-0.072753906250
-0.035400390625
-0.031982421875
0.022827148438
0.041015625000
0.026000976562
-0.031250000000
-0.139648437500
-0.045410156250
0.108398437500
0.106445312500
0.111328125000
0.148437500000
0.096679687500
0.097167968750
0.253906250000
0.070800781250
0.012451171875
0.067382812500
0.080566406250
0.087890625000
-0.069335937500
0.034912109375
0.047851562500
-0.062988281250
-0.088378906250
0.006500244141
-0.147460937500
-0.085449218750
-0.020751953125
-0.016235351562
-0.180664062500
-0.064453125000
-0.134765625000
0.058837890625
0.052978515625
0.011352539062
-0.104003906250
-0.049560546875
0.003936767578
-0.065429687500
-0.121093750000
0.079589843750
-0.157226562500
0.109863281250
-0.021362304688
-0.046142578125
0.100097656250
0.012390136719
-0.052246093750
-0.134765625000
0.032226562500
0.154296875000
-0.022460937500
-0.083496093750
0.265625000000
0.153320312500
-0.046142578125
0.109863281250
0.068359375000
-0.035400390625
-0.335937500000
0.134765625000
-0.054687500000
-0.259765625000
0.092773437500
-0.013427734375
-0.017456054688
0.028198242188
-0.045654296875
0.155273437500
-0.091796875000
0.022338867188
0.057861328125
0.050048828125
-0.087890625000
0.015747070312
-0.076660156250
-0.022949218750
-0.187500000000
-0.059570312500
-0.073730468750
-0.044189453125
-0.019165039062
0.005249023438
0.033203125000
0.017333984375
0.024169921875
-0.047119140625
0.034667968750
0.015869140625
-0.073730468750
0.026367187500
-0.136718750000
0.041503906250
0.032226562500
0.034423828125
-0.019653320312
-0.171875000000
0.206054687500
-0.031494140625
0.072753906250
0.141601562500
0.055664062500
-0.004180908203
0.075683593750
0.113281250000
-0.269531250000
-0.359375000000
0.028930664062
-0.155273437500
-0.064453125000
-0.030639648438
-0.230468750000
0.014892578125
-0.065917968750
0.073242187500
0.127929687500
0.201171875000
0.012512207031
-0.002822875977
-0.036376953125
-0.030883789062
-0.118164062500
0.178710937500
-0.021484375000
0.057128906250
0.167968750000
-0.068847656250
0.104492187500
0.043212890625
-0.040527343750
-0.215820312500
0.065917968750
0.042968750000
0.005554199219
-0.074707031250
-0.146484375000
0.049072265625
-0.132812500000
-0.113281250000
-0.036865234375
0.021240234375
0.169921875000
-0.015319824219
-0.198242187500
-0.074707031250
0.032958984375
-0.023071289062
0.073730468750
-0.033935546875
-0.115234375000
-0.029907226562
-0.160156250000
0.024047851562
-0.163085937500
-0.133789062500
0.077148437500
-0.074707031250
-0.191406250000
0.118164062500
0.023559570312
-0.056152343750
0.085449218750
0.024658203125
-0.139648437500
0.101562500000
-0.081054687500
0.111328125000
0.079101562500
-0.060058593750
0.078125000000
0.079589843750
-0.103027343750
0.178710937500
0.057617187500
-0.034912109375
-0.037597656250
0.069824218750
-0.022705078125
-0.083496093750
0.120605468750
0.060791015625
-0.066894531250
-0.083007812500
0.048583984375
-0.035400390625
-0.100097656250
-0.054199218750
-0.017456054688
-0.062500000000
0.001182556152
0.039062500000
0.098632812500
-0.028564453125
-0.017456054688
-0.216796875000
-0.017211914062
-0.042480468750
-0.044921875000
0.063964843750
-0.083984375000
-0.046386718750
-0.000142097473
0.159179687500
0.036376953125
-0.002777099609
0.040771484375
-0.034423828125
0.054443359375
-0.012573242188
-0.122558593750
-0.008789062500
-0.049804687500
0.100585937500
0.074707031250
0.157226562500
0.026855468750
0.012268066406
-0.020629882812
-0.085449218750
0.164062500000
0.069335937500
-0.154296875000
-0.123535156250
0.018798828125
0.176757812500
-0.108886718750
-0.024536132812
-0.074707031250
-0.079101562500
-0.153320312500
0.025634765625
-0.137695312500
0.085937500000
0.091308593750
-0.219726562500
-0.150390625000
-0.026367187500
-0.075195312500
0.208984375000
-0.134765625000
0.000392913818
0.039062500000
0.023193359375
0.118652343750
0.026123046875
0.121582031250
0.031250000000
-0.072753906250
0.064453125000
-0.157226562500
0.138671875000
0.041015625000
0.111816406250
-0.048828125000
-0.023315429688
-0.017333984375
-0.183593750000
-0.070312500000
-0.034423828125
-0.000991821289
-0.157226562500
-0.223632812500
-0.088378906250
-0.238281250000
-0.078613281250
-0.103027343750
-0.066894531250
-0.049804687500
-0.137695312500
0.045898437500
-0.071289062500
0.086914062500
-0.104003906250
0.003326416016
0.064941406250
0.032714843750
0.127929687500
0.053222656250
-0.012756347656
0.038574218750
0.086425781250
0.100097656250
0.105468750000
0.205078125000
-0.134765625000
-0.082031250000
-0.032470703125
-0.088378906250
0.005096435547
-0.118652343750
0.012390136719
0.026000976562
0.347656250000
0.004211425781
-0.216796875000
0.063964843750
-0.113769531250
0.087890625000
0.029541015625
-0.024047851562
0.166992187500
0.074707031250
0.163085937500
-0.026245117188
-0.105468750000
-0.047119140625
-0.065917968750
-0.164062500000
-0.047607421875
-0.077636718750
0.000595092773
0.083007812500
-0.068847656250
0.109863281250
-0.033203125000
-0.230468750000
-0.127929687500
-0.160156250000
0.117675781250
-0.058593750000
-0.063964843750
-0.103027343750
-0.097167968750
0.015747070312
-0.172851562500
-0.053955078125
0.114746093750
-0.062500000000
0.037841796875
0.010009765625
-0.092773437500
-0.155273437500
-0.130859375000
0.175781250000
-0.088867187500
-0.084960937500
-0.133789062500
-0.040283203125
0.190429687500
-0.021118164062
-0.066894531250
-0.154296875000
-0.081542968750
0.023315429688
0.052978515625
0.097656250000
0.003738403320
0.011779785156
-0.085449218750
-0.214843750000
0.049316406250
-0.007110595703
-0.052246093750
-0.096679687500
-0.000659942627
0.044677734375
0.053466796875
-0.021240234375
0.202148437500
0.058105468750
0.036132812500
-0.222656250000
-0.045410156250
0.263671875000
-0.024780273438
-0.244140625000
0.097656250000
-0.103515625000
0.066406250000
0.039062500000
-0.026733398438
-0.221679687500
0.123535156250
0.076171875000
-0.155273437500
-0.074218750000
0.092773437500
0.014099121094
0.096679687500
-0.038330078125
-0.015319824219
-0.026367187500
0.025268554688
0.124023437500
0.109863281250
0.049316406250
0.062255859375
0.050292968750
-0.002090454102
0.294921875000
-0.111328125000
-0.168945312500
-0.099609375000
0.074218750000
0.189453125000
-0.127929687500
-0.112792968750
-0.168945312500
0.015258789062
-0.074218750000
-0.048339843750
-0.133789062500
-0.044189453125
-0.022094726562
0.042236328125
0.052246093750
-0.204101562500
0.124023437500
-0.004333496094
-0.051025390625
-0.012756347656
0.124023437500
0.018920898438
-0.073730468750
-0.023803710938
-0.130859375000
-0.170898437500
0.008728027344
0.180664062500
-0.093261718750
-0.005371093750
0.148437500000
-0.055908203125
-0.019897460938
0.121582031250
-0.000480651855
0.240234375000
0.072265625000
0.093750000000
0.001441955566
-0.105468750000
0.101074218750
0.019897460938
0.001922607422
-0.019287109375
-0.047363281250
0.121582031250
0.093261718750
-0.066894531250
0.019409179688
0.024780273438
0.060302734375
-0.183593750000
-0.014221191406
-0.023437500000
-0.059326171875
-0.070312500000
-0.021972656250
-0.017456054688
0.082519531250
0.013000488281
-0.139648437500
0.105468750000
-0.031494140625
0.015258789062
0.093750000000
-0.058593750000
-0.139648437500
-0.050537109375
-0.099121093750
0.073242187500
0.144531250000
0.065917968750
0.007781982422
-0.130859375000
-0.045898437500
-0.122070312500
-0.062011718750
-0.023803710938
-0.033935546875
0.162109375000
-0.130859375000
-0.080566406250
0.045410156250
0.064941406250
0.140625000000
0.047119140625
0.130859375000
0.232421875000
0.053466796875
0.012817382812
-0.021240234375
0.034667968750
-0.031982421875
-0.035400390625
-0.029907226562
0.022460937500
-0.059082031250
-0.163085937500
0.253906250000
-0.002853393555
-0.053955078125
0.025268554688
-0.032714843750
0.101074218750
0.057617187500
0.097656250000
0.191406250000
-0.044433593750
0.009521484375
0.111816406250
-0.200195312500
-0.038085937500
0.084960937500
0.114746093750
-0.076171875000
0.038574218750
0.185546875000
0.081054687500
-0.064941406250
-0.078613281250
0.050781250000
0.125976562500
0.021240234375
0.078613281250
-0.126953125000
0.028442382812
0.130859375000
0.079589843750
-0.106445312500
0.049560546875
0.090820312500
-0.019165039062
0.019409179688
-0.035644531250
0.138671875000
0.032714843750
0.031005859375
0.147460937500
0.039550781250
0.011230468750
-0.095214843750
-0.135742187500
-0.028930664062
-0.108886718750
-0.068359375000
0.111328125000
-0.083007812500
-0.190429687500
-0.017333984375
-0.163085937500
-0.067382812500
-0.141601562500
-0.113281250000
-0.143554687500
0.007995605469
-0.142578125000
0.130859375000
0.121582031250
0.020141601562
0.074218750000
-0.112792968750
-0.138671875000
0.196289062500
-0.062500000000
0.000923156738
-0.003265380859
0.010192871094
-0.028686523438
-0.053710937500
-0.004638671875
0.012695312500
0.025878906250
0.088867187500
0.001838684082
-0.180664062500
-0.077636718750
0.058593750000
0.085937500000
0.014587402344
0.116699218750
0.059082031250
0.109863281250
-0.036865234375
0.017944335938
-0.109863281250
0.241210937500
-0.080078125000
-0.122070312500
-0.015380859375
-0.069335937500
-0.012023925781
0.098144531250
0.004516601562
-0.005706787109
-0.172851562500
-0.107421875000
-0.230468750000
0.067871093750
0.075195312500
-0.137695312500
-0.054931640625
0.024536132812
-0.004272460938
0.072265625000
-0.034667968750
0.113281250000
-0.083007812500
-0.150390625000
-0.159179687500
0.018554687500
-0.098632812500
-0.135742187500
-0.079589843750
0.001899719238
-0.027465820312
0.057128906250
0.039062500000
-0.017578125000
-0.049560546875
0.005310058594
0.083984375000
0.222656250000
0.003890991211
-0.041992187500
-0.010009765625
-0.039550781250
0.341796875000
0.019409179688
0.024780273438
0.003829956055
-0.082519531250
0.332031250000
-0.196289062500
-0.028076171875
-0.005187988281
0.277343750000
0.114746093750
0.010070800781
0.018188476562
0.133789062500
-0.028930664062
0.038574218750
-0.107910156250
-0.066406250000
0.083496093750
-0.060302734375
0.096191406250
-0.127929687500
0.113769531250
0.029785156250
0.085449218750
-0.042968750000
0.091308593750
-0.015991210938
0.092773437500
0.001075744629
-0.097167968750
0.035644531250
0.013000488281
-0.019042968750
0.126953125000
0.028076171875
-0.037353515625
-0.045654296875
-0.107421875000
-0.086425781250
-0.015625000000
-0.060791015625
0.078613281250
-0.037353515625
-0.011474609375
-0.053222656250
-0.157226562500
-0.062011718750
0.036376953125
-0.047119140625
-0.114257812500
0.244140625000
0.007354736328
0.188476562500
-0.074707031250
-0.030639648438
0.009826660156
-0.006713867188
-0.014282226562
0.275390625000
-0.019287109375
0.098144531250
-0.030639648438
0.006256103516
-0.071777343750
-0.031738281250
-0.017822265625
-0.047363281250
-0.003112792969
-0.068359375000
0.024047851562
0.028564453125
0.062500000000
0.090820312500
0.083007812500
0.038330078125
-0.130859375000
0.126953125000
-0.127929687500
-0.038085937500
0.007934570312
-0.042724609375
-0.073730468750
0.065429687500
0.058593750000
-0.067871093750
0.084960937500
-0.109863281250
0.082031250000
0.117675781250
0.110839843750
0.085937500000
-0.096191406250
-0.053222656250
0.233398437500
-0.004486083984
0.046875000000
-0.134765625000
0.082031250000
0.024536132812
-0.066406250000
0.018432617188
0.028930664062
0.047363281250
-0.115234375000
-0.277343750000
-0.133789062500
-0.231445312500
0.042724609375
0.080566406250
0.027465820312
-0.114257812500
-0.084472656250
-0.165039062500
0.027221679688
-0.012878417969
0.163085937500
0.045166015625
-0.032714843750
-0.160156250000
-0.072753906250
0.044921875000
0.008239746094
0.093750000000
0.103515625000
0.080566406250
-0.006835937500
0.047607421875
-0.044921875000
-0.013427734375
-0.055664062500
0.117187500000
0.055908203125
-0.057373046875
-0.024658203125
-0.024780273438
-0.027954101562
0.037109375000
-0.053466796875
0.059814453125
-0.064453125000
0.103515625000
0.003509521484
-0.343750000000
-0.074707031250
-0.144531250000
0.072265625000
-0.167968750000
-0.085449218750
0.106933593750
-0.091308593750
0.080566406250
-0.071289062500
0.121582031250
-0.181640625000
-0.010925292969
0.143554687500
-0.044921875000
-0.030395507812
-0.018920898438
0.050781250000
-0.026855468750
0.005340576172
-0.027343750000
0.094238281250
-0.058837890625
-0.041503906250
0.082031250000
-0.072753906250
-0.188476562500
-0.085937500000
-0.061035156250
-0.090820312500
0.111816406250
-0.012695312500
-0.055664062500
-0.219726562500
0.176757812500
-0.035400390625
0.118652343750
-0.072753906250
-0.083496093750
0.135742187500
0.086425781250
0.138671875000
-0.080566406250
-0.119140625000
-0.185546875000
0.053955078125
-0.061523437500
-0.061035156250
-0.031738281250
0.111328125000
0.000873565674
0.326171875000
0.066894531250
0.077148437500
-0.083984375000
-0.038574218750
-0.102539062500
0.153320312500
0.069335937500
-0.096679687500
0.129882812500
-0.265625000000
-0.051513671875
0.028442382812
0.009582519531
-0.147460937500
0.077148437500
-0.255859375000
-0.044921875000
-0.016845703125
0.014099121094
-0.107910156250
0.115722656250
-0.086425781250
-0.028442382812
0.134765625000
-0.062988281250
-0.060302734375
-0.064453125000
-0.069824218750
0.108398437500
-0.042480468750
-0.102539062500
0.003219604492
0.095214843750
0.094238281250
-0.123046875000
0.078613281250
0.009643554688
-0.048095703125
0.086425781250
0.036621093750
0.000272750854
0.168945312500
0.014892578125
-0.092285156250
0.012329101562
-0.160156250000
0.064941406250
0.018920898438
0.007934570312
-0.061767578125
-0.068847656250
0.034667968750
0.102050781250
0.070312500000
0.137695312500
-0.208984375000
0.105468750000
-0.010437011719
-0.050781250000
-0.057861328125
-0.092773437500
-0.010681152344
-0.120605468750
0.073242187500
-0.041259765625
0.031982421875
-0.197265625000
-0.038330078125
0.100097656250
0.035888671875
-0.094238281250
-0.024291992188
0.103515625000
-0.000732421875
-0.083984375000
0.150390625000
0.175781250000
0.020629882812
0.104003906250
-0.125976562500
0.110839843750
0.058349609375
-0.016479492188
-0.051757812500
0.226562500000
0.010009765625
0.098144531250
0.086425781250
-0.019775390625
-0.084960937500
-0.058837890625
-0.020996093750
-0.095703125000
0.046142578125
0.055419921875
0.007171630859
-0.182617187500
0.089843750000
-0.056640625000
0.023193359375
0.014831542969
0.103515625000
0.005523681641
0.105468750000
0.157226562500
-0.128906250000
-0.039062500000
-0.133789062500
-0.084472656250
-0.006134033203
0.099121093750
0.064453125000
-0.001571655273
0.235351562500
-0.087890625000
0.075683593750
0.020019531250
-0.104980468750
0.110839843750
0.112792968750
-0.041992187500
0.096191406250
-0.139648437500
-0.217773437500
-0.221679687500
-0.096679687500
0.213867187500
0.004425048828
0.116699218750
-0.190429687500
0.003082275391
-0.019165039062
-0.040039062500
0.158203125000
-0.257812500000
0.004669189453
0.089843750000
-0.016967773438
0.166015625000
-0.166015625000
0.039794921875
-0.003463745117
-0.016601562500
-0.118164062500
0.000762939453
0.013183593750
0.136718750000
-0.007385253906
0.106445312500
-0.069824218750
-0.004119873047
-0.033935546875
-0.032226562500
0.135742187500
-0.076171875000
0.046386718750
0.140625000000
0.054199218750
0.049560546875
-0.033935546875
-0.255859375000
-0.094726562500
0.086914062500
0.140625000000
0.056640625000
-0.010009765625
-0.205078125000
0.124023437500
-0.117187500000
-0.110351562500
-0.192382812500
-0.053466796875
0.009155273438
0.041015625000
0.152343750000
0.062255859375
0.261718750000
0.001388549805
-0.010620117188
0.112304687500
0.091308593750
-0.003936767578
-0.043457031250
-0.097656250000
-0.028686523438
-0.014587402344
0.030517578125
-0.113281250000
0.102050781250
0.094238281250
-0.165039062500
0.056396484375
0.084472656250
0.017700195312
-0.107910156250
0.041259765625
0.047363281250
0.059326171875
0.080566406250
0.105957031250
0.056152343750
-0.017456054688
-0.055175781250
-0.049804687500
0.026977539062
0.228515625000
0.050537109375
-0.029052734375
-0.012573242188
0.032470703125
0.359375000000
-0.013488769531
0.100585937500
-0.131835937500
-0.048828125000
0.058349609375
-0.040527343750
0.146484375000
-0.049560546875
-0.033691406250
-0.086425781250
0.046630859375
-0.001899719238
-0.093261718750
-0.061279296875
-0.228515625000
0.002151489258
0.006134033203
0.140625000000
0.107421875000
0.002059936523
-0.034423828125
-0.203125000000
-0.144531250000
-0.106445312500
0.048095703125
-0.088867187500
0.173828125000
0.083984375000
-0.168945312500
0.085449218750
-0.084960937500
0.015625000000
-0.011535644531
0.036621093750
0.048339843750
-0.094726562500
0.072265625000
-0.008178710938
-0.040771484375
0.045898437500
-0.129882812500
-0.032714843750
-0.122070312500
-0.020507812500
0.052734375000
0.096191406250
0.014099121094
-0.055908203125
0.026855468750
-0.001586914062
0.180664062500
0.091796875000
-0.047851562500
0.099609375000
0.181640625000
-0.066894531250
-0.066894531250
0.219726562500
0.166015625000
-0.125976562500
-0.004547119141
0.008422851562
0.090820312500
0.096679687500
-0.029663085938
-0.061767578125
-0.004730224609
-0.109863281250
0.082519531250
0.227539062500
-0.098632812500
-0.076660156250
-0.091308593750
0.027099609375
-0.176757812500
0.055664062500
0.161132812500
0.253906250000
0.065917968750
0.099609375000
0.094238281250
0.071777343750
0.183593750000
0.161132812500
-0.242187500000
-0.192382812500
-0.086914062500
-0.013000488281
0.028320312500
-0.034423828125
0.095703125000
-0.016601562500
-0.126953125000
0.036621093750
0.129882812500
-0.047851562500
0.111328125000
0.160156250000
0.020019531250
0.005676269531
-0.065917968750
0.026123046875
-0.095703125000
-0.069824218750
-0.039306640625
-0.068847656250
-0.016479492188
-0.076660156250
0.096679687500
0.094238281250
-0.042968750000
0.063964843750
0.055175781250
0.074218750000
-0.037841796875
-0.228515625000
-0.110839843750
0.025878906250
-0.023193359375
-0.086914062500
0.054687500000
0.157226562500
0.108886718750
-0.021484375000
-0.020874023438
0.049560546875
-0.009521484375
0.156250000000
-0.212890625000
0.041503906250
0.072753906250
0.003601074219
-0.166992187500
0.106933593750
-0.089355468750
-0.097656250000
-0.073730468750
0.127929687500
-0.066406250000
0.018188476562
-0.010131835938
-0.034912109375
-0.163085937500
0.143554687500
0.054443359375
-0.132812500000
-0.078125000000
0.081542968750
0.037841796875
-0.111328125000
-0.034179687500
-0.094726562500
-0.106933593750
-0.182617187500
-0.022827148438
-0.086914062500
0.062011718750
0.062500000000
0.113769531250
-0.078125000000
-0.015747070312
-0.045654296875
0.026367187500
0.028442382812
-0.269531250000
0.030517578125
0.111816406250
-0.090820312500
0.101562500000
0.018676757812
-0.047607421875
-0.017944335938
-0.214843750000
0.004943847656
-0.188476562500
0.063964843750
-0.094238281250
-0.071777343750
0.028198242188
-0.257812500000
0.019042968750
-0.249023437500
0.108398437500
-0.007232666016
-0.093750000000
0.123535156250
-0.003265380859
-0.062255859375
-0.035644531250
-0.077148437500
-0.111816406250
-0.112792968750
-0.063476562500
0.079101562500
0.034667968750
0.002273559570
-0.017700195312
-0.042480468750
-0.031250000000
0.018676757812
0.048828125000
-0.041259765625
0.010192871094
-0.052490234375
0.140625000000
-0.062500000000
-0.220703125000
-0.037597656250
0.100585937500
-0.052001953125
0.044921875000
-0.140625000000
0.053710937500
0.097167968750
-0.247070312500
-0.122558593750
-0.036621093750
0.082519531250
0.002243041992
-0.028320312500
0.039550781250
0.015441894531
-0.146484375000
-0.208007812500
-0.037841796875
0.043701171875
-0.036376953125
-0.024414062500
-0.128906250000
0.277343750000
-0.292968750000
-0.093261718750
-0.077636718750
0.150390625000
-0.100097656250
0.004302978516
-0.012329101562
-0.212890625000
-0.022460937500
0.007049560547
0.029052734375
0.050781250000
-0.439453125000
0.039794921875
0.000013172626
-0.073730468750
-0.216796875000
0.134765625000
-0.207031250000
0.036621093750
0.033447265625
0.227539062500
0.040039062500
0.056396484375
0.047607421875
-0.014099121094
0.095214843750
-0.151367187500
-0.129882812500
-0.073242187500
-0.038818359375
0.007537841797
0.126953125000
-0.051025390625
-0.009765625000
0.083007812500
-0.146484375000
-0.160156250000
0.035156250000
0.158203125000
0.062255859375
-0.223632812500
-0.020751953125
-0.002655029297
-0.138671875000
0.148437500000
0.049316406250
-0.125000000000
0.104003906250
0.008850097656
0.188476562500
0.111328125000
0.137695312500
0.171875000000
0.155273437500
-0.053466796875
0.093750000000
-0.101562500000
-0.124023437500
-0.045654296875
-0.118652343750
0.030761718750
-0.140625000000
0.030761718750
-0.039550781250
-0.009521484375
-0.129882812500
-0.100097656250
-0.144531250000
0.092285156250
0.067871093750
-0.016235351562
0.253906250000
-0.094238281250
-0.023437500000
0.070800781250
-0.296875000000
-0.015014648438
0.133789062500
-0.129882812500
-0.066894531250
0.026611328125
0.160156250000
0.150390625000
-0.074218750000
0.040283203125
0.182617187500
-0.265625000000
0.243164062500
0.028076171875
-0.002502441406
-0.013000488281
0.035644531250
-0.026000976562
-0.071777343750
0.072265625000
0.090332031250
-0.024902343750
-0.304687500000
0.128906250000
0.029174804688
0.068847656250
-0.204101562500
-0.028320312500
-0.155273437500
-0.041748046875
-0.077148437500
-0.164062500000
0.107910156250
0.036865234375
-0.186523437500
0.067382812500
-0.098144531250
0.106933593750
-0.014221191406
0.071289062500
-0.009887695312
0.086425781250
0.047607421875
0.033691406250
-0.038330078125
-0.072753906250
-0.140625000000
-0.222656250000
0.222656250000
-0.090820312500
0.093750000000
0.052978515625
0.001495361328
-0.128906250000
-0.085449218750
0.088867187500
0.127929687500
-0.333984375000
-0.026367187500
-0.011596679688
-0.058105468750
-0.003082275391
0.129882812500
-0.108398437500
0.020507812500
-0.106445312500
0.175781250000
-0.179687500000
0.057861328125
0.060791015625
-0.048095703125
0.010437011719
0.110351562500
-0.070800781250
0.027465820312
0.106933593750
-0.120605468750
-0.051025390625
-0.003631591797
0.038330078125
0.121093750000
-0.032714843750
0.148437500000
0.025268554688
0.015075683594
-0.070312500000
-0.029296875000
-0.097167968750
-0.091796875000
-0.129882812500
0.152343750000
-0.020996093750
0.120117187500
0.279296875000
0.182617187500
-0.049804687500
-0.041015625000
-0.025634765625
-0.002365112305
0.130859375000
0.142578125000
-0.046630859375
0.090332031250
-0.048095703125
-0.015991210938
-0.088867187500
-0.058349609375
-0.010681152344
0.004699707031
-0.066894531250
0.090332031250
0.034423828125
-0.110351562500
-0.053222656250
0.030151367188
0.006958007812
-0.074218750000
-0.210937500000
0.107421875000
-0.009582519531
-0.105468750000
-0.130859375000
-0.004882812500
-0.107421875000
0.041748046875
0.172851562500
-0.073730468750
0.186523437500
-0.006225585938
-0.294921875000
0.105957031250
-0.279296875000
0.128906250000
0.037841796875
-0.148437500000
0.231445312500
0.005187988281
0.263671875000
0.025512695312
0.101074218750
0.065429687500
-0.053222656250
-0.056884765625
0.042968750000
-0.014160156250
0.079589843750
0.023681640625
0.007934570312
0.122070312500
0.124023437500
0.095703125000
-0.150390625000
-0.072753906250
-0.086425781250
-0.140625000000
0.028686523438
-0.052246093750
0.100585937500
-0.046875000000
-0.093750000000
-0.029174804688
-0.046386718750
-0.117187500000
-0.032958984375
0.005798339844
0.081542968750
0.002456665039
-0.052001953125
-0.152343750000
0.144531250000
-0.107910156250
-0.005340576172
0.064453125000
0.045166015625
0.164062500000
0.263671875000
-0.036376953125
-0.016357421875
-0.026611328125
-0.045654296875
0.006561279297
0.024902343750
-0.167968750000
0.031127929688
-0.060058593750
0.214843750000
-0.089355468750
-0.138671875000
-0.079589843750
-0.131835937500
0.081054687500
-0.142578125000
-0.142578125000
-0.241210937500
-0.027221679688
0.054931640625
0.143554687500
0.147460937500
-0.138671875000
-0.016235351562
-0.114257812500
0.010986328125
-0.123046875000
0.117675781250
0.208007812500
0.004699707031
-0.107421875000
0.003936767578
0.058593750000
-0.115722656250
0.035400390625
-0.032958984375
-0.010131835938
-0.059570312500
0.215820312500
-0.087890625000
0.032958984375
-0.148437500000
0.072265625000
-0.046630859375
-0.142578125000
0.080566406250
-0.016113281250
0.239257812500
0.061523437500
-0.058837890625
0.244140625000
0.008850097656
-0.084472656250
-0.029296875000
-0.175781250000
-0.007629394531
0.000778198242
0.161132812500
0.082519531250
-0.005493164062
0.144531250000
0.042236328125
-0.006530761719
0.015136718750
0.117675781250
0.059082031250
-0.151367187500
-0.008361816406
-0.234375000000
0.049072265625
0.109863281250
-0.075195312500
-0.119628906250
0.013916015625
-0.077636718750
0.039306640625
-0.220703125000
-0.261718750000
-0.164062500000
0.026977539062
-0.056640625000
-0.068847656250
-0.011047363281
-0.054931640625
0.084472656250
-0.042236328125
-0.015136718750
0.110839843750
0.054931640625
-0.100097656250
0.191406250000
0.029907226562
-0.026977539062
0.019775390625
0.051513671875
0.108398437500
-0.119140625000
0.034667968750
-0.152343750000
-0.085449218750
0.043945312500
-0.030639648438
-0.080078125000
0.127929687500
0.066406250000
-0.099121093750
0.106445312500
-0.211914062500
-0.138671875000
-0.019775390625
0.103027343750
0.048828125000
-0.147460937500
0.174804687500
0.208984375000
0.013488769531
0.054687500000
-0.018920898438
-0.136718750000
0.067382812500
-0.089355468750
0.094238281250
-0.079589843750
0.029785156250
0.028564453125
-0.332031250000
0.049072265625
-0.025634765625
-0.021118164062
-0.036132812500
-0.017944335938
-0.004089355469
0.216796875000
0.009582519531
0.015991210938
-0.033447265625
0.052001953125
0.036621093750
0.122070312500
0.095214843750
0.008300781250
0.378906250000
0.008300781250
0.015747070312
-0.067382812500
0.018066406250
0.029296875000
-0.149414062500
-0.044189453125
-0.041748046875
-0.099609375000
-0.070312500000
0.043457031250
-0.101074218750
0.089843750000
-0.117675781250
-0.001472473145
0.017456054688
-0.038818359375
-0.064453125000
-0.010375976562
-0.238281250000
0.076171875000
0.113281250000
0.174804687500
0.048828125000
0.052490234375
-0.067382812500
-0.075195312500
0.019531250000
-0.103515625000
-0.279296875000
0.034667968750
0.059814453125
-0.084472656250
0.099121093750
-0.030029296875
0.016235351562
-0.114257812500
0.015991210938
-0.126953125000
-0.105468750000
0.044433593750
-0.020629882812
0.006713867188
-0.057861328125
-0.087890625000
0.086914062500
0.003448486328
-0.021972656250
-0.359375000000
0.040527343750
-0.063476562500
0.083496093750
0.111816406250
-0.094726562500
0.147460937500
-0.073242187500
-0.007598876953
-0.110351562500
0.080566406250
0.131835937500
-0.004180908203
-0.002395629883
0.116699218750
0.047607421875
0.044921875000
0.067382812500
-0.161132812500
0.021728515625
-0.024291992188
-0.108886718750
-0.176757812500
-0.035644531250
0.176757812500
-0.013793945312
0.077148437500
0.005310058594
-0.025878906250
-0.047119140625
-0.007537841797
-0.121582031250
-0.058105468750
0.058837890625
-0.092773437500
-0.073730468750
0.078613281250
0.076660156250
0.122558593750
0.057373046875
0.050781250000
-0.094726562500
-0.173828125000
-0.152343750000
-0.034179687500
-0.017578125000
-0.194335937500
0.044921875000
-0.151367187500
-0.073242187500
-0.049072265625
-0.021240234375
-0.032226562500
-0.172851562500
-0.043945312500
0.069824218750
0.026855468750
0.104003906250
0.058105468750
0.149414062500
0.080078125000
-0.073730468750
-0.204101562500
-0.066894531250
0.261718750000
-0.025390625000
-0.077148437500
-0.046630859375
0.053710937500
-0.328125000000
0.019531250000
-0.019409179688
0.020385742188
-0.083496093750
-0.014282226562
-0.116210937500
-0.116210937500
-0.067871093750
-0.043945312500
0.029052734375
-0.027343750000
0.010742187500
-0.144531250000
-0.043457031250
0.053222656250
-0.265625000000
-0.007476806641
0.032226562500
-0.095214843750
0.259765625000
-0.019653320312
-0.077636718750
0.151367187500
-0.034667968750
-0.146484375000
0.028198242188
-0.049804687500
-0.084960937500
0.024780273438
0.102050781250
0.273437500000
0.190429687500
-0.086914062500
-0.117187500000
-0.007171630859
-0.044433593750
0.171875000000
0.039794921875
-0.061035156250
-0.132812500000
0.154296875000
-0.100097656250
0.126953125000
-0.114257812500
-0.017944335938
-0.005126953125
0.001785278320
0.078613281250
-0.070312500000
-0.017333984375
0.067871093750
-0.048095703125
0.159179687500
0.082519531250
0.103515625000
-0.136718750000
-0.125976562500
0.049072265625
-0.017089843750
-0.059082031250
-0.123535156250
0.117675781250
0.046142578125
-0.131835937500
-0.169921875000
-0.212890625000
0.027221679688
0.046386718750
0.034423828125
0.070800781250
-0.237304687500
-0.024658203125
0.034667968750
0.126953125000
0.135742187500
-0.136718750000
0.281250000000
-0.028320312500
-0.085449218750
-0.027343750000
-0.033447265625
0.107910156250
0.098144531250
-0.103515625000
-0.007537841797
-0.050781250000
-0.075195312500
-0.000237464905
-0.085937500000
0.024780273438
-0.130859375000
0.079589843750
-0.011962890625
-0.105957031250
0.135742187500
0.078125000000
-0.081054687500
-0.026855468750
-0.009033203125
0.061523437500
-0.019653320312
0.005065917969
0.103515625000
-0.126953125000
-0.146484375000
0.055664062500
-0.037109375000
0.053222656250
-0.051025390625
0.177734375000
-0.023803710938
-0.183593750000
-0.221679687500
-0.036865234375
-0.028808593750
0.127929687500
0.211914062500
-0.251953125000
-0.031494140625
-0.097656250000
-0.001647949219
-0.099121093750
0.039794921875
-0.009460449219
0.049804687500
0.124023437500
-0.142578125000
0.102539062500
0.014038085938
-0.203125000000
-0.168945312500
0.089355468750
-0.063964843750
-0.018188476562
-0.163085937500
0.006072998047
-0.029663085938
-0.208007812500
0.002639770508
0.170898437500
0.015380859375
-0.071289062500
-0.012329101562
0.025878906250
0.067871093750
0.132812500000
-0.058593750000
0.056152343750
-0.096191406250
0.031982421875
-0.051025390625
-0.111816406250
0.031127929688
-0.127929687500
0.083007812500
0.069335937500
-0.147460937500
-0.087402343750
0.081054687500
-0.044433593750
0.090332031250
0.203125000000
0.075195312500
0.091796875000
-0.036376953125
0.127929687500
-0.086425781250
-0.000526428223
-0.091796875000
0.233398437500
0.038330078125
-0.077636718750
0.066894531250
0.174804687500
0.112792968750
-0.010803222656
-0.005493164062
-0.087890625000
0.135742187500
0.122070312500
-0.148437500000
0.153320312500
0.156250000000
-0.065429687500
0.168945312500
0.094238281250
-0.009704589844
-0.072753906250
0.224609375000
0.137695312500
0.219726562500
-0.000816345215
0.068359375000
0.082519531250
0.034423828125
0.070312500000
0.088867187500
-0.099609375000
0.062011718750
0.120117187500
0.077636718750
-0.010070800781
-0.092773437500
-0.071777343750
0.043945312500
0.121093750000
-0.033447265625
-0.092285156250
-0.023071289062
0.094238281250
0.030517578125
-0.155273437500
-0.042968750000
-0.083007812500
0.080566406250
0.178710937500
-0.000067234039
-0.020019531250
0.035400390625
-0.107910156250
-0.104492187500
-0.009216308594
-0.110351562500
0.101562500000
-0.001953125000
-0.133789062500
-0.016235351562
0.017211914062
-0.085937500000
0.052246093750
-0.161132812500
-0.037109375000
-0.113769531250
-0.025268554688
0.005706787109
0.236328125000
0.113769531250
-0.013977050781
-0.099609375000
0.037353515625
0.105957031250
0.133789062500
-0.054931640625
-0.209960937500
-0.107910156250
0.013427734375
0.045654296875
-0.033447265625
-0.072753906250
-0.084472656250
-0.104003906250
-0.055908203125
0.101074218750
-0.106933593750
0.043212890625
-0.052978515625
-0.027832031250
0.191406250000
-0.066406250000
-0.149414062500
0.194335937500
0.032714843750
-0.205078125000
0.168945312500
0.138671875000
-0.067871093750
0.007324218750
-0.103515625000
-0.116210937500
-0.008728027344
-0.056640625000
-0.005554199219
0.064941406250
0.116210937500
0.021240234375
0.075683593750
-0.065917968750
-0.113281250000
-0.064941406250
0.085449218750
-0.162109375000
0.040771484375
-0.158203125000
-0.101562500000
-0.056884765625
-0.045410156250
-0.109375000000
-0.003677368164
0.207031250000
-0.153320312500
-0.002700805664
-0.025024414062
-0.033447265625
-0.032470703125
0.182617187500
0.132812500000
0.190429687500
0.101074218750
0.005645751953
0.063964843750
0.009887695312
-0.000507354736
0.008117675781
0.005615234375
-0.209960937500
-0.204101562500
-0.224609375000
-0.000965118408
-0.089843750000
-0.040039062500
0.130859375000
-0.072753906250
0.135742187500
0.009582519531
-0.012756347656
-0.136718750000
-0.009094238281
0.005157470703
-0.043701171875
0.034667968750
-0.007080078125
-0.127929687500
-0.148437500000
-0.024414062500
-0.177734375000
0.068847656250
-0.044433593750
-0.041992187500
0.079101562500
-0.133789062500
0.088867187500
0.055175781250
-0.073730468750
-0.019653320312
-0.070800781250
-0.052246093750
0.011962890625
0.367187500000
0.095214843750
-0.140625000000
-0.071289062500
-0.002563476562
-0.036865234375
-0.054687500000
-0.154296875000
-0.095214843750
0.134765625000
0.109863281250
0.034667968750
0.064941406250
0.031982421875
-0.060791015625
0.056884765625
-0.018798828125
-0.213867187500
-0.012634277344
0.109375000000
-0.170898437500
-0.071289062500
-0.076171875000
-0.064941406250
-0.165039062500
-0.012023925781
-0.129882812500
0.147460937500
0.011108398438
-0.118164062500
-0.119140625000
-0.200195312500
-0.197265625000
0.000383377075
-0.063476562500
-0.022949218750
0.075195312500
0.004119873047
-0.091308593750
-0.163085937500
-0.113281250000
0.036865234375
0.082519531250
0.048095703125
-0.014465332031
0.063476562500
-0.172851562500
-0.029663085938
0.036376953125
-0.127929687500
-0.024414062500
-0.079589843750
-0.042968750000
0.040283203125
0.029174804688
-0.086914062500
-0.057373046875
-0.075683593750
-0.014160156250
-0.050048828125
0.124023437500
0.047363281250
-0.002014160156
0.051269531250
0.050537109375
-0.053466796875
0.011474609375
0.042968750000
0.003768920898
-0.145507812500
0.012512207031
-0.037109375000
-0.150390625000
-0.033203125000
-0.095703125000
0.039306640625
-0.003036499023
-0.071289062500
-0.027465820312
-0.010559082031
-0.024047851562
0.020507812500
-0.165039062500
-0.127929687500
0.068359375000
-0.028320312500
-0.184570312500
0.049560546875
-0.061279296875
-0.151367187500
0.068359375000
0.035644531250
0.031250000000
-0.225585937500
0.071777343750
-0.042968750000
0.037841796875
-0.074707031250
0.006561279297
-0.116210937500
0.001754760742
0.192382812500
0.116699218750
0.198242187500
0.154296875000
-0.051269531250
0.052490234375
-0.054199218750
0.023437500000
-0.121093750000
0.192382812500
0.006805419922
0.108398437500
-0.041992187500
0.062988281250
0.058593750000
-0.112792968750
-0.037109375000
0.002975463867
0.145507812500
-0.125976562500
-0.033447265625
0.009948730469
-0.105957031250
-0.210937500000
0.055419921875
0.095214843750
-0.167968750000
-0.018066406250
-0.108886718750
0.023193359375
-0.226562500000
0.141601562500
0.028930664062
0.018066406250
-0.306640625000
0.159179687500
0.008666992188
-0.085937500000
0.012878417969
-0.155273437500
-0.083984375000
0.062255859375
0.000560760498
-0.147460937500
0.064941406250
0.062988281250
-0.005279541016
0.125000000000
-0.166992187500
-0.125976562500
-0.029418945312
-0.058349609375
-0.133789062500
0.035644531250
-0.085937500000
0.057128906250
0.011840820312
-0.255859375000
0.018920898438
-0.105957031250
0.010681152344
-0.015197753906
0.085937500000
0.058837890625
-0.046875000000
-0.090820312500
-0.159179687500
0.050537109375
0.031005859375
-0.187500000000
-0.174804687500
-0.091796875000
-0.215820312500
0.063476562500
0.002838134766
-0.044433593750
-0.175781250000
-0.084472656250
-0.046142578125
0.175781250000
-0.011230468750
0.076171875000
0.042236328125
0.076171875000
0.029541015625
0.055419921875
-0.109863281250
-0.157226562500
-0.062011718750
0.013305664062
0.078125000000
0.063476562500
0.045898437500
0.152343750000
0.014709472656
0.068359375000
-0.219726562500
-0.011291503906
-0.104980468750
0.026611328125
-0.104980468750
0.015197753906
-0.163085937500
-0.126953125000
-0.077148437500
-0.096679687500
0.067382812500
-0.082031250000
-0.277343750000
-0.054931640625
-0.067871093750
-0.044189453125
0.006744384766
0.025024414062
-0.027465820312
-0.080078125000
0.081054687500
-0.072753906250
-0.031005859375
-0.078613281250
-0.166015625000
0.042724609375
0.151367187500
0.036132812500
-0.151367187500
-0.054687500000
-0.052490234375
0.063476562500
-0.067871093750
0.071289062500
0.073242187500
-0.055664062500
0.163085937500
0.103027343750
-0.055664062500
-0.061279296875
-0.140625000000
-0.243164062500
-0.020263671875
-0.030883789062
-0.167968750000
-0.045410156250
-0.146484375000
0.118164062500
0.059570312500
0.051513671875
-0.063964843750
-0.014282226562
-0.074707031250
-0.083496093750
-0.181640625000
-0.036132812500
0.051757812500
-0.043945312500
-0.102050781250
-0.037109375000
0.113281250000
-0.037597656250
-0.005584716797
0.092773437500
-0.141601562500
0.117675781250
-0.056640625000
-0.034423828125
0.024291992188
0.047851562500
-0.141601562500
-0.104003906250
0.217773437500
-0.028320312500
0.188476562500
-0.040771484375
-0.028686523438
-0.099121093750
-0.002288818359
0.004119873047
-0.081542968750
-0.014953613281
0.056884765625
-0.198242187500
-0.004638671875
-0.072753906250
0.137695312500
-0.287109375000
0.061767578125
0.078613281250
-0.042236328125
0.069824218750
-0.079589843750
0.061279296875
0.017700195312
-0.043457031250
-0.063964843750
-0.158203125000
0.027099609375
-0.018798828125
-0.008728027344
0.007934570312
0.008789062500
0.209960937500
0.168945312500
-0.036865234375
-0.083007812500
0.208007812500
-0.121582031250
-0.017822265625
0.045410156250
-0.050292968750
-0.025146484375
0.103027343750
-0.090332031250
-0.160156250000
0.029663085938
-0.015625000000
-0.084960937500
0.065429687500
0.026977539062
-0.078125000000
0.064941406250
-0.036376953125
0.022705078125
0.188476562500
-0.055664062500
0.084472656250
0.023681640625
-0.140625000000
-0.019287109375
-0.013793945312
-0.283203125000
0.009704589844
-0.006622314453
0.269531250000
-0.142578125000
-0.060302734375
0.003143310547
0.070312500000
-0.210937500000
-0.013488769531
-0.261718750000
0.154296875000
0.058349609375
-0.082031250000
-0.055664062500
-0.119140625000
0.180664062500
-0.160156250000
0.125976562500
0.066406250000
0.132812500000
0.096191406250
0.238281250000
-0.070312500000
-0.136718750000
-0.080566406250
-0.136718750000
-0.055419921875
-0.014465332031
0.090820312500
-0.067382812500
-0.101074218750
-0.119140625000
0.030517578125
0.261718750000
0.108886718750
-0.006927490234
0.176757812500
-0.093750000000
-0.082519531250
0.115234375000
0.088867187500
0.149414062500
-0.018554687500
-0.037841796875
-0.063476562500
0.100585937500
-0.183593750000
0.073242187500
-0.009033203125
0.128906250000
0.059570312500
-0.055419921875
-0.126953125000
-0.019287109375
0.151367187500
-0.081542968750
0.085449218750
0.047607421875
-0.132812500000
0.001739501953
-0.084472656250
0.035644531250
-0.046630859375
-0.117675781250
-0.033691406250
0.025024414062
0.072265625000
-0.045410156250
0.119140625000
-0.012268066406
-0.086914062500
-0.159179687500
-0.125976562500
0.069335937500
-0.070312500000
-0.092773437500
0.013366699219
-0.021484375000
-0.199218750000
0.055664062500
0.024780273438
0.043212890625
0.024414062500
-0.050781250000
0.021606445312
-0.164062500000
-0.047607421875
-0.062500000000
0.137695312500
-0.117187500000
0.044921875000
-0.006744384766
0.048828125000
-0.255859375000
0.056152343750
-0.022216796875
-0.087890625000
0.103027343750
-0.009033203125
0.126953125000
0.045166015625
0.003250122070
-0.208007812500
0.228515625000
-0.110351562500
-0.123046875000
0.090332031250
-0.070800781250
0.162109375000
0.006256103516
-0.176757812500
-0.003158569336
-0.065429687500
0.083007812500
-0.038574218750
-0.022460937500
-0.008056640625
-0.020629882812
0.005187988281
0.094238281250
0.062500000000
0.009521484375
0.083007812500
-0.166992187500
-0.141601562500
-0.116210937500
0.130859375000
-0.020263671875
0.038574218750
-0.092773437500
-0.186523437500
0.122558593750
0.011535644531
0.201171875000
-0.026489257812
-0.010986328125
-0.132812500000
0.034667968750
-0.094726562500
0.061767578125
0.011108398438
-0.240234375000
-0.026000976562
-0.092773437500
0.098632812500
0.035888671875
0.009887695312
0.232421875000
-0.207031250000
0.132812500000
0.035156250000
0.022094726562
-0.046386718750
0.190429687500
0.070800781250
-0.012939453125
0.078613281250
-0.006500244141
-0.014709472656
0.118164062500
0.014404296875
0.028564453125
-0.108398437500
-0.026611328125
-0.198242187500
-0.182617187500
-0.100585937500
-0.099121093750
-0.024291992188
-0.061279296875
0.079589843750
0.062988281250
-0.067871093750
0.054931640625
-0.024291992188
0.011657714844
0.063476562500
-0.078613281250
0.066894531250
-0.037597656250
0.026489257812
-0.008850097656
0.023071289062
0.090332031250
-0.181640625000
-0.003967285156
-0.022705078125
-0.149414062500
0.013671875000
0.035644531250
-0.024658203125
0.092285156250
-0.042968750000
-0.033203125000
-0.093750000000
0.001213073730
-0.080078125000
0.080566406250
-0.027954101562
-0.064453125000
-0.182617187500
0.065917968750
0.023559570312
-0.015441894531
-0.210937500000
-0.135742187500
0.289062500000
0.142578125000
-0.029907226562
-0.001525878906
0.116210937500
0.052734375000
0.013427734375
0.020507812500
0.070800781250
0.153320312500
0.052978515625
0.088378906250
0.031982421875
-0.144531250000
0.010314941406
-0.093261718750
0.187500000000
-0.107421875000
-0.089355468750
-0.023925781250
-0.018432617188
0.008422851562
0.132812500000
-0.201171875000
0.054931640625
-0.086914062500
0.019409179688
-0.030883789062
0.142578125000
0.156250000000
-0.007720947266
-0.007354736328
-0.192382812500
-0.042480468750
0.164062500000
-0.052490234375
0.145507812500
0.064453125000
-0.052246093750
-0.020629882812
-0.064941406250
-0.110351562500
-0.118652343750
0.072753906250
0.068847656250
-0.009765625000
-0.111816406250
0.104492187500
-0.245117187500
0.051757812500
-0.141601562500
0.142578125000
-0.077636718750
-0.147460937500
-0.061035156250
-0.218750000000
0.040527343750
-0.283203125000
0.056640625000
-0.149414062500
-0.090820312500
0.003799438477
-0.092773437500
-0.065917968750
0.106933593750
-0.025024414062
0.100097656250
0.041503906250
0.155273437500
0.196289062500
0.148437500000
0.124023437500
-0.057373046875
-0.210937500000
-0.094238281250
0.061279296875
0.167968750000
-0.263671875000
0.102539062500
-0.050292968750
-0.055664062500
0.051757812500
-0.163085937500
-0.066406250000
0.070312500000
0.130859375000
0.000801086426
0.059814453125
-0.072265625000
-0.161132812500
-0.031250000000
-0.106933593750
-0.127929687500
-0.112304687500
-0.015869140625
0.014099121094
0.011047363281
-0.079589843750
0.049804687500
0.069824218750
-0.182617187500
-0.094726562500
-0.007934570312
-0.057861328125
-0.123046875000
0.075195312500
0.153320312500
0.092773437500
-0.024169921875
-0.001663208008
-0.031738281250
0.118164062500
-0.082519531250
-0.106445312500
0.104003906250
0.009826660156
0.129882812500
-0.059326171875
0.093261718750
-0.115234375000
0.031494140625
0.027099609375
-0.100585937500
0.115722656250
0.195312500000
-0.084472656250
0.052246093750
-0.180664062500
-0.073730468750
0.032226562500
0.041259765625
0.081054687500
0.030883789062
-0.094238281250
0.108398437500
-0.037841796875
0.004791259766
0.116210937500
-0.158203125000
-0.079101562500
-0.279296875000
0.208984375000
0.080566406250
-0.074218750000
0.255859375000
0.036621093750
-0.105957031250
-0.078125000000
-0.084472656250
-0.060302734375
-0.046386718750
0.059082031250
-0.146484375000
-0.022827148438
-0.034423828125
0.071289062500
0.021362304688
-0.046386718750
0.038574218750
0.037353515625
-0.034423828125
0.118652343750
-0.006347656250
-0.181640625000
-0.367187500000
-0.090820312500
-0.022949218750
-0.183593750000
-0.166015625000
0.122558593750
0.076171875000
0.102539062500
0.002304077148
-0.125976562500
-0.060791015625
0.039062500000
0.110351562500
-0.133789062500
0.068847656250
0.147460937500
-0.015441894531
-0.087402343750
0.118164062500
0.067871093750
-0.090332031250
0.038085937500
0.096191406250
-0.134765625000
-0.080566406250
-0.183593750000
0.048339843750
0.033447265625
-0.048339843750
0.012878417969
-0.061279296875
0.007934570312
0.055664062500
-0.020874023438
-0.037353515625
-0.067871093750
-0.112304687500
-0.146484375000
0.112792968750
-0.083496093750
-0.077636718750
-0.083496093750
-0.022094726562
0.002487182617
-0.017211914062
-0.000759124756
-0.028808593750
0.074218750000
0.082031250000
0.023803710938
-0.046386718750
0.124023437500
-0.022338867188
-0.108398437500
0.200195312500
-0.116699218750
-0.002731323242
-0.014831542969
0.038085937500
-0.192382812500
0.090820312500
-0.030029296875
-0.004547119141
0.034912109375
0.037597656250
0.052490234375
-0.234375000000
0.091308593750
-0.145507812500
-0.013977050781
0.269531250000
-0.121093750000
0.056396484375
-0.022216796875
0.090820312500
0.010192871094
0.118652343750
0.008300781250
-0.025756835938
0.044921875000
0.174804687500
0.022460937500
-0.131835937500
-0.102050781250
0.008972167969
-0.072753906250
-0.071777343750
0.012878417969
0.060546875000
-0.070800781250
0.091308593750
-0.056640625000
0.145507812500
0.179687500000
-0.045166015625
0.012207031250
-0.096191406250
0.085937500000
-0.133789062500
-0.188476562500
-0.010864257812
-0.104492187500
-0.101074218750
0.052001953125
0.045654296875
-0.062011718750
0.114746093750
-0.021362304688
-0.226562500000
0.010986328125
0.141601562500
-0.006652832031
-0.173828125000
-0.025634765625
-0.112792968750
-0.091796875000
-0.100097656250
0.168945312500
0.035644531250
-0.013671875000
0.072265625000
0.093261718750
-0.046386718750
0.020629882812
-0.096191406250
0.063964843750
-0.090820312500
-0.023437500000
-0.065429687500
0.000549316406
0.070800781250
0.069335937500
-0.029785156250
0.129882812500
0.067871093750
0.042724609375
-0.242187500000
-0.072265625000
-0.089843750000
0.033935546875
-0.000957489014
0.129882812500
-0.076171875000
0.084472656250
0.031494140625
-0.146484375000
-0.275390625000
-0.011596679688
-0.061523437500
0.246093750000
-0.051757812500
-0.081542968750
0.151367187500
-0.058837890625
-0.034179687500
0.181640625000
-0.001403808594
0.009216308594
0.197265625000
0.059814453125
-0.016967773438
0.048095703125
0.071289062500
-0.011779785156
-0.182617187500
0.148437500000
-0.022094726562
0.082519531250
0.009460449219
0.041748046875
0.061523437500
0.022949218750
-0.013732910156
-0.029663085938
0.016601562500
-0.151367187500
-0.017089843750
0.052001953125
-0.028442382812
-0.105957031250
-0.009948730469
-0.202148437500
-0.157226562500
-0.028686523438
-0.049560546875
0.025512695312
0.010070800781
0.112304687500
-0.077636718750
-0.041015625000
-0.042968750000
-0.005065917969
-0.130859375000
-0.219726562500
0.045654296875
0.067382812500
0.024780273438
-0.028686523438
-0.083496093750
-0.201171875000
0.082031250000
-0.224609375000
0.054687500000
0.086425781250
0.104980468750
-0.149414062500
0.033447265625
-0.029663085938
0.164062500000
-0.155273437500
-0.024291992188
0.009155273438
-0.102050781250
0.071777343750
-0.072753906250
0.075683593750
-0.036865234375
-0.072753906250
0.042480468750
-0.089355468750
0.015319824219
0.204101562500
-0.105957031250
-0.059570312500
0.220703125000
-0.033691406250
0.042236328125
-0.073730468750
0.125976562500
-0.066894531250
-0.194335937500
-0.076660156250
-0.113769531250
-0.192382812500
0.046630859375
-0.028686523438
0.203125000000
-0.077148437500
0.074707031250
-0.011901855469
0.015441894531
-0.068359375000
0.024780273438
-0.015380859375
0.010070800781
-0.054931640625
0.014404296875
-0.024658203125
0.080566406250
-0.077636718750
-0.017944335938
0.102539062500
-0.001869201660
0.037109375000
-0.029052734375
0.246093750000
0.138671875000
0.083496093750
0.010009765625
-0.009338378906
0.023315429688
-0.078613281250
-0.125976562500
0.023925781250
0.115722656250
0.234375000000
-0.011474609375
0.076660156250
0.007873535156
0.067382812500
-0.035400390625
0.066406250000
-0.110351562500
-0.005584716797
0.041503906250
-0.154296875000
-0.059326171875
0.183593750000
-0.085937500000
-0.090332031250
0.098144531250
0.033203125000
-0.104003906250
-0.035400390625
0.048828125000
-0.149414062500
-0.134765625000
-0.139648437500
-0.291015625000
0.013671875000
-0.144531250000
0.233398437500
-0.235351562500
0.147460937500
0.142578125000
-0.005981445312
-0.040771484375
0.010375976562
-0.038330078125
0.061767578125
0.203125000000
-0.099609375000
-0.090332031250
-0.149414062500
0.073242187500
0.010192871094
0.106933593750
-0.022705078125
-0.063476562500
-0.179687500000
0.023071289062
-0.136718750000
0.059326171875
0.001159667969
0.023437500000
0.118164062500
0.100097656250
0.013244628906
-0.064453125000
-0.053955078125
0.136718750000
-0.044189453125
0.036132812500
0.097656250000
-0.186523437500
-0.083496093750
0.201171875000
0.010925292969
0.001808166504
-0.002624511719
0.070312500000
0.043945312500
0.166015625000
0.020996093750
-0.021850585938
0.063476562500
0.072265625000
-0.045654296875
-0.025512695312
-0.008728027344
-0.196289062500
-0.130859375000
-0.037353515625
0.027709960938
0.070312500000
0.004425048828
0.079589843750
-0.126953125000
-0.086914062500
-0.002090454102
0.174804687500
0.079101562500
-0.104003906250
-0.273437500000
0.001983642578
-0.059082031250
0.043212890625
0.195312500000
0.082519531250
0.061279296875
-0.062255859375
-0.091796875000
0.000766754150
0.047119140625
-0.157226562500
-0.064453125000
-0.170898437500
-0.062988281250
-0.040283203125
-0.006195068359
-0.068847656250
-0.008483886719
-0.200195312500
-0.055175781250
0.089843750000
-0.023559570312
-0.113281250000
-0.124023437500
0.015991210938
0.053466796875
0.102050781250
-0.149414062500
-0.025512695312
-0.010620117188
-0.079101562500
0.041259765625
0.304687500000
0.100097656250
0.020996093750
0.161132812500
0.097656250000
-0.085449218750
0.039550781250
0.143554687500
0.008789062500
0.014526367188
0.083007812500
-0.255859375000
0.059570312500
0.009277343750
0.026855468750
0.004302978516
0.072753906250
0.221679687500
0.141601562500
-0.148437500000
0.046142578125
0.154296875000
0.179687500000
0.128906250000
0.165039062500
0.259765625000
-0.322265625000
0.092285156250
0.109375000000
0.113281250000
-0.044921875000
-0.036132812500
-0.180664062500
-0.060546875000
-0.036621093750
0.134765625000
-0.068359375000
-0.180664062500
0.033691406250
-0.009155273438
-0.106445312500
-0.080078125000
-0.028930664062
-0.172851562500
-0.034912109375
0.119628906250
-0.106445312500
0.039062500000
0.056152343750
0.113769531250
0.134765625000
0.127929687500
0.050537109375
0.101562500000
-0.127929687500
-0.082031250000
-0.070312500000
-0.115234375000
-0.070800781250
-0.065429687500
-0.045654296875
0.039062500000
0.104980468750
-0.108398437500
-0.013183593750
0.001869201660
-0.002166748047
-0.033203125000
-0.066894531250
-0.111816406250
-0.104980468750
0.187500000000
0.071289062500
-0.189453125000
-0.143554687500
0.021118164062
-0.055664062500
-0.030517578125
-0.038085937500
-0.057373046875
-0.107421875000
-0.044433593750
-0.052978515625
0.027221679688
-0.079589843750
-0.039306640625
0.007049560547
-0.108398437500
-0.318359375000
-0.118652343750
-0.034912109375
0.101074218750
0.074707031250
0.157226562500
-0.124023437500
-0.029785156250
-0.029296875000
0.052490234375
0.009399414062
-0.078125000000
-0.099609375000
-0.013488769531
0.115722656250
0.008239746094
-0.035400390625
-0.090820312500
-0.192382812500
-0.056884765625
0.055664062500
0.044433593750
-0.051025390625
-0.089843750000
-0.045410156250
-0.108398437500
-0.015747070312
0.017822265625
-0.052490234375
0.051269531250
0.111328125000
0.059082031250
-0.080566406250
0.031738281250
0.036132812500
0.041015625000
0.002334594727
0.190429687500
0.208984375000
-0.039306640625
-0.058105468750
0.306640625000
-0.045898437500
0.166992187500
-0.188476562500
0.246093750000
-0.043457031250
-0.184570312500
0.168945312500
-0.038574218750
0.040771484375
0.077148437500
-0.094238281250
0.057617187500
-0.044921875000
0.243164062500
0.038330078125
0.123535156250
-0.052978515625
0.214843750000
0.088378906250
-0.033203125000
-0.037353515625
-0.011474609375
-0.036621093750
-0.042480468750
0.031738281250
0.012207031250
0.034423828125
-0.054931640625
0.046875000000
0.052734375000
-0.032226562500
-0.002868652344
-0.102050781250
0.182617187500
0.053710937500
-0.001983642578
-0.011901855469
-0.003479003906
0.006652832031
0.016601562500
-0.092285156250
0.031494140625
-0.034667968750
0.036621093750
0.017211914062
0.195312500000
-0.021850585938
-0.091796875000
-0.071777343750
-0.190429687500
0.024658203125
0.105468750000
-0.074218750000
-0.247070312500
0.116699218750
-0.018676757812
-0.089355468750
-0.026977539062
-0.118652343750
-0.337890625000
-0.162109375000
0.064941406250
0.179687500000
0.001510620117
-0.121582031250
0.010131835938
0.176757812500
-0.154296875000
0.035156250000
-0.147460937500
-0.031738281250
0.030761718750
0.072753906250
-0.062255859375
-0.048095703125
0.076171875000
0.011413574219
-0.024047851562
-0.087890625000
-0.056152343750
-0.103515625000
0.226562500000
0.105468750000
-0.034667968750
0.057128906250
0.209960937500
-0.148437500000
-0.014709472656
-0.127929687500
0.012817382812
-0.062011718750
-0.100097656250
-0.135742187500
-0.026245117188
-0.108398437500
-0.001647949219
-0.052490234375
0.042968750000
0.026245117188
0.066894531250
-0.135742187500
0.081542968750
0.127929687500
-0.017578125000
-0.163085937500
-0.046630859375
0.014709472656
-0.031494140625
-0.005615234375
0.039306640625
-0.124023437500
0.067871093750
-0.154296875000
-0.111328125000
-0.014404296875
0.007232666016
0.076660156250
-0.166015625000
0.040527343750
-0.082519531250
0.035156250000
-0.077148437500
-0.036865234375
-0.065429687500
-0.049316406250
0.126953125000
-0.073730468750
0.005950927734
0.081054687500
-0.062988281250
0.010559082031
0.089355468750
-0.113769531250
-0.061035156250
-0.048828125000
-0.101074218750
0.002288818359
0.004089355469
0.000709533691
0.230468750000
-0.083984375000
0.036376953125
-0.000446319580
-0.002944946289
-0.185546875000
0.057861328125
0.182617187500
0.076660156250
-0.078613281250
0.118164062500
-0.055908203125
0.103027343750
0.109375000000
0.054687500000
0.021606445312
-0.062988281250
-0.199218750000
-0.124511718750
-0.060546875000
0.007385253906
-0.093261718750
-0.021362304688
0.057861328125
-0.058349609375
-0.048339843750
-0.015319824219
-0.008361816406
-0.066894531250
0.099121093750
0.042724609375
0.041748046875
0.046386718750
0.011413574219
-0.002670288086
0.120117187500
0.085937500000
0.175781250000
0.003967285156
0.050292968750
-0.028930664062
0.078125000000
0.032958984375
-0.091308593750
-0.010925292969
0.162109375000
0.043212890625
-0.093750000000
-0.024536132812
0.016601562500
-0.096679687500
0.085937500000
0.045166015625
-0.108886718750
-0.002685546875
0.104492187500
-0.102539062500
-0.380859375000
0.124023437500
-0.055419921875
0.106933593750
0.008056640625
0.109375000000
-0.125000000000
-0.120605468750
0.059814453125
0.023681640625
-0.084472656250
-0.137695312500
-0.029541015625
0.117187500000
-0.041992187500
-0.042236328125
0.079101562500
0.014831542969
0.061035156250
-0.060302734375
0.036865234375
0.132812500000
-0.030639648438
-0.008483886719
-0.129882812500
-0.131835937500
0.203125000000
0.083496093750
-0.002609252930
-0.265625000000
0.177734375000
-0.069335937500
-0.081054687500
0.021240234375
0.016357421875
0.109863281250
0.033935546875
-0.027099609375
-0.038330078125
0.010803222656
0.072265625000
-0.007324218750
0.166015625000
-0.142578125000
0.007019042969
-0.199218750000
-0.097656250000
-0.005828857422
0.015502929688
0.017578125000
-0.087402343750
0.120605468750
0.227539062500
-0.045654296875
0.005950927734
0.093261718750
0.044189453125
-0.224609375000
0.019775390625
-0.251953125000
0.062500000000
0.029418945312
-0.112792968750
0.093750000000
-0.029907226562
0.073242187500
0.044921875000
-0.127929687500
-0.058837890625
-0.114746093750
0.028320312500
-0.032958984375
-0.017944335938
-0.137695312500
-0.084960937500
0.074707031250
0.051757812500
-0.136718750000
0.137695312500
0.168945312500
0.051513671875
0.062988281250
-0.296875000000
-0.085937500000
-0.003723144531
-0.072753906250
-0.168945312500
0.093750000000
-0.101074218750
-0.126953125000
0.016723632812
0.082031250000
-0.194335937500
-0.306640625000
0.050781250000
-0.052978515625
-0.003067016602
0.245117187500
-0.043945312500
0.054199218750
0.000324249268
0.028442382812
-0.077148437500
0.107421875000
0.062988281250
-0.030151367188
-0.009155273438
-0.061767578125
0.065429687500
-0.004241943359
0.019165039062
0.002105712891
0.006561279297
-0.115234375000
-0.015441894531
0.130859375000
0.103515625000
0.089843750000
0.057373046875
-0.104980468750
0.115234375000
0.162109375000
0.062988281250
-0.249023437500
0.021484375000
0.084472656250
-0.044677734375
0.108398437500
0.060791015625
-0.078125000000
-0.009948730469
-0.031738281250
-0.208984375000
0.285156250000
-0.056884765625
-0.040039062500
-0.015319824219
0.004364013672
0.125976562500
0.009826660156
0.052734375000
-0.039550781250
-0.105957031250
-0.163085937500
-0.034179687500
-0.083984375000
-0.091796875000
-0.093261718750
-0.153320312500
-0.053955078125
-0.097167968750
-0.219726562500
-0.207031250000
-0.041503906250
0.084960937500
0.004455566406
0.227539062500
-0.018554687500
0.123046875000
-0.075195312500
0.150390625000
-0.032714843750
0.015319824219
-0.000147819519
0.065429687500
-0.026123046875
-0.016235351562
-0.102050781250
-0.010253906250
0.195312500000
0.059326171875
0.172851562500
0.027221679688
-0.036132812500
0.008422851562
0.049072265625
-0.138671875000
0.075683593750
-0.071777343750
-0.020751953125
0.041259765625
0.075195312500
0.031250000000
0.015441894531
0.106933593750
-0.087890625000
-0.039306640625
0.092773437500
-0.031494140625
-0.003265380859
-0.149414062500
0.051269531250
-0.043212890625
0.080566406250
-0.057617187500
-0.013610839844
0.019042968750
0.020874023438
-0.008422851562
-0.112792968750
0.065917968750
-0.009765625000
0.062011718750
0.259765625000
-0.083496093750
-0.011047363281
-0.084472656250
-0.026855468750
0.072265625000
-0.136718750000
-0.092773437500
-0.076171875000
-0.123046875000
0.146484375000
0.024902343750
0.144531250000
0.118164062500
-0.022094726562
-0.206054687500
0.135742187500
0.124511718750
-0.042480468750
0.014709472656
0.023925781250
-0.154296875000
0.047119140625
-0.024291992188
-0.008850097656
0.105957031250
0.004669189453
-0.015136718750
0.081054687500
0.067871093750
0.074707031250
0.018066406250
0.033447265625
0.041503906250
0.039062500000
0.088378906250
0.002044677734
0.090820312500
0.084960937500
-0.029663085938
0.069335937500
0.055908203125
0.120117187500
0.017333984375
-0.023559570312
-0.139648437500
-0.125000000000
0.062988281250
-0.090820312500
-0.034912109375
0.062011718750
-0.094726562500
0.125000000000
-0.062500000000
0.136718750000
-0.100585937500
-0.239257812500
-0.179687500000
-0.029541015625
-0.008544921875
0.142578125000
0.023681640625
0.026245117188
0.093261718750
-0.156250000000
0.031982421875
0.145507812500
0.026000976562
-0.112792968750
-0.115234375000
-0.062255859375
0.152343750000
0.263671875000
-0.049072265625
0.086425781250
0.052978515625
0.033203125000
0.133789062500
-0.100097656250
-0.075683593750
0.092285156250
0.119628906250
0.041748046875
-0.036865234375
-0.004760742188
0.017333984375
-0.024780273438
-0.060791015625
0.014648437500
-0.034912109375
0.021118164062
-0.095703125000
-0.090332031250
-0.036132812500
0.047607421875
-0.085937500000
-0.267578125000
-0.105468750000
0.018676757812
-0.092773437500
-0.018676757812
0.013732910156
-0.153320312500
-0.060791015625
-0.097656250000
0.033691406250
-0.132812500000
0.179687500000
-0.068359375000
-0.199218750000
-0.036865234375
0.048583984375
-0.009338378906
0.159179687500
0.079589843750
-0.048095703125
-0.205078125000
0.191406250000
-0.187500000000
0.071777343750
-0.077148437500
0.000556945801
-0.228515625000
-0.037109375000
-0.195312500000
0.077636718750
0.033691406250
0.004913330078
-0.072265625000
0.052978515625
0.208007812500
-0.073730468750
0.102050781250
-0.207031250000
0.141601562500
0.013793945312
-0.029907226562
-0.063476562500
0.021972656250
0.037841796875
0.102539062500
-0.009948730469
0.216796875000
-0.140625000000
0.022705078125
-0.012512207031
0.086914062500
-0.058105468750
0.073730468750
-0.023193359375
-0.067382812500
-0.010375976562
-0.109863281250
-0.011047363281
-0.042968750000
0.135742187500
0.076660156250
0.005432128906
-0.042724609375
-0.078613281250
-0.098144531250
0.126953125000
-0.154296875000
-0.125976562500
-0.057861328125
-0.056396484375
-0.038818359375
-0.187500000000
0.069824218750
0.080566406250
0.194335937500
0.067871093750
0.123535156250
-0.138671875000
-0.093750000000
0.128906250000
-0.353515625000
-0.117675781250
-0.132812500000
-0.163085937500
0.054443359375
0.380859375000
-0.105957031250
-0.007812500000
0.034912109375
-0.003158569336
0.196289062500
0.020751953125
0.129882812500
0.210937500000
-0.064941406250
0.047607421875
-0.139648437500
-0.066894531250
0.141601562500
-0.048828125000
-0.174804687500
0.023559570312
0.194335937500
0.090332031250
-0.066894531250
0.044921875000
0.030883789062
0.110839843750
0.052246093750
0.103027343750
0.032714843750
0.125000000000
-0.081542968750
0.027832031250
0.017333984375
0.035156250000
-0.051269531250
-0.050537109375
0.082031250000
-0.050781250000
0.102050781250
-0.186523437500
-0.212890625000
0.179687500000
0.114257812500
-0.005615234375
0.214843750000
0.034423828125
0.099121093750
-0.113281250000
-0.090332031250
-0.125976562500
0.008911132812
0.047607421875
0.043212890625
-0.070312500000
-0.114746093750
-0.028198242188
-0.127929687500
0.035888671875
0.087402343750
0.003433227539
-0.016357421875
0.298828125000
-0.253906250000
-0.149414062500
0.179687500000
0.059326171875
0.047119140625
-0.067382812500
-0.028564453125
0.059082031250
-0.094726562500
-0.066894531250
0.028686523438
-0.071289062500
-0.122070312500
0.036132812500
0.020263671875
0.124023437500
-0.014343261719
-0.067382812500
-0.238281250000
-0.158203125000
0.069335937500
-0.004974365234
0.068847656250
-0.110839843750
0.265625000000
0.041259765625
0.172851562500
0.279296875000
0.146484375000
0.069335937500
0.203125000000
-0.031494140625
0.175781250000
0.020629882812
0.173828125000
-0.024536132812
0.115722656250
0.053466796875
0.015747070312
-0.128906250000
0.010559082031
0.224609375000
0.010620117188
-0.049560546875
-0.008117675781
-0.075195312500
-0.011596679688
-0.071777343750
0.030517578125
-0.127929687500
-0.000421524048
-0.038818359375
0.083007812500
-0.298828125000
0.034179687500
-0.106445312500
-0.004913330078
-0.034423828125
-0.126953125000
0.078125000000
0.212890625000
-0.107910156250
-0.123535156250
-0.020874023438
0.011840820312
0.157226562500
-0.021728515625
0.220703125000
0.013549804688
-0.150390625000
0.033203125000
-0.151367187500
0.114257812500
0.026367187500
0.062988281250
0.063476562500
0.039550781250
0.133789062500
0.029296875000
0.132812500000
-0.024047851562
-0.008239746094
-0.191406250000
0.031005859375
0.035888671875
-0.178710937500
0.016845703125
0.128906250000
0.022583007812
-0.015075683594
0.046386718750
-0.108886718750
-0.078613281250
-0.094726562500
0.036865234375
0.073730468750
0.030639648438
-0.077148437500
-0.013244628906
-0.057128906250
-0.027221679688
-0.029785156250
-0.110351562500
0.052978515625
0.125000000000
-0.166992187500
0.103027343750
-0.298828125000
-0.024658203125
0.006164550781
-0.131835937500
0.041992187500
0.082031250000
-0.031738281250
-0.070312500000
0.066406250000
-0.062500000000
0.094726562500
0.050537109375
-0.091308593750
0.175781250000
0.005035400391
-0.032714843750
0.098144531250
-0.094238281250
-0.015502929688
0.037597656250
-0.100097656250
0.018676757812
-0.019775390625
-0.089843750000
-0.025024414062
-0.064941406250
0.001396179199
-0.077636718750
-0.110351562500
-0.153320312500
0.104492187500
-0.110839843750
-0.015869140625
0.031738281250
0.013977050781
-0.027832031250
-0.139648437500
-0.109375000000
-0.077636718750
0.093261718750
0.018798828125
-0.112792968750
0.008666992188
0.138671875000
-0.107910156250
-0.036132812500
0.011779785156
0.009582519531
-0.012084960938
-0.343750000000
0.304687500000
0.024414062500
0.001670837402
0.016357421875
-0.007141113281
0.030395507812
-0.029418945312
-0.101562500000
0.023681640625
-0.148437500000
-0.091308593750
-0.028564453125
-0.091308593750
0.054687500000
0.070800781250
-0.263671875000
-0.048095703125
-0.133789062500
0.065917968750
0.149414062500
-0.075683593750
-0.085937500000
-0.051025390625
0.112792968750
0.239257812500
0.003768920898
0.047363281250
0.136718750000
0.144531250000
0.031494140625
-0.052734375000
-0.283203125000
-0.376953125000
0.031494140625
0.000595092773
0.092285156250
0.221679687500
0.056884765625
-0.074707031250
-0.028564453125
-0.041259765625
-0.294921875000
0.099609375000
-0.021484375000
0.005065917969
-0.057128906250
0.046630859375
0.011535644531
0.088867187500
0.116210937500
0.054199218750
0.012756347656
-0.057128906250
-0.222656250000
-0.084960937500
-0.100585937500
0.104980468750
0.054443359375
0.015869140625
-0.076171875000
-0.033691406250
-0.074218750000
-0.049072265625
0.032226562500
-0.037109375000
-0.111328125000
0.025268554688
-0.126953125000
0.073242187500
-0.009033203125
-0.001197814941
-0.031250000000
0.039794921875
-0.209960937500
-0.031738281250
0.153320312500
0.029907226562
0.034667968750
-0.015502929688
-0.105957031250
0.065917968750
0.086914062500
-0.028198242188
-0.045410156250
-0.037353515625
-0.014587402344
-0.053955078125
-0.131835937500
-0.082519531250
-0.025268554688
-0.151367187500
-0.097656250000
0.076660156250
-0.205078125000
0.043945312500
0.067382812500
0.026611328125
0.007995605469
0.044677734375
0.023559570312
0.208984375000
0.079589843750
0.023193359375
-0.139648437500
0.163085937500
-0.179687500000
0.043457031250
0.069824218750
-0.090332031250
-0.166992187500
0.051757812500
0.053710937500
-0.177734375000
0.193359375000
-0.038818359375
-0.127929687500
0.013061523438
0.105468750000
0.111328125000
-0.141601562500
0.026855468750
-0.022338867188
-0.057373046875
-0.011413574219
0.070800781250
-0.037841796875
-0.127929687500
0.081542968750
-0.016235351562
0.046875000000
-0.028198242188
-0.089355468750
-0.051757812500
0.010803222656
-0.101562500000
-0.115722656250
0.043212890625
0.010009765625
0.018310546875
0.081542968750
0.062011718750
0.054931640625
0.051513671875
0.094726562500
0.004272460938
0.017944335938
-0.084472656250
-0.056640625000
0.066894531250
-0.007293701172
-0.149414062500
-0.131835937500
0.007232666016
-0.016967773438
0.099609375000
0.062988281250
0.044433593750
0.132812500000
-0.042236328125
0.150390625000
-0.017700195312
0.084472656250
-0.191406250000
-0.071289062500
-0.077148437500
0.118164062500
-0.140625000000
0.146484375000
-0.024536132812
0.061767578125
-0.024536132812
0.018188476562
0.131835937500
-0.092285156250
-0.055175781250
-0.125976562500
-0.248046875000
-0.066894531250
-0.095214843750
0.152343750000
0.026977539062
-0.241210937500
0.099609375000
0.003860473633
0.086425781250
-0.075683593750
-0.172851562500
0.027832031250
0.008544921875
0.031127929688
-0.050048828125
-0.116699218750
-0.183593750000
-0.005157470703
0.079589843750
0.002304077148
0.093261718750
-0.066406250000
0.034667968750
0.049804687500
0.080566406250
-0.050292968750
-0.013305664062
-0.099121093750
-0.142578125000
0.104003906250
-0.007507324219
-0.114257812500
-0.306640625000
0.041259765625
0.112792968750
-0.114257812500
-0.085449218750
-0.026245117188
-0.047119140625
0.000614166260
0.126953125000
0.042480468750
-0.209960937500
0.016235351562
-0.010070800781
0.024291992188
-0.095703125000
-0.008178710938
-0.008422851562
0.107421875000
-0.097656250000
0.069335937500
0.142578125000
0.111328125000
0.029785156250
0.003631591797
0.164062500000
0.170898437500
-0.120605468750
-0.086914062500
0.035400390625
0.131835937500
0.078125000000
0.111328125000
-0.227539062500
-0.089355468750
0.198242187500
0.077148437500
-0.055419921875
-0.103027343750
-0.044189453125
0.016357421875
-0.052490234375
-0.066406250000
0.049072265625
-0.058349609375
-0.032714843750
0.064453125000
0.075683593750
-0.038330078125
0.055664062500
0.059082031250
-0.061767578125
0.160156250000
-0.111328125000
-0.113281250000
0.022583007812
0.072753906250
0.104980468750
0.006713867188
-0.223632812500
0.051757812500
-0.251953125000
-0.005462646484
0.111816406250
0.246093750000
-0.064453125000
0.015441894531
0.269531250000
0.042724609375
-0.139648437500
0.104980468750
0.180664062500
0.275390625000
0.291015625000
-0.098632812500
0.057861328125
-0.049804687500
0.158203125000
-0.091308593750
-0.012084960938
-0.044189453125
-0.181640625000
-0.082031250000
0.151367187500
0.031494140625
0.011108398438
-0.016845703125
0.085449218750
0.105468750000
-0.367187500000
-0.080078125000
-0.107421875000
-0.127929687500
0.027221679688
-0.190429687500
0.037109375000
-0.261718750000
-0.202148437500
0.077636718750
-0.010437011719
0.067382812500
0.054931640625
-0.051269531250
0.023559570312
0.017700195312
-0.306640625000
0.004302978516
0.110351562500
0.047851562500
0.033935546875
-0.047363281250
-0.052001953125
-0.069824218750
0.019531250000
0.014587402344
-0.011657714844
0.012634277344
-0.104980468750
0.044189453125
0.037597656250
0.122558593750
-0.017578125000
-0.089843750000
-0.012512207031
-0.038818359375
-0.101562500000
0.035888671875
0.176757812500
-0.057373046875
0.035400390625
0.070312500000
-0.009155273438
-0.069335937500
0.088378906250
0.054687500000
0.054443359375
-0.124023437500
0.020996093750
0.112792968750
-0.187500000000
0.090332031250
0.024780273438
-0.058593750000
-0.040527343750
-0.046875000000
0.083007812500
-0.099121093750
0.118652343750
-0.042236328125
-0.003234863281
-0.008850097656
-0.054687500000
0.059082031250
0.044433593750
-0.039550781250
0.154296875000
0.045410156250
0.161132812500
-0.039794921875
-0.164062500000
0.179687500000
-0.231445312500
0.130859375000
-0.125000000000
0.173828125000
0.071777343750
0.092773437500
-0.057617187500
-0.003601074219
-0.072265625000
0.054687500000
-0.063964843750
0.086914062500
-0.001998901367
-0.110351562500
0.010925292969
0.047119140625
-0.003494262695
-0.017578125000
-0.028808593750
0.031982421875
-0.117187500000
-0.002655029297
-0.044433593750
-0.123046875000
0.001197814941
0.155273437500
-0.049072265625
-0.080078125000
0.063964843750
0.009033203125
-0.116699218750
0.085449218750
-0.000560760498
-0.041503906250
0.043701171875
0.154296875000
0.165039062500
-0.162109375000
-0.029907226562
-0.014404296875
-0.086425781250
0.201171875000
-0.149414062500
-0.159179687500
0.100585937500
0.073730468750
-0.011413574219
-0.081054687500
0.055175781250
0.092285156250
-0.032226562500
-0.113281250000
0.021362304688
0.008789062500
0.157226562500
0.075195312500
-0.246093750000
-0.055664062500
0.191406250000
0.119140625000
-0.110351562500
-0.271484375000
0.069335937500
-0.072753906250
-0.050292968750
-0.182617187500
-0.054687500000
0.031250000000
0.024902343750
-0.064453125000
0.000503540039
0.023071289062
-0.060791015625
-0.201171875000
0.138671875000
0.152343750000
-0.053710937500
0.044189453125
0.015136718750
0.034179687500
-0.135742187500
-0.060546875000
-0.008789062500
-0.047363281250
0.016479492188
0.002471923828
0.028808593750
-0.026000976562
0.191406250000
0.088378906250
-0.035156250000
0.052246093750
-0.041992187500
0.062500000000
-0.066894531250
-0.145507812500
-0.067382812500
-0.049560546875
-0.093750000000
-0.018432617188
0.112792968750
-0.055664062500
-0.137695312500
0.160156250000
-0.219726562500
-0.209960937500
-0.084960937500
0.040283203125
0.102539062500
0.049316406250
-0.017822265625
0.302734375000
-0.263671875000
-0.027954101562
-0.026245117188
-0.002716064453
-0.135742187500
0.045166015625
-0.192382812500
-0.069335937500
0.145507812500
-0.006225585938
-0.168945312500
-0.040283203125
0.013793945312
0.027587890625
-0.024780273438
-0.137695312500
-0.082031250000
-0.016723632812
-0.049072265625
0.008789062500
-0.112792968750
-0.119628906250
-0.034423828125
-0.081542968750
-0.020751953125
-0.027832031250
-0.105468750000
0.129882812500
0.082031250000
-0.140625000000
0.130859375000
-0.055175781250
0.022583007812
0.077148437500
0.003768920898
-0.101562500000
0.022705078125
0.043457031250
0.005004882812
-0.015319824219
-0.062500000000
-0.135742187500
-0.104980468750
-0.010192871094
-0.121093750000
-0.016845703125
-0.221679687500
0.076660156250
0.094238281250
-0.038818359375
0.073242187500
-0.089355468750
-0.144531250000
0.023925781250
-0.004211425781
-0.025024414062
0.004608154297
0.167968750000
-0.015991210938
0.072753906250
-0.005004882812
0.001052856445
-0.004547119141
0.083984375000
0.001930236816
-0.058349609375
0.002197265625
-0.149414062500
0.014465332031
-0.039062500000
0.155273437500
-0.046630859375
0.033935546875
0.202148437500
-0.036376953125
-0.010559082031
-0.090332031250
-0.107910156250
-0.010070800781
-0.031982421875
-0.058837890625
0.073730468750
-0.149414062500
-0.042236328125
0.150390625000
0.028686523438
-0.023071289062
-0.056640625000
0.094238281250
-0.079101562500
0.047119140625
0.002929687500
-0.269531250000
0.045410156250
0.089843750000
0.009765625000
-0.091308593750
0.177734375000
0.042968750000
-0.098632812500
0.035156250000
-0.182617187500
0.062011718750
0.058593750000
0.033447265625
-0.106933593750
-0.042724609375
-0.095214843750
0.098632812500
0.060302734375
-0.126953125000
-0.077148437500
0.027099609375
0.162109375000
0.238281250000
-0.088378906250
-0.038574218750
-0.020263671875
0.142578125000
0.294921875000
-0.031982421875
0.021240234375
0.047607421875
0.005310058594
-0.255859375000
-0.190429687500
0.225585937500
-0.062500000000
-0.008605957031
-0.023925781250
-0.185546875000
0.124023437500
0.049804687500
-0.065429687500
0.010559082031
-0.152343750000
0.168945312500
0.090820312500
-0.076660156250
0.083984375000
-0.006774902344
-0.207031250000
-0.175781250000
-0.081054687500
-0.026245117188
0.251953125000
0.085937500000
0.013061523438
-0.075683593750
-0.016845703125
0.136718750000
-0.110839843750
-0.019287109375
0.002609252930
0.026367187500
-0.018188476562
-0.082519531250
0.067871093750
0.002197265625
0.125000000000
-0.056152343750
0.020507812500
-0.017333984375
0.037353515625
-0.061767578125
-0.213867187500
-0.065429687500
-0.012329101562
-0.067382812500
0.130859375000
0.033935546875
0.022094726562
0.180664062500
0.056640625000
-0.235351562500
-0.079101562500
-0.157226562500
0.101074218750
-0.085449218750
0.033935546875
0.130859375000
-0.117675781250
-0.035644531250
0.060302734375
0.055419921875
-0.193359375000
0.005767822266
0.015136718750
-0.018920898438
0.108398437500
0.028442382812
-0.115234375000
0.008728027344
0.263671875000
-0.090820312500
-0.234375000000
0.139648437500
0.006713867188
0.087890625000
0.070312500000
0.063964843750
-0.162109375000
-0.014526367188
-0.018920898438
0.044433593750
-0.085937500000
-0.012573242188
0.006744384766
0.071777343750
0.053466796875
-0.108886718750
-0.054199218750
-0.056884765625
0.209960937500
0.038574218750
0.017822265625
0.075195312500
-0.010620117188
-0.128906250000
-0.057373046875
-0.028320312500
-0.077636718750
0.114746093750
-0.031494140625
-0.055175781250
0.074707031250
0.099609375000
0.201171875000
-0.006835937500
-0.086425781250
0.050537109375
0.015625000000
-0.134765625000
-0.096679687500
-0.125000000000
-0.033935546875
0.055664062500
-0.035156250000
-0.014221191406
0.031982421875
0.078125000000
-0.072265625000
0.090332031250
-0.050048828125
0.083984375000
-0.237304687500
-0.019531250000
-0.001220703125
-0.069824218750
-0.099121093750
-0.066406250000
-0.014282226562
0.059326171875
0.082031250000
0.089355468750
0.207031250000
0.113769531250
-0.094238281250
0.021240234375
0.005279541016
0.183593750000
0.087890625000
-0.049072265625
-0.040039062500
-0.024780273438
-0.068847656250
0.075195312500
-0.106933593750
0.015136718750
-0.057128906250
0.030517578125
-0.201171875000
0.178710937500
-0.012451171875
-0.094726562500
-0.169921875000
-0.101074218750
-0.194335937500
-0.115722656250
-0.089355468750
0.004211425781
-0.054443359375
0.022460937500
-0.015991210938
0.032714843750
-0.027221679688
-0.041503906250
-0.054931640625
-0.149414062500
0.150390625000
0.065429687500
-0.020141601562
0.120117187500
0.044677734375
-0.083984375000
-0.027832031250
0.060546875000
-0.012756347656
0.149414062500
-0.082519531250
-0.166015625000
0.031982421875
0.122070312500
-0.124511718750
-0.094726562500
-0.021606445312
-0.168945312500
0.143554687500
-0.022705078125
-0.079101562500
-0.029174804688
0.009582519531
-0.189453125000
0.222656250000
0.174804687500
-0.059570312500
-0.014709472656
-0.103515625000
0.030883789062
0.050537109375
0.042480468750
0.006134033203
0.020507812500
-0.152343750000
-0.063964843750
-0.081054687500
0.054931640625
-0.153320312500
-0.060791015625
0.259765625000
-0.099121093750
0.047607421875
0.028564453125
0.133789062500
0.127929687500
-0.095214843750
0.069335937500
0.096679687500
0.029785156250
0.017700195312
0.011596679688
-0.077636718750
-0.029174804688
-0.046875000000
0.034912109375
0.015441894531
0.068359375000
0.021484375000
0.070312500000
-0.143554687500
-0.205078125000
-0.039306640625
0.018920898438
0.054199218750
-0.039062500000
-0.029052734375
-0.048095703125
-0.006225585938
-0.081542968750
-0.105957031250
0.046630859375
-0.178710937500
-0.086914062500
-0.026367187500
-0.011840820312
0.015258789062
0.204101562500
-0.174804687500
0.016845703125
-0.003509521484
-0.007385253906
0.071777343750
0.124511718750
-0.125976562500
-0.133789062500
-0.019897460938
-0.126953125000
0.053466796875
-0.162109375000
0.086425781250
-0.041259765625
-0.093261718750
-0.138671875000
-0.127929687500
0.143554687500
-0.058837890625
-0.023437500000
0.138671875000
-0.066894531250
0.043212890625
0.085937500000
0.271484375000
-0.072753906250
-0.088378906250
-0.038330078125
-0.019165039062
0.054199218750
-0.010253906250
0.052001953125
-0.124023437500
-0.095214843750
-0.217773437500
0.075195312500
0.015502929688
-0.050537109375
-0.024169921875
-0.015869140625
0.060058593750
-0.091796875000
0.055908203125
0.000568389893
0.067871093750
0.061035156250
0.132812500000
-0.139648437500
-0.263671875000
-0.253906250000
-0.050537109375
0.111328125000
-0.097167968750
0.036132812500
0.219726562500
-0.047119140625
-0.012145996094
0.020751953125
0.066406250000
-0.071777343750
0.162109375000
-0.165039062500
-0.099121093750
-0.294921875000
0.122070312500
0.148437500000
0.208984375000
-0.128906250000
0.052734375000
0.053466796875
-0.043945312500
-0.021850585938
-0.279296875000
0.180664062500
0.171875000000
0.023925781250
0.098144531250
0.159179687500
-0.022094726562
0.004058837891
-0.000759124756
0.049072265625
0.067382812500
0.050292968750
0.040527343750
0.005584716797
-0.040039062500
-0.174804687500
0.004089355469
0.135742187500
-0.155273437500
0.102050781250
-0.010192871094
0.136718750000
0.042480468750
-0.100585937500
0.098144531250
-0.121582031250
-0.050781250000
-0.041992187500
0.169921875000
-0.033203125000
0.090332031250
0.094238281250
0.018676757812
-0.102050781250
0.017944335938
-0.070800781250
0.076660156250
0.109375000000
-0.057373046875
0.004821777344
-0.104980468750
0.122558593750
-0.002212524414
-0.118652343750
-0.071289062500
0.326171875000
0.103027343750
0.042236328125
-0.005249023438
-0.008300781250
-0.024780273438
0.108886718750
-0.104003906250
0.056152343750
0.145507812500
-0.123535156250
-0.137695312500
0.137695312500
0.203125000000
0.007232666016
0.025634765625
-0.050781250000
0.074218750000
0.083007812500
0.094726562500
-0.141601562500
0.057128906250
0.045410156250
0.170898437500
-0.238281250000
0.088867187500
0.130859375000
0.108886718750
0.120117187500
0.022094726562
0.041503906250
0.083007812500
-0.041015625000
0.029663085938
-0.024536132812
0.087890625000
-0.125000000000
0.119628906250
-0.121093750000
-0.037109375000
0.146484375000
-0.084472656250
-0.009216308594
-0.056640625000
-0.119628906250
0.021972656250
-0.096191406250
0.071777343750
-0.054199218750
0.068847656250
0.167968750000
-0.089843750000
0.093261718750
-0.068847656250
0.251953125000
-0.046875000000
-0.068359375000
0.047119140625
-0.025756835938
0.004821777344
0.030761718750
0.010314941406
-0.074707031250
-0.167968750000
0.025512695312
0.060302734375
-0.257812500000
0.020751953125
0.096679687500
0.055664062500
0.172851562500
-0.091796875000
-0.144531250000
0.106933593750
0.097656250000
0.230468750000
-0.097656250000
-0.065429687500
0.080566406250
0.101074218750
-0.229492187500
0.057617187500
-0.120117187500
-0.032714843750
0.107910156250
-0.085449218750
0.041992187500
0.194335937500
-0.058105468750
0.225585937500
0.057128906250
0.213867187500
-0.141601562500
-0.164062500000
0.193359375000
0.273437500000
0.093261718750
-0.030761718750
-0.027709960938
0.085449218750
-0.062500000000
0.146484375000
0.084472656250
-0.073242187500
0.091796875000
0.016235351562
-0.015563964844
0.146484375000
0.190429687500
-0.128906250000
-0.055664062500
-0.095214843750
-0.101562500000
-0.028320312500
0.020629882812
0.058349609375
0.131835937500
0.255859375000
0.195312500000
0.139648437500
-0.075195312500
-0.114746093750
0.174804687500
-0.069824218750
0.141601562500
-0.201171875000
0.273437500000
-0.037353515625
0.124511718750
-0.133789062500
0.011108398438
0.026489257812
-0.050781250000
-0.054931640625
-0.084472656250
-0.038330078125
-0.076660156250
-0.074707031250
-0.013916015625
0.057373046875
-0.001701354980
-0.067871093750
-0.025634765625
0.119140625000
0.027465820312
0.113769531250
-0.032714843750
-0.036376953125
-0.080566406250
0.057617187500
0.072265625000
-0.051269531250
-0.034179687500
0.034912109375
-0.075195312500
0.152343750000
-0.063476562500
-0.051513671875
-0.169921875000
-0.073730468750
-0.023071289062
0.003204345703
0.183593750000
-0.074707031250
-0.179687500000
-0.144531250000
0.050537109375
-0.175781250000
0.023681640625
0.045166015625
-0.060058593750
0.016113281250
-0.008544921875
-0.084472656250
-0.017456054688
0.044921875000
0.063476562500
-0.131835937500
-0.084472656250
0.029663085938
0.228515625000
-0.078613281250
0.120117187500
0.072753906250
0.066894531250
0.063964843750
0.010192871094
0.099609375000
0.065429687500
0.154296875000
0.080566406250
0.118164062500
-0.041992187500
0.007934570312
-0.153320312500
-0.037353515625
0.033203125000
0.203125000000
-0.044921875000
-0.023437500000
-0.101562500000
-0.162109375000
-0.120605468750
-0.047363281250
0.009643554688
-0.015502929688
-0.075195312500
0.162109375000
-0.114746093750
0.035156250000
-0.022216796875
0.038574218750
-0.023437500000
-0.361328125000
-0.091308593750
0.041503906250
-0.044189453125
-0.102539062500
-0.002807617188
-0.044189453125
0.017089843750
-0.019531250000
-0.097656250000
0.144531250000
-0.008911132812
-0.097167968750
-0.048583984375
-0.003936767578
0.097656250000
-0.052246093750
-0.072753906250
0.017944335938
-0.029663085938
0.038818359375
0.102050781250
-0.072753906250
-0.105468750000
-0.005737304688
0.030883789062
0.031982421875
0.000328063965
0.084472656250
0.094238281250
-0.156250000000
0.044921875000
-0.004241943359
0.190429687500
-0.240234375000
0.048828125000
0.035156250000
-0.009460449219
0.127929687500
-0.093750000000
-0.028320312500
0.035644531250
-0.141601562500
-0.026000976562
-0.026367187500
0.251953125000
-0.028320312500
-0.019165039062
-0.008483886719
0.091796875000
0.182617187500
0.003234863281
-0.113281250000
0.014526367188
0.010437011719
-0.070800781250
-0.065917968750
-0.110839843750
-0.061767578125
-0.170898437500
-0.011413574219
0.133789062500
0.102050781250
-0.013732910156
0.027099609375
-0.127929687500
-0.116210937500
0.180664062500
-0.031250000000
-0.057861328125
-0.172851562500
-0.188476562500
0.053955078125
-0.067382812500
-0.056396484375
0.144531250000
0.036865234375
-0.064941406250
-0.052734375000
0.296875000000
0.021484375000
0.064941406250
-0.080566406250
0.055664062500
0.202148437500
-0.092285156250
-0.095703125000
-0.008544921875
-0.100585937500
0.049560546875
0.092773437500
-0.089843750000
-0.150390625000
0.042480468750
-0.140625000000
-0.053955078125
0.147460937500
0.189453125000
-0.120117187500
0.057617187500
0.130859375000
-0.090332031250
0.248046875000
0.080078125000
0.079589843750
-0.096679687500
-0.007232666016
0.084960937500
0.016967773438
0.122070312500
-0.030273437500
0.223632812500
0.117187500000
-0.076171875000
0.186523437500
0.127929687500
0.015563964844
-0.063476562500
-0.044189453125
-0.034912109375
-0.070312500000
-0.063964843750
0.055175781250
0.011657714844
-0.020751953125
-0.022338867188
-0.094238281250
-0.029907226562
0.110839843750
-0.123046875000
0.191406250000
0.057128906250
0.054687500000
-0.028442382812
-0.195312500000
0.028808593750
0.176757812500
-0.045410156250
-0.154296875000
-0.044189453125
0.008972167969
-0.000073909760
0.055908203125
-0.111328125000
0.003158569336
-0.104003906250
0.186523437500
0.013854980469
0.139648437500
0.075683593750
0.119628906250
-0.011779785156
-0.054199218750
0.015991210938
-0.048339843750
0.025146484375
-0.177734375000
-0.053222656250
0.049072265625
0.060791015625
-0.201171875000
-0.066894531250
-0.052978515625
-0.070800781250
0.082519531250
0.025146484375
0.053222656250
-0.084472656250
-0.165039062500
0.079101562500
-0.081054687500
-0.061767578125
0.053955078125
-0.043945312500
0.020263671875
0.195312500000
-0.105468750000
0.022583007812
-0.079101562500
-0.089355468750
-0.003265380859
-0.161132812500
-0.010864257812
0.073242187500
0.018188476562
-0.012207031250
0.074218750000
0.079589843750
-0.018920898438
0.253906250000
0.128906250000
-0.259765625000
-0.118652343750
-0.104492187500
-0.131835937500
-0.140625000000
-0.026489257812
-0.155273437500
-0.006469726562
-0.095703125000
0.074218750000
-0.177734375000
-0.029663085938
0.055175781250
0.062988281250
0.191406250000
0.116699218750
-0.020263671875
-0.059814453125
-0.073242187500
-0.207031250000
-0.119140625000
0.021972656250
0.038574218750
0.093750000000
-0.044189453125
-0.083007812500
0.088378906250
0.004333496094
0.081054687500
-0.009338378906
0.043701171875
-0.097656250000
-0.121093750000
-0.024658203125
0.045898437500
-0.060791015625
0.084472656250
-0.149414062500
0.010009765625
0.047119140625
0.085937500000
-0.048828125000
0.077636718750
-0.125976562500
0.077636718750
0.024658203125
-0.116699218750
0.230468750000
0.104003906250
-0.097656250000
-0.136718750000
0.031494140625
0.013671875000
0.052734375000
-0.063964843750
0.016723632812
0.017456054688
-0.035400390625
0.026977539062
-0.092285156250
0.057128906250
0.188476562500
0.222656250000
-0.070312500000
-0.065429687500
-0.253906250000
-0.052001953125
0.010253906250
-0.039550781250
-0.164062500000
-0.053222656250
0.064453125000
-0.100097656250
0.004730224609
0.122558593750
-0.014038085938
0.162109375000
-0.126953125000
