-0.166992187500
-0.127929687500
-0.031127929688
-0.220703125000
-0.153320312500
-0.683593750000
0.000823974609
-0.001846313477
-0.046386718750
0.036621093750
-0.326171875000
-0.165039062500
-0.117187500000
-0.074218750000
0.241210937500
0.222656250000
0.061767578125
-0.196289062500
0.039062500000
0.112792968750
0.065429687500
-0.343750000000
-0.123046875000
0.140625000000
-0.255859375000
0.107910156250
-0.136718750000
-0.106445312500
0.041503906250
0.198242187500
-0.100585937500
0.103027343750
0.154296875000
0.070800781250
0.014953613281
-0.285156250000
-0.200195312500
0.005950927734
0.127929687500
0.143554687500
-0.238281250000
0.042236328125
0.050292968750
-0.072753906250
-0.036865234375
-0.216796875000
-0.091308593750
0.194335937500
0.039794921875
0.060058593750
-0.223632812500
0.001220703125
0.074707031250
-0.225585937500
0.142578125000
0.073242187500
-0.073242187500
0.004913330078
-0.046142578125
-0.157226562500
-0.019653320312
-0.066894531250
-0.142578125000
-0.044677734375
-0.222656250000
-0.129882812500
0.075195312500
-0.261718750000
-0.376953125000
-1.031250000000
0.089355468750
0.136718750000
-0.113769531250
-0.034423828125
-0.328125000000
-0.027832031250
0.007751464844
-0.128906250000
0.029541015625
0.024902343750
0.074707031250
0.010070800781
-0.123046875000
0.023071289062
-0.058593750000
-0.197265625000
-0.132812500000
0.051025390625
-0.059082031250
-0.012023925781
-0.150390625000
-0.103027343750
0.153320312500
-0.232421875000
0.098632812500
0.124023437500
0.033447265625
0.243164062500
-0.019775390625
-0.097656250000
-0.170898437500
0.075195312500
0.353515625000
0.392578125000
0.168945312500
-0.169921875000
0.188476562500
-0.119628906250
-0.000305175781
0.026733398438
-0.129882812500
-0.020385742188
0.083496093750
0.051513671875
-0.218750000000
-0.223632812500
-0.008300781250
-0.010009765625
-0.084472656250
0.026977539062
0.085449218750
0.168945312500
0.105468750000
-0.164062500000
0.010437011719
0.002243041992
-0.095703125000
-0.265625000000
-0.227539062500
-0.047363281250
0.113281250000
-0.302734375000
-0.155273437500
-0.933593750000
-0.052490234375
0.014892578125
0.104003906250
0.138671875000
-0.079101562500
-0.164062500000
-0.072753906250
-0.162109375000
-0.001747131348
-0.110839843750
0.085449218750
-0.062011718750
-0.156250000000
0.027954101562
0.074707031250
0.004547119141
-0.231445312500
0.042724609375
0.000362396240
0.044189453125
0.106933593750
-0.071777343750
0.066406250000
0.142578125000
-0.130859375000
-0.081542968750
0.087402343750
0.015380859375
-0.113281250000
-0.219726562500
-0.578125000000
0.019897460938
0.090332031250
0.259765625000
0.078125000000
-0.034179687500
0.147460937500
-0.016357421875
0.032470703125
0.002273559570
-0.201171875000
0.043701171875
0.009765625000
-0.001655578613
-0.271484375000
-0.145507812500
-0.046142578125
-0.128906250000
0.151367187500
0.033203125000
-0.029663085938
0.155273437500
-0.057861328125
-0.162109375000
-0.022216796875
-0.063964843750
0.022705078125
-0.050537109375
-0.209960937500
-0.124511718750
0.035156250000
-0.135742187500
-0.281250000000
-1.070312500000
-0.041992187500
0.136718750000
0.031738281250
0.062255859375
-0.017211914062
-0.141601562500
-0.128906250000
-0.228515625000
0.077148437500
-0.209960937500
0.037109375000
0.044677734375
0.071777343750
-0.026489257812
-0.242187500000
-0.110839843750
-0.202148437500
-0.024658203125
-0.076171875000
0.103515625000
0.097656250000
-0.083007812500
0.053222656250
0.024291992188
0.046386718750
0.072753906250
0.269531250000
0.163085937500
-0.066894531250
-0.048828125000
-0.148437500000
0.047851562500
0.136718750000
0.261718750000
-0.031982421875
0.005432128906
0.016235351562
-0.019653320312
0.084472656250
-0.008789062500
-0.004913330078
0.218750000000
0.057617187500
0.122070312500
-0.343750000000
0.026733398438
-0.010131835938
-0.080566406250
0.151367187500
-0.247070312500
-0.171875000000
-0.078613281250
0.126953125000
-0.249023437500
-0.026733398438
-0.021484375000
0.076660156250
-0.021850585938
-0.176757812500
-0.296875000000
0.141601562500
-0.240234375000
-0.156250000000
-0.703125000000
0.122070312500
-0.059326171875
0.119140625000
0.041992187500
0.084960937500
-0.085449218750
-0.149414062500
-0.175781250000
-0.068359375000
-0.030761718750
0.063476562500
-0.080566406250
-0.004516601562
0.044433593750
-0.199218750000
-0.141601562500
-0.104003906250
-0.244140625000
0.102539062500
0.098144531250
0.012817382812
-0.102050781250
0.064453125000
0.105468750000
-0.036376953125
-0.310546875000
0.155273437500
0.088867187500
-0.021972656250
-0.138671875000
-0.257812500000
-0.079589843750
0.332031250000
0.240234375000
0.030639648438
-0.023071289062
-0.098632812500
-0.042480468750
-0.062988281250
-0.037597656250
0.016723632812
0.226562500000
-0.074707031250
0.060791015625
-0.063476562500
-0.205078125000
-0.025268554688
-0.239257812500
-0.115722656250
-0.061767578125
-0.613281250000
0.210937500000
-0.033203125000
-0.130859375000
0.190429687500
-0.013732910156
-0.037841796875
-0.072753906250
-0.216796875000
-0.120117187500
-0.026000976562
-0.147460937500
-0.214843750000
-0.566406250000
0.134765625000
0.086914062500
0.056152343750
-0.027709960938
-0.115234375000
-0.277343750000
-0.122070312500
-0.082031250000
0.086914062500
0.221679687500
-0.007049560547
-0.179687500000
0.089355468750
0.062988281250
-0.004638671875
-0.267578125000
0.061523437500
-0.314453125000
-0.147460937500
0.030395507812
0.041992187500
-0.076660156250
0.023315429688
0.011962890625
-0.051025390625
-0.008056640625
0.120605468750
0.089355468750
-0.036621093750
-0.069824218750
-0.052246093750
-0.060302734375
0.116210937500
-0.025512695312
0.043701171875
0.052246093750
0.012268066406
0.043457031250
-0.035888671875
-0.038818359375
0.027587890625
0.243164062500
-0.051025390625
0.045654296875
-0.131835937500
-0.158203125000
-0.218750000000
-0.092285156250
0.071777343750
-0.113769531250
-0.253906250000
0.113281250000
-0.091796875000
0.012878417969
0.095703125000
-0.017822265625
-0.039794921875
-0.119628906250
-0.277343750000
-0.259765625000
-0.082031250000
-0.279296875000
-0.160156250000
-0.361328125000
0.248046875000
-0.018554687500
0.033447265625
-0.032226562500
-0.169921875000
-0.339843750000
-0.080566406250
0.054931640625
-0.067382812500
0.095214843750
-0.034667968750
-0.148437500000
-0.015319824219
0.050781250000
-0.196289062500
-0.339843750000
0.136718750000
-0.158203125000
-0.150390625000
0.117675781250
-0.126953125000
-0.115722656250
0.068847656250
0.125976562500
-0.080078125000
-0.042236328125
-0.094238281250
0.067382812500
0.207031250000
-0.104980468750
-0.068359375000
-0.070800781250
0.182617187500
0.002655029297
0.103515625000
-0.057128906250
0.051025390625
-0.138671875000
0.033691406250
-0.034912109375
0.139648437500
0.123535156250
-0.115234375000
-0.053955078125
0.039794921875
0.082519531250
-0.119140625000
-0.130859375000
-0.226562500000
-0.006683349609
-0.215820312500
0.156250000000
-0.134765625000
-0.161132812500
-0.037109375000
0.093750000000
0.085449218750
-0.152343750000
0.034179687500
-0.099121093750
-0.462890625000
-0.172851562500
-0.166992187500
-0.081542968750
0.108398437500
0.100585937500
0.022827148438
-0.166015625000
0.030273437500
-0.095703125000
-0.137695312500
0.021484375000
0.330078125000
0.304687500000
0.085937500000
0.097656250000
0.123535156250
-0.007659912109
0.010131835938
-0.291015625000
-0.208984375000
0.097167968750
0.263671875000
0.166015625000
0.251953125000
-0.216796875000
0.250000000000
-0.149414062500
-0.251953125000
-0.156250000000
-0.423828125000
0.095214843750
-0.116699218750
-0.519531250000
-0.080566406250
-0.375000000000
-0.067382812500
0.005004882812
0.291015625000
0.059570312500
0.031738281250
-0.110351562500
0.414062500000
0.204101562500
-0.546875000000
-0.441406250000
-0.014404296875
-0.035400390625
-0.038818359375
-0.068847656250
0.008361816406
-0.259765625000
0.054199218750
0.014221191406
0.017211914062
-0.043945312500
-0.304687500000
0.043457031250
-0.034667968750
0.109863281250
-0.077148437500
0.014282226562
0.038574218750
-0.097656250000
-0.515625000000
-0.098144531250
0.120117187500
-0.137695312500
0.111816406250
-0.066894531250
-0.128906250000
-0.279296875000
0.095703125000
-0.031982421875
-0.051757812500
0.002441406250
0.098632812500
0.125976562500
0.141601562500
0.135742187500
0.170898437500
0.014343261719
0.077636718750
-0.222656250000
-0.394531250000
-0.018188476562
0.081542968750
0.094238281250
0.016235351562
-0.355468750000
0.132812500000
-0.308593750000
-0.138671875000
-0.030761718750
-0.193359375000
-0.033203125000
0.017700195312
-0.406250000000
-0.083496093750
0.400390625000
-0.126953125000
-0.014892578125
0.178710937500
0.165039062500
-0.005645751953
-0.039062500000
0.205078125000
-0.034423828125
-0.133789062500
-0.021728515625
-0.042236328125
0.052001953125
-0.073730468750
0.048095703125
0.146484375000
-0.213867187500
-0.064453125000
0.001525878906
-0.021606445312
-0.079101562500
-0.554687500000
-0.060302734375
-0.168945312500
0.139648437500
0.005218505859
-0.010620117188
0.115234375000
-0.100097656250
-0.283203125000
-0.139648437500
-0.112304687500
0.012451171875
-0.061035156250
-0.199218750000
0.084472656250
-0.431640625000
0.240234375000
-0.062500000000
-0.165039062500
-0.013000488281
0.193359375000
0.121582031250
0.168945312500
0.017333984375
0.149414062500
0.080078125000
0.178710937500
-0.147460937500
-0.250000000000
0.083496093750
-0.083007812500
0.180664062500
-0.114257812500
-0.375000000000
0.151367187500
-0.306640625000
0.063964843750
-0.021850585938
-0.267578125000
-0.136718750000
0.014648437500
-0.082031250000
0.111816406250
-0.153320312500
0.047119140625
-0.031982421875
0.130859375000
0.137695312500
0.075683593750
-0.149414062500
0.345703125000
0.189453125000
-0.292968750000
-0.223632812500
0.099121093750
0.035400390625
-0.029052734375
-0.051513671875
0.001907348633
-0.139648437500
-0.122558593750
-0.029541015625
0.029418945312
-0.106933593750
-0.062011718750
0.092285156250
-0.062255859375
0.145507812500
0.009582519531
-0.199218750000
-0.019287109375
-0.067382812500
-0.232421875000
-0.077636718750
-0.133789062500
0.002151489258
-0.010437011719
-0.216796875000
0.050781250000
-0.365234375000
-0.306640625000
-0.110839843750
0.061767578125
0.018066406250
0.118164062500
-0.096679687500
-0.001930236816
0.050292968750
0.116699218750
0.005279541016
-0.193359375000
-0.051025390625
-0.371093750000
-0.024902343750
0.037841796875
0.100097656250
-0.030883789062
-0.137695312500
0.027465820312
-0.238281250000
-0.142578125000
-0.138671875000
-0.201171875000
-0.076171875000
0.020141601562
-0.226562500000
0.000314712524
0.289062500000
-0.063476562500
-0.065429687500
0.033691406250
0.208984375000
-0.094726562500
-0.121582031250
0.277343750000
0.132812500000
-0.203125000000
0.161132812500
0.075683593750
0.013671875000
0.072753906250
0.104003906250
-0.310546875000
-0.092285156250
-0.079101562500
-0.255859375000
0.018676757812
-0.228515625000
-0.001869201660
-0.029663085938
0.018920898438
0.145507812500
0.013122558594
-0.357421875000
-0.146484375000
-0.094238281250
-0.135742187500
0.020385742188
-0.013732910156
-0.148437500000
-0.176757812500
-0.214843750000
0.129882812500
0.004913330078
-0.048339843750
-0.054199218750
0.075683593750
0.058593750000
-0.052978515625
0.235351562500
-0.052734375000
-0.019042968750
0.100097656250
-0.077148437500
-0.191406250000
-0.339843750000
-0.300781250000
-0.107910156250
-0.402343750000
0.158203125000
0.259765625000
-0.267578125000
0.203125000000
-0.236328125000
0.132812500000
-0.198242187500
-0.351562500000
-0.035400390625
0.064941406250
-0.621093750000
-0.036376953125
-0.067382812500
-0.074218750000
0.039794921875
0.152343750000
0.179687500000
-0.146484375000
-0.034179687500
0.170898437500
0.125000000000
-0.125976562500
0.010192871094
0.051269531250
-0.028564453125
0.084472656250
0.085937500000
-0.192382812500
-0.197265625000
-0.028686523438
-0.423828125000
-0.013488769531
-0.304687500000
-0.018554687500
0.000827789307
0.038818359375
0.182617187500
-0.004669189453
-0.371093750000
-0.112792968750
-0.186523437500
-0.169921875000
-0.140625000000
-0.138671875000
-0.063476562500
0.188476562500
0.106445312500
0.135742187500
-0.034912109375
-0.049316406250
-0.198242187500
0.084472656250
0.007568359375
0.069335937500
0.059814453125
0.026733398438
0.215820312500
0.060546875000
0.076660156250
-0.135742187500
-0.498046875000
0.134765625000
-0.070800781250
-0.038818359375
0.158203125000
-0.152343750000
-0.269531250000
0.055664062500
-0.174804687500
-0.084960937500
-0.048095703125
-0.221679687500
-0.104492187500
-0.014892578125
-0.621093750000
-0.023681640625
0.410156250000
0.084472656250
-0.133789062500
0.011474609375
0.054687500000
-0.216796875000
-0.080566406250
0.148437500000
-0.049316406250
-0.172851562500
-0.083007812500
0.043457031250
0.046386718750
0.091796875000
-0.098632812500
0.009521484375
-0.527343750000
0.257812500000
-0.204101562500
-0.065429687500
-0.211914062500
0.071777343750
0.049560546875
-0.123535156250
0.075195312500
-0.185546875000
-0.147460937500
-0.102539062500
0.010009765625
0.138671875000
-0.081054687500
0.039062500000
-0.067871093750
-0.154296875000
-0.081542968750
0.137695312500
-0.328125000000
-0.011962890625
-0.000766754150
0.139648437500
0.208007812500
0.052001953125
0.144531250000
-0.056152343750
0.090332031250
0.065917968750
0.053710937500
-0.151367187500
-0.601562500000
0.138671875000
-0.021362304688
0.104980468750
-0.046386718750
-0.202148437500
-0.216796875000
0.281250000000
-0.176757812500
-0.034423828125
0.153320312500
-0.523437500000
-0.011779785156
0.068359375000
-0.004638671875
-0.002090454102
-0.226562500000
-0.012878417969
-0.073730468750
0.257812500000
0.130859375000
0.257812500000
-0.039062500000
0.155273437500
0.215820312500
-0.131835937500
-0.143554687500
-0.086914062500
-0.067382812500
0.000583648682
0.027832031250
-0.131835937500
-0.617187500000
0.196289062500
0.168945312500
-0.051513671875
-0.073242187500
-0.021972656250
0.034423828125
-0.091796875000
0.193359375000
-0.134765625000
-0.057128906250
0.022216796875
-0.149414062500
-0.308593750000
-0.065429687500
0.304687500000
-0.031250000000
-0.141601562500
0.194335937500
-0.034423828125
-0.069335937500
0.016357421875
-0.180664062500
-0.046142578125
0.074707031250
-0.130859375000
0.251953125000
-0.140625000000
0.048339843750
0.045410156250
0.021362304688
-0.038330078125
0.084472656250
-0.104492187500
-0.047119140625
0.091308593750
0.099609375000
-0.174804687500
-0.034179687500
-0.316406250000
-0.057861328125
0.093261718750
0.093261718750
-0.088867187500
0.018432617188
0.144531250000
0.043457031250
0.210937500000
0.074707031250
0.147460937500
0.093261718750
-0.490234375000
-0.316406250000
-0.080566406250
-0.176757812500
0.213867187500
-0.088378906250
-0.186523437500
0.085449218750
0.050781250000
-0.049804687500
-0.052734375000
0.016357421875
0.050537109375
-0.153320312500
-0.023559570312
0.142578125000
0.057128906250
-0.011352539062
-0.026000976562
-0.188476562500
-0.310546875000
0.337890625000
0.128906250000
-0.047851562500
0.015197753906
-0.182617187500
-0.589843750000
-0.098632812500
0.392578125000
-0.079101562500
0.051025390625
0.112792968750
0.019042968750
-0.034912109375
0.064453125000
-0.500000000000
-0.040771484375
-0.098144531250
-0.144531250000
0.162109375000
-0.050292968750
0.081054687500
-0.458984375000
-0.017578125000
0.008605957031
0.019165039062
-0.126953125000
-0.073730468750
0.170898437500
0.008972167969
-0.061767578125
0.014648437500
-0.077636718750
0.023071289062
-0.083496093750
0.049560546875
-0.163085937500
0.168945312500
-0.081054687500
0.112304687500
0.337890625000
-0.005859375000
0.244140625000
0.008911132812
-0.371093750000
-0.145507812500
-0.224609375000
-0.206054687500
0.181640625000
0.000625610352
-0.142578125000
0.059570312500
0.136718750000
-0.099609375000
0.039306640625
0.058349609375
-0.048583984375
-0.033203125000
-0.028320312500
0.083984375000
-0.006866455078
-0.138671875000
0.044433593750
-0.126953125000
-0.145507812500
0.341796875000
-0.332031250000
-0.200195312500
0.221679687500
-0.060058593750
-0.466796875000
-0.070312500000
0.412109375000
0.138671875000
0.042724609375
-0.025024414062
0.137695312500
-0.095703125000
-0.073242187500
-0.443359375000
0.050292968750
0.054931640625
-0.012023925781
-0.027954101562
-0.104492187500
-0.068359375000
-0.457031250000
-0.026855468750
-0.037597656250
0.083007812500
-0.142578125000
-0.083496093750
0.191406250000
0.002883911133
-0.159179687500
-0.099121093750
-0.004150390625
-0.090332031250
-0.294921875000
-0.008544921875
-0.072265625000
0.133789062500
-0.005676269531
0.125976562500
-0.691406250000
-0.077636718750
0.040039062500
0.136718750000
-0.242187500000
-0.129882812500
0.130859375000
-0.153320312500
0.246093750000
-0.052490234375
-0.127929687500
0.166015625000
0.056640625000
-0.053710937500
-0.067871093750
0.165039062500
0.055419921875
0.111816406250
-0.007995605469
-0.092285156250
0.003112792969
-0.179687500000
0.012512207031
-0.091796875000
-0.010803222656
0.206054687500
0.067871093750
-0.188476562500
0.137695312500
-0.007080078125
-0.198242187500
-0.101562500000
0.300781250000
-0.002365112305
0.157226562500
-0.369140625000
-0.068359375000
-0.220703125000
0.142578125000
-0.183593750000
0.107421875000
-0.034912109375
0.064453125000
0.155273437500
-0.023681640625
0.145507812500
-0.080078125000
-0.029296875000
0.000640869141
-0.008056640625
-0.046875000000
-0.304687500000
0.169921875000
0.076660156250
-0.056152343750
-0.005950927734
0.063476562500
0.075683593750
0.086914062500
-0.161132812500
-0.239257812500
0.190429687500
0.011413574219
0.092285156250
-0.151367187500
-0.192382812500
-0.036376953125
0.060302734375
-0.222656250000
-0.269531250000
0.302734375000
-0.235351562500
0.277343750000
-0.038330078125
-0.134765625000
0.012634277344
-0.029418945312
-0.148437500000
-0.010925292969
0.021240234375
-0.023925781250
0.109863281250
0.058837890625
-0.246093750000
-0.078613281250
0.074218750000
0.057617187500
-0.033691406250
0.040771484375
0.347656250000
0.084472656250
0.165039062500
0.142578125000
-0.013977050781
-0.024414062500
-0.066406250000
0.101074218750
-0.056396484375
0.170898437500
-0.375000000000
0.064453125000
-0.160156250000
0.063964843750
-0.277343750000
0.144531250000
0.044189453125
0.012268066406
-0.092773437500
-0.085449218750
-0.121093750000
-0.040283203125
0.045166015625
-0.022827148438
0.144531250000
-0.043212890625
-0.265625000000
0.061767578125
-0.063476562500
0.077636718750
-0.127929687500
-0.068847656250
-0.057617187500
0.151367187500
0.010986328125
-0.171875000000
0.251953125000
-0.181640625000
0.234375000000
0.018432617188
-0.314453125000
0.074707031250
0.138671875000
-0.314453125000
-0.031982421875
0.116210937500
-0.073730468750
0.285156250000
-0.103027343750
-0.122070312500
-0.231445312500
0.115722656250
-0.073730468750
-0.036132812500
0.073242187500
-0.015991210938
-0.065429687500
0.107421875000
-0.193359375000
0.126953125000
-0.197265625000
-0.199218750000
-0.096679687500
-0.162109375000
0.304687500000
-0.221679687500
0.073242187500
0.098144531250
0.040527343750
0.013183593750
0.013305664062
0.127929687500
0.012878417969
0.013977050781
-0.182617187500
-0.082519531250
-0.167968750000
-0.009216308594
-0.263671875000
0.004913330078
-0.041992187500
-0.008850097656
0.230468750000
-0.175781250000
0.083007812500
-0.061767578125
0.039794921875
-0.094726562500
-0.038574218750
-0.019287109375
-0.150390625000
0.081054687500
0.161132812500
0.012329101562
-0.133789062500
0.024536132812
0.189453125000
0.070312500000
0.302734375000
0.021850585938
0.176757812500
-0.062255859375
0.177734375000
0.023315429688
0.025390625000
0.170898437500
0.105957031250
-0.408203125000
-0.328125000000
-0.177734375000
-0.234375000000
0.279296875000
-0.038574218750
0.137695312500
-0.151367187500
0.112304687500
-0.050048828125
0.073242187500
0.069335937500
-0.021362304688
0.047119140625
-0.026977539062
0.116699218750
-0.094238281250
-0.039306640625
-0.255859375000
-0.035156250000
-0.206054687500
0.275390625000
0.112792968750
0.249023437500
0.074707031250
0.213867187500
0.023803710938
0.067382812500
0.172851562500
-0.099121093750
0.261718750000
-0.000961303711
-0.100097656250
-0.160156250000
0.108398437500
-0.230468750000
-0.061523437500
0.102050781250
-0.176757812500
0.031494140625
-0.186523437500
0.078125000000
0.086425781250
-0.068847656250
-0.113769531250
0.018798828125
0.154296875000
-0.072265625000
0.235351562500
0.109863281250
0.110351562500
-0.175781250000
0.148437500000
-0.114746093750
0.124511718750
0.105468750000
0.070312500000
0.063964843750
-0.098144531250
0.185546875000
-0.119628906250
-0.125000000000
-0.079101562500
-0.020629882812
-0.404296875000
-0.163085937500
-0.084472656250
-0.166015625000
0.217773437500
-0.245117187500
-0.005828857422
-0.175781250000
0.038085937500
0.040771484375
-0.051025390625
0.048828125000
0.026855468750
-0.209960937500
-0.009887695312
0.124511718750
-0.000160217285
-0.174804687500
-0.082519531250
-0.094238281250
0.055175781250
0.149414062500
-0.474609375000
0.036621093750
-0.184570312500
0.292968750000
0.209960937500
-0.197265625000
-0.308593750000
-0.102539062500
-0.093750000000
-0.145507812500
-0.109375000000
-0.070800781250
0.108886718750
0.188476562500
-0.144531250000
-0.253906250000
-0.145507812500
-0.166015625000
0.027343750000
-0.032714843750
0.032958984375
0.119628906250
0.077636718750
-0.147460937500
0.029541015625
0.057617187500
-0.067871093750
-0.025390625000
-0.010925292969
0.016967773438
0.013671875000
-0.143554687500
0.010009765625
0.328125000000
0.209960937500
0.357421875000
-0.105957031250
-0.108886718750
0.104492187500
-0.237304687500
0.029418945312
0.013366699219
-0.239257812500
-0.020996093750
-0.421875000000
-0.031738281250
0.046630859375
0.115722656250
-0.029541015625
0.093750000000
-0.083984375000
-0.180664062500
-0.578125000000
-0.234375000000
0.164062500000
-0.049316406250
-0.068359375000
0.084472656250
0.075683593750
-0.157226562500
-0.203125000000
-0.036865234375
0.062988281250
0.472656250000
-0.122070312500
-0.080566406250
0.019409179688
0.195312500000
-0.078613281250
-0.150390625000
-0.458984375000
0.018676757812
0.202148437500
0.046875000000
-0.190429687500
-0.201171875000
0.223632812500
0.243164062500
-0.165039062500
0.164062500000
0.025878906250
0.055664062500
-0.054931640625
0.053710937500
0.035888671875
-0.382812500000
0.136718750000
0.006347656250
0.046142578125
-0.018798828125
0.055175781250
-0.007049560547
-0.073730468750
0.031494140625
0.127929687500
0.191406250000
-0.220703125000
0.275390625000
0.040771484375
0.248046875000
-0.022705078125
-0.039550781250
0.257812500000
0.019775390625
-0.077148437500
-0.072753906250
-0.045166015625
-0.011352539062
-0.664062500000
0.161132812500
0.156250000000
-0.060546875000
0.005859375000
-0.037353515625
0.089843750000
0.134765625000
-0.363281250000
-0.239257812500
-0.056396484375
0.184570312500
-0.201171875000
0.079101562500
0.210937500000
0.044677734375
0.174804687500
0.085937500000
-0.068359375000
-0.000286102295
0.255859375000
0.089843750000
-0.249023437500
0.302734375000
0.166992187500
-0.139648437500
-0.161132812500
-0.018798828125
0.079589843750
0.048095703125
0.173828125000
-0.221679687500
0.139648437500
0.300781250000
-0.066406250000
-0.150390625000
0.040283203125
0.127929687500
-0.013427734375
-0.018676757812
0.005187988281
-0.625000000000
0.014038085938
0.199218750000
0.015991210938
-0.104980468750
0.015502929688
0.039794921875
-0.083496093750
-0.037597656250
0.131835937500
0.072753906250
0.231445312500
0.232421875000
0.033935546875
0.250000000000
-0.219726562500
-0.026000976562
0.056152343750
-0.129882812500
0.031005859375
-0.082519531250
-0.017822265625
0.347656250000
-0.429687500000
-0.084472656250
0.077148437500
0.184570312500
-0.014892578125
0.056640625000
-0.093261718750
0.084960937500
-0.188476562500
-0.277343750000
-0.039794921875
-0.047607421875
0.009704589844
0.018310546875
0.205078125000
0.016845703125
0.248046875000
0.083007812500
0.062988281250
0.314453125000
0.024169921875
-0.061035156250
-0.140625000000
0.207031250000
0.021850585938
-0.158203125000
-0.355468750000
0.064453125000
0.101562500000
0.052978515625
-0.283203125000
0.043212890625
-0.070800781250
0.009460449219
0.007202148438
0.095214843750
-0.161132812500
0.118652343750
0.110839843750
-0.081054687500
-0.047119140625
-0.263671875000
0.052001953125
-0.077636718750
-0.044189453125
-0.136718750000
-0.076171875000
0.011962890625
0.175781250000
0.014282226562
-0.225585937500
0.316406250000
-0.437500000000
-0.023437500000
-0.021972656250
0.073242187500
0.123046875000
-0.010803222656
0.133789062500
-0.039794921875
0.034667968750
-0.090820312500
0.049560546875
0.144531250000
-0.337890625000
-0.073242187500
-0.096191406250
-0.055419921875
0.036376953125
-0.041748046875
0.036865234375
-0.292968750000
-0.222656250000
-0.267578125000
0.060791015625
0.139648437500
0.022094726562
-0.034423828125
0.186523437500
-0.036132812500
-0.083984375000
0.026733398438
-0.439453125000
0.110839843750
0.104492187500
0.173828125000
0.059326171875
0.302734375000
0.246093750000
-0.181640625000
-0.027099609375
-0.089355468750
0.086914062500
0.065917968750
-0.038818359375
0.038330078125
-0.028442382812
0.190429687500
-0.007629394531
-0.181640625000
0.158203125000
0.081054687500
-0.080078125000
0.062500000000
0.133789062500
-0.326171875000
0.136718750000
0.068847656250
0.128906250000
-0.187500000000
-0.023925781250
-0.057617187500
-0.030639648438
0.108886718750
-0.180664062500
-0.091796875000
-0.245117187500
-0.134765625000
0.108886718750
0.214843750000
-0.141601562500
-0.113281250000
-0.149414062500
-0.157226562500
0.050292968750
0.157226562500
0.051513671875
-0.404296875000
-0.108398437500
0.203125000000
-0.005767822266
0.025512695312
0.046630859375
-0.542968750000
-0.083984375000
0.072753906250
-0.111816406250
-0.255859375000
-0.001487731934
-0.005432128906
-0.187500000000
0.257812500000
0.152343750000
-0.006256103516
-0.206054687500
-0.024047851562
0.081542968750
0.384765625000
0.235351562500
-0.006958007812
-0.159179687500
0.173828125000
0.081054687500
-0.171875000000
-0.190429687500
0.018920898438
-0.101562500000
0.082031250000
-0.072753906250
0.040039062500
-0.014587402344
0.398437500000
0.065917968750
-0.005371093750
-0.145507812500
0.178710937500
-0.359375000000
-0.004119873047
-0.008972167969
-0.703125000000
0.149414062500
0.104980468750
-0.013427734375
-0.130859375000
-0.073730468750
0.109863281250
0.009521484375
0.043945312500
-0.052978515625
0.204101562500
0.192382812500
-0.074707031250
0.122558593750
0.320312500000
-0.049804687500
-0.174804687500
0.061035156250
-0.041503906250
0.117187500000
0.060791015625
-0.063476562500
0.067871093750
0.023559570312
0.223632812500
0.015258789062
0.119628906250
-0.120117187500
0.033447265625
0.020263671875
-0.070312500000
0.027709960938
-0.243164062500
-0.196289062500
0.107910156250
-0.074707031250
0.064453125000
-0.054687500000
0.131835937500
-0.269531250000
0.074707031250
-0.222656250000
-0.112792968750
0.027709960938
0.002426147461
-0.306640625000
0.255859375000
0.238281250000
-0.058349609375
-0.392578125000
-0.141601562500
0.125976562500
-0.019531250000
-0.155273437500
-0.024414062500
-0.040771484375
0.126953125000
0.051025390625
-0.316406250000
0.113281250000
0.150390625000
-0.244140625000
0.116699218750
-0.003356933594
-0.441406250000
0.033203125000
-0.007568359375
-0.020507812500
-0.069335937500
-0.077148437500
0.021118164062
0.015747070312
-0.070312500000
0.003326416016
-0.173828125000
0.224609375000
-0.139648437500
0.119140625000
0.016357421875
-0.053710937500
-0.136718750000
-0.034179687500
-0.082031250000
-0.065429687500
0.075195312500
-0.123535156250
0.120117187500
-0.130859375000
-0.018066406250
-0.012207031250
0.004241943359
-0.105957031250
-0.088867187500
0.250000000000
-0.151367187500
-0.095703125000
-0.206054687500
0.120605468750
0.211914062500
0.140625000000
0.206054687500
0.238281250000
-0.038818359375
-0.179687500000
0.072265625000
-0.037597656250
0.427734375000
0.259765625000
0.135742187500
-0.466796875000
-0.013244628906
-0.049804687500
-0.503906250000
-0.050781250000
0.124023437500
0.027587890625
-0.044433593750
0.111816406250
0.010253906250
-0.243164062500
-0.172851562500
0.103515625000
0.005126953125
0.035888671875
-0.100585937500
-0.003082275391
-0.074218750000
-0.051269531250
-0.036621093750
0.174804687500
0.090820312500
-0.028442382812
-0.087402343750
-0.326171875000
-0.251953125000
-0.105468750000
-0.480468750000
0.044677734375
-0.253906250000
0.125000000000
0.140625000000
-0.376953125000
-0.119628906250
0.142578125000
-0.437500000000
0.041748046875
0.003814697266
-0.037841796875
0.168945312500
-0.271484375000
0.218750000000
-0.131835937500
0.006347656250
0.059326171875
0.026733398438
0.038818359375
0.071289062500
0.074707031250
-0.179687500000
0.138671875000
0.217773437500
0.247070312500
-0.217773437500
-0.153320312500
0.310546875000
-0.153320312500
0.117675781250
0.045898437500
-0.195312500000
-0.089843750000
-0.037597656250
0.090332031250
-0.000999450684
-0.574218750000
0.023071289062
-0.218750000000
-0.730468750000
-0.016235351562
0.191406250000
0.026123046875
-0.100097656250
0.087402343750
0.000526428223
-0.562500000000
-0.218750000000
-0.053222656250
0.134765625000
-0.063964843750
0.030029296875
-0.043701171875
-0.207031250000
-0.221679687500
-0.257812500000
-0.166015625000
-0.014526367188
-0.000946044922
-0.064453125000
-0.285156250000
-0.015563964844
-0.132812500000
-0.753906250000
-0.055419921875
0.013977050781
-0.100097656250
0.020874023438
-0.347656250000
-0.208007812500
0.183593750000
-0.304687500000
0.066406250000
0.055664062500
-0.009094238281
0.058593750000
-0.029052734375
0.050292968750
0.025634765625
-0.035888671875
-0.039306640625
0.273437500000
-0.193359375000
0.056640625000
0.030761718750
-0.197265625000
0.010986328125
0.088378906250
0.044189453125
0.036376953125
0.068847656250
0.042236328125
-0.145507812500
0.084472656250
0.032470703125
-0.227539062500
-0.012268066406
-0.067382812500
0.059814453125
-0.126953125000
-0.382812500000
0.039550781250
-0.081054687500
-0.435546875000
0.000499725342
0.197265625000
-0.000036478043
0.055175781250
0.092773437500
-0.119628906250
-0.176757812500
-0.312500000000
-0.045654296875
0.085449218750
-0.148437500000
-0.060302734375
0.036376953125
-0.172851562500
-0.117675781250
-0.104980468750
0.193359375000
-0.062988281250
0.007232666016
-0.125976562500
-0.110839843750
-0.059326171875
0.113281250000
-0.632812500000
0.056396484375
0.020263671875
0.054687500000
-0.004821777344
-0.187500000000
-0.100097656250
-0.108398437500
-0.562500000000
-0.059326171875
0.125000000000
0.020996093750
0.131835937500
-0.163085937500
0.074218750000
0.083007812500
-0.058105468750
0.154296875000
0.030517578125
-0.008666992188
-0.084960937500
-0.106933593750
0.021606445312
-0.053710937500
0.097656250000
0.245117187500
-0.259765625000
0.111816406250
0.182617187500
-0.120605468750
-0.404296875000
-0.076171875000
-0.203125000000
0.136718750000
-0.182617187500
0.083496093750
0.119628906250
-0.582031250000
-0.077636718750
0.075195312500
-0.601562500000
0.000036478043
0.183593750000
-0.031127929688
0.120117187500
0.091796875000
0.039062500000
-0.085449218750
-0.273437500000
0.122558593750
0.098144531250
-0.044921875000
-0.275390625000
-0.209960937500
-0.310546875000
-0.001152038574
-0.013061523438
0.184570312500
0.064453125000
0.043701171875
-0.486328125000
-0.392578125000
-0.169921875000
0.122070312500
-0.291015625000
-0.032714843750
-0.006530761719
0.129882812500
0.036621093750
-0.237304687500
0.125000000000
-0.006256103516
-0.437500000000
0.042236328125
0.076660156250
0.094726562500
0.116210937500
-0.024414062500
-0.000843048096
-0.080078125000
0.025634765625
0.012023925781
0.332031250000
-0.107910156250
0.005859375000
-0.049804687500
0.059814453125
-0.041259765625
0.240234375000
0.302734375000
0.079101562500
-0.022705078125
0.194335937500
-0.039062500000
-0.094726562500
-0.006866455078
-0.023315429688
-0.043212890625
-0.139648437500
0.235351562500
0.107910156250
-0.361328125000
0.102539062500
-0.020507812500
-0.703125000000
0.007324218750
0.092773437500
-0.073242187500
0.094238281250
0.166015625000
-0.064453125000
-0.135742187500
-0.174804687500
0.005371093750
0.063964843750
0.041748046875
-0.085449218750
-0.044189453125
-0.621093750000
0.051025390625
-0.114746093750
0.001350402832
-0.016113281250
-0.053710937500
-0.664062500000
-0.707031250000
-0.077148437500
0.054199218750
-0.871093750000
0.136718750000
-0.180664062500
0.015380859375
-0.135742187500
-0.371093750000
0.102050781250
0.154296875000
-0.158203125000
-0.041259765625
0.046386718750
0.001998901367
0.109375000000
-0.006103515625
0.091796875000
-0.165039062500
0.047607421875
0.003005981445
-0.020263671875
0.167968750000
-0.087402343750
-0.176757812500
-0.104003906250
0.223632812500
0.198242187500
-0.141601562500
-0.011962890625
0.141601562500
0.087402343750
-0.149414062500
-0.171875000000
0.058105468750
-0.050781250000
0.000328063965
-0.072753906250
-0.097167968750
0.024169921875
-0.365234375000
-0.081054687500
-0.028320312500
-0.660156250000
0.028198242188
0.214843750000
0.076660156250
0.055908203125
0.200195312500
-0.124023437500
-0.007873535156
-0.209960937500
0.120605468750
0.073242187500
-0.109863281250
0.147460937500
-0.129882812500
-0.437500000000
0.047607421875
-0.076171875000
0.065429687500
0.094238281250
-0.068847656250
-0.246093750000
-0.507812500000
-0.156250000000
0.001373291016
-0.871093750000
0.051025390625
-0.097656250000
0.189453125000
0.117675781250
-0.447265625000
0.048583984375
0.056640625000
-0.453125000000
0.006958007812
0.066894531250
0.072265625000
-0.113281250000
-0.061035156250
0.241210937500
-0.179687500000
0.038574218750
-0.008117675781
0.071289062500
0.050781250000
0.035644531250
-0.125976562500
-0.285156250000
0.066406250000
0.092773437500
0.083007812500
0.234375000000
0.106933593750
0.332031250000
-0.018798828125
-0.119628906250
-0.073730468750
-0.182617187500
-0.010864257812
0.003356933594
-0.182617187500
0.090332031250
-0.519531250000
0.058837890625
0.060546875000
-0.683593750000
0.065429687500
0.156250000000
-0.114257812500
-0.015075683594
0.169921875000
-0.035400390625
-0.072753906250
-0.306640625000
-0.047119140625
-0.069335937500
-0.359375000000
0.108886718750
-0.054931640625
-0.326171875000
0.103027343750
-0.123535156250
-0.082519531250
-0.190429687500
-0.102050781250
-0.108398437500
-0.515625000000
-0.202148437500
0.072753906250
-0.308593750000
0.178710937500
-0.365234375000
0.234375000000
-0.006561279297
-0.460937500000
0.014099121094
-0.073242187500
-0.267578125000
-0.010192871094
0.065429687500
0.047363281250
0.004180908203
-0.225585937500
-0.116210937500
-0.243164062500
-0.101562500000
0.193359375000
-0.127929687500
-0.065917968750
0.160156250000
-0.076660156250
-0.230468750000
-0.052490234375
0.237304687500
0.241210937500
-0.109863281250
0.242187500000
-0.075195312500
-0.112792968750
0.127929687500
0.001876831055
-0.184570312500
0.006011962891
0.118164062500
-0.102539062500
-0.017333984375
-0.058837890625
0.017822265625
0.043701171875
-0.114746093750
0.034179687500
-0.039062500000
0.006866455078
0.090820312500
-0.176757812500
0.095214843750
-0.085937500000
0.078613281250
0.102050781250
-0.077148437500
-0.035888671875
0.007568359375
-0.081054687500
-0.019653320312
-0.045410156250
0.121582031250
-0.024047851562
-0.267578125000
0.006072998047
0.162109375000
-0.219726562500
-0.249023437500
-0.173828125000
-0.149414062500
-0.154296875000
0.079589843750
-0.021850585938
-0.036376953125
-0.289062500000
0.094238281250
-0.073242187500
-0.085449218750
-0.039550781250
0.057128906250
-0.006744384766
-0.108398437500
-0.027343750000
0.052978515625
0.019775390625
0.116699218750
0.004638671875
0.176757812500
-0.066894531250
0.009948730469
-0.006164550781
-0.365234375000
-0.144531250000
0.412109375000
-0.049072265625
-0.049316406250
0.137695312500
-0.070800781250
-0.038818359375
0.222656250000
0.117187500000
-0.277343750000
0.068847656250
-0.091796875000
-0.005157470703
0.083984375000
-0.102050781250
0.080566406250
0.269531250000
0.089843750000
0.083984375000
-0.188476562500
0.026977539062
0.030273437500
-0.242187500000
0.040527343750
-0.112304687500
0.214843750000
-0.035888671875
-0.104492187500
-0.034423828125
-0.004669189453
0.029418945312
-0.008911132812
-0.033447265625
0.032470703125
0.427734375000
0.162109375000
-0.015502929688
0.011718750000
0.048095703125
-0.057617187500
-0.200195312500
-0.244140625000
-0.028808593750
-0.136718750000
-0.164062500000
0.235351562500
-0.248046875000
0.097656250000
0.077148437500
-0.098144531250
-0.083496093750
0.003356933594
-0.064453125000
-0.082519531250
0.005523681641
0.026123046875
0.089843750000
0.298828125000
0.026000976562
0.069335937500
-0.082519531250
0.036621093750
0.078613281250
-0.181640625000
-0.542968750000
0.231445312500
0.089843750000
-0.090820312500
0.133789062500
-0.267578125000
0.084472656250
0.084960937500
0.088378906250
-0.707031250000
0.214843750000
-0.130859375000
-0.250000000000
0.018676757812
-0.068359375000
-0.078125000000
0.273437500000
-0.045166015625
0.007812500000
-0.048828125000
-0.029663085938
-0.013732910156
-0.285156250000
-0.055419921875
-0.043945312500
0.265625000000
-0.044677734375
-0.082519531250
-0.050292968750
-0.157226562500
0.073730468750
0.064941406250
-0.035156250000
0.042724609375
-0.105468750000
0.059570312500
-0.087402343750
0.140625000000
0.024658203125
-0.166015625000
-0.123535156250
-0.243164062500
-0.184570312500
-0.021728515625
0.084960937500
0.038818359375
-0.083007812500
0.110839843750
-0.090332031250
0.015380859375
-0.247070312500
-0.042236328125
0.016601562500
0.231445312500
0.112792968750
-0.153320312500
0.029052734375
0.069335937500
0.071289062500
0.035400390625
-0.011962890625
-0.126953125000
0.165039062500
-0.197265625000
-0.652343750000
0.074218750000
0.044189453125
-0.086914062500
0.125000000000
-0.355468750000
0.114746093750
0.215820312500
0.269531250000
-0.644531250000
0.067382812500
-0.125000000000
-0.027587890625
0.019042968750
-0.166015625000
0.087890625000
-0.127929687500
-0.294921875000
-0.106933593750
0.001510620117
-0.045166015625
0.171875000000
-0.101074218750
0.188476562500
0.130859375000
0.219726562500
0.181640625000
-0.023071289062
-0.074218750000
-0.138671875000
0.051269531250
-0.002227783203
0.006988525391
0.168945312500
-0.308593750000
0.170898437500
0.003372192383
-0.063964843750
-0.061279296875
-0.084472656250
0.029052734375
-0.027099609375
0.053222656250
-0.237304687500
0.020507812500
-0.215820312500
-0.267578125000
0.153320312500
0.053955078125
-0.000073909760
-0.058105468750
-0.077636718750
0.187500000000
0.143554687500
0.029296875000
-0.034912109375
-0.014526367188
0.065917968750
0.049072265625
-0.028442382812
0.015747070312
-0.168945312500
0.244140625000
-0.261718750000
0.062500000000
0.648437500000
0.103027343750
-0.050781250000
0.084472656250
-0.400390625000
0.027465820312
0.189453125000
-0.166992187500
-0.302734375000
-0.041503906250
-0.147460937500
-0.261718750000
0.002059936523
-0.046386718750
0.172851562500
0.185546875000
-0.066406250000
-0.050048828125
-0.031982421875
0.051025390625
0.237304687500
-0.240234375000
0.181640625000
-0.095214843750
0.219726562500
0.158203125000
-0.047851562500
-0.024291992188
0.133789062500
0.026855468750
-0.044921875000
-0.143554687500
0.152343750000
-0.137695312500
-0.236328125000
-0.044677734375
-0.244140625000
-0.082519531250
-0.134765625000
0.042724609375
-0.154296875000
-0.006561279297
-0.148437500000
0.118164062500
-0.200195312500
0.006439208984
0.051025390625
-0.066894531250
-0.015563964844
-0.061279296875
0.049072265625
-0.012695312500
0.096679687500
-0.024047851562
0.228515625000
0.030761718750
0.222656250000
0.020507812500
-0.032714843750
-0.081054687500
-0.071777343750
0.148437500000
-0.621093750000
-0.049316406250
0.127929687500
-0.013183593750
-0.003616333008
0.054931640625
-0.406250000000
-0.199218750000
0.042236328125
0.127929687500
-0.312500000000
-0.218750000000
-0.133789062500
-0.188476562500
0.052490234375
-0.087402343750
0.114746093750
0.092773437500
0.048339843750
-0.012451171875
-0.087402343750
-0.148437500000
-0.034179687500
-0.109863281250
0.117675781250
0.108398437500
0.083496093750
0.225585937500
-0.003601074219
-0.072753906250
-0.017211914062
0.044677734375
0.016113281250
-0.279296875000
0.120117187500
-0.170898437500
0.040771484375
0.339843750000
0.013000488281
-0.027343750000
-0.253906250000
-0.053222656250
-0.217773437500
-0.024658203125
0.062988281250
0.102050781250
-0.086425781250
-0.178710937500
0.043212890625
0.018066406250
-0.090332031250
0.032958984375
-0.086425781250
-0.012145996094
-0.033691406250
0.141601562500
0.029663085938
0.014648437500
0.195312500000
0.058349609375
-0.105468750000
-0.069824218750
-0.156250000000
0.065429687500
-0.597656250000
0.038330078125
-0.003829956055
-0.033691406250
-0.088378906250
0.080078125000
-0.190429687500
-0.271484375000
0.203125000000
-0.063964843750
-0.742187500000
-0.233398437500
-0.172851562500
0.109375000000
-0.015502929688
-0.194335937500
0.127929687500
0.235351562500
-0.121582031250
-0.105957031250
-0.071289062500
0.027954101562
0.091796875000
-0.034667968750
0.131835937500
0.037109375000
0.112792968750
0.152343750000
0.003128051758
-0.025146484375
0.051269531250
0.090820312500
0.002288818359
-0.136718750000
0.167968750000
0.098632812500
-0.421875000000
0.132812500000
0.196289062500
0.071777343750
-0.088378906250
0.002624511719
-0.100585937500
0.066406250000
0.008972167969
-0.031250000000
-0.139648437500
-0.210937500000
0.146484375000
-0.010131835938
0.012512207031
0.053222656250
0.044189453125
-0.096191406250
0.079589843750
-0.030273437500
0.108398437500
-0.018920898438
0.096191406250
0.005432128906
0.041015625000
0.005859375000
-0.002105712891
0.289062500000
-0.511718750000
-0.103027343750
0.539062500000
-0.016113281250
-0.033935546875
0.108398437500
0.035156250000
-0.079589843750
0.248046875000
0.052978515625
-0.351562500000
-0.237304687500
0.003311157227
0.167968750000
0.185546875000
-0.412109375000
0.236328125000
-0.035156250000
-0.141601562500
0.136718750000
0.070312500000
-0.117675781250
-0.021240234375
0.076171875000
-0.150390625000
0.042236328125
0.058837890625
-0.018554687500
0.062500000000
-0.052246093750
-0.027587890625
-0.095214843750
0.058349609375
0.099121093750
-0.071289062500
0.138671875000
0.013122558594
0.005859375000
-0.017578125000
0.047851562500
-0.031250000000
0.064941406250
-0.008972167969
-0.085937500000
-0.108886718750
-0.043701171875
0.104003906250
0.225585937500
-0.149414062500
0.058593750000
-0.154296875000
0.001190185547
-0.105957031250
-0.111328125000
-0.001800537109
-0.308593750000
0.180664062500
-0.151367187500
-0.078125000000
-0.037597656250
-0.302734375000
-0.106445312500
-0.084960937500
-0.056640625000
-0.044677734375
-0.129882812500
-0.205078125000
0.166992187500
-0.137695312500
0.169921875000
-0.044189453125
0.283203125000
0.106933593750
-0.217773437500
-0.092285156250
0.134765625000
0.244140625000
-0.003128051758
-0.337890625000
-0.184570312500
0.214843750000
0.242187500000
-0.515625000000
-0.026855468750
-0.125976562500
-0.146484375000
0.101074218750
0.010986328125
-0.028320312500
-0.148437500000
-0.046386718750
-0.107421875000
-0.053955078125
-0.061523437500
0.027221679688
-0.091308593750
0.018920898438
-0.012023925781
-0.044921875000
0.123535156250
-0.013244628906
0.017456054688
0.064941406250
0.054199218750
-0.143554687500
-0.176757812500
-0.042480468750
0.206054687500
0.164062500000
-0.159179687500
-0.012939453125
-0.034912109375
-0.121093750000
0.031738281250
0.062988281250
0.029296875000
0.279296875000
-0.423828125000
0.011474609375
-0.235351562500
0.292968750000
-0.277343750000
-0.104980468750
0.031005859375
-0.107910156250
0.009887695312
0.142578125000
-0.054931640625
-0.110351562500
0.092285156250
-0.224609375000
-0.201171875000
0.097656250000
0.127929687500
-0.023437500000
0.057373046875
0.083007812500
-0.018188476562
-0.106445312500
-0.127929687500
0.190429687500
-0.057617187500
-0.112304687500
0.044677734375
0.128906250000
0.271484375000
-0.233398437500
0.068847656250
0.042236328125
-0.227539062500
-0.085937500000
-0.019165039062
-0.146484375000
-0.184570312500
0.152343750000
0.058349609375
0.189453125000
-0.077636718750
0.160156250000
0.098144531250
-0.093261718750
0.064453125000
0.025268554688
-0.002410888672
-0.137695312500
0.010681152344
0.129882812500
0.049560546875
0.021484375000
-0.103027343750
0.031250000000
-0.084960937500
0.028930664062
-0.109863281250
0.085449218750
-0.052001953125
-0.021606445312
-0.115234375000
0.202148437500
0.113281250000
-0.084960937500
-0.208984375000
0.031982421875
-0.123535156250
0.109375000000
-0.110839843750
-0.125976562500
-0.107421875000
-0.169921875000
0.158203125000
0.047119140625
-0.135742187500
0.107910156250
0.106933593750
-0.100097656250
-0.392578125000
-0.077636718750
0.285156250000
0.001091003418
0.166015625000
-0.105468750000
-0.253906250000
-0.204101562500
-0.257812500000
0.128906250000
0.043701171875
-0.148437500000
-0.314453125000
0.304687500000
0.020507812500
-0.121582031250
0.040283203125
-0.123535156250
-0.101562500000
0.078613281250
0.153320312500
-0.047119140625
0.213867187500
-0.021118164062
-0.020629882812
-0.016113281250
0.047363281250
0.017578125000
0.094238281250
-0.048583984375
-0.073242187500
-0.034667968750
-0.388671875000
-0.009643554688
0.129882812500
-0.016601562500
0.065917968750
-0.041992187500
-0.135742187500
0.014526367188
-0.417968750000
0.144531250000
-0.306640625000
-0.153320312500
0.195312500000
-0.141601562500
-0.054687500000
-0.121093750000
0.023071289062
0.310546875000
-0.067871093750
0.066406250000
-0.067871093750
0.245117187500
0.071777343750
0.040771484375
-0.104003906250
-0.132812500000
0.010620117188
0.068359375000
0.183593750000
0.119628906250
-0.007720947266
-0.166015625000
0.025146484375
0.009826660156
0.109375000000
-0.039794921875
0.089843750000
0.032470703125
-0.166992187500
-0.118164062500
-0.009521484375
0.175781250000
0.033447265625
-0.204101562500
-0.324218750000
0.102050781250
0.114746093750
-0.365234375000
-0.123046875000
0.010925292969
-0.182617187500
0.158203125000
0.008239746094
-0.034423828125
0.021606445312
-0.024414062500
0.071777343750
0.071289062500
-0.115234375000
0.189453125000
-0.031005859375
0.106933593750
-0.082519531250
-0.127929687500
-0.203125000000
-0.058593750000
0.081542968750
-0.144531250000
0.070312500000
-0.076171875000
-0.035156250000
0.041748046875
-0.029174804688
-0.048828125000
-0.052490234375
-0.143554687500
-0.141601562500
-0.088378906250
-0.051025390625
0.052978515625
0.009033203125
-0.008850097656
-0.044433593750
0.093750000000
-0.057128906250
0.198242187500
0.088867187500
-0.137695312500
-0.054687500000
-0.143554687500
0.075683593750
-0.091308593750
-0.040771484375
0.105957031250
-0.163085937500
-0.129882812500
0.025512695312
-0.161132812500
0.158203125000
0.048828125000
0.212890625000
0.192382812500
-0.160156250000
-0.192382812500
0.079101562500
0.185546875000
-0.041259765625
0.082519531250
-0.601562500000
0.166015625000
-0.010925292969
-0.539062500000
-0.035400390625
-0.167968750000
-0.029541015625
0.058837890625
-0.024047851562
-0.158203125000
0.005523681641
0.061523437500
0.118652343750
0.155273437500
0.087890625000
0.223632812500
0.006286621094
0.053222656250
0.143554687500
0.005310058594
-0.110839843750
-0.077148437500
-0.024414062500
-0.285156250000
0.052734375000
-0.147460937500
-0.099609375000
-0.074707031250
-0.219726562500
0.086914062500
0.326171875000
0.002990722656
0.004333496094
-0.160156250000
-0.087890625000
0.117187500000
0.170898437500
0.406250000000
-0.052246093750
0.007659912109
-0.160156250000
0.189453125000
-0.054443359375
-0.106445312500
0.096679687500
-0.151367187500
-0.173828125000
-0.275390625000
-0.031494140625
-0.026977539062
-0.064941406250
-0.118164062500
0.149414062500
-0.069824218750
0.004577636719
0.113769531250
-0.043212890625
-0.139648437500
-0.190429687500
-0.099121093750
0.071289062500
0.102539062500
-0.006866455078
-0.034667968750
-0.182617187500
0.378906250000
0.046875000000
-0.229492187500
0.004974365234
0.049316406250
0.006713867188
-0.223632812500
0.088867187500
-0.071289062500
0.045410156250
0.166992187500
0.151367187500
0.012329101562
0.230468750000
0.080566406250
-0.140625000000
0.031127929688
0.117187500000
0.072265625000
-0.009216308594
-0.070800781250
0.017211914062
-0.154296875000
0.069335937500
-0.150390625000
0.057861328125
0.077636718750
-0.187500000000
-0.095214843750
0.099609375000
0.084960937500
-0.029663085938
-0.158203125000
-0.021606445312
0.037109375000
0.137695312500
-0.359375000000
-0.335937500000
0.075683593750
-0.196289062500
0.314453125000
-0.022094726562
0.019775390625
-0.042968750000
-0.031494140625
0.192382812500
-0.328125000000
-0.130859375000
0.156250000000
-0.006439208984
-0.078613281250
0.022338867188
-0.129882812500
0.208984375000
-0.006835937500
0.131835937500
0.002532958984
-0.042968750000
-0.144531250000
-0.085937500000
0.132812500000
-0.095703125000
0.183593750000
0.291015625000
-0.103027343750
-0.020019531250
0.047119140625
0.064941406250
-0.164062500000
-0.248046875000
0.171875000000
-0.077636718750
-0.077636718750
-0.261718750000
-0.824218750000
-0.015441894531
0.049316406250
-0.002731323242
0.116699218750
-0.004455566406
-0.139648437500
-0.139648437500
0.043212890625
-0.021118164062
-0.062500000000
0.125976562500
0.057617187500
0.006866455078
0.009094238281
-0.068847656250
0.004730224609
0.020507812500
-0.094238281250
0.025146484375
0.049072265625
0.044433593750
0.063476562500
-0.243164062500
0.519531250000
0.054931640625
0.098144531250
0.118164062500
0.007720947266
-0.125976562500
0.122558593750
0.073730468750
-0.129882812500
0.167968750000
-0.002929687500
0.068359375000
-0.267578125000
-0.185546875000
-0.065917968750
0.085449218750
0.045898437500
-0.235351562500
-0.060302734375
-0.071289062500
-0.019042968750
0.269531250000
-0.176757812500
-0.228515625000
-0.111328125000
0.065429687500
0.075195312500
-0.178710937500
-0.435546875000
0.141601562500
0.096679687500
-0.255859375000
-0.034423828125
0.152343750000
0.050048828125
-0.113281250000
-0.013793945312
-0.213867187500
0.082519531250
-0.277343750000
-0.494140625000
-0.067382812500
-0.062011718750
-0.041992187500
-0.033691406250
-0.139648437500
0.067871093750
-0.061767578125
0.139648437500
-0.167968750000
0.105957031250
0.038818359375
-0.086914062500
-0.006469726562
0.078125000000
-0.176757812500
-0.468750000000
0.021484375000
-0.016601562500
-0.349609375000
0.123535156250
-0.021118164062
-0.076171875000
-0.478515625000
0.367187500000
-0.227539062500
0.163085937500
0.184570312500
0.030883789062
-0.039550781250
0.117675781250
-0.257812500000
-0.054931640625
-0.021118164062
-0.029785156250
0.128906250000
-0.161132812500
-0.006988525391
-0.088867187500
-0.146484375000
0.136718750000
-0.142578125000
0.076660156250
-0.129882812500
0.127929687500
0.181640625000
-0.138671875000
-0.202148437500
-0.126953125000
-0.209960937500
-0.026000976562
0.125000000000
-0.496093750000
0.026489257812
-0.102050781250
-0.054931640625
-0.017211914062
0.117187500000
-0.018798828125
-0.176757812500
-0.141601562500
-0.322265625000
-0.113769531250
-0.101074218750
-0.921875000000
-0.060058593750
-0.219726562500
0.028930664062
0.187500000000
0.075195312500
-0.093261718750
-0.051025390625
0.098144531250
0.455078125000
0.066894531250
-0.073242187500
0.049072265625
0.199218750000
0.049316406250
-0.089843750000
-0.699218750000
0.151367187500
0.010314941406
-0.097167968750
0.105468750000
0.048828125000
0.100585937500
0.092285156250
0.585937500000
0.108398437500
0.151367187500
0.308593750000
-0.013854980469
0.014343261719
0.109863281250
0.134765625000
-0.113769531250
0.090820312500
-0.182617187500
0.102050781250
-0.097167968750
0.028442382812
0.021118164062
-0.073730468750
0.002731323242
0.041503906250
-0.138671875000
0.023925781250
-0.072753906250
0.118652343750
0.001388549805
-0.082031250000
-0.085937500000
-0.167968750000
-0.145507812500
0.102050781250
-0.453125000000
0.052001953125
-0.064453125000
-0.076171875000
-0.019165039062
0.275390625000
0.152343750000
-0.092773437500
0.031982421875
-0.476562500000
-0.012878417969
-0.037109375000
-1.078125000000
0.062500000000
-0.111816406250
0.014709472656
0.077636718750
-0.043457031250
0.016601562500
0.025756835938
0.007751464844
-0.349609375000
0.035156250000
-0.045654296875
-0.104003906250
0.089843750000
0.105957031250
0.162109375000
-0.298828125000
-0.026367187500
0.043945312500
-0.205078125000
-0.037597656250
0.027221679688
-0.294921875000
0.112792968750
0.585937500000
-0.000436782837
0.129882812500
0.224609375000
-0.058837890625
0.142578125000
-0.031982421875
0.021118164062
-0.138671875000
0.098144531250
-0.152343750000
0.111816406250
-0.058105468750
0.041503906250
0.182617187500
0.105468750000
-0.068359375000
0.261718750000
-0.005462646484
-0.212890625000
-0.229492187500
0.056884765625
-0.251953125000
-0.126953125000
-0.002395629883
-0.144531250000
-0.027343750000
0.047363281250
-0.326171875000
-0.064453125000
0.009826660156
-0.013977050781
-0.018432617188
-0.283203125000
0.072265625000
-0.240234375000
0.003112792969
-0.419921875000
0.123046875000
-0.166992187500
-0.679687500000
0.092773437500
-0.116699218750
0.008178710938
0.137695312500
0.054199218750
-0.003189086914
-0.030883789062
0.166015625000
-0.245117187500
-0.015869140625
-0.006256103516
-0.322265625000
0.044189453125
-0.130859375000
-0.200195312500
-0.425781250000
0.148437500000
0.097167968750
-0.082519531250
-0.098144531250
0.101074218750
-0.347656250000
-0.263671875000
0.417968750000
0.057373046875
0.087402343750
0.057861328125
-0.091308593750
0.152343750000
0.002593994141
0.265625000000
-0.223632812500
0.225585937500
-0.225585937500
0.079101562500
0.043701171875
-0.051513671875
-0.031982421875
-0.029174804688
0.202148437500
0.071289062500
-0.165039062500
0.024902343750
-0.144531250000
0.095703125000
-0.241210937500
-0.197265625000
0.021118164062
0.245117187500
-0.097167968750
0.027099609375
0.128906250000
0.191406250000
-0.086425781250
-0.026977539062
-0.061035156250
-0.132812500000
0.112792968750
-0.019409179688
0.070312500000
-0.324218750000
-0.077148437500
-0.104492187500
-0.691406250000
-0.070800781250
-0.218750000000
-0.126953125000
-0.032714843750
-0.074707031250
-0.063476562500
-0.057373046875
0.158203125000
-0.121582031250
-0.025146484375
0.003326416016
-0.062988281250
0.035400390625
-0.048095703125
-0.001693725586
-0.710937500000
0.021728515625
-0.106933593750
0.210937500000
0.020019531250
0.024291992188
-0.134765625000
-0.092773437500
0.394531250000
0.052246093750
0.165039062500
-0.032470703125
-0.059326171875
-0.184570312500
-0.113769531250
0.068359375000
-0.161132812500
0.166992187500
0.021362304688
0.117187500000
-0.045410156250
-0.253906250000
0.050048828125
0.038085937500
0.146484375000
0.072265625000
0.112792968750
0.013549804688
-0.157226562500
0.206054687500
-0.133789062500
-0.304687500000
-0.135742187500
0.339843750000
-0.004760742188
0.013183593750
0.253906250000
-0.011413574219
0.033935546875
0.020996093750
-0.180664062500
-0.054443359375
-0.091796875000
0.034912109375
-0.065917968750
-0.468750000000
0.097167968750
-0.021972656250
-0.585937500000
-0.167968750000
-0.026611328125
0.062011718750
0.184570312500
-0.108398437500
-0.019775390625
-0.002410888672
0.136718750000
-0.176757812500
-0.144531250000
0.208007812500
-0.277343750000
-0.115722656250
-0.062011718750
-0.004669189453
-0.480468750000
-0.017578125000
0.127929687500
-0.076171875000
-0.012207031250
-0.018188476562
-0.008605957031
-0.208984375000
0.261718750000
0.159179687500
0.066406250000
0.067871093750
-0.054199218750
-0.040283203125
0.105468750000
-0.030883789062
-0.076660156250
0.159179687500
-0.141601562500
-0.021972656250
-0.021484375000
-0.092773437500
0.147460937500
0.069824218750
-0.111328125000
0.183593750000
-0.087890625000
-0.215820312500
-0.004455566406
0.233398437500
-0.261718750000
-0.562500000000
-0.118164062500
0.267578125000
-0.022827148438
-0.055175781250
0.247070312500
0.019409179688
-0.539062500000
-0.183593750000
-0.189453125000
0.071289062500
-0.023925781250
-0.304687500000
-0.126953125000
-0.324218750000
-0.113281250000
-0.115722656250
-0.105957031250
0.008422851562
-0.150390625000
0.059326171875
-0.255859375000
-0.051025390625
0.072265625000
0.020507812500
0.103027343750
-0.028076171875
-0.030395507812
-0.006561279297
0.028686523438
0.069335937500
-0.011657714844
0.127929687500
-0.124023437500
-0.045410156250
-0.011718750000
-0.085449218750
-0.056152343750
0.160156250000
0.068847656250
0.112304687500
0.137695312500
0.130859375000
-0.070800781250
0.002899169922
-0.018188476562
-0.128906250000
-0.026733398438
-0.035156250000
-0.056640625000
-0.234375000000
-0.050537109375
0.016601562500
0.025146484375
-0.476562500000
0.044921875000
-0.224609375000
-0.016113281250
-0.267578125000
-0.195312500000
-0.019287109375
-0.332031250000
-0.043701171875
-0.062988281250
0.002304077148
0.073730468750
-0.018676757812
0.001190185547
-0.292968750000
0.164062500000
0.083984375000
-0.699218750000
0.359375000000
-0.158203125000
0.005401611328
0.089355468750
-0.241210937500
0.001235961914
0.248046875000
-0.084472656250
0.076660156250
-0.167968750000
0.172851562500
0.080566406250
0.217773437500
0.052001953125
0.009460449219
-0.148437500000
-0.068359375000
-0.024291992188
-0.079589843750
0.019287109375
-0.027954101562
-0.027709960938
-0.014221191406
0.024169921875
-0.153320312500
-0.026733398438
-0.078125000000
0.068359375000
-0.086425781250
0.012573242188
-0.051025390625
-0.097656250000
0.136718750000
0.154296875000
-0.277343750000
-0.137695312500
-0.043212890625
-0.166015625000
0.094726562500
0.030761718750
-0.076660156250
-0.006317138672
-0.145507812500
0.190429687500
0.008605957031
-0.115234375000
-0.057861328125
-0.105957031250
-0.046875000000
0.022338867188
-0.146484375000
-0.159179687500
-0.031738281250
-0.118652343750
-0.108398437500
-0.101562500000
-0.168945312500
0.108398437500
-0.126953125000
-0.104492187500
-0.234375000000
0.023193359375
-0.005157470703
-0.431640625000
0.361328125000
-0.353515625000
-0.026000976562
-0.156250000000
-0.217773437500
0.077148437500
0.060791015625
-0.175781250000
-0.096191406250
-0.079589843750
-0.079589843750
-0.086425781250
0.084472656250
-0.052978515625
0.121093750000
0.122070312500
0.025634765625
0.034423828125
0.045654296875
-0.016845703125
-0.016845703125
0.111816406250
-0.018798828125
-0.005645751953
0.214843750000
-0.160156250000
-0.251953125000
-0.082519531250
-0.158203125000
0.034667968750
0.179687500000
0.140625000000
0.228515625000
0.096191406250
-0.235351562500
-0.193359375000
-0.027221679688
-0.062255859375
-0.119140625000
0.002700805664
0.045654296875
0.040283203125
-0.031982421875
-0.005432128906
-0.079589843750
-0.116699218750
-0.189453125000
-0.043212890625
-0.128906250000
-0.103027343750
-0.015869140625
-0.333984375000
-0.078613281250
-0.132812500000
-0.031005859375
-0.098632812500
-0.152343750000
0.120117187500
-0.023193359375
0.175781250000
-0.104980468750
-0.078613281250
0.186523437500
-0.231445312500
0.110351562500
-0.129882812500
0.078613281250
0.045410156250
-0.373046875000
0.208007812500
0.144531250000
-0.125000000000
0.057861328125
-0.038330078125
-0.008361816406
0.113281250000
0.076660156250
0.054443359375
0.067382812500
0.115722656250
-0.009338378906
-0.014038085938
0.044677734375
0.058593750000
0.044921875000
-0.010803222656
0.018310546875
-0.072753906250
-0.022460937500
-0.124511718750
0.003509521484
-0.100097656250
-0.111816406250
-0.105957031250
0.099121093750
-0.373046875000
0.144531250000
-0.012939453125
-0.339843750000
-0.177734375000
-0.032470703125
0.078613281250
0.067871093750
-0.003189086914
0.046386718750
0.079101562500
-0.026855468750
0.186523437500
-0.005981445312
0.163085937500
-0.024780273438
-0.153320312500
-0.000537872314
-0.104980468750
-0.007568359375
-0.322265625000
-0.124511718750
-0.074707031250
-0.081054687500
-0.108886718750
-0.120117187500
0.035644531250
0.024291992188
-0.011535644531
-0.182617187500
0.130859375000
0.169921875000
-0.349609375000
0.018310546875
-0.320312500000
0.174804687500
-0.056884765625
-0.189453125000
0.069824218750
0.122558593750
-0.108886718750
-0.048095703125
0.077636718750
-0.008422851562
0.045166015625
0.080566406250
0.027465820312
0.001518249512
0.078125000000
0.041015625000
-0.136718750000
-0.020385742188
0.026611328125
0.056396484375
-0.086914062500
0.069335937500
0.031494140625
-0.064941406250
-0.253906250000
0.054687500000
-0.202148437500
0.019653320312
-0.072753906250
-0.053466796875
-0.031127929688
0.119140625000
0.076660156250
0.033691406250
-0.404296875000
0.009399414062
-0.138671875000
0.146484375000
0.085449218750
0.069335937500
-0.209960937500
-0.001800537109
0.011413574219
0.030029296875
0.032470703125
-0.046142578125
0.031494140625
-0.168945312500
-0.229492187500
-0.028686523438
-0.125000000000
-0.050537109375
0.035400390625
-0.038818359375
-0.238281250000
-0.074218750000
0.038818359375
0.003875732422
0.279296875000
-0.085449218750
0.018798828125
0.051025390625
-0.417968750000
-0.115234375000
-0.101074218750
0.089355468750
0.014282226562
-0.294921875000
-0.031127929688
0.198242187500
-0.067871093750
-0.066406250000
-0.116210937500
-0.068359375000
-0.014343261719
0.078613281250
-0.166992187500
-0.036376953125
0.019165039062
0.038574218750
-0.162109375000
0.119628906250
0.130859375000
-0.064941406250
-0.019531250000
0.013977050781
0.136718750000
0.093261718750
-0.300781250000
-0.068359375000
0.045166015625
-0.125976562500
-0.015319824219
0.255859375000
-0.232421875000
0.164062500000
0.163085937500
0.267578125000
-0.476562500000
-0.027465820312
-0.112304687500
0.050781250000
-0.058349609375
-0.037597656250
0.125000000000
0.103027343750
-0.223632812500
-0.009277343750
-0.084472656250
0.024536132812
-0.144531250000
0.127929687500
-0.148437500000
0.232421875000
0.005981445312
-0.064941406250
-0.071777343750
-0.240234375000
-0.101074218750
-0.250000000000
0.213867187500
-0.138671875000
0.046875000000
-0.289062500000
0.113281250000
0.077148437500
-0.291015625000
0.273437500000
-0.404296875000
0.017822265625
0.116210937500
-0.159179687500
-0.161132812500
0.019531250000
-0.118652343750
0.083984375000
-0.007995605469
0.049560546875
-0.003585815430
0.125976562500
-0.026611328125
0.056640625000
0.075195312500
0.031494140625
-0.010498046875
0.100097656250
0.059570312500
0.084960937500
0.004974365234
-0.005249023438
-0.007751464844
-0.047607421875
-0.035888671875
0.098632812500
-0.068359375000
-0.196289062500
-0.102050781250
-0.009277343750
0.019897460938
0.275390625000
0.339843750000
0.186523437500
-0.617187500000
0.095214843750
0.009399414062
-0.177734375000
0.011474609375
0.063476562500
-0.009887695312
0.026123046875
-0.146484375000
-0.075195312500
0.062500000000
-0.363281250000
0.045410156250
-0.020385742188
-0.137695312500
0.152343750000
-0.111816406250
-0.039794921875
-0.010803222656
0.069335937500
-0.118652343750
-0.094238281250
0.117675781250
-0.091308593750
-0.008789062500
-0.243164062500
0.035156250000
0.112792968750
0.032714843750
0.120605468750
0.028686523438
0.112792968750
-0.091308593750
0.164062500000
0.045166015625
-0.123046875000
-0.257812500000
-0.175781250000
0.030761718750
0.098632812500
-0.079101562500
-0.231445312500
-0.412109375000
-0.107421875000
-0.472656250000
0.057861328125
0.020996093750
-0.145507812500
0.088867187500
-0.068847656250
0.042968750000
-0.139648437500
-0.198242187500
0.156250000000
0.034912109375
0.298828125000
0.041259765625
-0.357421875000
0.410156250000
0.113281250000
0.022705078125
-0.238281250000
-0.073730468750
-0.235351562500
0.053710937500
-0.406250000000
0.125000000000
-0.375000000000
-0.174804687500
0.090820312500
-0.024047851562
-0.146484375000
0.045654296875
0.123046875000
0.292968750000
-0.068847656250
0.144531250000
-0.263671875000
0.031250000000
0.017456054688
0.108886718750
0.024658203125
0.245117187500
-0.070800781250
0.147460937500
-0.020874023438
-0.087402343750
0.030639648438
-0.010192871094
-0.058837890625
-0.143554687500
0.191406250000
-0.010375976562
-0.071777343750
-0.119628906250
0.231445312500
-0.083984375000
0.067871093750
0.090820312500
-0.048828125000
0.127929687500
-0.030639648438
-0.112792968750
0.201171875000
-0.267578125000
-0.224609375000
-0.080566406250
-0.384765625000
-0.271484375000
0.120117187500
0.059082031250
-0.275390625000
0.051513671875
0.042236328125
-0.008605957031
0.017089843750
-0.069824218750
0.052490234375
0.000534057617
0.001220703125
-0.050048828125
-0.220703125000
0.173828125000
0.073242187500
-0.101562500000
0.082031250000
0.013000488281
0.006164550781
0.101074218750
-0.137695312500
0.025634765625
-0.128906250000
0.061767578125
0.180664062500
-0.099121093750
-0.265625000000
0.020263671875
0.060791015625
0.261718750000
0.069824218750
0.102539062500
0.028808593750
0.082519531250
-0.162109375000
-0.051269531250
-0.009765625000
0.116210937500
-0.016723632812
0.112792968750
-0.043945312500
0.117187500000
0.005432128906
-0.075195312500
0.042968750000
-0.237304687500
-0.006042480469
-0.051269531250
-0.024169921875
0.062255859375
0.136718750000
-0.185546875000
0.054687500000
-0.012268066406
-0.024658203125
-0.195312500000
-0.183593750000
-0.068359375000
-0.006439208984
-0.009094238281
-0.114746093750
-0.114746093750
-0.116699218750
-0.243164062500
0.042968750000
0.007537841797
-0.148437500000
0.079101562500
0.109863281250
-0.033203125000
0.015441894531
-0.083496093750
0.041015625000
0.143554687500
0.058837890625
0.037597656250
-0.400390625000
0.306640625000
0.005065917969
-0.000349044800
-0.129882812500
-0.034179687500
-0.005920410156
0.166992187500
-0.425781250000
-0.003463745117
-0.135742187500
0.003234863281
0.082031250000
0.102539062500
-0.081054687500
0.071289062500
-0.093261718750
0.013427734375
0.000942230225
0.210937500000
-0.108886718750
0.101074218750
-0.087890625000
0.061035156250
0.040283203125
0.085937500000
-0.183593750000
0.155273437500
-0.024047851562
0.026855468750
0.027465820312
-0.009155273438
0.066406250000
-0.210937500000
0.060302734375
0.039306640625
0.105468750000
-0.249023437500
0.086425781250
0.082031250000
-0.000052452087
0.014038085938
-0.125000000000
-0.071289062500
0.153320312500
-0.012573242188
0.103515625000
-0.111328125000
-0.225585937500
-0.203125000000
-0.149414062500
-0.033203125000
0.071289062500
-0.012145996094
-0.267578125000
0.040283203125
0.031982421875
-0.137695312500
-0.029541015625
-0.343750000000
0.033691406250
-0.057128906250
0.096191406250
-0.012268066406
-0.298828125000
0.310546875000
0.013244628906
0.037597656250
-0.040527343750
-0.026733398438
-0.065917968750
0.112792968750
-0.531250000000
-0.207031250000
-0.092285156250
0.139648437500
-0.043945312500
0.160156250000
-0.128906250000
-0.141601562500
-0.050537109375
0.253906250000
0.037109375000
0.006317138672
0.004333496094
-0.135742187500
-0.018188476562
0.064453125000
-0.097167968750
0.137695312500
0.026733398438
0.183593750000
0.141601562500
-0.045410156250
0.085937500000
-0.053710937500
0.204101562500
-0.198242187500
0.081054687500
-0.127929687500
-0.008178710938
-0.190429687500
0.006072998047
-0.273437500000
0.040771484375
-0.132812500000
0.074707031250
-0.225585937500
-0.082519531250
0.120117187500
0.090820312500
-0.253906250000
-0.207031250000
-0.214843750000
-0.106933593750
-0.255859375000
0.023071289062
-0.100097656250
-0.204101562500
0.048583984375
0.041503906250
-0.292968750000
0.149414062500
0.053710937500
0.098144531250
0.101074218750
0.005249023438
-0.172851562500
-0.205078125000
0.022216796875
0.110839843750
0.143554687500
0.020629882812
0.037353515625
-0.032958984375
0.165039062500
-0.263671875000
-0.049316406250
-0.018188476562
-0.020263671875
-0.033203125000
-0.065429687500
0.013000488281
0.049316406250
0.022827148438
0.269531250000
0.086425781250
-0.032958984375
-0.071777343750
-0.089843750000
-0.095703125000
-0.093750000000
0.057373046875
-0.162109375000
0.006225585938
0.147460937500
-0.080078125000
-0.863281250000
0.197265625000
0.062988281250
0.129882812500
-0.257812500000
0.147460937500
-0.031738281250
-0.166015625000
-0.118652343750
-0.030029296875
0.094238281250
-0.077636718750
-0.027954101562
-0.066894531250
0.105468750000
0.085449218750
-0.131835937500
-0.081054687500
-0.140625000000
-0.255859375000
-0.141601562500
-0.213867187500
-0.289062500000
0.058105468750
0.016235351562
-0.071777343750
0.170898437500
0.069824218750
-0.136718750000
-0.030639648438
-0.388671875000
-0.106933593750
0.098144531250
0.026123046875
-0.126953125000
-0.227539062500
0.246093750000
0.083007812500
-0.070800781250
-0.294921875000
-0.061523437500
-0.072265625000
0.120605468750
-0.129882812500
0.088867187500
-0.044921875000
0.009094238281
0.151367187500
0.142578125000
0.059326171875
0.144531250000
0.080566406250
0.171875000000
-0.064453125000
-0.066406250000
-0.111328125000
0.194335937500
-0.221679687500
-0.088867187500
-0.026855468750
0.074218750000
-0.016723632812
0.194335937500
0.098632812500
-0.285156250000
0.107421875000
0.076171875000
0.064453125000
-0.129882812500
-0.212890625000
-0.048095703125
-0.141601562500
-0.057861328125
-0.077148437500
-0.041503906250
0.078613281250
0.077636718750
-0.146484375000
-0.150390625000
0.178710937500
-0.000965118408
0.181640625000
-0.071777343750
-0.378906250000
-0.168945312500
-0.316406250000
-0.367187500000
-0.067871093750
-0.009826660156
-0.162109375000
0.140625000000
0.037597656250
-0.111816406250
-0.159179687500
-0.097167968750
-0.051757812500
0.239257812500
-0.112304687500
0.039062500000
-0.201171875000
0.283203125000
0.016845703125
0.152343750000
-0.148437500000
0.078125000000
-0.024902343750
0.080566406250
-0.054931640625
-0.016601562500
0.052246093750
-0.227539062500
-0.008361816406
-0.057617187500
0.083007812500
0.199218750000
0.125000000000
0.229492187500
-0.077636718750
0.193359375000
-0.128906250000
0.151367187500
0.055175781250
-0.089355468750
0.096679687500
0.166992187500
-0.123535156250
0.250000000000
0.009826660156
0.026855468750
0.096191406250
-0.041503906250
-0.066894531250
-0.034423828125
-0.359375000000
-0.416015625000
0.058349609375
-0.104492187500
-0.051025390625
-0.250000000000
0.044189453125
-0.324218750000
-0.012084960938
0.016235351562
0.112792968750
0.000778198242
0.179687500000
-0.007232666016
-0.014526367188
0.055664062500
-0.126953125000
0.126953125000
0.072265625000
0.013000488281
0.066894531250
0.103515625000
-0.022338867188
-0.010864257812
0.124023437500
0.241210937500
-0.291015625000
-0.137695312500
0.259765625000
-0.279296875000
0.248046875000
0.009948730469
-0.045410156250
-0.050537109375
-0.251953125000
-0.013977050781
0.038085937500
-0.010498046875
-0.083496093750
-0.166015625000
0.114746093750
-0.206054687500
-0.098144531250
-0.314453125000
0.105957031250
-0.002532958984
-0.095214843750
0.261718750000
0.100097656250
0.046142578125
0.055908203125
0.040283203125
0.224609375000
0.022827148438
0.097167968750
-0.104980468750
-0.417968750000
-0.462890625000
-0.070800781250
0.119140625000
-0.027954101562
-0.116210937500
-0.166992187500
-0.178710937500
-0.373046875000
-0.253906250000
0.066406250000
0.078613281250
-0.100585937500
-0.221679687500
-0.123535156250
-0.312500000000
-0.033691406250
-0.006652832031
-0.015991210938
-0.047363281250
-0.190429687500
-0.080078125000
-0.178710937500
0.104492187500
0.053466796875
-0.093750000000
0.031494140625
0.022216796875
0.060058593750
-0.003860473633
0.079101562500
0.024536132812
-0.030395507812
0.129882812500
-0.097656250000
-0.115722656250
0.394531250000
-0.292968750000
0.235351562500
-0.126953125000
-0.027221679688
-0.099121093750
-0.114257812500
-0.047607421875
0.060302734375
-0.000236511230
-0.138671875000
-0.259765625000
-0.291015625000
0.084472656250
0.005035400391
0.012695312500
-0.120117187500
-0.137695312500
-0.071289062500
0.057373046875
0.131835937500
-0.230468750000
-0.063476562500
-0.110839843750
0.093261718750
-0.077148437500
-0.120605468750
-0.039062500000
0.333984375000
0.417968750000
0.074218750000
-0.038574218750
0.189453125000
-0.112304687500
-0.253906250000
0.179687500000
-0.119628906250
-0.246093750000
-0.010864257812
0.002319335938
-0.072265625000
-0.259765625000
0.063964843750
-0.233398437500
0.096191406250
-0.102050781250
-0.040771484375
0.025146484375
-0.027954101562
0.054931640625
-0.131835937500
0.098144531250
-0.121093750000
-0.015380859375
0.229492187500
-0.045654296875
0.063476562500
0.039550781250
0.096191406250
-0.184570312500
-0.019897460938
0.177734375000
-0.068359375000
-0.004455566406
0.114746093750
-0.224609375000
0.127929687500
0.037597656250
-0.131835937500
-0.230468750000
-0.159179687500
0.091796875000
0.058593750000
0.067382812500
0.047363281250
0.077636718750
0.142578125000
-0.055419921875
-0.004364013672
0.005462646484
0.011352539062
0.079589843750
0.041992187500
-0.168945312500
0.068847656250
-0.219726562500
-0.095703125000
0.125000000000
0.069335937500
0.014282226562
0.138671875000
-0.075683593750
0.142578125000
-0.108886718750
0.015869140625
0.114746093750
0.051513671875
-0.251953125000
0.009704589844
0.083984375000
-0.081054687500
-0.209960937500
0.010681152344
-0.054931640625
-0.332031250000
-0.121582031250
0.065917968750
-0.083496093750
0.020263671875
0.017211914062
-0.042236328125
0.105468750000
-0.140625000000
0.097167968750
-0.291015625000
0.060058593750
0.257812500000
-0.158203125000
0.017333984375
0.108886718750
0.157226562500
0.050781250000
0.108398437500
-0.138671875000
-0.020507812500
0.137695312500
-0.072265625000
-0.077148437500
-0.040039062500
-0.227539062500
0.126953125000
-0.026977539062
-0.057373046875
-0.207031250000
-0.096679687500
0.152343750000
0.044189453125
0.164062500000
0.109375000000
-0.200195312500
-0.310546875000
0.220703125000
0.005035400391
0.207031250000
0.070800781250
-0.070312500000
-0.069824218750
0.142578125000
0.087402343750
0.131835937500
-0.009399414062
-0.320312500000
0.093261718750
0.010620117188
0.178710937500
-0.022460937500
0.203125000000
0.419921875000
-0.141601562500
-0.040283203125
0.137695312500
-0.203125000000
-0.017578125000
0.105468750000
-0.041748046875
-0.232421875000
0.045166015625
-0.219726562500
-0.277343750000
0.046386718750
-0.050292968750
-0.228515625000
0.100097656250
0.117187500000
-0.047607421875
0.143554687500
-0.020751953125
0.027221679688
-0.369140625000
-0.320312500000
0.021362304688
0.104003906250
-0.045410156250
-0.237304687500
0.138671875000
0.036376953125
0.055419921875
-0.039306640625
0.147460937500
0.292968750000
-0.151367187500
-0.121582031250
-0.195312500000
-0.324218750000
0.116210937500
-0.036132812500
-0.123535156250
-0.221679687500
0.065429687500
0.056152343750
-0.106445312500
0.145507812500
0.158203125000
-0.127929687500
0.107910156250
-0.063964843750
-0.029296875000
-0.125976562500
0.355468750000
0.033935546875
-0.006072998047
-0.072265625000
0.030883789062
0.127929687500
0.048095703125
-0.255859375000
0.031250000000
-0.051513671875
0.022949218750
-0.035644531250
0.318359375000
-0.203125000000
-0.017089843750
0.345703125000
0.016601562500
-0.396484375000
-0.150390625000
0.110351562500
-0.116699218750
-0.131835937500
0.063476562500
-0.048339843750
-0.179687500000
0.093261718750
0.025268554688
-0.117675781250
-0.038085937500
-0.020629882812
0.123046875000
-0.051757812500
0.105468750000
-0.078125000000
-0.129882812500
-0.035400390625
0.052734375000
-0.066894531250
-0.034423828125
-0.410156250000
0.212890625000
0.224609375000
0.049072265625
-0.015747070312
0.057128906250
0.072753906250
-0.047119140625
-0.205078125000
-0.451171875000
-0.226562500000
-0.013061523438
-0.024902343750
-0.132812500000
-0.230468750000
-0.085449218750
0.021118164062
-0.073730468750
-0.006744384766
-0.027343750000
-0.212890625000
-0.220703125000
0.032470703125
-0.205078125000
0.196289062500
0.106933593750
-0.148437500000
-0.062011718750
-0.024169921875
0.010925292969
-0.019775390625
-0.058105468750
-0.048583984375
0.028930664062
0.065429687500
0.054687500000
-0.000617980957
0.198242187500
0.460937500000
-0.145507812500
0.029052734375
0.033691406250
-0.320312500000
-0.106933593750
0.010131835938
-0.115234375000
-0.296875000000
-0.056396484375
0.150390625000
-0.231445312500
-0.091308593750
0.034423828125
0.098632812500
-0.093261718750
0.015441894531
0.078613281250
-0.147460937500
0.073730468750
0.044921875000
0.238281250000
0.016235351562
-0.089355468750
0.050292968750
-0.122070312500
0.034423828125
-0.033935546875
-0.003662109375
0.113281250000
0.193359375000
0.115722656250
0.124511718750
-0.214843750000
-0.132812500000
-0.213867187500
-0.247070312500
0.164062500000
0.073242187500
-0.083984375000
-0.361328125000
-0.181640625000
0.040527343750
-0.182617187500
-0.032470703125
0.034667968750
0.005767822266
0.142578125000
-0.030517578125
-0.007659912109
0.036865234375
0.186523437500
-0.152343750000
0.017333984375
-0.162109375000
0.010864257812
-0.021972656250
-0.023315429688
-0.093750000000
-0.230468750000
0.045410156250
-0.043212890625
0.125976562500
-0.507812500000
-0.228515625000
0.081054687500
-0.125000000000
0.183593750000
-0.061767578125
-0.201171875000
0.369140625000
0.285156250000
0.289062500000
0.236328125000
-0.140625000000
0.080566406250
0.004150390625
-0.294921875000
0.239257812500
0.261718750000
-0.090332031250
0.014892578125
0.055664062500
0.006072998047
-0.085449218750
0.156250000000
-0.028320312500
0.027832031250
-0.182617187500
0.096679687500
-0.002807617188
0.102539062500
0.081054687500
0.131835937500
0.060791015625
-0.030395507812
-0.094238281250
-0.243164062500
-0.073730468750
-0.005065917969
-0.006408691406
0.013061523438
-0.039062500000
-0.216796875000
0.005401611328
-0.167968750000
-0.205078125000
0.137695312500
-0.269531250000
0.180664062500
0.118652343750
0.094726562500
-0.214843750000
0.041015625000
0.133789062500
-0.310546875000
-0.051025390625
0.108886718750
-0.068847656250
-0.337890625000
0.249023437500
0.039062500000
-0.019409179688
0.086914062500
-0.068359375000
0.063476562500
-0.086914062500
0.021118164062
0.380859375000
0.277343750000
-0.028564453125
0.095703125000
0.061279296875
-0.267578125000
0.036376953125
-0.098632812500
-0.003448486328
0.017089843750
-0.152343750000
-0.009033203125
-0.123046875000
-0.310546875000
-0.158203125000
-0.185546875000
0.190429687500
-0.083007812500
0.016845703125
0.114746093750
-0.018188476562
0.165039062500
0.052734375000
0.151367187500
-0.160156250000
-0.165039062500
-0.095214843750
0.040039062500
0.075683593750
-0.449218750000
0.055908203125
-0.016845703125
0.042236328125
-0.243164062500
-0.140625000000
-0.118164062500
0.004577636719
0.119140625000
-0.144531250000
0.053466796875
0.031005859375
0.132812500000
-0.135742187500
0.211914062500
0.133789062500
0.151367187500
0.042724609375
0.039794921875
-0.050048828125
-0.096191406250
0.036865234375
-0.318359375000
-0.066406250000
0.057617187500
-0.061279296875
0.028320312500
-0.100097656250
0.093261718750
0.043457031250
0.026855468750
-0.108886718750
0.023071289062
0.031982421875
-0.161132812500
0.219726562500
-0.180664062500
0.051025390625
0.124023437500
0.015869140625
0.042968750000
-0.100585937500
0.112304687500
0.105957031250
0.116699218750
0.052246093750
0.104492187500
0.021850585938
-0.310546875000
0.022949218750
0.105468750000
-0.067871093750
-0.027709960938
0.003829956055
0.128906250000
-0.099609375000
0.066894531250
-0.102539062500
-0.084960937500
0.054199218750
0.052978515625
0.050292968750
0.175781250000
0.104492187500
-0.632812500000
0.015075683594
0.230468750000
-0.081542968750
-0.269531250000
0.009887695312
-0.063476562500
-0.016845703125
0.009155273438
-0.200195312500
-0.033691406250
-0.050292968750
-0.109375000000
-0.060302734375
0.172851562500
-0.102539062500
0.189453125000
0.064453125000
-0.101562500000
-0.277343750000
-0.033203125000
-0.086425781250
-0.292968750000
-0.122070312500
0.094726562500
0.060791015625
-0.304687500000
0.200195312500
-0.034423828125
0.123535156250
0.222656250000
-0.017578125000
-0.046630859375
-0.000961303711
-0.080078125000
0.341796875000
0.194335937500
0.090332031250
0.104003906250
-0.003753662109
-0.048828125000
0.073730468750
0.065917968750
0.088378906250
0.093261718750
0.014282226562
-0.318359375000
-0.181640625000
-0.343750000000
0.036376953125
-0.128906250000
0.087890625000
0.079101562500
-0.062255859375
0.012756347656
0.051025390625
0.562500000000
0.041992187500
-0.067382812500
-0.092285156250
0.045166015625
0.115234375000
0.092285156250
0.138671875000
-0.625000000000
0.018432617188
-0.011657714844
0.049072265625
-0.092773437500
-0.054687500000
0.062011718750
-0.102539062500
-0.039550781250
0.016601562500
0.129882812500
-0.173828125000
0.032714843750
-0.222656250000
0.032958984375
-0.219726562500
0.224609375000
0.125000000000
0.101562500000
0.063964843750
-0.036865234375
0.042968750000
-0.076171875000
-0.090820312500
0.196289062500
-0.069824218750
0.098144531250
-0.086425781250
0.069824218750
-0.123046875000
-0.042480468750
-0.152343750000
-0.115722656250
-0.002990722656
-0.091308593750
0.257812500000
-0.143554687500
0.002319335938
0.007507324219
-0.259765625000
0.183593750000
-0.068847656250
0.057128906250
0.036132812500
0.085937500000
0.015747070312
-0.209960937500
-0.294921875000
-0.244140625000
-0.021484375000
0.269531250000
-0.058349609375
-0.096679687500
0.047607421875
0.092773437500
-0.171875000000
0.292968750000
0.039306640625
-0.022216796875
-0.012878417969
-0.163085937500
0.070800781250
0.034667968750
0.023193359375
-0.832031250000
0.034667968750
0.138671875000
0.099609375000
-0.030273437500
-0.150390625000
-0.118652343750
-0.046630859375
0.046630859375
-0.137695312500
-0.100585937500
-0.036132812500
0.047119140625
0.001251220703
0.009216308594
0.040527343750
0.164062500000
0.005523681641
-0.028686523438
0.041015625000
0.023681640625
-0.416015625000
-0.026977539062
-0.049072265625
0.127929687500
-0.320312500000
-0.271484375000
0.215820312500
0.032470703125
0.349609375000
0.114746093750
-0.119628906250
0.067382812500
-0.168945312500
-0.124511718750
0.363281250000
0.006500244141
-0.051025390625
0.099121093750
-0.202148437500
-0.128906250000
-0.061523437500
0.125976562500
-0.115234375000
0.025512695312
-0.171875000000
-0.044677734375
-0.380859375000
-0.316406250000
0.118652343750
-0.310546875000
0.126953125000
0.026245117188
0.038085937500
0.166015625000
-0.304687500000
0.210937500000
0.070312500000
-0.052490234375
-0.302734375000
-0.103027343750
0.020629882812
0.119140625000
-0.044189453125
-0.515625000000
0.019897460938
0.120605468750
-0.102539062500
0.017089843750
0.044433593750
0.013183593750
-0.045898437500
-0.085449218750
-0.285156250000
-0.043701171875
-0.050537109375
-0.112792968750
-0.103027343750
-0.072753906250
-0.103515625000
0.064453125000
0.099121093750
-0.078613281250
-0.072753906250
-0.102050781250
-0.024536132812
0.101074218750
0.075683593750
-0.151367187500
-0.023681640625
-0.060058593750
-0.237304687500
0.117675781250
0.043457031250
-0.100097656250
-0.271484375000
0.109863281250
-0.182617187500
-0.247070312500
0.181640625000
0.187500000000
0.227539062500
0.141601562500
-0.392578125000
-0.030273437500
-0.019897460938
0.125976562500
0.187500000000
0.140625000000
-0.086425781250
-0.055175781250
0.068847656250
-0.302734375000
0.172851562500
0.101074218750
-0.070312500000
-0.072265625000
-0.143554687500
0.101562500000
0.051513671875
-0.073242187500
0.062988281250
-0.087402343750
0.077636718750
-0.425781250000
-0.076660156250
0.209960937500
-0.046875000000
-0.144531250000
0.001434326172
0.089355468750
0.033447265625
-0.087402343750
-0.091796875000
0.120605468750
0.134765625000
-0.105468750000
-0.259765625000
-0.057128906250
0.002197265625
0.100585937500
-0.135742187500
0.024902343750
-0.081054687500
0.208984375000
-0.025756835938
-0.058349609375
-0.113281250000
-0.088378906250
0.016967773438
0.220703125000
-0.002822875977
-0.156250000000
-0.147460937500
-0.133789062500
0.308593750000
0.104492187500
0.052734375000
-0.206054687500
0.031005859375
-0.019897460938
-0.140625000000
-0.156250000000
0.269531250000
-0.445312500000
0.148437500000
-0.222656250000
-0.412109375000
-0.091308593750
-0.191406250000
-0.259765625000
0.117675781250
-0.105468750000
-0.056884765625
0.009643554688
-0.125976562500
-0.466796875000
-0.176757812500
0.083496093750
-0.030273437500
-0.110839843750
-0.142578125000
0.021972656250
-0.086914062500
0.172851562500
-0.004577636719
0.079101562500
-0.349609375000
-0.296875000000
-0.031738281250
-0.265625000000
0.073730468750
-0.054199218750
0.102539062500
0.178710937500
0.072265625000
-0.365234375000
-0.208007812500
-0.047851562500
0.049804687500
-0.511718750000
-0.041992187500
-0.167968750000
-0.073730468750
0.059082031250
0.016113281250
-0.199218750000
0.094238281250
-0.182617187500
0.060302734375
-0.062988281250
-0.022460937500
0.124511718750
0.180664062500
0.045898437500
-0.074707031250
-0.281250000000
0.016357421875
0.049804687500
-0.221679687500
0.062011718750
-0.041503906250
-0.149414062500
0.044677734375
0.135742187500
0.025146484375
0.065429687500
-0.012756347656
-0.072753906250
0.043212890625
-0.073242187500
0.034912109375
-0.130859375000
0.055664062500
0.051757812500
0.181640625000
-0.046875000000
-0.010375976562
0.010192871094
-0.077636718750
-0.476562500000
-0.119628906250
0.083496093750
0.090332031250
0.048339843750
0.084960937500
-0.005493164062
0.004119873047
0.112792968750
0.038330078125
0.084960937500
-0.298828125000
-0.069335937500
0.062988281250
-0.153320312500
0.085937500000
-0.145507812500
-0.023071289062
0.134765625000
-0.097167968750
0.003158569336
-0.108886718750
-0.106445312500
0.094238281250
-0.667968750000
0.131835937500
-0.038330078125
0.026977539062
0.035156250000
-0.000073909760
-0.250000000000
0.038818359375
0.011535644531
0.102539062500
0.223632812500
-0.138671875000
0.081542968750
0.142578125000
-0.080078125000
-0.060791015625
-0.086914062500
0.094238281250
-0.375000000000
0.078613281250
0.211914062500
0.037109375000
-0.046386718750
0.057861328125
0.111328125000
0.214843750000
-0.116699218750
-0.046875000000
-0.330078125000
0.074707031250
-0.032470703125
-0.028076171875
0.005828857422
0.001060485840
0.022338867188
0.082519531250
-0.089355468750
-0.042968750000
-0.009521484375
-0.142578125000
-0.283203125000
-0.185546875000
0.122070312500
0.166992187500
0.038818359375
0.145507812500
-0.089355468750
-0.004028320312
0.089843750000
-0.023437500000
0.166992187500
-0.137695312500
-0.152343750000
0.061035156250
-0.105468750000
0.043212890625
-0.206054687500
0.047119140625
-0.008728027344
-0.196289062500
-0.000637054443
-0.072265625000
-0.102050781250
0.154296875000
-0.554687500000
0.159179687500
-0.127929687500
-0.053222656250
0.108886718750
0.034667968750
-0.141601562500
-0.041748046875
0.063964843750
-0.097167968750
0.037109375000
0.075195312500
0.052246093750
0.222656250000
-0.147460937500
-0.050292968750
-0.046875000000
-0.208984375000
0.006469726562
0.018676757812
0.015380859375
-0.044433593750
-0.234375000000
0.064941406250
0.004028320312
-0.095703125000
-0.002136230469
-0.021728515625
-0.363281250000
0.115234375000
-0.118652343750
0.076660156250
-0.142578125000
0.220703125000
-0.183593750000
0.076171875000
-0.078125000000
-0.150390625000
-0.012329101562
-0.135742187500
-0.691406250000
0.034667968750
-0.073730468750
0.133789062500
-0.083007812500
0.084472656250
-0.032470703125
0.073730468750
0.120605468750
-0.003997802734
0.037597656250
-0.361328125000
-0.154296875000
-0.031738281250
-0.163085937500
0.158203125000
-0.194335937500
-0.064453125000
0.244140625000
0.082031250000
-0.165039062500
0.014953613281
-0.017333984375
0.144531250000
-1.039062500000
-0.103515625000
-0.013122558594
0.003540039062
-0.036621093750
-0.045166015625
-0.009460449219
0.095214843750
0.013183593750
0.076660156250
0.138671875000
0.039306640625
-0.013000488281
0.224609375000
0.176757812500
-0.097167968750
-0.133789062500
0.162109375000
-0.082031250000
-0.091796875000
-0.032470703125
-0.072265625000
-0.078125000000
0.261718750000
0.134765625000
0.111328125000
0.117187500000
-0.109375000000
-0.150390625000
-0.113281250000
-0.121093750000
0.119628906250
-0.109375000000
-0.108398437500
-0.001480102539
0.114746093750
-0.031494140625
0.153320312500
-0.028198242188
-0.071289062500
-0.507812500000
0.137695312500
0.042724609375
0.008483886719
0.052001953125
-0.468750000000
-0.162109375000
-0.171875000000
0.098144531250
0.034179687500
0.103027343750
0.031005859375
-0.202148437500
-0.609375000000
-0.326171875000
0.275390625000
-0.251953125000
-0.179687500000
0.077636718750
-0.016845703125
-0.154296875000
-0.104003906250
-0.058349609375
0.160156250000
-0.734375000000
-0.092285156250
-0.104492187500
-0.079589843750
0.082031250000
0.423828125000
0.147460937500
-0.404296875000
-0.048095703125
0.172851562500
-0.041015625000
0.123046875000
-0.070800781250
0.017700195312
0.179687500000
-0.145507812500
-0.082519531250
0.031494140625
-0.179687500000
-0.022949218750
-0.010070800781
0.251953125000
-0.194335937500
0.078613281250
0.100585937500
-0.032226562500
-0.109863281250
-0.119628906250
0.049560546875
-0.227539062500
-0.107421875000
0.112792968750
-0.132812500000
-0.208984375000
-0.024414062500
0.167968750000
-0.021362304688
0.049316406250
-0.034179687500
-0.110351562500
-0.392578125000
-0.003143310547
-0.164062500000
0.113769531250
0.002517700195
-0.361328125000
-0.125000000000
-0.090820312500
0.142578125000
0.091308593750
0.056884765625
-0.174804687500
-0.091308593750
-0.185546875000
-0.253906250000
0.176757812500
-0.095214843750
-0.159179687500
0.056152343750
-0.318359375000
0.149414062500
-0.115234375000
-0.052734375000
0.095703125000
-0.486328125000
0.199218750000
0.037353515625
-0.017456054688
-0.079101562500
0.053710937500
0.209960937500
-0.195312500000
-0.032470703125
-0.092285156250
-0.059814453125
0.192382812500
0.041503906250
0.141601562500
0.179687500000
-0.179687500000
-0.091308593750
-0.049560546875
-0.010131835938
0.080566406250
-0.090332031250
-0.053710937500
-0.093750000000
-0.026367187500
0.029541015625
0.105468750000
-0.075195312500
-0.044189453125
-0.089355468750
0.003036499023
-0.097656250000
0.158203125000
-0.110839843750
0.019287109375
-0.231445312500
0.081054687500
0.030395507812
-0.047119140625
-0.068359375000
-0.019531250000
-0.253906250000
-0.135742187500
0.002639770508
-0.074218750000
-0.011352539062
0.036132812500
-0.187500000000
-0.119140625000
0.008117675781
-0.028808593750
0.136718750000
-0.328125000000
-0.015991210938
-0.006561279297
-0.322265625000
0.082031250000
0.041992187500
0.114746093750
0.116699218750
-0.292968750000
-0.077148437500
-0.013854980469
0.063476562500
0.172851562500
0.016723632812
0.279296875000
-0.207031250000
0.046875000000
-0.000095367432
-0.025634765625
0.235351562500
0.110839843750
-0.157226562500
0.012939453125
-0.148437500000
0.074218750000
-0.065917968750
0.068359375000
0.249023437500
-0.235351562500
-0.231445312500
0.142578125000
-0.043945312500
-0.119140625000
0.126953125000
-0.115722656250
0.048095703125
0.096191406250
0.029174804688
0.098632812500
-0.243164062500
-0.099121093750
-0.098144531250
-0.038330078125
0.117675781250
-0.060058593750
-0.121582031250
0.194335937500
0.127929687500
-0.073730468750
-0.181640625000
0.094726562500
-0.039062500000
0.123046875000
0.106933593750
0.182617187500
-0.248046875000
-0.045898437500
-0.078613281250
0.013061523438
-0.112792968750
-0.030761718750
-0.141601562500
-0.169921875000
-0.043212890625
-0.154296875000
-0.208984375000
0.049072265625
-0.048339843750
-0.152343750000
0.022338867188
-0.153320312500
-0.049072265625
-0.102050781250
-0.072753906250
-0.093261718750
0.076171875000
-0.066406250000
0.008117675781
0.046142578125
-0.251953125000
0.112304687500
-0.189453125000
-0.123535156250
0.216796875000
-0.231445312500
0.063964843750
-0.279296875000
-0.090820312500
0.043457031250
0.035644531250
0.024414062500
0.097167968750
-0.067871093750
0.238281250000
-0.091308593750
-0.039550781250
0.068359375000
-0.000316619873
0.198242187500
0.023559570312
-0.062011718750
-0.013793945312
-0.398437500000
-0.088378906250
0.008666992188
-0.167968750000
-0.138671875000
-0.195312500000
-0.010620117188
-0.410156250000
-0.277343750000
-0.083984375000
0.030151367188
-0.082031250000
-0.053222656250
0.230468750000
-0.034179687500
0.001838684082
0.137695312500
-0.047851562500
-0.012939453125
-0.141601562500
-0.001884460449
-0.005340576172
-0.045410156250
0.054931640625
-0.125000000000
-0.081054687500
-0.201171875000
-0.143554687500
-0.001884460449
-0.007812500000
-0.058349609375
-0.083007812500
0.161132812500
-0.006744384766
-0.177734375000
0.199218750000
-0.072753906250
0.132812500000
-0.031250000000
-0.033935546875
0.018188476562
-0.092773437500
0.117675781250
-0.050292968750
-0.150390625000
0.051025390625
-0.129882812500
0.022094726562
-0.218750000000
0.015991210938
-0.123046875000
0.184570312500
0.000368118286
0.058105468750
0.002929687500
0.096679687500
-0.121093750000
0.124023437500
0.061523437500
-0.037841796875
0.037841796875
-0.129882812500
0.020141601562
0.051757812500
-0.045166015625
0.091796875000
0.092285156250
0.020996093750
0.058593750000
0.026000976562
0.181640625000
-0.644531250000
-0.333984375000
0.057617187500
-0.036132812500
-0.087890625000
-0.125976562500
0.186523437500
0.059326171875
0.022338867188
0.026611328125
-0.004943847656
-0.097656250000
-0.036865234375
-0.072753906250
-0.012023925781
0.002853393555
-0.120605468750
-0.062500000000
0.106445312500
-0.021606445312
-0.121093750000
-0.032226562500
-0.208984375000
-0.080566406250
-0.074218750000
-0.021850585938
-0.058837890625
-0.024414062500
0.380859375000
0.019775390625
0.112304687500
-0.059814453125
0.110351562500
0.111816406250
-0.057617187500
0.082519531250
-0.173828125000
-0.121582031250
0.083007812500
0.049316406250
0.126953125000
0.014160156250
-0.116699218750
-0.096191406250
0.145507812500
0.071777343750
0.107910156250
-0.057617187500
0.009948730469
-0.076171875000
0.108398437500
-0.036865234375
-0.041748046875
0.140625000000
-0.137695312500
-0.215820312500
-0.073730468750
-0.026977539062
-0.046142578125
0.086914062500
0.015747070312
-0.096191406250
0.113769531250
-0.125976562500
-0.542968750000
-0.208984375000
0.033203125000
-0.116699218750
0.007507324219
0.064941406250
0.050537109375
-0.017089843750
0.163085937500
0.100097656250
-0.054199218750
-0.069824218750
0.049560546875
0.107910156250
0.015563964844
-0.067382812500
-0.012817382812
-0.078125000000
-0.084472656250
-0.016235351562
-0.120117187500
0.100097656250
-0.125976562500
-0.071777343750
0.022827148438
-0.054931640625
-0.073242187500
-0.200195312500
0.176757812500
-0.026245117188
0.208007812500
-0.174804687500
0.023559570312
0.233398437500
0.016235351562
0.225585937500
-0.213867187500
-0.071289062500
0.214843750000
-0.097167968750
-0.074707031250
-0.055175781250
0.000881195068
-0.134765625000
0.160156250000
-0.047851562500
0.103515625000
0.022338867188
0.287109375000
-0.208007812500
0.081054687500
0.090820312500
-0.092285156250
0.082031250000
-0.083984375000
-0.112792968750
-0.168945312500
-0.208984375000
-0.118164062500
0.186523437500
-0.079101562500
-0.056884765625
0.244140625000
0.001434326172
-0.691406250000
-0.001800537109
0.175781250000
-0.153320312500
-0.259765625000
0.151367187500
-0.057861328125
-0.069335937500
0.125000000000
0.289062500000
0.059326171875
-0.030639648438
-0.091308593750
0.015014648438
0.044189453125
-0.001785278320
0.161132812500
0.019531250000
-0.115234375000
-0.289062500000
-0.105957031250
-0.001914978027
-0.096679687500
-0.273437500000
0.074218750000
-0.038330078125
-0.132812500000
-0.166015625000
-0.072753906250
-0.010314941406
0.157226562500
-0.151367187500
-0.062500000000
0.037597656250
-0.077636718750
0.139648437500
-0.131835937500
0.048583984375
0.161132812500
-0.234375000000
0.012878417969
-0.026611328125
-0.031005859375
-0.014648437500
-0.007720947266
0.213867187500
-0.138671875000
-0.010498046875
0.166992187500
-0.000303268433
0.033935546875
-0.101562500000
-0.083984375000
-0.617187500000
-0.055419921875
-0.125976562500
-0.068847656250
-0.215820312500
0.042968750000
0.039062500000
0.050048828125
0.015747070312
0.015014648438
-0.058105468750
-0.726562500000
-0.087402343750
-0.221679687500
-0.083984375000
-0.308593750000
0.166992187500
-0.097656250000
-0.464843750000
0.057861328125
0.115722656250
0.098632812500
0.037353515625
0.080566406250
0.009155273438
-0.106445312500
0.204101562500
-0.052246093750
-0.091796875000
-0.285156250000
-0.201171875000
-0.055908203125
0.002365112305
-0.176757812500
-0.486328125000
0.171875000000
-0.129882812500
-0.078125000000
-0.047607421875
-0.169921875000
-0.137695312500
0.125976562500
0.091796875000
0.035644531250
0.148437500000
-0.048095703125
0.128906250000
-0.149414062500
0.151367187500
0.010803222656
-0.257812500000
-0.091796875000
-0.124511718750
0.158203125000
-0.072265625000
0.007415771484
-0.015380859375
-0.093261718750
-0.054199218750
0.038574218750
-0.102050781250
-0.112792968750
0.024291992188
0.119628906250
-0.644531250000
0.147460937500
-0.259765625000
-0.102050781250
-0.128906250000
-0.160156250000
0.024780273438
0.034423828125
0.048095703125
0.049804687500
-0.020141601562
-0.531250000000
-0.125000000000
0.061035156250
-0.012145996094
-0.449218750000
-0.092285156250
-0.163085937500
0.087890625000
0.070312500000
0.139648437500
-0.248046875000
0.043212890625
-0.018188476562
0.020019531250
-0.142578125000
0.058593750000
-0.051025390625
0.052490234375
-0.306640625000
-0.112304687500
-0.022827148438
0.070312500000
0.047363281250
-0.265625000000
0.069824218750
-0.218750000000
-0.058105468750
-0.083496093750
0.039062500000
0.095214843750
0.353515625000
-0.044433593750
0.153320312500
0.116699218750
-0.185546875000
0.172851562500
-0.036376953125
-0.126953125000
0.075195312500
-0.298828125000
-0.018798828125
-0.075195312500
-0.157226562500
-0.085937500000
0.055664062500
-0.073242187500
-0.045166015625
-0.018554687500
0.167968750000
0.081054687500
-0.132812500000
-0.172851562500
-0.004180908203
0.027343750000
0.035644531250
-0.128906250000
-0.073730468750
-0.044921875000
0.124511718750
0.148437500000
0.019165039062
-0.013732910156
-0.152343750000
0.046142578125
-0.253906250000
-0.253906250000
-0.247070312500
-0.084472656250
-0.057861328125
-0.150390625000
-0.050537109375
-0.000823974609
-0.117675781250
0.003829956055
-0.226562500000
0.022827148438
0.016723632812
-0.025756835938
0.112304687500
0.111328125000
-0.005767822266
-0.130859375000
-0.078125000000
-0.125000000000
-0.151367187500
0.036621093750
-0.049804687500
-0.073730468750
-0.045166015625
0.039306640625
-0.179687500000
0.184570312500
0.064941406250
0.157226562500
-0.201171875000
0.086425781250
-0.049804687500
-0.078613281250
0.032470703125
0.163085937500
0.028076171875
0.008056640625
-0.055175781250
-0.052978515625
-0.054199218750
0.143554687500
0.150390625000
0.059570312500
-0.003097534180
-0.046386718750
-0.029296875000
0.106933593750
0.195312500000
-0.103515625000
0.027221679688
0.176757812500
-0.067871093750
-0.066406250000
-0.099121093750
-0.238281250000
-0.139648437500
0.187500000000
-0.294921875000
-0.199218750000
0.070312500000
0.008972167969
-0.082031250000
-0.151367187500
-0.008728027344
-0.067382812500
-0.138671875000
0.082031250000
-0.018554687500
-0.139648437500
-0.072753906250
0.078613281250
-0.388671875000
0.132812500000
0.144531250000
0.221679687500
0.037109375000
0.036865234375
0.253906250000
0.028930664062
-0.205078125000
-0.084472656250
0.011352539062
-0.172851562500
0.005004882812
0.044433593750
-0.200195312500
-0.246093750000
-0.061279296875
-0.005981445312
0.029296875000
0.232421875000
0.090332031250
0.045166015625
-0.339843750000
-0.021728515625
0.000625610352
-0.083984375000
-0.175781250000
0.106445312500
0.210937500000
0.192382812500
0.128906250000
0.020996093750
0.010192871094
0.038085937500
-0.062255859375
-0.208984375000
-0.063476562500
-0.010070800781
-0.367187500000
-0.058105468750
0.139648437500
-0.103515625000
-0.147460937500
-0.054443359375
-0.084960937500
0.202148437500
-0.009826660156
-0.376953125000
0.098632812500
-0.001800537109
0.097167968750
0.376953125000
0.034179687500
-0.082519531250
-0.032470703125
-0.201171875000
0.015441894531
0.130859375000
-0.227539062500
0.054443359375
0.002899169922
0.016113281250
-0.130859375000
-0.174804687500
-0.243164062500
0.012573242188
0.079589843750
0.153320312500
0.159179687500
-0.001251220703
0.119628906250
0.222656250000
-0.034179687500
-0.216796875000
0.079589843750
-0.149414062500
-0.109375000000
0.105468750000
0.060546875000
-0.116210937500
0.014892578125
-0.058349609375
0.050537109375
0.057373046875
0.064941406250
0.112792968750
-0.089843750000
-0.050292968750
-0.174804687500
0.052734375000
0.022094726562
0.025512695312
0.156250000000
-0.026611328125
0.035400390625
0.110351562500
0.116699218750
0.124511718750
0.052246093750
0.102050781250
-0.129882812500
0.139648437500
0.011352539062
0.016845703125
0.166015625000
-0.112304687500
-0.099609375000
-0.003646850586
-0.130859375000
0.055908203125
-0.253906250000
-0.285156250000
0.063964843750
0.199218750000
0.043457031250
-0.067871093750
-0.023071289062
-0.012756347656
0.008178710938
-0.394531250000
0.028320312500
-0.098144531250
-0.151367187500
0.018066406250
-0.018188476562
-0.294921875000
-0.077148437500
0.125976562500
-0.636718750000
0.146484375000
0.039794921875
0.033447265625
0.183593750000
0.209960937500
0.144531250000
0.181640625000
0.028930664062
-0.203125000000
0.075683593750
0.039550781250
-0.112792968750
-0.045898437500
-0.113281250000
0.004119873047
-0.021606445312
0.036621093750
-0.075195312500
0.022705078125
0.065917968750
-0.028564453125
0.148437500000
0.132812500000
-0.022705078125
0.101562500000
-0.020019531250
0.045166015625
-0.034667968750
0.150390625000
-0.059570312500
0.159179687500
0.158203125000
0.049072265625
-0.065917968750
-0.151367187500
0.095214843750
-0.018066406250
-0.068847656250
-0.162109375000
-0.038085937500
0.116210937500
-0.153320312500
-0.025756835938
-0.022705078125
0.144531250000
-0.055908203125
-0.312500000000
-0.041503906250
0.121093750000
0.023681640625
0.347656250000
-0.098144531250
-0.157226562500
0.143554687500
-0.130859375000
0.178710937500
0.007110595703
-0.204101562500
-0.028198242188
-0.090820312500
0.234375000000
-0.120605468750
-0.154296875000
-0.554687500000
0.205078125000
0.173828125000
-0.044921875000
0.048583984375
0.052001953125
0.078125000000
-0.030761718750
-0.102050781250
-0.157226562500
0.043701171875
0.032470703125
-0.065917968750
-0.047363281250
-0.143554687500
0.166015625000
0.052490234375
0.082519531250
-0.100097656250
0.051513671875
0.048828125000
0.028808593750
0.148437500000
-0.041748046875
-0.091796875000
-0.189453125000
-0.043212890625
0.173828125000
0.094238281250
0.320312500000
-0.052246093750
0.182617187500
0.115234375000
0.112304687500
0.205078125000
-0.019653320312
-0.082519531250
-0.084960937500
0.010681152344
0.053222656250
0.038574218750
0.085937500000
-0.239257812500
-0.140625000000
-0.104492187500
-0.041748046875
-0.144531250000
-0.652343750000
0.093261718750
0.107421875000
0.178710937500
-0.168945312500
0.010620117188
0.109375000000
0.031982421875
-0.345703125000
-0.020507812500
-0.017211914062
-0.145507812500
0.118164062500
0.107910156250
0.255859375000
-0.085937500000
0.080078125000
-0.416015625000
-0.002426147461
0.250000000000
-0.001869201660
-0.184570312500
0.324218750000
-0.073730468750
0.107910156250
-0.036621093750
-0.205078125000
0.071777343750
0.013122558594
-0.172851562500
0.017700195312
0.077148437500
0.016113281250
0.110839843750
0.052978515625
0.171875000000
0.055419921875
0.059814453125
0.055175781250
0.206054687500
-0.024047851562
-0.073242187500
-0.136718750000
-0.186523437500
-0.162109375000
-0.192382812500
0.216796875000
-0.056640625000
-0.169921875000
0.111328125000
0.124023437500
0.122070312500
-0.240234375000
0.031127929688
-0.092285156250
0.128906250000
-0.238281250000
0.048583984375
0.107910156250
-0.304687500000
-0.086914062500
-0.149414062500
-0.024658203125
-0.122070312500
-0.472656250000
-0.029418945312
0.140625000000
0.151367187500
0.330078125000
0.153320312500
-0.098144531250
-0.071777343750
-0.195312500000
0.192382812500
-0.035400390625
-0.027954101562
0.085937500000
-0.239257812500
-0.050537109375
-0.092773437500
-0.019897460938
-0.023437500000
0.058105468750
-0.140625000000
0.128906250000
-0.071777343750
0.130859375000
0.168945312500
-0.203125000000
-0.050781250000
0.051513671875
0.106933593750
-0.049316406250
-0.291015625000
0.003189086914
0.031005859375
0.045898437500
0.012207031250
0.072265625000
-0.146484375000
-0.010009765625
0.061035156250
0.040039062500
0.156250000000
-0.185546875000
-0.127929687500
-0.052978515625
-0.061523437500
0.388671875000
0.162109375000
0.204101562500
0.093750000000
0.107910156250
-0.103515625000
0.176757812500
0.255859375000
0.075683593750
0.077636718750
-0.112792968750
0.171875000000
-0.115234375000
0.050781250000
-0.091796875000
-0.026489257812
0.148437500000
-0.001373291016
0.123046875000
-0.031494140625
-0.369140625000
0.031982421875
-0.096679687500
-0.324218750000
-0.275390625000
0.082519531250
-0.072753906250
-0.031738281250
-0.191406250000
0.166992187500
0.239257812500
0.066406250000
0.009704589844
0.015747070312
0.121582031250
0.033447265625
0.056152343750
0.015991210938
0.013671875000
0.092773437500
0.098144531250
0.118652343750
-0.085937500000
-0.007507324219
0.098632812500
-0.234375000000
-0.182617187500
0.178710937500
0.092285156250
0.023193359375
-0.006134033203
-0.086914062500
-0.098632812500
0.070312500000
0.132812500000
0.039062500000
0.012695312500
-0.194335937500
0.103027343750
-0.099609375000
0.064453125000
0.032958984375
0.146484375000
-0.269531250000
-0.042968750000
-0.143554687500
-0.123535156250
-0.021606445312
-0.055664062500
0.173828125000
-0.060791015625
0.052978515625
-0.031250000000
-0.060791015625
-0.082519531250
0.070800781250
-0.005249023438
-0.149414062500
-0.183593750000
0.080566406250
-0.120117187500
0.028930664062
0.091308593750
-0.101074218750
0.107910156250
0.049804687500
-0.162109375000
0.020629882812
0.231445312500
-0.091308593750
0.050048828125
0.056152343750
-0.060791015625
0.073730468750
0.078613281250
-0.240234375000
0.027465820312
0.143554687500
0.048095703125
0.106445312500
-0.058349609375
-0.014465332031
0.079101562500
-0.138671875000
0.007873535156
0.041015625000
-0.119140625000
-0.161132812500
0.043701171875
-0.416015625000
0.081054687500
-0.063964843750
-0.023193359375
0.081054687500
0.000102043152
0.113769531250
-0.148437500000
0.117187500000
0.030151367188
-0.004455566406
-0.240234375000
0.058837890625
-0.085937500000
0.213867187500
0.056396484375
-0.396484375000
-0.012023925781
-0.285156250000
0.128906250000
-0.253906250000
-0.139648437500
0.179687500000
-0.219726562500
0.192382812500
-0.006195068359
0.034667968750
-0.022460937500
-0.016967773438
0.080078125000
-0.021606445312
-0.061523437500
-0.202148437500
-0.022949218750
-0.013916015625
0.019531250000
0.107910156250
0.206054687500
-0.234375000000
-0.045166015625
-0.002914428711
0.144531250000
0.083496093750
0.189453125000
0.075683593750
0.068359375000
0.093261718750
-0.220703125000
-0.013549804688
0.113769531250
0.022949218750
-0.004547119141
0.001502990723
0.067382812500
-0.082031250000
-0.087890625000
-0.104980468750
0.049072265625
0.103515625000
-0.099609375000
0.014160156250
-0.198242187500
0.195312500000
-0.102050781250
-0.089355468750
-0.168945312500
0.005981445312
0.052490234375
0.132812500000
-0.011657714844
-0.041259765625
-0.099609375000
0.139648437500
0.109863281250
-0.119628906250
-0.028686523438
0.125976562500
0.065429687500
0.068359375000
0.123046875000
-0.402343750000
0.005310058594
-0.079101562500
0.001113891602
-0.406250000000
-0.192382812500
0.088867187500
-0.181640625000
0.114746093750
-0.132812500000
-0.056884765625
-0.060791015625
-0.123046875000
-0.015625000000
-0.025634765625
0.049316406250
-0.105957031250
-0.086914062500
-0.093261718750
0.055664062500
0.063476562500
-0.004638671875
-0.117187500000
-0.009948730469
-0.031738281250
0.113769531250
0.025878906250
0.053955078125
-0.042724609375
0.081054687500
0.139648437500
-0.202148437500
0.072753906250
0.045166015625
-0.098144531250
0.106933593750
0.134765625000
0.105957031250
-0.152343750000
0.055908203125
-0.021850585938
0.074707031250
-0.096679687500
-0.036865234375
-0.113769531250
-0.259765625000
0.236328125000
0.097656250000
-0.443359375000
0.002182006836
0.026000976562
0.098632812500
0.052490234375
0.073730468750
0.077636718750
-0.096191406250
0.033203125000
0.019287109375
0.024047851562
-0.143554687500
0.139648437500
0.145507812500
0.055419921875
0.146484375000
-0.542968750000
-0.125976562500
-0.251953125000
0.131835937500
-0.191406250000
-0.041503906250
0.008300781250
-0.174804687500
0.199218750000
-0.210937500000
0.062500000000
-0.064941406250
-0.014526367188
0.041259765625
0.098144531250
-0.007995605469
-0.316406250000
-0.160156250000
0.023437500000
0.030639648438
-0.038574218750
0.027221679688
-0.104980468750
0.000183105469
-0.058349609375
0.010742187500
-0.050048828125
0.029785156250
-0.118164062500
-0.028320312500
0.162109375000
-0.255859375000
0.084960937500
0.070800781250
-0.184570312500
0.113769531250
-0.049560546875
0.062255859375
-0.031250000000
-0.055908203125
-0.031494140625
-0.107910156250
0.061035156250
-0.016235351562
0.085449218750
0.050292968750
0.082031250000
-0.095703125000
-0.464843750000
0.132812500000
0.116699218750
-0.187500000000
-0.027832031250
0.174804687500
-0.064941406250
-0.088867187500
0.128906250000
0.060791015625
-0.034423828125
-0.026977539062
-0.114257812500
0.182617187500
-0.071289062500
0.106933593750
-0.722656250000
-0.132812500000
-0.236328125000
-0.023193359375
-0.226562500000
-0.375000000000
-0.102539062500
-0.574218750000
0.281250000000
-0.093261718750
0.092285156250
-0.220703125000
-0.034179687500
-0.213867187500
0.177734375000
-0.001670837402
-0.326171875000
-0.076660156250
0.062988281250
0.001213073730
-0.084960937500
-0.188476562500
0.191406250000
0.166992187500
-0.182617187500
0.061035156250
-0.045410156250
0.034912109375
-0.006896972656
-0.076171875000
0.178710937500
0.021362304688
-0.054687500000
0.159179687500
-0.160156250000
-0.115234375000
-0.067382812500
-0.096679687500
-0.033447265625
0.053710937500
-0.027099609375
0.125000000000
-0.000194549561
0.013671875000
0.024291992188
0.047119140625
-0.043701171875
-0.208007812500
-0.139648437500
-0.143554687500
0.188476562500
-0.131835937500
0.148437500000
-0.049560546875
-0.022460937500
-0.248046875000
0.078613281250
0.182617187500
0.120605468750
-0.212890625000
0.090332031250
0.156250000000
-0.034423828125
0.099609375000
-0.593750000000
-0.122558593750
-0.141601562500
0.037353515625
0.125976562500
-0.033447265625
-0.191406250000
-0.511718750000
0.026123046875
-0.163085937500
-0.065917968750
0.020385742188
-0.050292968750
0.014038085938
0.098632812500
0.081542968750
-0.187500000000
-0.041259765625
0.176757812500
0.006317138672
-0.012145996094
0.017333984375
0.365234375000
0.174804687500
-0.053466796875
0.172851562500
-0.148437500000
0.043212890625
-0.113281250000
-0.058349609375
0.070312500000
-0.056396484375
-0.005706787109
0.139648437500
-0.085937500000
0.057861328125
0.135742187500
-0.030273437500
0.151367187500
-0.020874023438
-0.043945312500
0.075195312500
-0.036865234375
0.032226562500
-0.185546875000
-0.181640625000
-0.042724609375
0.016479492188
-0.155273437500
-0.145507812500
0.133789062500
-0.011657714844
0.151367187500
-0.000934600830
-0.118652343750
-0.343750000000
0.138671875000
0.143554687500
-0.045654296875
-0.007568359375
0.053710937500
0.028442382812
0.102539062500
0.230468750000
-0.136718750000
-0.051513671875
-0.384765625000
-0.024047851562
-0.174804687500
-0.088378906250
0.011230468750
-0.048095703125
-0.032470703125
-0.206054687500
0.147460937500
-0.203125000000
-0.195312500000
-0.069824218750
-0.007659912109
-0.101562500000
-0.016723632812
-0.183593750000
-0.126953125000
0.042724609375
-0.108398437500
0.326171875000
0.076660156250
-0.030151367188
0.058105468750
0.064453125000
0.107421875000
0.003097534180
-0.096679687500
0.127929687500
0.143554687500
-0.108398437500
-0.143554687500
0.011596679688
-0.090820312500
-0.147460937500
0.066894531250
-0.204101562500
0.302734375000
0.040771484375
0.216796875000
-0.134765625000
-0.053222656250
0.025634765625
0.056396484375
-0.045898437500
0.041748046875
-0.002090454102
0.160156250000
0.094726562500
-0.145507812500
0.016601562500
-0.108398437500
-0.229492187500
-0.067871093750
0.004180908203
-0.063964843750
0.041259765625
-0.312500000000
-0.041503906250
-0.082519531250
-0.251953125000
0.045654296875
-0.143554687500
-0.095703125000
0.099609375000
0.026123046875
-0.066894531250
0.010986328125
-0.156250000000
-0.045410156250
-0.210937500000
0.140625000000
0.328125000000
0.318359375000
0.049316406250
0.076660156250
-0.018554687500
0.006683349609
0.108398437500
-0.026733398438
0.167968750000
-0.279296875000
-0.031127929688
-0.149414062500
-0.074218750000
0.045166015625
-0.110351562500
0.082519531250
0.023925781250
0.000379562378
-0.068359375000
0.066894531250
-0.081054687500
0.043212890625
-0.026245117188
-0.183593750000
-0.267578125000
0.082519531250
-0.135742187500
0.273437500000
-0.363281250000
0.269531250000
0.048828125000
0.064941406250
-0.109375000000
-0.161132812500
0.097656250000
0.117675781250
-0.091796875000
0.007629394531
-0.001472473145
0.092773437500
0.035156250000
-0.130859375000
-0.021240234375
0.043945312500
-0.375000000000
-0.066894531250
-0.263671875000
0.003173828125
0.073242187500
-0.191406250000
-0.082031250000
-0.046386718750
-0.232421875000
0.050048828125
-0.148437500000
-0.009216308594
0.128906250000
-0.047363281250
-0.012939453125
0.103027343750
0.047851562500
0.002456665039
-0.057861328125
-0.091308593750
0.279296875000
0.142578125000
-0.026611328125
0.128906250000
-0.125976562500
0.204101562500
-0.125000000000
0.023925781250
0.141601562500
-0.093750000000
-0.042236328125
0.022460937500
-0.053466796875
-0.001525878906
-0.031250000000
-0.079101562500
0.015197753906
-0.048828125000
-0.099121093750
0.010498046875
-0.237304687500
-0.090332031250
0.105957031250
0.077148437500
-0.167968750000
-0.047363281250
-0.000808715820
-0.093750000000
-0.166015625000
-0.114257812500
0.057861328125
0.081542968750
-0.169921875000
-0.131835937500
-0.125976562500
0.044921875000
-0.006896972656
-0.250000000000
0.029663085938
0.114746093750
-0.034423828125
-0.080566406250
0.049560546875
-0.058105468750
-0.100585937500
-0.096679687500
-0.090332031250
-0.043212890625
0.081542968750
-0.025634765625
-0.075195312500
-0.060302734375
-0.296875000000
-0.025390625000
0.064453125000
-0.110351562500
0.021728515625
0.038085937500
-0.133789062500
-0.229492187500
0.079589843750
-0.058105468750
0.031250000000
0.131835937500
0.192382812500
0.143554687500
-0.071289062500
-0.380859375000
-0.001983642578
0.261718750000
-0.125976562500
-0.002929687500
0.102539062500
-0.091796875000
0.103027343750
0.082519531250
0.016357421875
-0.064941406250
0.035156250000
-0.028320312500
0.085449218750
-0.053955078125
-0.086914062500
0.000705718994
-0.090820312500
-0.025390625000
0.123535156250
-0.141601562500
-0.190429687500
-0.005828857422
-0.020751953125
0.094238281250
-0.255859375000
-0.398437500000
0.151367187500
-0.006042480469
-0.179687500000
-0.244140625000
-0.527343750000
0.095703125000
0.050292968750
-0.121582031250
0.161132812500
0.125976562500
-0.039794921875
-0.004333496094
0.000846862793
0.099121093750
-0.088378906250
-0.019897460938
0.078125000000
-0.073242187500
0.034912109375
-0.124023437500
0.020141601562
-0.273437500000
-0.014282226562
-0.019531250000
-0.240234375000
-0.041015625000
0.138671875000
-0.013244628906
-0.116699218750
-0.064941406250
0.108398437500
-0.125000000000
0.077148437500
0.300781250000
0.188476562500
0.176757812500
-0.087890625000
-0.185546875000
-0.190429687500
0.206054687500
0.039306640625
0.263671875000
0.029052734375
-0.169921875000
0.037353515625
0.071289062500
0.061523437500
-0.042724609375
-0.026733398438
0.082031250000
0.131835937500
-0.168945312500
0.233398437500
0.177734375000
0.006347656250
-0.148437500000
-0.005615234375
-0.055419921875
-0.310546875000
-0.031005859375
-0.106445312500
0.176757812500
-0.223632812500
-0.030029296875
0.109375000000
0.056884765625
-0.287109375000
-0.052978515625
0.000728607178
0.083007812500
-0.113281250000
0.177734375000
0.159179687500
0.077148437500
0.083984375000
0.044677734375
0.044189453125
0.057128906250
-0.175781250000
0.171875000000
0.065429687500
0.074218750000
-0.022216796875
-0.027221679688
0.044433593750
-0.097167968750
-0.130859375000
0.114746093750
-0.056152343750
-0.067382812500
0.029174804688
-0.273437500000
-0.376953125000
-0.178710937500
-0.004974365234
0.111816406250
-0.086914062500
0.179687500000
0.099121093750
0.108398437500
-0.042236328125
0.155273437500
-0.182617187500
-0.186523437500
0.166992187500
0.079101562500
0.184570312500
-0.164062500000
-0.523437500000
0.151367187500
-0.104980468750
-0.023071289062
-0.106445312500
-0.123535156250
0.098632812500
-0.016479492188
0.503906250000
0.158203125000
0.109375000000
0.079101562500
0.042236328125
0.011108398438
-0.332031250000
-0.099121093750
-0.075195312500
0.092285156250
-0.241210937500
0.135742187500
0.017211914062
0.077636718750
-0.244140625000
0.030029296875
0.013793945312
-0.043701171875
-0.096679687500
0.003219604492
0.177734375000
0.047851562500
0.018432617188
0.037353515625
-0.050048828125
0.180664062500
-0.076660156250
0.047363281250
-0.141601562500
-0.016357421875
-0.038330078125
-0.035156250000
0.054931640625
-0.086914062500
-0.215820312500
-0.096191406250
-0.058593750000
-0.215820312500
0.118652343750
-0.130859375000
-0.333984375000
-0.012329101562
-0.152343750000
0.071289062500
0.067871093750
0.094238281250
0.065429687500
0.159179687500
0.015197753906
-0.028686523438
-0.195312500000
-0.115722656250
-0.005126953125
0.062500000000
-0.061279296875
-0.136718750000
-0.277343750000
0.180664062500
-0.026000976562
-0.182617187500
0.107910156250
-0.231445312500
-0.016235351562
-0.054199218750
-0.347656250000
0.145507812500
0.112304687500
0.071777343750
0.153320312500
-0.154296875000
-0.259765625000
-0.010742187500
-0.034179687500
0.116210937500
-0.184570312500
0.273437500000
0.088867187500
0.257812500000
-0.277343750000
-0.019653320312
-0.033935546875
-0.222656250000
-0.353515625000
0.031738281250
0.061523437500
0.184570312500
0.114746093750
0.073730468750
-0.028442382812
0.073730468750
-0.076171875000
0.016235351562
-0.117675781250
-0.180664062500
0.100585937500
-0.121093750000
-0.005645751953
-0.025268554688
-0.131835937500
-0.108398437500
-0.067382812500
-0.042724609375
0.088867187500
-0.183593750000
-0.034667968750
-0.225585937500
-0.113281250000
-0.239257812500
0.055175781250
0.267578125000
0.248046875000
0.285156250000
-0.064453125000
-0.058837890625
-0.127929687500
-0.001625061035
-0.013671875000
-0.335937500000
0.088378906250
-0.158203125000
0.055175781250
0.081054687500
0.031005859375
-0.108886718750
0.032226562500
0.045654296875
0.102539062500
-0.073242187500
-0.005920410156
-0.008850097656
0.020874023438
-0.111816406250
-0.009643554688
-0.040771484375
-0.222656250000
-0.038085937500
-0.068847656250
-0.094726562500
0.065429687500
-0.119140625000
-0.070800781250
0.003402709961
-0.124023437500
0.039306640625
0.085449218750
-0.170898437500
0.020751953125
0.078125000000
0.107910156250
-0.116210937500
-0.065917968750
-0.035644531250
0.013854980469
-0.026611328125
0.056396484375
0.013427734375
-0.122558593750
-0.077148437500
-0.008544921875
0.034912109375
0.163085937500
-0.066406250000
-0.169921875000
0.013366699219
0.046142578125
-0.068359375000
-0.312500000000
-0.083984375000
-0.031494140625
0.090332031250
0.056396484375
-0.054931640625
-0.001838684082
-0.080078125000
-0.210937500000
0.088867187500
0.014465332031
-0.238281250000
-0.176757812500
-0.217773437500
0.037109375000
-0.138671875000
0.173828125000
-0.120605468750
-0.060791015625
-0.083007812500
0.005798339844
0.077148437500
-0.157226562500
-0.079589843750
0.038330078125
-0.044189453125
-0.030883789062
-0.028930664062
-0.054443359375
-0.009887695312
0.135742187500
0.090820312500
-0.089355468750
-0.079589843750
0.043701171875
-0.074218750000
-0.054443359375
0.075195312500
0.095214843750
-0.135742187500
0.022216796875
-0.073730468750
-0.000383377075
-0.064453125000
0.143554687500
0.013488769531
-0.045410156250
-0.079101562500
-0.155273437500
0.054199218750
-0.006011962891
-0.078125000000
-0.050537109375
-0.005035400391
-0.875000000000
-0.037109375000
-0.058837890625
0.049072265625
-0.080566406250
-0.087890625000
-0.125000000000
0.147460937500
0.036132812500
-0.018554687500
-0.400390625000
0.018676757812
-0.044189453125
0.040283203125
-0.034912109375
-0.091796875000
0.008178710938
-0.090332031250
-0.259765625000
0.187500000000
-0.060791015625
-0.253906250000
-0.435546875000
0.001014709473
-0.161132812500
-0.131835937500
0.125000000000
-0.014831542969
-0.043457031250
-0.113769531250
-0.069335937500
0.054199218750
-0.239257812500
-0.157226562500
-0.050537109375
-0.140625000000
0.048583984375
0.171875000000
-0.046142578125
-0.035644531250
0.139648437500
0.139648437500
-0.086425781250
-0.107421875000
-0.029418945312
-0.062011718750
-0.036865234375
-0.049316406250
0.101562500000
-0.108886718750
0.068359375000
-0.001144409180
-0.261718750000
-0.248046875000
0.037597656250
-0.140625000000
0.022583007812
-0.185546875000
-0.178710937500
-0.011901855469
0.050292968750
-0.049560546875
-0.087890625000
-0.063964843750
-0.132812500000
0.001594543457
-0.067382812500
-0.056640625000
-0.040283203125
-0.141601562500
0.081054687500
0.153320312500
0.202148437500
-0.103027343750
-0.322265625000
-0.007812500000
-0.097656250000
0.088378906250
-0.043945312500
-0.061767578125
-0.025512695312
0.066406250000
-0.310546875000
0.072753906250
-0.077148437500
-0.108886718750
-0.032958984375
-0.241210937500
-0.275390625000
-0.018554687500
0.026000976562
0.001304626465
0.128906250000
-0.087402343750
0.076171875000
0.127929687500
0.113281250000
0.104980468750
0.011657714844
-0.114746093750
0.013244628906
0.094726562500
-0.312500000000
0.059570312500
-0.131835937500
0.082519531250
-0.129882812500
-0.061035156250
-0.683593750000
0.037841796875
0.096679687500
-0.108398437500
0.108398437500
-0.078125000000
-0.047363281250
-0.042968750000
-0.029541015625
-0.318359375000
0.204101562500
0.028564453125
0.076171875000
-0.023925781250
-0.077636718750
0.031738281250
0.020507812500
0.051513671875
-0.142578125000
-0.090820312500
0.119628906250
-0.058105468750
0.084472656250
0.026611328125
0.029541015625
-0.056884765625
0.073242187500
0.283203125000
0.177734375000
-0.056152343750
-0.447265625000
0.109375000000
0.349609375000
0.024902343750
0.037597656250
0.041259765625
0.088867187500
0.233398437500
-0.398437500000
-0.012695312500
-0.017333984375
-0.076660156250
-0.287109375000
-0.229492187500
-0.026977539062
-0.110351562500
0.149414062500
0.164062500000
-0.105468750000
-0.136718750000
0.104003906250
0.094726562500
0.100585937500
0.035888671875
0.100585937500
-0.074707031250
0.039306640625
0.014465332031
-0.195312500000
0.048339843750
-0.161132812500
0.020996093750
-0.072753906250
-0.068359375000
-0.238281250000
-0.047119140625
-0.012756347656
0.007049560547
-0.066406250000
-0.189453125000
0.058837890625
0.098144531250
0.107910156250
-0.191406250000
0.026123046875
-0.101562500000
0.053466796875
-0.120117187500
-0.021606445312
-0.004364013672
0.071777343750
0.085449218750
0.088378906250
-0.092773437500
-0.500000000000
0.037353515625
0.041748046875
-0.107421875000
-0.038818359375
-0.093750000000
0.083984375000
0.365234375000
-0.127929687500
0.089843750000
-0.394531250000
0.119628906250
0.131835937500
-0.000118255615
-0.002548217773
0.014038085938
0.082519531250
-0.044677734375
-0.332031250000
0.125976562500
-0.174804687500
-0.009460449219
-0.095214843750
-0.285156250000
0.020996093750
-0.023315429688
0.115234375000
0.105957031250
-0.052978515625
0.008483886719
0.042480468750
0.265625000000
-0.201171875000
-0.019042968750
0.096679687500
-0.049072265625
0.060791015625
0.115234375000
0.148437500000
0.103515625000
-0.098632812500
-0.029418945312
-0.117187500000
-0.089355468750
-0.081542968750
-0.040527343750
0.118652343750
0.014526367188
-0.083007812500
0.093750000000
-0.079589843750
0.050537109375
-0.144531250000
-0.259765625000
-0.050048828125
-0.197265625000
0.112792968750
-0.103027343750
0.015502929688
0.057617187500
0.031982421875
0.039550781250
-0.013305664062
-0.143554687500
-0.859375000000
0.010375976562
-0.085937500000
0.016845703125
-0.083984375000
-0.038574218750
0.025268554688
-0.206054687500
-0.140625000000
0.060546875000
-0.462890625000
0.108886718750
0.003890991211
0.135742187500
-0.040771484375
0.096679687500
-0.079589843750
-0.281250000000
-0.441406250000
0.188476562500
0.087402343750
-0.090332031250
-0.085937500000
-0.231445312500
-0.171875000000
-0.146484375000
0.099121093750
0.218750000000
-0.090332031250
-0.068359375000
-0.008728027344
-0.035156250000
-0.265625000000
0.035156250000
0.116210937500
-0.027343750000
0.016967773438
0.075195312500
0.014465332031
0.100585937500
0.114257812500
-0.003005981445
-0.163085937500
-0.010925292969
-0.008666992188
-0.134765625000
0.160156250000
0.014221191406
-0.140625000000
0.059570312500
-0.070312500000
0.025512695312
0.000008821487
-0.167968750000
-0.133789062500
0.092285156250
0.061767578125
-0.033935546875
0.143554687500
0.088867187500
0.027587890625
0.040771484375
-0.132812500000
-0.135742187500
-0.820312500000
0.042724609375
0.003890991211
-0.009155273438
0.011413574219
-0.234375000000
0.291015625000
0.214843750000
-0.162109375000
0.025268554688
-0.304687500000
0.125976562500
0.050537109375
0.068847656250
0.011169433594
0.159179687500
0.101074218750
-0.283203125000
-0.102050781250
-0.047363281250
-0.064941406250
0.162109375000
-0.750000000000
-0.098632812500
0.063964843750
-0.101074218750
0.121582031250
0.175781250000
-0.029418945312
-0.025512695312
0.198242187500
0.169921875000
-0.339843750000
-0.046630859375
0.125976562500
0.004577636719
0.008911132812
0.134765625000
-0.125976562500
0.117675781250
-0.010192871094
0.038574218750
-0.102539062500
-0.094726562500
-0.019287109375
-0.273437500000
-0.011352539062
-0.095703125000
-0.423828125000
-0.263671875000
0.007446289062
-0.010314941406
0.038574218750
-0.034912109375
-0.019653320312
-0.128906250000
-0.031982421875
0.001373291016
0.098632812500
0.035156250000
0.014526367188
-0.058105468750
0.210937500000
-0.057861328125
-0.022216796875
-0.050048828125
-0.018066406250
0.156250000000
-0.134765625000
-0.025512695312
0.291015625000
0.038574218750
0.261718750000
-0.053466796875
-0.135742187500
-0.211914062500
-0.024658203125
0.045654296875
0.012084960938
-0.010986328125
-0.190429687500
0.119628906250
-0.244140625000
-0.120605468750
0.038818359375
0.004516601562
-0.076171875000
0.302734375000
0.002334594727
-0.086425781250
0.008666992188
0.086914062500
0.090820312500
-0.027099609375
-0.163085937500
-0.029541015625
-0.069824218750
-0.022705078125
-0.114257812500
0.226562500000
0.069335937500
-0.191406250000
0.112304687500
0.217773437500
0.090820312500
0.212890625000
-0.169921875000
-0.035400390625
-0.032958984375
-0.170898437500
0.003967285156
-0.043701171875
-0.281250000000
-0.322265625000
-0.034667968750
-0.054443359375
0.043945312500
0.039550781250
0.089355468750
-0.031005859375
-0.058593750000
0.077148437500
-0.035644531250
-0.054199218750
-0.020507812500
-0.027954101562
-0.059326171875
-0.026245117188
-0.066406250000
-0.030029296875
-0.030883789062
0.134765625000
-0.246093750000
-0.012084960938
0.218750000000
-0.099609375000
0.194335937500
0.000743865967
-0.027709960938
-0.123535156250
0.004516601562
-0.023193359375
0.173828125000
-0.051757812500
0.010681152344
0.039306640625
-0.183593750000
-0.017578125000
-0.054931640625
-0.017578125000
-0.012451171875
-0.148437500000
-0.078613281250
-0.208984375000
0.092773437500
0.153320312500
0.202148437500
-0.087402343750
-0.101562500000
-0.056152343750
-0.035644531250
0.063964843750
-0.183593750000
0.093261718750
-0.018554687500
-0.251953125000
0.158203125000
0.225585937500
-0.125976562500
0.026733398438
-0.291015625000
-0.030395507812
-0.343750000000
0.036865234375
0.050292968750
-0.082519531250
-0.114746093750
0.053222656250
0.070312500000
-0.114257812500
-0.021728515625
-0.107421875000
0.006317138672
-0.136718750000
-0.100097656250
0.071777343750
0.025634765625
0.078613281250
-0.016479492188
-0.097656250000
0.037841796875
-0.191406250000
-0.080566406250
-0.229492187500
-0.029418945312
0.137695312500
-0.187500000000
-0.068847656250
0.010192871094
-0.110351562500
0.275390625000
-0.230468750000
0.039794921875
0.042236328125
0.160156250000
0.088867187500
0.158203125000
-0.041259765625
-0.024536132812
0.181640625000
-0.063964843750
-0.048583984375
-0.115722656250
0.052734375000
-0.071777343750
-0.207031250000
-0.065429687500
-0.127929687500
-0.145507812500
0.081054687500
0.173828125000
0.039062500000
-0.055175781250
-0.073242187500
-0.115234375000
0.188476562500
-0.058593750000
0.032226562500
-0.047607421875
-0.308593750000
0.042724609375
-0.052978515625
0.042236328125
0.277343750000
-0.234375000000
-0.122070312500
-0.367187500000
0.049560546875
-0.052001953125
-0.410156250000
-0.263671875000
0.175781250000
-0.082519531250
0.002349853516
-0.093261718750
0.087890625000
-0.195312500000
-0.173828125000
0.023559570312
0.000170707703
-0.133789062500
-0.020751953125
-0.169921875000
0.016235351562
-0.134765625000
-0.026489257812
-0.072753906250
0.185546875000
-0.052978515625
0.086914062500
-0.087402343750
0.001350402832
0.215820312500
0.011047363281
0.373046875000
-0.161132812500
0.083984375000
0.166992187500
0.185546875000
-0.052734375000
0.128906250000
-0.087890625000
-0.022216796875
0.080566406250
-0.037841796875
0.100097656250
-0.166015625000
-0.064453125000
-0.062500000000
0.098144531250
-0.155273437500
0.048095703125
-0.142578125000
0.012695312500
0.201171875000
-0.019531250000
0.022949218750
-0.128906250000
0.003250122070
0.425781250000
-0.047851562500
0.022705078125
-0.011535644531
-0.047363281250
0.110351562500
0.144531250000
0.138671875000
0.026977539062
-0.281250000000
0.071289062500
-0.341796875000
0.082519531250
0.005126953125
-0.241210937500
-0.306640625000
-0.165039062500
-0.003265380859
-0.078125000000
-0.135742187500
-0.020996093750
-0.210937500000
0.306640625000
-0.022338867188
0.320312500000
-0.068359375000
0.109863281250
-0.244140625000
0.094726562500
0.077636718750
0.096679687500
0.065917968750
-0.147460937500
-0.136718750000
0.076171875000
-0.039062500000
-0.191406250000
0.107910156250
-0.128906250000
0.269531250000
0.120605468750
-0.076171875000
0.269531250000
0.126953125000
0.078125000000
-0.046875000000
0.165039062500
-0.304687500000
0.128906250000
0.058837890625
-0.004760742188
-0.102539062500
0.234375000000
0.166015625000
0.042724609375
-0.141601562500
-0.566406250000
-0.033691406250
0.034423828125
-0.089355468750
0.040039062500
0.041992187500
0.043701171875
0.019897460938
0.043212890625
-0.046142578125
-0.008483886719
-0.048828125000
-0.349609375000
0.023803710938
-0.384765625000
-0.065917968750
0.312500000000
-0.289062500000
0.188476562500
-0.165039062500
0.281250000000
0.147460937500
-0.097656250000
-0.279296875000
-0.128906250000
0.007019042969
-0.012084960938
-0.011291503906
0.026000976562
-0.141601562500
0.245117187500
0.030029296875
-0.133789062500
-0.043701171875
-0.115722656250
0.002990722656
0.109375000000
0.112792968750
-0.013244628906
-0.168945312500
-0.188476562500
0.035400390625
0.005126953125
0.104003906250
-0.125976562500
0.071777343750
-0.179687500000
0.173828125000
0.061767578125
-0.208007812500
-0.027587890625
0.018798828125
0.085449218750
0.189453125000
-0.083984375000
-0.056884765625
0.056152343750
0.034912109375
0.016723632812
0.086914062500
-0.006835937500
-0.167968750000
-0.275390625000
-0.105957031250
-0.259765625000
-0.088867187500
0.024902343750
0.007720947266
-0.036865234375
-0.028442382812
-0.072753906250
0.090820312500
-0.406250000000
0.135742187500
-0.104492187500
0.169921875000
0.158203125000
-0.049560546875
-0.155273437500
0.079589843750
-0.031738281250
-0.206054687500
0.120117187500
-0.030151367188
0.308593750000
-0.085937500000
-0.202148437500
-0.283203125000
-0.291015625000
-0.077636718750
-0.079101562500
-0.015441894531
-0.191406250000
0.007812500000
-0.392578125000
-0.113769531250
-0.052001953125
0.074218750000
0.092285156250
0.057861328125
0.139648437500
0.151367187500
-0.201171875000
-0.173828125000
-0.086425781250
0.037841796875
0.037597656250
0.294921875000
-0.222656250000
0.220703125000
-0.124511718750
0.384765625000
-0.045166015625
-0.236328125000
0.138671875000
0.006378173828
-0.041259765625
-0.049560546875
-0.150390625000
-0.002609252930
0.027587890625
0.082031250000
0.020141601562
-0.027954101562
0.024780273438
0.219726562500
0.053222656250
-0.164062500000
0.095703125000
0.062500000000
0.102050781250
-0.004730224609
0.073242187500
-0.192382812500
-0.248046875000
-0.046630859375
-0.172851562500
-0.110839843750
-0.172851562500
0.069335937500
-0.291015625000
0.119140625000
-0.164062500000
0.139648437500
0.135742187500
-0.161132812500
-0.153320312500
-0.060058593750
-0.156250000000
-0.194335937500
0.026245117188
-0.085449218750
-0.043945312500
-0.287109375000
0.208007812500
-0.062255859375
0.072265625000
-0.007873535156
-0.053955078125
0.010314941406
-0.001640319824
0.145507812500
-0.004150390625
0.017822265625
-0.129882812500
-0.084472656250
-0.106933593750
0.054199218750
0.063964843750
0.138671875000
0.089355468750
0.058105468750
-0.154296875000
0.004486083984
-0.003616333008
-0.053222656250
-0.107421875000
0.137695312500
0.057373046875
-0.063476562500
-0.097656250000
-0.134765625000
-0.048583984375
0.093750000000
0.046875000000
-0.080566406250
0.081054687500
-0.001373291016
0.006195068359
-0.048095703125
-0.287109375000
-0.079101562500
0.026123046875
-0.101074218750
0.062988281250
0.067871093750
-0.107421875000
-0.134765625000
-0.098144531250
-0.101562500000
-0.051025390625
0.113769531250
-0.060791015625
-0.024291992188
-0.251953125000
0.160156250000
0.104492187500
-0.007141113281
0.068847656250
-0.113769531250
0.122558593750
-0.217773437500
-0.207031250000
0.003036499023
0.018798828125
0.024414062500
0.104980468750
-0.419921875000
0.037841796875
-0.069335937500
-0.146484375000
0.091796875000
-0.005279541016
-0.250000000000
-0.118652343750
0.113281250000
-0.065429687500
0.039062500000
-0.069335937500
0.057617187500
-0.068847656250
-0.056152343750
-0.076171875000
-0.090820312500
0.037841796875
-0.027587890625
-0.241210937500
0.108886718750
-0.011718750000
-0.257812500000
-0.304687500000
0.132812500000
-0.031494140625
0.126953125000
-0.156250000000
-0.046142578125
-0.067871093750
0.080566406250
0.125000000000
-0.173828125000
0.071289062500
-0.125976562500
-0.094726562500
-0.132812500000
-0.129882812500
-0.076171875000
0.080566406250
0.067871093750
-0.014465332031
0.020141601562
-0.263671875000
0.046630859375
-0.180664062500
-0.134765625000
0.036376953125
-0.069335937500
0.236328125000
-0.087890625000
-0.097656250000
-0.128906250000
0.114746093750
0.014160156250
-0.103027343750
0.007080078125
-0.008544921875
-0.048583984375
-0.180664062500
0.060791015625
-0.013916015625
-0.030883789062
-0.038085937500
-0.435546875000
0.073730468750
0.073730468750
-0.365234375000
0.165039062500
0.031494140625
-0.012207031250
0.069824218750
0.102539062500
-0.038818359375
0.062011718750
0.032470703125
-0.158203125000
-0.027343750000
0.064453125000
0.020996093750
-0.277343750000
-0.013732910156
0.079589843750
-0.229492187500
0.039794921875
-0.017211914062
0.091308593750
-0.017822265625
0.070312500000
0.056152343750
-0.092285156250
0.058837890625
-0.217773437500
0.017089843750
0.083496093750
0.009216308594
0.014038085938
0.007476806641
-0.279296875000
-0.101074218750
-0.024047851562
-0.099121093750
-0.022094726562
0.171875000000
0.081054687500
0.003997802734
-0.449218750000
-0.051025390625
0.145507812500
-0.104003906250
-0.089843750000
-0.047851562500
-0.114746093750
0.000579833984
-0.041015625000
-0.263671875000
0.279296875000
0.153320312500
0.043457031250
0.159179687500
-0.021362304688
-0.039062500000
0.218750000000
0.038818359375
-0.105468750000
0.058105468750
-0.048095703125
0.090820312500
-0.265625000000
0.083984375000
0.063964843750
-0.080566406250
0.130859375000
-0.187500000000
0.015991210938
0.041259765625
0.236328125000
0.120605468750
0.004577636719
-0.022216796875
-0.053955078125
-0.308593750000
0.106933593750
0.126953125000
-0.593750000000
0.043701171875
-0.080566406250
0.122558593750
0.306640625000
0.099121093750
0.052001953125
0.027954101562
-0.004058837891
-0.055419921875
-0.250000000000
-0.120605468750
0.165039062500
-0.107421875000
0.096679687500
0.047851562500
0.032714843750
-0.151367187500
-0.968750000000
0.164062500000
-0.058837890625
-0.186523437500
0.006774902344
0.259765625000
0.239257812500
-0.034912109375
-0.613281250000
-0.174804687500
0.125000000000
-0.081542968750
-0.273437500000
0.036621093750
0.016601562500
-0.031494140625
0.218750000000
-0.208007812500
0.038085937500
-0.004730224609
-0.049072265625
0.095703125000
-0.122070312500
0.143554687500
0.371093750000
-0.028442382812
0.079589843750
0.040771484375
0.113281250000
-0.086914062500
-0.605468750000
0.070800781250
0.304687500000
-0.074218750000
-0.078125000000
0.165039062500
-0.049316406250
0.145507812500
0.117675781250
0.053222656250
0.019775390625
-0.062011718750
0.154296875000
-0.582031250000
0.050537109375
0.066406250000
-0.636718750000
0.030883789062
0.147460937500
-0.101562500000
-0.113769531250
-0.067871093750
-0.002944946289
0.029663085938
0.062500000000
0.125976562500
-0.141601562500
-0.084960937500
-0.104980468750
-0.014099121094
0.006530761719
0.265625000000
0.130859375000
0.114257812500
-0.585937500000
0.036132812500
-0.015197753906
0.002258300781
-0.412109375000
0.148437500000
0.116210937500
-0.030517578125
-0.015502929688
-0.089355468750
0.048339843750
-0.261718750000
-0.050537109375
-0.035156250000
0.067871093750
-0.043701171875
0.310546875000
-0.146484375000
-0.025268554688
-0.172851562500
-0.051757812500
0.376953125000
-0.160156250000
-0.030639648438
-0.076171875000
-0.193359375000
-0.004302978516
0.023193359375
-0.024291992188
-0.108886718750
-0.585937500000
0.114746093750
0.039062500000
-0.322265625000
0.041259765625
-0.241210937500
-0.159179687500
0.062500000000
0.121582031250
0.052978515625
-0.000183105469
0.032470703125
-0.027465820312
-0.408203125000
0.033691406250
-0.014709472656
-0.562500000000
0.073730468750
-0.119628906250
-0.003646850586
0.137695312500
-0.003616333008
-0.036132812500
-0.218750000000
0.015625000000
-0.189453125000
0.051757812500
-0.133789062500
-0.104003906250
-0.165039062500
-0.003936767578
0.250000000000
0.033935546875
0.101562500000
0.012390136719
-0.059326171875
0.051513671875
-0.094238281250
-0.158203125000
-0.158203125000
0.068359375000
-0.111328125000
-0.003585815430
-0.127929687500
-0.174804687500
-0.296875000000
-0.083007812500
0.108886718750
-0.063964843750
0.102050781250
0.125976562500
-0.410156250000
0.069335937500
0.080566406250
-0.030517578125
-0.040771484375
-0.101074218750
-0.039306640625
0.118164062500
-0.057861328125
0.073730468750
0.066406250000
-0.021240234375
-0.023193359375
-0.511718750000
-0.087402343750
-0.020629882812
-0.136718750000
-0.119140625000
-0.051269531250
-0.059082031250
-0.146484375000
0.004211425781
-0.141601562500
0.023193359375
-0.025756835938
0.188476562500
-0.625000000000
0.017211914062
0.004180908203
-0.416015625000
-0.072265625000
-0.021606445312
-0.006469726562
-0.010314941406
0.197265625000
-0.134765625000
-0.187500000000
0.055664062500
-0.059082031250
-0.073242187500
-0.034423828125
-0.073242187500
-0.059814453125
0.034667968750
0.273437500000
-0.003845214844
0.129882812500
-0.030151367188
-0.062500000000
0.006408691406
-0.058105468750
-0.130859375000
0.009216308594
0.047607421875
0.118652343750
0.040527343750
-0.175781250000
-0.104492187500
-0.220703125000
0.042236328125
0.245117187500
-0.026855468750
-0.283203125000
-0.070800781250
-0.312500000000
-0.204101562500
0.104492187500
0.132812500000
0.277343750000
-0.064453125000
-0.265625000000
0.010498046875
0.013366699219
-0.150390625000
-0.010925292969
-0.031494140625
0.091308593750
-0.241210937500
-0.125976562500
-0.046386718750
0.000640869141
-0.029785156250
-0.066406250000
-0.018188476562
-0.009704589844
-0.193359375000
0.141601562500
0.064453125000
-0.035156250000
-0.056884765625
-0.078125000000
0.285156250000
0.102050781250
0.048828125000
-0.033691406250
0.077636718750
-0.009094238281
0.002838134766
-0.024902343750
0.061523437500
0.102050781250
-0.174804687500
-0.045166015625
-0.006835937500
-0.063964843750
0.051757812500
0.003524780273
0.114746093750
0.004028320312
0.032958984375
-0.036865234375
-0.221679687500
0.149414062500
0.273437500000
-0.085937500000
0.042968750000
0.010498046875
0.218750000000
-0.012390136719
0.021118164062
-0.014404296875
-0.015014648438
0.027343750000
-0.096679687500
-0.161132812500
0.269531250000
-0.019165039062
-0.005401611328
0.136718750000
0.059814453125
0.080078125000
-0.211914062500
-0.118164062500
-0.216796875000
-0.259765625000
0.105468750000
-0.122558593750
0.213867187500
0.012329101562
-0.004272460938
0.026611328125
-0.511718750000
0.013061523438
0.076171875000
0.056884765625
0.072753906250
0.022583007812
0.003311157227
0.050537109375
-0.143554687500
0.023559570312
-0.039306640625
0.170898437500
-0.136718750000
-0.263671875000
0.248046875000
0.102539062500
-0.158203125000
-0.074218750000
0.053222656250
0.018188476562
0.004791259766
-0.171875000000
0.146484375000
0.164062500000
-0.472656250000
-0.097167968750
0.000923156738
-1.039062500000
0.142578125000
0.039062500000
0.151367187500
0.095214843750
-0.004669189453
-0.034179687500
-0.221679687500
-0.073242187500
0.006134033203
-0.040771484375
-0.071777343750
0.009155273438
0.192382812500
0.144531250000
-0.042724609375
0.035888671875
0.050048828125
-0.094726562500
-0.195312500000
0.019653320312
0.146484375000
-0.020507812500
0.049560546875
0.021118164062
0.046875000000
-0.145507812500
0.171875000000
0.047363281250
-0.128906250000
-0.091796875000
0.038818359375
0.024169921875
-0.035400390625
0.015319824219
-0.049560546875
0.055664062500
-0.628906250000
0.068359375000
0.125000000000
-0.100097656250
-0.139648437500
0.029907226562
0.011596679688
-0.106933593750
-0.105468750000
-0.093750000000
-0.037597656250
0.164062500000
-0.273437500000
-0.125976562500
0.032226562500
0.198242187500
-0.056884765625
0.034179687500
0.022827148438
0.062500000000
-0.054687500000
0.000333786011
0.063964843750
0.065917968750
-0.765625000000
0.005249023438
0.065429687500
-0.488281250000
-0.013854980469
0.026977539062
0.029174804688
-0.187500000000
0.061279296875
-0.183593750000
-0.203125000000
-0.026611328125
-0.024169921875
0.044677734375
-0.192382812500
-0.144531250000
0.257812500000
0.122070312500
0.073730468750
-0.097167968750
0.047363281250
-0.008666992188
-0.273437500000
-0.008117675781
0.093750000000
0.159179687500
0.007293701172
0.150390625000
-0.114746093750
-0.031982421875
-0.053955078125
-0.006286621094
-0.062500000000
-0.149414062500
-0.406250000000
0.117187500000
-0.058105468750
0.024902343750
-0.022338867188
-0.128906250000
-0.558593750000
-0.178710937500
0.083496093750
0.036621093750
-0.071289062500
-0.052978515625
-0.023315429688
0.002578735352
-0.134765625000
0.101074218750
0.047607421875
-0.023315429688
0.021484375000
0.050781250000
0.210937500000
0.279296875000
-0.083007812500
-0.017822265625
-0.335937500000
0.051513671875
-0.018432617188
-0.013977050781
0.113769531250
0.131835937500
-0.726562500000
-0.188476562500
-0.219726562500
-0.204101562500
0.023437500000
0.000005036592
0.112792968750
-0.345703125000
-0.082031250000
-0.267578125000
-0.128906250000
-0.066406250000
0.244140625000
-0.255859375000
-0.055175781250
0.053222656250
0.236328125000
-0.019165039062
0.076660156250
-0.060302734375
0.002059936523
-0.083984375000
-0.367187500000
-0.058837890625
0.055908203125
-0.034179687500
-0.148437500000
-0.012512207031
0.015625000000
0.644531250000
0.080078125000
0.049560546875
-0.151367187500
-0.412109375000
-0.878906250000
0.103515625000
-0.122070312500
-0.084960937500
-0.008117675781
-0.273437500000
-0.703125000000
-0.000576019287
-0.185546875000
-0.070800781250
-0.067382812500
0.091308593750
-0.085937500000
-0.106445312500
0.019042968750
0.049072265625
-0.122070312500
0.110351562500
-0.017456054688
0.078125000000
0.306640625000
0.330078125000
0.057373046875
0.016845703125
-0.431640625000
0.087402343750
-0.125000000000
0.022094726562
0.133789062500
0.192382812500
-0.847656250000
-0.189453125000
-0.067871093750
-0.660156250000
-0.034667968750
-0.124023437500
-0.027709960938
-0.085449218750
0.129882812500
-0.275390625000
0.089355468750
-0.059570312500
-0.019042968750
-0.215820312500
-0.094238281250
0.000280380249
0.104980468750
0.090820312500
-0.071289062500
-0.173828125000
-0.087402343750
-0.179687500000
-0.237304687500
-0.040771484375
0.059326171875
0.002899169922
0.007202148438
0.139648437500
-0.051025390625
-0.125976562500
-0.002105712891
0.092285156250
-0.032470703125
-0.484375000000
0.166015625000
0.006835937500
-0.062988281250
0.014160156250
-0.009582519531
0.199218750000
-0.539062500000
-0.047607421875
0.017456054688
0.043212890625
-0.187500000000
0.009765625000
0.071777343750
-0.285156250000
0.003936767578
0.092285156250
-0.137695312500
0.062500000000
-0.018554687500
-0.102050781250
0.202148437500
0.125000000000
-0.220703125000
0.086914062500
0.111328125000
0.091796875000
-0.107910156250
0.177734375000
-0.016967773438
0.151367187500
-0.765625000000
-0.111328125000
-0.040527343750
-0.382812500000
0.010803222656
0.021484375000
-0.090820312500
0.302734375000
0.059570312500
-0.396484375000
-0.002975463867
-0.124511718750
0.107910156250
0.029174804688
-0.043701171875
-0.035644531250
0.190429687500
0.088378906250
-0.034179687500
-0.118164062500
-0.017578125000
0.068359375000
-0.089355468750
-0.207031250000
-0.083007812500
-0.051269531250
-0.027832031250
0.121093750000
-0.180664062500
0.162109375000
0.077636718750
0.058837890625
-0.064453125000
-0.185546875000
0.008056640625
-0.052734375000
-0.028686523438
-0.075195312500
-0.039062500000
0.086914062500
-0.287109375000
0.087402343750
-0.013366699219
-0.153320312500
-0.083007812500
-0.049804687500
0.181640625000
0.116210937500
-0.298828125000
0.265625000000
0.015014648438
-0.008056640625
0.056640625000
-0.174804687500
0.156250000000
-0.113281250000
0.053710937500
0.065917968750
0.003402709961
0.068847656250
-0.007873535156
-0.039062500000
0.201171875000
0.191406250000
-0.423828125000
0.010070800781
-0.085449218750
-0.083007812500
-0.098632812500
-0.025756835938
0.014404296875
0.043701171875
-0.050781250000
-0.523437500000
0.002548217773
-0.094238281250
0.200195312500
-0.050781250000
0.189453125000
-0.013854980469
0.205078125000
0.159179687500
-0.078125000000
-0.058349609375
-0.078613281250
0.078125000000
-0.142578125000
-0.283203125000
0.020385742188
0.137695312500
-0.005126953125
0.116210937500
-0.117187500000
0.001472473145
0.044921875000
-0.044921875000
-0.196289062500
0.227539062500
-0.008117675781
0.136718750000
-0.094726562500
0.074218750000
-0.067871093750
-0.078613281250
-0.149414062500
-0.157226562500
-0.022094726562
0.029663085938
0.200195312500
-0.009704589844
-0.045654296875
-0.062988281250
-0.076660156250
-0.089843750000
0.024780273438
-0.029174804688
-0.339843750000
-0.092773437500
-0.043212890625
-0.080566406250
0.003051757812
0.041992187500
0.080566406250
0.055908203125
-0.069335937500
0.013427734375
-0.069335937500
-0.115234375000
0.316406250000
-0.314453125000
-0.118652343750
-0.120117187500
-0.054443359375
-0.038818359375
-0.224609375000
0.047119140625
-0.097656250000
0.178710937500
0.023315429688
-0.023437500000
0.029296875000
0.050537109375
0.004364013672
0.002136230469
-0.051269531250
-0.059082031250
-0.039550781250
-0.125000000000
0.031250000000
0.050048828125
0.052734375000
-0.023925781250
-0.066406250000
0.114257812500
-0.035644531250
-0.077148437500
-0.097656250000
-0.043457031250
0.168945312500
-0.037109375000
-0.008483886719
0.273437500000
-0.020629882812
-0.455078125000
0.204101562500
0.085937500000
-0.092285156250
0.012145996094
-0.181640625000
0.004058837891
0.007537841797
0.103515625000
-0.345703125000
0.028076171875
0.173828125000
0.012878417969
0.034912109375
0.023559570312
-0.039306640625
-0.404296875000
-0.076171875000
0.026733398438
0.044189453125
-0.210937500000
-0.077636718750
-0.024658203125
0.011413574219
-0.098632812500
-0.052978515625
0.011291503906
-0.064941406250
-0.119628906250
0.091796875000
-0.245117187500
0.023925781250
-0.079589843750
-0.060791015625
-0.055419921875
-0.122070312500
-0.144531250000
0.090332031250
0.095703125000
-0.087402343750
-0.066894531250
-0.063476562500
0.159179687500
-0.092285156250
-0.036376953125
-0.120605468750
-0.083007812500
0.011535644531
0.028320312500
0.149414062500
-0.093750000000
-0.054687500000
-0.051757812500
0.043457031250
-0.099609375000
-0.022338867188
0.082519531250
0.124511718750
0.017456054688
0.037841796875
-0.011901855469
-0.406250000000
0.330078125000
0.034667968750
-0.839843750000
0.058593750000
0.088867187500
0.053710937500
0.077148437500
-0.028442382812
-0.080078125000
-0.020141601562
0.229492187500
-0.275390625000
-0.104492187500
-0.115234375000
0.052490234375
0.060791015625
0.125976562500
-0.010498046875
-0.128906250000
0.117675781250
0.154296875000
0.015136718750
0.130859375000
0.106445312500
-0.061523437500
0.024047851562
0.134765625000
-0.009704589844
-0.056396484375
-0.133789062500
-0.112792968750
0.093261718750
-0.235351562500
-0.108398437500
0.120117187500
0.032226562500
0.028686523438
0.001785278320
0.002426147461
0.026611328125
0.190429687500
-0.073242187500
-0.025756835938
0.083007812500
-0.028564453125
-0.052734375000
0.050537109375
0.037109375000
-0.048095703125
0.100585937500
0.218750000000
0.054931640625
-0.029296875000
-0.075195312500
-0.072265625000
0.013977050781
-0.007995605469
-0.024414062500
-0.123046875000
-0.028442382812
0.121093750000
0.005035400391
0.039550781250
-0.480468750000
0.202148437500
0.179687500000
0.059082031250
0.064453125000
-0.006683349609
0.146484375000
0.096191406250
-0.068359375000
0.050537109375
0.139648437500
0.130859375000
-0.103515625000
0.162109375000
-0.088378906250
0.195312500000
0.153320312500
0.171875000000
-0.043701171875
0.099609375000
-0.013977050781
-0.050292968750
0.003738403320
-0.107910156250
-0.144531250000
-0.097167968750
-0.333984375000
0.065917968750
0.072265625000
-0.219726562500
0.036621093750
-0.095703125000
0.110839843750
-0.080566406250
0.054443359375
-0.103515625000
-0.012878417969
0.059326171875
0.052734375000
-0.048583984375
0.027709960938
0.185546875000
0.246093750000
0.051757812500
-0.005706787109
0.147460937500
0.124511718750
0.199218750000
0.018676757812
-0.019409179688
0.238281250000
0.022705078125
0.023071289062
-0.052001953125
-0.068847656250
0.091796875000
-0.172851562500
-0.030151367188
-0.118652343750
-0.093261718750
0.006805419922
-0.074707031250
-0.108398437500
-0.240234375000
-0.476562500000
0.060058593750
0.113281250000
-0.410156250000
0.017944335938
-0.003250122070
-0.069824218750
0.100097656250
-0.065429687500
0.108398437500
0.120117187500
0.177734375000
-0.025024414062
0.239257812500
0.160156250000
0.064941406250
0.190429687500
0.228515625000
0.010559082031
-0.098632812500
-0.337890625000
-0.053955078125
-0.221679687500
-0.098632812500
0.129882812500
0.051269531250
-0.139648437500
-0.095703125000
-0.090820312500
-0.168945312500
-0.072265625000
0.124023437500
0.062011718750
-0.008789062500
0.054199218750
-0.061523437500
0.023315429688
-0.093261718750
-0.226562500000
0.002471923828
-0.011657714844
0.232421875000
0.394531250000
0.004364013672
0.047607421875
0.005310058594
0.052246093750
0.291015625000
0.013244628906
-0.093750000000
-0.250000000000
0.110839843750
0.051025390625
-0.054443359375
-0.122558593750
-0.016479492188
0.093261718750
0.050781250000
-0.041015625000
-0.095214843750
0.003158569336
-0.124023437500
0.033935546875
-0.279296875000
-0.652343750000
0.007476806641
0.048095703125
-0.550781250000
0.119140625000
-0.049804687500
-0.271484375000
-0.011352539062
0.058593750000
0.074218750000
-0.022705078125
0.064453125000
0.008605957031
-0.059814453125
0.349609375000
-0.166992187500
0.082031250000
0.153320312500
-0.084960937500
-0.117187500000
-0.189453125000
-0.302734375000
-0.177734375000
0.031250000000
0.095703125000
-0.031494140625
0.110839843750
-0.081542968750
0.107421875000
-0.063476562500
-0.063964843750
0.111816406250
0.027465820312
0.071777343750
-0.154296875000
-0.016845703125
-0.094726562500
0.088378906250
-0.148437500000
-0.010620117188
-0.000732421875
0.171875000000
-0.178710937500
-0.024414062500
0.025146484375
0.012634277344
0.015991210938
-0.277343750000
0.048339843750
-0.250000000000
0.127929687500
0.026977539062
0.000201225281
0.001037597656
-0.049804687500
0.057861328125
-0.168945312500
0.033203125000
-0.079101562500
-0.026977539062
-0.052490234375
0.118652343750
-0.075683593750
-0.112792968750
-0.652343750000
-0.002182006836
0.021850585938
-0.138671875000
0.031250000000
-0.039306640625
-0.330078125000
-0.085937500000
-0.018920898438
0.000100135803
-0.014770507812
0.185546875000
-0.096679687500
0.014709472656
0.145507812500
-0.062500000000
0.052978515625
0.096191406250
-0.029418945312
-0.045410156250
0.031250000000
-0.114746093750
0.079101562500
-0.036865234375
0.153320312500
0.078125000000
-0.024047851562
-0.015014648438
0.048583984375
-0.060302734375
-0.101074218750
0.068359375000
0.225585937500
0.068359375000
-0.074707031250
-0.145507812500
0.052734375000
0.094726562500
-0.259765625000
0.083496093750
-0.035400390625
0.097167968750
-0.070800781250
-0.062500000000
0.090332031250
0.139648437500
-0.111816406250
-0.212890625000
-0.038574218750
-0.207031250000
0.107910156250
0.034912109375
0.047119140625
0.074707031250
0.013183593750
-0.078613281250
-0.121093750000
-0.026000976562
0.004791259766
-0.072265625000
0.016113281250
0.049804687500
-0.234375000000
0.196289062500
-0.414062500000
-0.235351562500
-0.013732910156
-0.004699707031
0.019042968750
-0.011047363281
-0.016967773438
0.035644531250
-0.037841796875
-0.062255859375
-0.012573242188
0.192382812500
-0.061035156250
-0.036621093750
0.014709472656
-0.082031250000
0.076660156250
0.004516601562
-0.014648437500
-0.156250000000
0.212890625000
0.155273437500
-0.066406250000
-0.186523437500
-0.070800781250
-0.177734375000
-0.007934570312
0.104492187500
-0.093750000000
-0.087402343750
-0.149414062500
-0.010864257812
0.110839843750
0.166015625000
0.048339843750
0.223632812500
0.001663208008
0.118652343750
-0.021972656250
-0.115234375000
-0.071289062500
-0.183593750000
-0.145507812500
0.075683593750
0.166015625000
0.071777343750
-0.139648437500
-0.108398437500
0.060302734375
-0.105957031250
0.030273437500
-0.249023437500
-0.078125000000
-0.055908203125
-0.083496093750
-0.104003906250
-0.255859375000
-0.070800781250
-0.068359375000
-0.167968750000
-0.127929687500
-0.007934570312
-0.259765625000
-0.144531250000
-0.001235961914
-0.072753906250
-0.061035156250
-0.035156250000
-0.058593750000
-0.040527343750
0.046875000000
-0.000923156738
-0.183593750000
0.054199218750
0.026000976562
0.103027343750
-0.089843750000
-0.175781250000
-0.158203125000
0.045898437500
0.013916015625
-0.006347656250
0.021240234375
-0.200195312500
0.163085937500
0.302734375000
0.008178710938
-0.224609375000
0.056640625000
-0.104003906250
0.039550781250
-0.037841796875
0.002334594727
-0.109863281250
-0.285156250000
-0.061035156250
-0.003906250000
-0.110839843750
0.039306640625
-0.126953125000
0.125976562500
-0.010131835938
0.063964843750
0.146484375000
-0.088867187500
-0.166992187500
-0.302734375000
0.085937500000
-0.085449218750
-0.110351562500
-0.036865234375
-0.146484375000
-0.046386718750
-0.098144531250
0.042480468750
0.189453125000
0.135742187500
0.010070800781
-0.024291992188
0.047607421875
-0.081542968750
0.184570312500
0.104003906250
-0.087402343750
0.037841796875
-0.201171875000
-0.075683593750
0.046142578125
0.077148437500
-0.109863281250
0.014160156250
-0.212890625000
0.064941406250
-0.005676269531
-0.006134033203
-0.017456054688
-0.371093750000
-0.010620117188
-0.079101562500
-0.026367187500
0.003585815430
0.019409179688
-0.027099609375
-0.032226562500
0.090332031250
-0.134765625000
-0.136718750000
-0.074218750000
0.029541015625
0.106933593750
0.122070312500
-0.294921875000
0.042236328125
-0.043701171875
-0.015991210938
0.092773437500
-0.000827789307
0.030273437500
-0.094726562500
-0.083984375000
0.021484375000
0.114257812500
0.068359375000
-0.554687500000
-0.138671875000
0.081054687500
-0.105468750000
0.056640625000
0.024902343750
-0.023193359375
-0.221679687500
0.045898437500
-0.022583007812
-0.170898437500
0.060302734375
0.146484375000
-0.055175781250
-0.049072265625
0.257812500000
0.079101562500
-0.056640625000
0.069824218750
0.084472656250
-0.042236328125
-0.158203125000
-0.055664062500
0.091308593750
0.020263671875
0.058105468750
-0.051757812500
-0.109863281250
0.162109375000
0.175781250000
-0.076171875000
0.054687500000
0.044921875000
-0.019042968750
0.148437500000
-0.030273437500
-0.110351562500
-0.644531250000
-0.023315429688
0.037841796875
-0.034179687500
0.033691406250
0.019653320312
-0.029174804688
0.051757812500
-0.032226562500
-0.015747070312
0.212890625000
0.039306640625
0.082031250000
-0.097656250000
0.007995605469
-0.094726562500
0.168945312500
0.077148437500
-0.028320312500
-0.007385253906
0.022216796875
0.328125000000
-0.164062500000
-0.204101562500
0.036132812500
0.146484375000
0.148437500000
-0.105468750000
-0.000869750977
-0.139648437500
-0.015625000000
0.160156250000
0.058349609375
-0.298828125000
-0.248046875000
-0.015258789062
-0.077148437500
-0.069824218750
0.056152343750
-0.131835937500
0.145507812500
-0.245117187500
-0.050537109375
-0.191406250000
0.151367187500
-0.031127929688
-0.048339843750
0.253906250000
-0.233398437500
0.079101562500
0.020507812500
-0.112304687500
-0.129882812500
0.154296875000
-0.046386718750
0.167968750000
0.081542968750
-0.062011718750
0.382812500000
-0.009338378906
0.041992187500
-0.089355468750
0.207031250000
-0.492187500000
-0.703125000000
0.194335937500
-0.074707031250
-0.048828125000
0.159179687500
0.144531250000
0.062988281250
0.083007812500
-0.161132812500
0.112792968750
-0.339843750000
0.007171630859
-0.024169921875
-0.208007812500
0.173828125000
0.088867187500
0.075195312500
0.011474609375
-0.111816406250
-0.058349609375
-0.031738281250
0.105957031250
-0.570312500000
-0.273437500000
0.044677734375
0.068359375000
0.094238281250
-0.277343750000
0.118164062500
-0.320312500000
0.031494140625
0.090820312500
0.141601562500
-0.150390625000
0.047851562500
0.007781982422
0.287109375000
-0.135742187500
-0.055419921875
-0.050537109375
0.126953125000
-0.225585937500
0.212890625000
0.152343750000
-0.081054687500
-0.108398437500
-0.039062500000
0.112792968750
-0.190429687500
-0.147460937500
0.125000000000
-0.004882812500
-0.014831542969
-0.361328125000
-0.227539062500
-0.174804687500
0.109375000000
0.055908203125
0.028320312500
0.049560546875
0.085449218750
-0.016845703125
-0.005432128906
-0.129882812500
-0.582031250000
0.196289062500
-0.035888671875
-0.197265625000
-0.068359375000
0.027832031250
0.048095703125
-0.296875000000
-0.067382812500
0.175781250000
-0.098144531250
0.135742187500
-0.000366210938
-0.051025390625
-0.050781250000
0.125000000000
0.030151367188
0.081054687500
-0.032470703125
0.020141601562
0.028442382812
-0.026855468750
-0.484375000000
-0.178710937500
0.046142578125
-0.040771484375
-0.043701171875
-0.419921875000
-0.003219604492
-0.291015625000
0.080078125000
0.089355468750
0.160156250000
-0.110351562500
0.109375000000
0.105957031250
0.014343261719
0.141601562500
-0.041503906250
-0.036865234375
-0.034179687500
-0.032958984375
0.150390625000
0.119140625000
-0.031982421875
0.028442382812
0.054687500000
0.155273437500
-0.092773437500
-0.000854492188
0.085449218750
-0.145507812500
-0.193359375000
-0.067871093750
-0.053222656250
0.086914062500
0.087402343750
0.021118164062
-0.039306640625
0.067382812500
-0.136718750000
0.016967773438
-0.008728027344
0.175781250000
-0.421875000000
0.133789062500
-0.051513671875
-0.035400390625
-0.050781250000
0.062255859375
-0.065429687500
0.059814453125
-0.002258300781
0.059326171875
-0.081054687500
0.116699218750
0.083007812500
-0.034667968750
-0.047363281250
-0.285156250000
0.146484375000
-0.125000000000
-0.011352539062
0.072265625000
-0.008239746094
-0.122558593750
-0.205078125000
0.102050781250
0.086425781250
0.082031250000
-0.097656250000
-0.171875000000
0.168945312500
-0.042480468750
-0.062988281250
-0.094726562500
-0.008728027344
-0.028442382812
0.101074218750
-0.215820312500
0.212890625000
-0.054687500000
-0.002578735352
-0.086914062500
-0.204101562500
-0.031982421875
0.084472656250
0.118164062500
-0.024780273438
-0.140625000000
0.092285156250
0.048339843750
-0.160156250000
-0.217773437500
0.029296875000
-0.158203125000
-0.155273437500
-0.009582519531
-0.086425781250
-0.007141113281
0.180664062500
0.060791015625
0.066406250000
-0.148437500000
-0.020751953125
-0.058837890625
-0.048339843750
-0.039794921875
0.174804687500
-0.027099609375
-0.011657714844
-0.024536132812
0.033935546875
0.049804687500
0.060546875000
0.027221679688
-0.443359375000
0.025268554688
-0.103027343750
0.015747070312
-0.119628906250
-0.097656250000
0.105468750000
-0.173828125000
0.171875000000
0.111816406250
-0.140625000000
0.002334594727
0.044433593750
-0.046142578125
0.158203125000
0.043212890625
0.007080078125
-0.112792968750
0.079101562500
-0.039550781250
-0.065429687500
0.004272460938
-0.048339843750
-0.012084960938
0.221679687500
-0.070800781250
-0.158203125000
-0.151367187500
-0.122070312500
0.084472656250
-0.111816406250
-0.247070312500
0.045166015625
0.023315429688
0.011718750000
-0.176757812500
0.118652343750
0.041259765625
-0.116699218750
0.113281250000
-0.080078125000
0.119140625000
-0.071777343750
-0.151367187500
0.181640625000
-0.068847656250
-0.003005981445
-0.128906250000
-0.335937500000
0.135742187500
0.065429687500
-0.104492187500
-0.115722656250
-0.056640625000
-0.010375976562
-0.100097656250
0.066406250000
0.096679687500
0.045654296875
-0.353515625000
0.000797271729
0.132812500000
-0.000766754150
0.129882812500
-0.691406250000
0.053222656250
-0.004302978516
0.053710937500
-0.049560546875
0.099609375000
-0.219726562500
-0.136718750000
-0.040039062500
-0.087890625000
-0.118652343750
-0.090820312500
0.219726562500
0.023681640625
0.005981445312
0.089355468750
-0.173828125000
-0.096191406250
0.074218750000
0.318359375000
0.114746093750
-0.088378906250
-0.060058593750
-0.163085937500
0.198242187500
-0.037353515625
-0.038330078125
-0.089355468750
0.036865234375
0.002685546875
0.105957031250
-0.220703125000
-0.040771484375
-0.093261718750
0.073730468750
0.064941406250
-0.100585937500
-0.115722656250
-0.022705078125
0.104980468750
-0.023803710938
0.150390625000
-0.007415771484
-0.113769531250
0.131835937500
-0.088867187500
0.058593750000
-0.106933593750
-0.250000000000
0.038574218750
-0.058593750000
-0.047363281250
-0.117675781250
-0.255859375000
-0.291015625000
0.039062500000
-0.001922607422
0.108398437500
-0.000144004822
-0.388671875000
0.007141113281
-0.112792968750
0.080078125000
0.330078125000
-0.570312500000
0.084472656250
-0.028076171875
-0.153320312500
-0.018188476562
0.104492187500
0.092285156250
-0.026611328125
-0.057861328125
0.031982421875
-0.073242187500
0.056396484375
-0.169921875000
0.092773437500
-0.022949218750
0.033203125000
-0.213867187500
-0.183593750000
0.231445312500
0.136718750000
-0.086914062500
-0.045654296875
-0.100097656250
0.016601562500
0.113281250000
0.013671875000
-0.035156250000
0.034667968750
-0.074707031250
0.046875000000
0.013671875000
0.058837890625
-0.009948730469
-0.040283203125
-0.079101562500
0.011230468750
-0.306640625000
-0.043945312500
0.060058593750
0.146484375000
0.022094726562
-0.259765625000
-0.111328125000
-0.072265625000
0.071777343750
-0.080566406250
-0.100585937500
0.049560546875
-0.192382812500
-0.157226562500
-0.177734375000
-0.033447265625
-0.058593750000
-0.349609375000
-0.086425781250
-0.123535156250
0.059326171875
0.049804687500
-0.332031250000
-0.037109375000
0.171875000000
0.028320312500
-0.018920898438
0.318359375000
-0.703125000000
0.088378906250
-0.105468750000
0.042236328125
0.132812500000
0.089355468750
0.019897460938
-0.134765625000
0.029785156250
0.118164062500
-0.104492187500
-0.139648437500
0.186523437500
0.168945312500
0.107421875000
-0.036865234375
-0.250000000000
-0.337890625000
-0.055175781250
-0.035156250000
0.089355468750
-0.046386718750
0.018310546875
0.029785156250
0.255859375000
0.111816406250
-0.226562500000
-0.072753906250
0.066406250000
0.165039062500
0.044921875000
-0.294921875000
-0.039794921875
-0.093750000000
0.090332031250
0.055175781250
0.044677734375
0.036865234375
-0.029174804688
0.353515625000
0.036376953125
-0.129882812500
-0.302734375000
-0.341796875000
0.045166015625
0.143554687500
-0.021728515625
-0.016845703125
-0.427734375000
-0.165039062500
-0.018188476562
-0.083984375000
0.020629882812
0.193359375000
-0.002029418945
-0.167968750000
0.024536132812
-0.070312500000
-0.037841796875
-0.125000000000
0.041503906250
0.059814453125
-0.029052734375
0.211914062500
-0.589843750000
0.031982421875
-0.169921875000
-0.078125000000
-0.013427734375
-0.219726562500
0.089355468750
-0.161132812500
-0.165039062500
-0.000984191895
-0.296875000000
-0.139648437500
-0.031738281250
-0.020385742188
0.164062500000
-0.033203125000
-0.242187500000
-0.386718750000
0.242187500000
0.236328125000
0.024658203125
-0.144531250000
0.031005859375
0.155273437500
0.216796875000
0.117187500000
0.043457031250
-0.038085937500
-0.045654296875
0.578125000000
0.084960937500
-0.343750000000
-0.251953125000
-0.080078125000
-0.226562500000
0.137695312500
-0.061279296875
-0.004211425781
0.001396179199
0.271484375000
-0.110839843750
-0.289062500000
0.152343750000
-0.148437500000
-0.075683593750
0.120117187500
-0.130859375000
-0.103027343750
-0.250000000000
-0.031250000000
-0.118652343750
0.001922607422
-0.265625000000
0.135742187500
-0.066894531250
-0.316406250000
-0.033447265625
0.040527343750
-0.055664062500
-0.057373046875
0.013549804688
-0.124511718750
-0.082519531250
0.000793457031
-0.546875000000
0.063476562500
0.110839843750
-0.061767578125
0.028442382812
-0.038574218750
-0.061279296875
-0.117187500000
0.204101562500
0.022338867188
0.015136718750
-0.078613281250
0.001121520996
0.000812530518
0.199218750000
0.141601562500
-0.404296875000
-0.172851562500
0.075195312500
0.081054687500
-0.024658203125
0.054931640625
0.025268554688
0.107421875000
0.051513671875
-0.063476562500
-0.136718750000
-0.014038085938
0.020751953125
0.112304687500
-0.037841796875
0.052246093750
-0.296875000000
-0.166015625000
0.053222656250
0.028320312500
-0.080078125000
-0.043701171875
0.087402343750
-0.051025390625
-0.025390625000
-0.308593750000
0.194335937500
-0.275390625000
0.047607421875
0.523437500000
-0.187500000000
0.046875000000
-0.384765625000
0.120605468750
0.054931640625
0.116210937500
-0.310546875000
0.135742187500
0.088378906250
-0.163085937500
0.017944335938
0.114257812500
-0.028686523438
-0.065429687500
-0.016967773438
-0.020874023438
-0.123046875000
-0.000961303711
-0.330078125000
0.008972167969
0.033691406250
-0.153320312500
-0.059570312500
-0.088867187500
-0.228515625000
0.003814697266
0.137695312500
-0.005218505859
-0.030273437500
-0.104492187500
0.061035156250
0.116210937500
-0.073730468750
-0.466796875000
-0.222656250000
-0.166992187500
0.086425781250
-0.087890625000
-0.146484375000
0.042724609375
-0.084472656250
-0.048583984375
-0.011779785156
-0.103027343750
0.008117675781
-0.125976562500
0.234375000000
0.076660156250
-0.090820312500
-0.028442382812
-0.161132812500
0.129882812500
-0.037109375000
-0.031738281250
-0.167968750000
-0.056884765625
-0.021484375000
-0.087890625000
0.012451171875
-0.168945312500
0.068359375000
-0.063964843750
0.034912109375
-0.166015625000
0.026855468750
-0.040283203125
-0.324218750000
0.071289062500
-0.296875000000
-0.121582031250
0.114257812500
-0.160156250000
0.091308593750
0.163085937500
0.028564453125
0.078125000000
-0.167968750000
0.157226562500
-0.052246093750
-0.104980468750
-0.059082031250
-0.091308593750
-0.071289062500
0.085937500000
-0.053955078125
-0.033203125000
-0.265625000000
0.003036499023
-0.021972656250
-0.005004882812
-0.025512695312
0.082519531250
-0.219726562500
0.011047363281
-0.068359375000
-0.039062500000
-0.005950927734
-0.006469726562
0.045166015625
0.070312500000
0.099609375000
0.091796875000
-0.156250000000
0.057861328125
0.043212890625
-0.018920898438
-0.025512695312
0.141601562500
0.023925781250
0.111816406250
-0.193359375000
0.051513671875
-0.010314941406
0.026855468750
-0.027832031250
0.030883789062
-0.025024414062
-0.140625000000
0.099609375000
-0.184570312500
0.036621093750
-0.048828125000
-0.099609375000
-0.011291503906
0.169921875000
0.013610839844
0.025390625000
-0.065917968750
0.059570312500
0.000122070312
0.009948730469
0.030517578125
-0.326171875000
-0.005371093750
0.131835937500
-0.273437500000
0.210937500000
-0.219726562500
0.207031250000
-0.132812500000
-0.025024414062
0.029907226562
-0.069335937500
-0.004913330078
0.008544921875
-0.071289062500
0.032470703125
0.009338378906
-0.007415771484
-0.105468750000
-0.087402343750
0.071289062500
-0.109863281250
-0.000568389893
-0.012573242188
-0.083984375000
-0.178710937500
-0.038330078125
-0.008605957031
0.065917968750
0.048339843750
-0.012145996094
0.061767578125
0.053222656250
-0.026611328125
0.152343750000
-0.131835937500
-0.047119140625
0.135742187500
-0.041015625000
0.088867187500
-0.112304687500
0.003402709961
0.025878906250
-0.117675781250
-0.026611328125
-0.029663085938
-0.029907226562
-0.074707031250
0.104492187500
0.007934570312
0.164062500000
0.069824218750
-0.202148437500
0.120117187500
-0.063964843750
-0.068359375000
-0.165039062500
0.008483886719
-0.511718750000
-0.014831542969
0.019775390625
0.063964843750
-0.040039062500
-0.146484375000
0.160156250000
-0.253906250000
0.030517578125
0.363281250000
-0.137695312500
0.039550781250
-0.227539062500
0.273437500000
-0.032226562500
-0.213867187500
0.095214843750
-0.015991210938
-0.131835937500
0.076660156250
-0.011108398438
0.145507812500
-0.069824218750
0.081542968750
-0.296875000000
0.098144531250
0.090820312500
-0.032958984375
0.029174804688
-0.114257812500
-0.127929687500
-0.136718750000
0.048339843750
-0.003417968750
0.020019531250
0.035888671875
-0.003173828125
0.187500000000
0.147460937500
0.099609375000
0.253906250000
-0.110351562500
-0.093750000000
0.125000000000
0.012695312500
0.224609375000
0.063964843750
0.027343750000
-0.084472656250
0.024291992188
0.055908203125
0.017822265625
-0.064453125000
-0.072753906250
-0.091796875000
-0.363281250000
0.117187500000
-0.025024414062
0.000003784895
0.059326171875
0.048339843750
-0.052978515625
0.259765625000
0.158203125000
-0.275390625000
0.040771484375
0.021362304688
0.033447265625
0.078613281250
-0.166992187500
0.225585937500
-0.306640625000
-0.149414062500
0.197265625000
-0.133789062500
0.098144531250
0.193359375000
-0.089355468750
-0.046875000000
-0.028076171875
0.127929687500
-0.076171875000
0.208984375000
0.153320312500
0.196289062500
-0.044921875000
-0.142578125000
-0.041992187500
-0.168945312500
0.010620117188
0.011718750000
-0.163085937500
0.024780273438
-0.099609375000
-0.136718750000
-0.312500000000
-0.046142578125
-0.112304687500
0.036865234375
0.062988281250
0.119140625000
0.028076171875
-0.515625000000
-0.139648437500
0.076660156250
-0.077636718750
-0.035644531250
0.006134033203
-0.047363281250
-0.076660156250
0.082031250000
-0.041748046875
0.101562500000
0.051269531250
-0.004943847656
-0.039550781250
0.039794921875
0.065917968750
-0.245117187500
0.166992187500
-0.104980468750
-0.002456665039
-0.127929687500
0.114746093750
0.097656250000
0.119140625000
0.158203125000
-0.229492187500
0.078613281250
-0.016723632812
0.018432617188
-0.253906250000
0.092285156250
-0.061523437500
0.155273437500
-0.233398437500
-0.037353515625
-0.175781250000
-0.233398437500
-0.018676757812
0.006958007812
0.371093750000
-0.106933593750
-0.096191406250
0.034423828125
0.098144531250
0.265625000000
0.076660156250
-0.008117675781
0.046142578125
0.029296875000
-0.048828125000
0.040771484375
0.030151367188
-0.045898437500
-0.072753906250
-0.134765625000
-0.043945312500
0.147460937500
-0.140625000000
-0.227539062500
-0.067382812500
0.171875000000
-0.003631591797
0.084960937500
-0.131835937500
-0.062988281250
0.072753906250
0.000062942505
-0.071777343750
0.062500000000
0.071777343750
0.124023437500
0.149414062500
0.065429687500
-0.046386718750
0.095214843750
0.005340576172
-0.036865234375
-0.015869140625
-0.345703125000
-0.265625000000
0.017333984375
0.155273437500
-0.004608154297
0.020751953125
0.150390625000
0.133789062500
0.203125000000
-0.112304687500
-0.087402343750
0.067382812500
-0.043701171875
0.011413574219
-0.134765625000
-0.341796875000
-0.080078125000
-0.287109375000
0.046142578125
-0.392578125000
0.148437500000
0.217773437500
-0.114746093750
0.029052734375
0.046630859375
0.125976562500
0.054443359375
0.032226562500
0.143554687500
-0.001197814941
-0.049316406250
-0.045654296875
-0.043701171875
0.002441406250
-0.020996093750
-0.052734375000
0.085449218750
0.122070312500
-0.244140625000
-0.018310546875
-0.149414062500
0.125976562500
0.065429687500
-0.324218750000
-0.273437500000
0.044921875000
-0.089355468750
0.001274108887
-0.022827148438
-0.111816406250
-0.056884765625
-0.027709960938
0.022583007812
0.081542968750
0.195312500000
0.000671386719
0.029296875000
0.043457031250
0.050537109375
-0.183593750000
0.292968750000
-0.022338867188
0.065917968750
-0.135742187500
-0.098144531250
0.140625000000
-0.115234375000
0.017700195312
-0.064941406250
-0.088867187500
0.142578125000
-0.072753906250
-0.054443359375
-0.271484375000
-0.098144531250
0.093261718750
0.098144531250
-0.218750000000
-0.108398437500
0.113281250000
0.041015625000
-0.367187500000
0.036865234375
-0.208007812500
0.004882812500
0.130859375000
-0.098632812500
0.123535156250
0.062500000000
0.165039062500
0.034179687500
-0.082519531250
0.084472656250
0.041503906250
0.031494140625
0.005157470703
-0.062500000000
-0.145507812500
0.033691406250
-0.107421875000
0.129882812500
0.029785156250
0.055908203125
-0.024169921875
0.006011962891
0.082031250000
-0.004486083984
-0.539062500000
-0.040527343750
-0.141601562500
0.038818359375
0.000675201416
-0.126953125000
-0.030517578125
0.044433593750
0.003753662109
-0.087402343750
-0.102539062500
0.087890625000
0.030761718750
-0.010803222656
0.109863281250
0.084472656250
-0.066894531250
0.173828125000
-0.025634765625
0.023803710938
0.103027343750
0.120605468750
0.034912109375
0.028564453125
0.055419921875
-0.105957031250
-0.027832031250
-0.096191406250
0.074707031250
-0.019653320312
-0.071289062500
-0.106445312500
0.174804687500
0.017578125000
-0.129882812500
0.071289062500
-0.156250000000
-0.013061523438
-0.253906250000
0.081054687500
-0.041992187500
0.076660156250
0.116210937500
-0.032714843750
-0.144531250000
-0.129882812500
-0.083496093750
0.005035400391
-0.113281250000
-0.087402343750
0.094726562500
-0.087890625000
-0.078125000000
-0.072265625000
0.071777343750
-0.062500000000
-0.018798828125
0.007232666016
-0.049316406250
-0.002365112305
-0.004821777344
0.018920898438
0.038574218750
0.087890625000
-0.029418945312
0.249023437500
-0.058349609375
-0.082031250000
-0.046630859375
0.001777648926
-0.013854980469
-0.100585937500
-0.058837890625
-0.101074218750
0.099121093750
0.064453125000
-0.039550781250
0.015258789062
0.060302734375
-0.150390625000
0.170898437500
0.218750000000
0.025268554688
-0.108398437500
0.257812500000
-0.275390625000
-0.040527343750
0.053955078125
0.013244628906
0.245117187500
0.065429687500
-0.011779785156
-0.084472656250
-0.026367187500
0.077636718750
0.150390625000
-0.008666992188
0.011047363281
-0.040039062500
-0.094238281250
-0.064941406250
-0.070312500000
0.007873535156
-0.183593750000
-0.152343750000
-0.088378906250
0.021850585938
0.040283203125
-0.169921875000
-0.078125000000
-0.031738281250
-0.068847656250
-0.063964843750
0.013366699219
-0.086914062500
0.135742187500
-0.087402343750
-0.170898437500
0.208984375000
0.027465820312
-0.051757812500
-0.433593750000
0.026367187500
-0.019287109375
0.007171630859
-0.066894531250
0.133789062500
-0.183593750000
-0.119628906250
0.000793457031
0.003677368164
-0.155273437500
0.086425781250
0.061767578125
0.050537109375
0.045166015625
-0.062255859375
-0.574218750000
0.022583007812
0.040039062500
-0.053955078125
-0.062988281250
-0.063964843750
0.201171875000
0.178710937500
-0.147460937500
0.075195312500
-0.195312500000
-0.001403808594
-0.127929687500
0.091796875000
-0.118164062500
-0.166015625000
-0.178710937500
-0.121093750000
0.029785156250
0.044189453125
-0.034423828125
0.098144531250
-0.180664062500
0.092285156250
0.089843750000
-0.062500000000
0.073242187500
-0.001502990723
0.010253906250
-0.049072265625
-0.218750000000
-0.078125000000
-0.104980468750
0.061767578125
-0.114257812500
-0.157226562500
-0.104492187500
0.074218750000
-0.001060485840
0.014892578125
-0.069335937500
0.089843750000
-0.124511718750
-0.081054687500
0.015014648438
0.181640625000
0.093750000000
-0.139648437500
0.204101562500
-0.046630859375
0.002197265625
-0.031494140625
-0.040283203125
-0.141601562500
0.131835937500
-0.213867187500
0.146484375000
0.195312500000
0.009033203125
0.046142578125
-0.029663085938
-0.163085937500
0.163085937500
-0.070312500000
-0.092285156250
0.046875000000
0.078613281250
0.024414062500
-0.060546875000
-0.121093750000
-0.058593750000
0.177734375000
-0.024902343750
0.061523437500
-0.021972656250
0.197265625000
-0.119140625000
-0.048828125000
-0.012573242188
0.159179687500
0.003005981445
-0.039306640625
0.035888671875
-0.086425781250
0.047119140625
0.039062500000
-0.205078125000
0.197265625000
0.003173828125
-0.075195312500
-0.036621093750
-0.000051021576
0.052734375000
0.041748046875
-0.116699218750
0.071289062500
-0.094726562500
0.007781982422
0.022338867188
0.161132812500
-0.139648437500
0.034667968750
-0.111816406250
-0.031005859375
-0.001152038574
-0.013854980469
0.066406250000
-0.123535156250
-0.142578125000
0.171875000000
0.058349609375
-0.078613281250
-0.080078125000
-0.009399414062
0.061523437500
0.024414062500
-0.065429687500
-0.202148437500
-0.050292968750
-0.020385742188
0.205078125000
0.037109375000
-0.024658203125
0.102050781250
-0.035644531250
0.034179687500
-0.065917968750
-0.056396484375
-0.052001953125
0.023071289062
-0.044189453125
-1.406250000000
0.060791015625
-0.083496093750
0.057373046875
0.147460937500
0.027099609375
-0.112304687500
-0.074218750000
0.095703125000
0.055664062500
-0.024047851562
0.101562500000
-0.208984375000
0.055908203125
-0.171875000000
0.012817382812
-0.155273437500
-0.163085937500
-0.139648437500
0.024536132812
0.001823425293
-0.014404296875
0.005065917969
-0.107910156250
-0.056884765625
0.169921875000
0.180664062500
-0.023071289062
-0.121582031250
-0.066406250000
-0.130859375000
-0.075683593750
-0.085449218750
-0.174804687500
0.043457031250
0.014221191406
0.115234375000
0.071289062500
0.049804687500
0.120117187500
0.116699218750
-0.107421875000
0.229492187500
0.041503906250
-0.040527343750
-0.031005859375
-0.010498046875
0.052978515625
0.144531250000
-1.265625000000
0.076171875000
-0.041748046875
0.033447265625
0.273437500000
0.335937500000
-0.006591796875
0.209960937500
-0.103515625000
0.174804687500
-0.063476562500
-0.117675781250
0.026855468750
-0.201171875000
-0.296875000000
-0.040039062500
-0.052001953125
0.100097656250
0.010620117188
0.042236328125
0.001106262207
0.049072265625
0.180664062500
0.106933593750
-0.068847656250
-0.180664062500
0.194335937500
-0.244140625000
-0.106933593750
0.071289062500
-0.087890625000
-0.082031250000
-0.128906250000
0.218750000000
0.070800781250
0.003799438477
0.028686523438
-0.126953125000
-0.353515625000
-0.119628906250
0.229492187500
-0.117187500000
0.038818359375
0.130859375000
-0.139648437500
0.013671875000
-0.028686523438
-0.052978515625
0.066894531250
0.013549804688
-0.023559570312
0.197265625000
-0.148437500000
0.090820312500
0.060546875000
-0.124511718750
-0.031738281250
-0.144531250000
0.047363281250
0.014282226562
-0.041748046875
0.026733398438
0.216796875000
0.053955078125
0.209960937500
0.118164062500
-0.092773437500
-0.065917968750
0.351562500000
0.306640625000
0.016479492188
-0.102050781250
-0.027832031250
0.126953125000
-0.015991210938
-0.019042968750
0.039550781250
-0.136718750000
0.030517578125
0.008544921875
-0.043701171875
0.154296875000
-0.155273437500
0.026611328125
0.033447265625
-0.131835937500
0.031982421875
0.198242187500
-0.016113281250
0.008483886719
0.084472656250
-0.133789062500
0.080566406250
0.187500000000
0.058105468750
0.010681152344
0.168945312500
0.184570312500
0.105957031250
-0.007049560547
0.072753906250
-0.082519531250
-0.310546875000
0.053466796875
-0.079589843750
-0.156250000000
0.086425781250
-0.069824218750
-0.174804687500
0.016601562500
0.034423828125
-0.102539062500
-0.125000000000
0.129882812500
-0.037597656250
0.166015625000
-0.026245117188
-0.277343750000
-0.058837890625
-0.146484375000
-0.130859375000
0.211914062500
-0.033691406250
0.009948730469
-0.013061523438
-0.129882812500
0.027343750000
-0.003067016602
0.040039062500
0.057128906250
-0.030517578125
0.220703125000
0.124511718750
-0.041259765625
-0.184570312500
-0.281250000000
0.013549804688
0.049560546875
-0.046386718750
0.047851562500
-0.050781250000
0.052246093750
0.010925292969
-0.078125000000
-0.056640625000
0.017944335938
-0.206054687500
0.145507812500
0.051513671875
-0.123535156250
-0.070312500000
0.285156250000
-0.121093750000
0.047607421875
0.055419921875
-0.004577636719
-0.068359375000
-0.566406250000
0.062500000000
-0.009277343750
-0.105468750000
0.036376953125
0.081542968750
-0.038818359375
0.002410888672
-0.205078125000
-0.078613281250
-0.090820312500
-0.033447265625
0.027465820312
-0.041748046875
0.050781250000
0.006896972656
-0.024780273438
-0.320312500000
-0.102539062500
-0.021728515625
-0.300781250000
0.107421875000
0.079589843750
0.209960937500
-0.029785156250
-0.054931640625
-0.181640625000
0.031494140625
0.075195312500
-0.008972167969
0.008483886719
0.048339843750
0.073730468750
-0.013366699219
-0.030395507812
0.064941406250
-0.132812500000
0.221679687500
0.021850585938
0.135742187500
0.166015625000
0.029174804688
-0.531250000000
0.092773437500
-0.171875000000
0.088867187500
0.050048828125
-0.003570556641
-0.131835937500
-0.061523437500
0.104003906250
0.089355468750
-0.063964843750
0.029296875000
0.145507812500
0.145507812500
-0.059326171875
0.086914062500
-0.222656250000
0.016479492188
0.154296875000
-0.038818359375
-0.121582031250
0.125000000000
-0.005523681641
0.079101562500
-0.040527343750
-0.003753662109
0.003234863281
-0.027221679688
-0.027709960938
-0.139648437500
0.136718750000
-0.462890625000
0.046142578125
-0.144531250000
-0.296875000000
0.020507812500
-0.279296875000
0.016967773438
0.000652313232
-0.142578125000
-0.062988281250
0.004669189453
-0.355468750000
-0.088378906250
-0.283203125000
0.068359375000
-0.050781250000
0.076171875000
-0.044677734375
-0.057861328125
-0.047851562500
-0.009826660156
0.076171875000
-0.332031250000
0.115722656250
-0.006469726562
-0.069335937500
-0.090820312500
-0.079589843750
0.237304687500
0.000310897827
0.244140625000
0.080566406250
0.033447265625
-0.326171875000
-0.061767578125
-0.169921875000
0.138671875000
0.142578125000
-0.102050781250
-0.191406250000
-0.051757812500
0.084472656250
0.106933593750
-0.045654296875
-0.070800781250
0.040771484375
0.003707885742
-0.190429687500
0.026977539062
-0.066406250000
-0.076171875000
0.135742187500
0.300781250000
-0.115722656250
-0.099609375000
0.026123046875
-0.060546875000
0.006805419922
-0.032714843750
0.094238281250
-0.058837890625
0.255859375000
0.007629394531
0.203125000000
0.139648437500
0.063964843750
-0.196289062500
0.196289062500
-0.086914062500
-0.283203125000
0.217773437500
0.088867187500
-0.207031250000
-0.200195312500
0.094238281250
-0.388671875000
0.071777343750
-0.582031250000
0.186523437500
0.031982421875
-0.019653320312
-0.095703125000
0.091796875000
-0.086914062500
-0.451171875000
0.069824218750
-0.259765625000
0.030517578125
0.013977050781
0.030273437500
-0.073730468750
-0.292968750000
0.035644531250
0.038085937500
0.086914062500
0.231445312500
-0.001350402832
-0.253906250000
-0.110839843750
0.210937500000
0.139648437500
-0.047851562500
-0.051757812500
-0.076660156250
-0.040527343750
0.005187988281
0.131835937500
-0.096191406250
-0.152343750000
0.039794921875
-0.075683593750
-0.198242187500
-0.015258789062
-0.131835937500
0.066406250000
-0.098632812500
0.310546875000
-0.018310546875
0.101074218750
0.007110595703
0.167968750000
0.388671875000
-0.047119140625
-0.029907226562
0.139648437500
0.149414062500
-0.169921875000
0.089843750000
-0.292968750000
0.120117187500
-0.030029296875
-0.200195312500
-0.184570312500
-0.110839843750
0.067871093750
0.210937500000
-0.425781250000
-0.218750000000
-0.018920898438
-0.213867187500
-0.148437500000
-0.322265625000
0.199218750000
-0.027099609375
0.072753906250
-0.092285156250
0.103515625000
-0.091308593750
-0.298828125000
0.059814453125
-0.055175781250
0.021728515625
0.059570312500
-0.185546875000
-0.227539062500
-0.373046875000
-0.050292968750
0.017944335938
0.028442382812
0.160156250000
0.086914062500
-0.480468750000
-0.054687500000
0.133789062500
0.208007812500
-0.259765625000
-0.025878906250
-0.068359375000
0.033691406250
0.000522613525
-0.123046875000
-0.090332031250
0.136718750000
-0.257812500000
0.118652343750
-0.261718750000
0.047851562500
0.112304687500
-0.427734375000
0.016723632812
0.188476562500
-0.122070312500
0.015991210938
-0.000373840332
-0.147460937500
-0.020019531250
0.154296875000
0.059326171875
0.141601562500
0.049072265625
-0.116699218750
0.009338378906
-0.013000488281
0.149414062500
-0.289062500000
-0.036376953125
-0.245117187500
-0.045410156250
0.068359375000
0.013488769531
-0.359375000000
-0.107421875000
0.067871093750
0.181640625000
0.073242187500
-0.241210937500
0.152343750000
-0.190429687500
-0.014892578125
-0.144531250000
-0.056396484375
0.049072265625
-0.057861328125
-0.011779785156
0.083007812500
0.090332031250
-0.539062500000
-0.174804687500
-0.318359375000
0.044189453125
-0.058593750000
0.170898437500
0.122070312500
0.186523437500
0.273437500000
-0.445312500000
-0.085449218750
-0.018310546875
0.000324249268
-0.205078125000
0.051025390625
0.065917968750
0.010986328125
0.004180908203
0.034912109375
-0.086914062500
0.050048828125
-0.130859375000
0.257812500000
0.067871093750
-0.005767822266
0.016601562500
-0.140625000000
0.273437500000
0.051513671875
-0.148437500000
-0.051269531250
0.083496093750
-0.318359375000
-0.041748046875
0.004730224609
0.107421875000
-0.291015625000
-0.056152343750
-0.279296875000
0.204101562500
-0.050781250000
0.161132812500
-0.373046875000
-0.072265625000
-0.092285156250
-0.128906250000
-0.002929687500
0.017822265625
-0.068359375000
-0.146484375000
0.168945312500
-0.088378906250
-0.032714843750
-0.291015625000
0.038085937500
0.324218750000
0.052490234375
-0.071289062500
0.125000000000
-0.145507812500
-0.106933593750
-0.039550781250
0.083984375000
-0.067871093750
-0.255859375000
-0.024414062500
-0.077148437500
0.178710937500
-0.115722656250
0.183593750000
0.078613281250
0.162109375000
0.079589843750
-0.414062500000
-0.296875000000
0.140625000000
-0.049072265625
0.075195312500
-0.011413574219
0.283203125000
0.012878417969
0.115234375000
0.044677734375
-0.326171875000
0.052734375000
-0.168945312500
0.221679687500
-0.140625000000
0.023925781250
-0.052001953125
0.047851562500
0.173828125000
0.058349609375
0.115722656250
0.011230468750
-0.119140625000
0.066406250000
-0.077636718750
-0.008544921875
0.025634765625
-0.108398437500
-0.140625000000
-0.335937500000
0.091308593750
-0.609375000000
0.152343750000
-0.476562500000
-0.098144531250
0.068359375000
-0.131835937500
-0.155273437500
-0.050537109375
-0.208007812500
-0.263671875000
-0.030761718750
0.053955078125
0.044677734375
-0.040771484375
0.147460937500
0.185546875000
-0.039550781250
-0.015991210938
0.104492187500
0.103515625000
0.027709960938
-0.107421875000
0.053222656250
-0.041503906250
0.066894531250
0.017089843750
0.001579284668
0.059326171875
-0.271484375000
0.205078125000
0.113281250000
0.165039062500
-0.021606445312
-0.539062500000
-0.073242187500
0.310546875000
0.007751464844
-0.172851562500
0.059814453125
-0.146484375000
-0.012145996094
0.075683593750
-0.046142578125
-0.193359375000
0.046142578125
-0.143554687500
0.226562500000
0.000789642334
0.178710937500
-0.072265625000
0.267578125000
-0.039062500000
0.071289062500
-0.015441894531
0.018066406250
-0.037841796875
-0.040039062500
0.037841796875
0.001129150391
0.028442382812
-0.116210937500
0.078125000000
-0.155273437500
0.253906250000
0.515625000000
0.149414062500
-0.333984375000
0.251953125000
0.152343750000
0.079589843750
-0.116699218750
-0.196289062500
0.228515625000
0.036376953125
-0.036376953125
-0.044189453125
-0.064941406250
0.115234375000
-0.017700195312
-0.026367187500
0.064941406250
0.023437500000
0.018066406250
-0.107421875000
-0.005279541016
-0.114257812500
0.104003906250
0.041992187500
0.054687500000
0.029052734375
0.065917968750
0.019531250000
0.065917968750
-0.147460937500
0.122070312500
0.024047851562
0.013610839844
-0.085449218750
-0.058837890625
0.061767578125
-0.049316406250
-0.314453125000
-0.151367187500
-0.032714843750
0.073242187500
0.053222656250
0.109863281250
0.070800781250
0.081542968750
0.069335937500
0.037109375000
-0.145507812500
-0.026489257812
0.009643554688
-0.060302734375
0.025024414062
0.045166015625
0.124023437500
-0.169921875000
-0.037109375000
-0.145507812500
0.021484375000
0.051269531250
0.009704589844
-0.261718750000
0.121582031250
-0.091308593750
-0.033447265625
0.075195312500
0.089355468750
-0.058349609375
-0.078613281250
0.001441955566
0.089843750000
-0.238281250000
0.017089843750
-0.070312500000
0.029541015625
0.069824218750
-0.058837890625
0.051757812500
0.075683593750
-0.378906250000
-0.213867187500
0.014526367188
0.004669189453
0.014465332031
-0.046630859375
-0.015625000000
0.200195312500
-0.064453125000
-0.040039062500
0.122558593750
0.034912109375
0.047607421875
-0.070312500000
0.016357421875
-0.141601562500
-0.128906250000
-0.115234375000
0.022583007812
-0.151367187500
0.006256103516
0.050292968750
-0.178710937500
-0.159179687500
-0.182617187500
-0.006011962891
0.057861328125
-0.010620117188
0.050781250000
0.138671875000
-0.412109375000
-0.102539062500
-0.213867187500
-0.041748046875
0.012268066406
-0.159179687500
0.089355468750
0.082031250000
-0.570312500000
0.041015625000
0.061523437500
0.179687500000
0.008544921875
-0.061035156250
0.065429687500
-0.058349609375
0.082031250000
-0.007537841797
0.045898437500
0.131835937500
-0.213867187500
-0.015869140625
-0.040771484375
-0.014770507812
0.152343750000
0.236328125000
0.048339843750
0.091308593750
0.083496093750
0.013732910156
0.067382812500
0.104003906250
0.273437500000
0.083007812500
-0.072753906250
0.106933593750
0.010742187500
0.026245117188
-0.042724609375
-0.121582031250
-0.065917968750
0.118652343750
0.310546875000
-0.001243591309
0.062500000000
-0.044677734375
0.086425781250
-0.085937500000
-0.052490234375
-0.414062500000
-0.134765625000
-0.072265625000
0.083007812500
-0.058837890625
-0.003234863281
-0.277343750000
-0.130859375000
-0.115722656250
-0.392578125000
0.155273437500
0.021850585938
-0.029418945312
0.076171875000
0.166992187500
-0.486328125000
-0.107421875000
0.042724609375
-0.008850097656
0.030517578125
-0.085449218750
0.157226562500
-0.125976562500
-0.330078125000
0.062988281250
0.098144531250
0.184570312500
-0.053222656250
-0.019775390625
-0.068359375000
-0.104980468750
0.195312500000
0.084472656250
0.053222656250
0.033447265625
-0.118652343750
0.128906250000
-0.122070312500
-0.129882812500
-0.042236328125
0.062500000000
0.197265625000
-0.107910156250
-0.129882812500
-0.125000000000
-0.167968750000
-0.154296875000
0.112792968750
-0.104492187500
-0.010559082031
-0.028808593750
-0.118652343750
-0.347656250000
-0.194335937500
-0.250000000000
-0.024047851562
-0.086914062500
0.085937500000
-0.009521484375
0.083984375000
-0.031982421875
-0.014709472656
-0.087402343750
-0.051513671875
-0.154296875000
0.035400390625
-0.072753906250
-0.086914062500
-0.209960937500
-0.032470703125
0.071289062500
-0.099609375000
-0.170898437500
-0.197265625000
0.010742187500
0.103027343750
0.233398437500
0.041259765625
-0.247070312500
-0.171875000000
-0.046875000000
0.068359375000
-0.113769531250
-0.051269531250
0.054687500000
0.159179687500
-0.359375000000
-0.107421875000
0.114746093750
0.120605468750
0.296875000000
-0.010986328125
0.113769531250
-0.100097656250
0.058593750000
0.119628906250
0.003677368164
0.133789062500
-0.008911132812
-0.096191406250
0.113281250000
0.097656250000
0.008361816406
-0.005493164062
0.201171875000
0.080566406250
-0.117675781250
0.045898437500
-0.060058593750
0.250000000000
0.081054687500
0.068359375000
0.093261718750
-0.012329101562
0.082519531250
-0.216796875000
-0.205078125000
-0.597656250000
-0.022094726562
-0.075195312500
0.184570312500
-0.034912109375
-0.292968750000
0.091308593750
-0.137695312500
-0.048095703125
-0.140625000000
-0.058349609375
-0.089843750000
0.106445312500
-0.088378906250
-0.064941406250
-0.130859375000
-0.283203125000
0.110351562500
0.007781982422
-0.032714843750
-0.230468750000
0.115234375000
0.169921875000
0.100585937500
0.104492187500
-0.322265625000
-0.004699707031
0.056396484375
0.068359375000
-0.066894531250
-0.204101562500
0.105468750000
0.015136718750
0.094238281250
-0.120605468750
0.069824218750
-0.047851562500
0.283203125000
0.083496093750
-0.201171875000
-0.076660156250
0.108398437500
-0.081542968750
-0.104980468750
-0.029418945312
0.009704589844
-0.050292968750
0.034423828125
0.176757812500
-0.259765625000
0.013061523438
0.022827148438
0.041015625000
-0.030517578125
0.132812500000
0.019409179688
0.170898437500
-0.128906250000
-0.029174804688
0.003601074219
0.045898437500
0.103515625000
-0.040039062500
0.132812500000
0.052734375000
0.069824218750
-0.087402343750
0.075683593750
0.136718750000
-0.369140625000
-0.112304687500
-0.267578125000
-0.008911132812
-0.084472656250
-0.084960937500
-0.060546875000
-0.028076171875
-0.186523437500
-0.275390625000
-0.116210937500
-0.012817382812
0.189453125000
-0.119628906250
0.026489257812
0.035888671875
0.167968750000
0.132812500000
0.109863281250
-0.029663085938
-0.328125000000
0.041748046875
-0.029663085938
-0.114746093750
-0.151367187500
-0.037841796875
0.052978515625
0.116210937500
0.159179687500
-0.109863281250
0.263671875000
-0.045410156250
0.018066406250
-0.101562500000
-0.034423828125
0.052978515625
-0.016235351562
-0.047363281250
-0.042968750000
0.032714843750
0.015197753906
0.166992187500
0.097167968750
0.168945312500
-0.179687500000
-0.001464843750
-0.092773437500
-0.106445312500
-0.018676757812
-0.032226562500
-0.131835937500
-0.033935546875
-0.016479492188
-0.030273437500
0.014099121094
0.072753906250
-0.003112792969
-0.073242187500
-0.093261718750
0.020385742188
0.104980468750
-0.058837890625
0.014770507812
-0.023925781250
-0.357421875000
0.039062500000
-0.022460937500
-0.022827148438
0.105957031250
-0.031250000000
0.022705078125
-0.009155273438
-0.085937500000
0.002258300781
-0.041015625000
-0.026855468750
0.095214843750
-0.141601562500
0.121582031250
0.041015625000
0.003631591797
0.145507812500
-0.139648437500
0.062988281250
-0.019287109375
-0.047119140625
-0.152343750000
0.078125000000
-0.051269531250
0.030395507812
0.090332031250
-0.012207031250
0.050537109375
-0.064941406250
-0.048828125000
-0.011230468750
0.018310546875
0.052246093750
-0.063476562500
0.067382812500
0.017211914062
-0.166015625000
-0.189453125000
-0.109375000000
0.162109375000
0.239257812500
0.219726562500
0.043212890625
-0.166992187500
0.007141113281
-0.071777343750
-0.148437500000
-0.087402343750
-0.054931640625
-0.028686523438
0.023071289062
0.036621093750
-0.020874023438
-0.108398437500
-0.057861328125
0.039550781250
0.067871093750
-0.178710937500
0.017822265625
0.097167968750
-0.075195312500
-0.202148437500
-0.124023437500
-0.097167968750
0.045898437500
-0.119628906250
-0.073242187500
0.019165039062
-0.057617187500
-0.294921875000
-0.128906250000
-0.110351562500
-0.071777343750
-0.127929687500
0.025268554688
0.070312500000
0.095214843750
0.028930664062
0.128906250000
-0.017944335938
-0.001678466797
-0.068847656250
-0.018920898438
0.002670288086
-0.119140625000
0.218750000000
-0.073730468750
0.041748046875
-0.219726562500
0.016845703125
0.115234375000
-0.047607421875
0.116210937500
-0.078125000000
-0.004028320312
-0.414062500000
0.050537109375
-0.052978515625
-0.022460937500
-0.099121093750
-0.039550781250
0.029663085938
0.271484375000
-0.076660156250
-0.029785156250
0.008422851562
0.029052734375
0.020263671875
0.139648437500
-0.045898437500
0.204101562500
-0.087890625000
-0.045898437500
-0.080566406250
0.041748046875
0.038818359375
-0.046875000000
0.098144531250
0.011901855469
0.004974365234
0.094726562500
-0.053710937500
0.030883789062
0.093261718750
-0.079589843750
-0.130859375000
-0.007598876953
-0.084960937500
0.003723144531
-0.027099609375
0.002380371094
-0.097167968750
-0.026123046875
-0.144531250000
-0.090820312500
0.052490234375
0.039306640625
0.065429687500
0.036376953125
-0.100585937500
-0.108398437500
0.020874023438
0.157226562500
0.057617187500
0.070312500000
-0.109375000000
-0.016357421875
0.052246093750
0.044189453125
0.186523437500
-0.083007812500
-0.049072265625
0.108398437500
0.157226562500
-0.151367187500
-0.000782012939
0.000227928162
-0.138671875000
0.052490234375
-0.197265625000
0.101562500000
0.034423828125
-0.062011718750
-0.049072265625
-0.246093750000
0.259765625000
0.106933593750
-0.039550781250
-0.012817382812
-0.118164062500
0.010131835938
0.136718750000
-1.265625000000
-0.283203125000
0.021118164062
-0.059570312500
-0.068359375000
-0.019409179688
0.062255859375
-0.054443359375
-0.152343750000
0.365234375000
0.036865234375
0.013793945312
-0.066894531250
-0.063476562500
-0.041992187500
0.127929687500
0.228515625000
-0.228515625000
0.077148437500
-0.060302734375
0.023437500000
-0.051269531250
0.025390625000
-0.025390625000
-0.203125000000
-0.172851562500
0.086425781250
-0.030639648438
-0.088867187500
0.025634765625
-0.008728027344
-0.230468750000
-0.562500000000
-0.038085937500
0.073730468750
-0.016235351562
0.010498046875
-0.118164062500
-0.020996093750
-0.026000976562
0.121093750000
0.069335937500
-0.158203125000
-0.009216308594
-0.050048828125
-0.072265625000
-0.014526367188
-0.072265625000
0.077148437500
-0.113769531250
-0.345703125000
-0.045654296875
0.115722656250
-0.034912109375
-0.048339843750
0.124023437500
0.008117675781
0.005096435547
0.285156250000
-0.098632812500
0.020141601562
-0.170898437500
0.091796875000
0.084960937500
-0.632812500000
0.019775390625
-0.014648437500
-0.068847656250
-0.100097656250
0.373046875000
0.061035156250
0.000843048096
-0.089355468750
0.061279296875
0.045654296875
0.174804687500
-0.085937500000
-0.143554687500
0.031982421875
0.058105468750
-0.011535644531
-0.183593750000
-0.122558593750
-0.202148437500
-0.044677734375
-0.095214843750
0.175781250000
0.001113891602
-0.120117187500
-0.111328125000
-0.131835937500
0.023071289062
0.009826660156
-0.074218750000
0.040039062500
-0.146484375000
-0.020141601562
-0.010864257812
0.036132812500
0.041015625000
0.205078125000
0.500000000000
-0.208984375000
0.010070800781
0.206054687500
0.081542968750
-0.034179687500
0.257812500000
0.054687500000
0.016845703125
0.154296875000
-0.074218750000
-0.251953125000
-0.205078125000
-0.367187500000
-0.209960937500
-0.051025390625
-0.046386718750
-0.185546875000
0.084960937500
0.007202148438
-0.162109375000
0.201171875000
0.172851562500
0.143554687500
-0.131835937500
0.159179687500
-0.167968750000
0.090820312500
-0.179687500000
-0.038330078125
-0.085937500000
0.351562500000
0.460937500000
0.102050781250
-0.075195312500
-0.068847656250
0.004730224609
0.139648437500
-0.034179687500
-0.219726562500
0.122558593750
-0.023071289062
-0.099121093750
-0.042236328125
-0.066894531250
0.012329101562
-0.164062500000
-0.312500000000
-0.060546875000
0.106933593750
-0.378906250000
-0.040283203125
-0.198242187500
-0.156250000000
-0.108398437500
-0.167968750000
-0.062500000000
0.052734375000
-0.016479492188
0.002380371094
-0.015991210938
-0.022949218750
0.062255859375
0.414062500000
0.080078125000
-0.208984375000
-0.292968750000
-0.001953125000
-0.033203125000
-0.097167968750
0.064453125000
-0.017578125000
0.024047851562
0.169921875000
-0.215820312500
-0.176757812500
-0.060546875000
-0.134765625000
-0.357421875000
0.095703125000
0.196289062500
-0.070312500000
0.072265625000
-0.031005859375
0.134765625000
0.142578125000
0.726562500000
-0.008789062500
0.041259765625
0.053710937500
-0.433593750000
0.010986328125
-0.064453125000
0.035156250000
-0.188476562500
0.174804687500
-0.202148437500
0.080078125000
-0.289062500000
0.065429687500
-0.036865234375
0.014282226562
0.026977539062
0.025024414062
-0.113281250000
-0.128906250000
-0.171875000000
0.017211914062
-0.053955078125
-0.031005859375
-0.247070312500
-0.219726562500
-0.073242187500
-0.115722656250
0.091796875000
-0.023803710938
-0.200195312500
-0.083984375000
-0.213867187500
0.083496093750
0.022827148438
-0.005401611328
0.148437500000
-0.050537109375
-0.067871093750
-0.027954101562
0.113281250000
0.019653320312
-0.016967773438
-0.008422851562
0.037353515625
-0.118652343750
-0.038818359375
0.028930664062
0.062988281250
-0.134765625000
0.178710937500
0.203125000000
0.001068115234
-0.203125000000
-0.034179687500
0.149414062500
-0.227539062500
0.139648437500
0.109863281250
-0.231445312500
-0.253906250000
0.011291503906
-0.005523681641
0.061279296875
-0.139648437500
-0.097656250000
0.004760742188
0.097167968750
-0.070312500000
-0.005889892578
-0.081542968750
0.013305664062
-0.058105468750
-0.084960937500
0.034912109375
0.066406250000
-0.131835937500
-0.015747070312
0.007293701172
-0.064941406250
0.044921875000
0.019409179688
-0.070800781250
-0.044189453125
0.023315429688
0.061035156250
-0.156250000000
0.006896972656
-0.176757812500
-0.016723632812
-0.124023437500
-0.056640625000
-0.003479003906
0.047607421875
-0.161132812500
-0.037353515625
-0.035156250000
-0.009399414062
0.077636718750
0.040771484375
-0.075195312500
-0.003662109375
-0.090332031250
0.023071289062
-0.008178710938
-0.027709960938
0.066894531250
-0.065429687500
0.101074218750
-0.209960937500
-0.166992187500
-0.062988281250
0.063964843750
-0.045410156250
0.326171875000
0.073242187500
-0.100585937500
-0.065917968750
-0.076660156250
0.108398437500
-0.072265625000
-0.135742187500
0.055664062500
-0.142578125000
-0.002761840820
-0.087890625000
-0.069824218750
0.201171875000
-0.006225585938
-0.111816406250
0.024902343750
0.078613281250
-0.055664062500
-0.124023437500
-0.074707031250
0.098144531250
-0.076660156250
0.057861328125
0.025268554688
-0.089355468750
-0.040527343750
0.039550781250
-0.052978515625
0.068359375000
0.030517578125
0.096191406250
0.007690429688
-0.051269531250
-0.072265625000
-0.008728027344
-0.102050781250
0.006286621094
0.000185966492
-0.051513671875
-0.135742187500
0.002456665039
0.125976562500
0.138671875000
0.085449218750
0.211914062500
0.014648437500
-0.143554687500
-0.003448486328
0.117675781250
0.023193359375
0.213867187500
-0.105468750000
-0.034667968750
0.029418945312
-0.078125000000
-0.227539062500
0.133789062500
0.052978515625
0.031494140625
0.030883789062
0.164062500000
-0.028442382812
-0.030517578125
0.029418945312
0.015747070312
-0.213867187500
-0.080078125000
0.222656250000
-0.261718750000
0.071777343750
-0.110839843750
-0.000305175781
-0.000984191895
-0.141601562500
0.130859375000
-0.070800781250
-0.013244628906
-0.015319824219
-0.020507812500
-0.145507812500
0.015014648438
0.126953125000
-0.043212890625
0.023437500000
0.135742187500
-0.010253906250
0.029296875000
-0.062255859375
-0.063964843750
-0.138671875000
0.006713867188
0.077636718750
-0.511718750000
-0.054443359375
0.129882812500
-0.025756835938
-0.002639770508
-0.081054687500
-0.064453125000
-0.165039062500
0.219726562500
-0.037841796875
0.015319824219
0.065917968750
0.029907226562
0.013000488281
0.096679687500
-0.206054687500
0.162109375000
0.073242187500
0.107421875000
-0.115722656250
0.114746093750
0.063964843750
-0.142578125000
-0.155273437500
-0.083496093750
0.020263671875
0.022705078125
-0.174804687500
0.026000976562
0.131835937500
-0.239257812500
0.047363281250
-0.855468750000
-0.026367187500
-0.047363281250
-0.008850097656
0.015075683594
-0.167968750000
-0.089355468750
0.038818359375
0.294921875000
0.044433593750
-0.074218750000
-0.021362304688
-0.093261718750
0.076171875000
0.123046875000
0.072265625000
0.076171875000
0.095214843750
0.070800781250
0.005645751953
-0.031738281250
-0.027709960938
0.195312500000
-0.039306640625
0.032470703125
-0.194335937500
0.007873535156
-0.002288818359
-0.105468750000
-0.228515625000
0.147460937500
0.519531250000
-0.133789062500
0.053955078125
0.088378906250
0.121093750000
0.024169921875
0.184570312500
0.052978515625
-0.199218750000
-0.142578125000
-0.055419921875
-0.025878906250
-0.018188476562
0.091796875000
0.316406250000
-0.036621093750
-0.166015625000
0.047363281250
0.015625000000
-0.080566406250
-0.130859375000
0.137695312500
-0.138671875000
-0.062255859375
-0.035400390625
-0.014465332031
-0.048583984375
-0.037109375000
-0.034179687500
0.142578125000
0.083496093750
0.550781250000
0.134765625000
-0.099121093750
-0.080566406250
0.002731323242
0.159179687500
0.030517578125
-0.240234375000
0.029663085938
0.008422851562
0.100585937500
0.082031250000
-0.126953125000
-0.026733398438
-0.042968750000
-0.027832031250
-0.158203125000
-0.238281250000
0.143554687500
0.030273437500
-0.221679687500
-0.039550781250
0.041992187500
0.105468750000
0.148437500000
0.102539062500
0.032226562500
-0.071777343750
0.178710937500
0.036376953125
-0.159179687500
-0.010681152344
0.122070312500
0.013366699219
0.024047851562
-0.024658203125
0.052978515625
-0.425781250000
-0.156250000000
0.090332031250
0.052978515625
0.153320312500
-0.010986328125
-0.072753906250
-0.139648437500
-0.024902343750
0.133789062500
-0.035644531250
0.156250000000
-0.248046875000
0.023559570312
0.009460449219
-0.009216308594
-0.095703125000
-0.053222656250
0.123535156250
-0.188476562500
0.195312500000
0.032470703125
-0.034912109375
0.106933593750
-0.269531250000
0.024291992188
0.169921875000
0.236328125000
0.058349609375
0.000545501709
-0.058593750000
-0.055908203125
-0.345703125000
0.048583984375
-0.324218750000
-0.005310058594
0.104980468750
-0.188476562500
0.117187500000
-0.269531250000
0.069824218750
-0.095703125000
-0.147460937500
-0.167968750000
-0.404296875000
-0.099121093750
-0.010375976562
0.106445312500
-0.126953125000
-0.156250000000
0.021484375000
0.003005981445
-0.065917968750
-0.126953125000
-0.021728515625
0.265625000000
-0.039306640625
-0.792968750000
-0.033447265625
-0.016357421875
0.019531250000
0.001037597656
0.049316406250
-0.871093750000
-0.382812500000
0.503906250000
-0.238281250000
-0.083984375000
0.112792968750
0.073242187500
-0.281250000000
0.013488769531
-0.080078125000
0.023315429688
0.431640625000
0.000740051270
-0.103515625000
-0.053466796875
-0.593750000000
0.173828125000
0.025878906250
0.054687500000
0.294921875000
0.061767578125
-0.049316406250
-0.032714843750
0.022949218750
0.143554687500
-0.081542968750
0.157226562500
0.023193359375
-0.000044345856
0.104003906250
0.016479492188
-0.141601562500
-0.248046875000
-0.527343750000
-0.113769531250
-0.063476562500
-0.014221191406
0.026367187500
-0.229492187500
0.096679687500
0.057128906250
0.179687500000
0.289062500000
0.090332031250
-0.037597656250
0.163085937500
0.230468750000
-0.093750000000
0.190429687500
0.222656250000
0.050781250000
0.208984375000
0.037109375000
-0.021972656250
-0.006896972656
0.061035156250
0.257812500000
-0.052978515625
0.009338378906
0.224609375000
0.058105468750
-0.023559570312
0.025024414062
0.182617187500
-0.423828125000
0.253906250000
-0.187500000000
-0.173828125000
0.047851562500
-0.027954101562
0.003829956055
-0.414062500000
-0.172851562500
-0.080566406250
0.015380859375
0.052246093750
0.019653320312
-0.052246093750
0.126953125000
-0.122558593750
0.020751953125
0.011169433594
0.051757812500
0.162109375000
0.156250000000
-0.185546875000
-0.030517578125
-0.129882812500
0.079589843750
0.005157470703
0.131835937500
0.187500000000
0.095214843750
0.089355468750
0.090820312500
-0.259765625000
-0.120117187500
0.028442382812
0.027099609375
-0.028808593750
-0.013244628906
0.043457031250
-0.138671875000
-0.025878906250
-0.048828125000
-0.154296875000
-0.041259765625
-0.166015625000
-0.012451171875
-0.013000488281
0.204101562500
0.086425781250
0.257812500000
-0.016479492188
-0.118652343750
-0.248046875000
-0.087890625000
-0.038085937500
-0.007629394531
0.032470703125
0.156250000000
-0.019165039062
-0.008300781250
0.076171875000
0.028808593750
-0.063964843750
0.043945312500
0.092285156250
0.095703125000
0.010070800781
0.009948730469
-0.115722656250
-0.024902343750
0.049804687500
-0.054199218750
-0.176757812500
0.005645751953
-0.046630859375
-0.026000976562
0.185546875000
0.119628906250
-0.075683593750
0.129882812500
-0.103515625000
0.096679687500
0.060791015625
-0.095214843750
0.159179687500
0.051025390625
-0.314453125000
0.007995605469
0.050781250000
0.070312500000
-0.218750000000
-0.003417968750
-0.019897460938
0.074707031250
0.004272460938
0.027099609375
-0.102050781250
-0.106933593750
-0.056152343750
0.007141113281
0.032958984375
-0.051025390625
-0.011291503906
-0.081054687500
0.113769531250
-0.038330078125
-0.037841796875
0.039550781250
0.048339843750
-0.078613281250
-0.073242187500
-0.001876831055
0.012145996094
-0.097656250000
-0.231445312500
-0.029418945312
0.042968750000
-0.057373046875
-0.021240234375
-0.045410156250
-0.016113281250
-0.016723632812
-0.079589843750
-0.010192871094
-0.061035156250
-0.058105468750
0.015258789062
0.027221679688
-0.034667968750
0.052978515625
-0.027709960938
0.027221679688
-0.131835937500
-0.067382812500
-0.018310546875
0.079101562500
0.074218750000
0.001800537109
-0.175781250000
0.022094726562
-0.143554687500
-0.071777343750
0.214843750000
0.011169433594
-0.118164062500
-0.053710937500
0.184570312500
0.065917968750
-0.126953125000
-0.003372192383
-0.210937500000
-0.292968750000
-0.012817382812
0.131835937500
-0.101074218750
-0.142578125000
0.214843750000
0.213867187500
-0.042724609375
0.068847656250
-0.337890625000
0.125000000000
0.016601562500
0.025878906250
-0.067382812500
-0.058349609375
-0.140625000000
0.087890625000
-0.025756835938
-0.067871093750
-0.166015625000
0.117675781250
0.169921875000
-0.086425781250
0.052001953125
-0.236328125000
-0.010253906250
-0.275390625000
0.150390625000
-0.035644531250
0.068847656250
0.092773437500
-0.007629394531
-0.077148437500
0.073730468750
0.015991210938
-0.059082031250
-0.030639648438
-0.091796875000
0.091796875000
-0.041015625000
-0.519531250000
-0.179687500000
0.109863281250
-0.126953125000
0.066894531250
-0.271484375000
0.104492187500
-0.045410156250
-0.019775390625
-0.098632812500
0.068847656250
-0.030761718750
-0.045410156250
0.012145996094
-0.004272460938
0.255859375000
-0.178710937500
-0.001968383789
-0.103515625000
0.017089843750
-0.104492187500
0.024536132812
0.166992187500
0.104980468750
-0.124023437500
0.056640625000
0.008300781250
0.016723632812
-0.107910156250
0.122070312500
-0.056152343750
0.037109375000
-0.142578125000
0.071289062500
-0.129882812500
-0.108398437500
0.130859375000
-0.129882812500
0.033447265625
-0.069824218750
0.195312500000
0.037841796875
-0.001098632812
-0.055419921875
0.006774902344
0.029052734375
0.097167968750
0.087402343750
-0.100585937500
0.029785156250
0.102539062500
0.048095703125
0.012634277344
-0.028320312500
0.062011718750
-0.542968750000
0.140625000000
0.007263183594
-0.038330078125
-0.113281250000
0.012451171875
-0.001884460449
-0.042236328125
0.621093750000
-0.355468750000
0.078125000000
0.064941406250
0.059814453125
-0.094726562500
-0.181640625000
0.123535156250
0.116210937500
-0.030395507812
0.110839843750
-0.070312500000
-0.028808593750
0.082519531250
-0.115722656250
0.028198242188
0.267578125000
0.166015625000
-0.086914062500
-0.027099609375
0.007354736328
-0.013000488281
-0.061523437500
0.018432617188
-0.168945312500
-0.009948730469
-0.097167968750
0.100585937500
-0.073730468750
0.022460937500
0.041992187500
-0.044433593750
0.085937500000
-0.168945312500
0.177734375000
-0.041503906250
-0.021362304688
0.020629882812
-0.056152343750
-0.023925781250
-0.115722656250
-0.001228332520
0.019165039062
-0.046630859375
-0.166015625000
0.115722656250
0.225585937500
0.032226562500
0.181640625000
-0.219726562500
0.005249023438
-0.131835937500
0.069824218750
0.093750000000
-0.314453125000
0.066894531250
0.108886718750
0.088867187500
-0.023925781250
-0.093750000000
0.034667968750
0.030395507812
-0.078613281250
0.043701171875
-0.156250000000
-0.082519531250
0.058837890625
0.201171875000
0.019653320312
-0.125976562500
-0.201171875000
0.147460937500
-0.048828125000
-0.002365112305
0.061035156250
0.162109375000
0.050781250000
-0.132812500000
-0.091796875000
0.012939453125
-0.017578125000
-0.051269531250
0.000892639160
-0.026611328125
0.082031250000
-0.112304687500
-0.090332031250
-0.148437500000
0.019287109375
-0.042480468750
-0.042968750000
0.038818359375
-0.059814453125
-0.048583984375
-0.013916015625
-0.265625000000
0.076171875000
-0.069335937500
0.062500000000
-0.146484375000
-0.077636718750
0.287109375000
-0.357421875000
0.167968750000
0.141601562500
-0.026611328125
-0.075195312500
0.086425781250
0.022338867188
0.205078125000
0.208984375000
0.019775390625
-0.062255859375
-0.010375976562
0.080078125000
-0.075195312500
0.201171875000
-0.039306640625
-0.073730468750
-0.103027343750
-0.008544921875
0.125000000000
0.013366699219
0.172851562500
0.118652343750
-0.011901855469
0.075195312500
0.006439208984
-0.057617187500
-0.037597656250
0.057861328125
-0.349609375000
-0.069824218750
-0.191406250000
0.071289062500
0.175781250000
-0.044433593750
-0.024047851562
0.079589843750
0.009399414062
-0.019287109375
0.107910156250
-0.171875000000
-0.089843750000
-0.202148437500
-0.092773437500
0.318359375000
0.109375000000
0.000911712646
-0.212890625000
0.099121093750
-0.015747070312
0.126953125000
0.133789062500
-0.124511718750
-0.107421875000
-0.170898437500
-0.542968750000
-0.173828125000
-0.133789062500
-0.018188476562
-0.271484375000
0.020263671875
-0.134765625000
0.145507812500
0.229492187500
-0.330078125000
-0.076660156250
-0.088867187500
-0.070312500000
0.000360488892
0.100097656250
-0.070312500000
0.287109375000
-0.135742187500
0.035644531250
-0.055175781250
-0.088867187500
0.196289062500
0.090820312500
0.084960937500
0.121582031250
0.086425781250
-0.026245117188
0.115234375000
-0.020507812500
-0.053710937500
0.269531250000
-0.095214843750
0.081542968750
-0.076171875000
-0.032226562500
0.145507812500
-0.035156250000
0.380859375000
0.072753906250
0.148437500000
-0.097656250000
0.298828125000
0.041259765625
-0.026123046875
-0.102539062500
0.062500000000
0.111328125000
0.046875000000
-0.036865234375
-0.057617187500
-0.000324249268
-0.043701171875
0.028808593750
0.212890625000
-0.058837890625
0.062988281250
0.060546875000
-0.125976562500
-0.062011718750
-0.096191406250
0.030395507812
0.056152343750
-0.017578125000
0.023071289062
-0.098632812500
-0.038330078125
0.026611328125
-0.074218750000
-0.014526367188
0.148437500000
0.027343750000
0.093261718750
0.051269531250
-0.410156250000
0.084960937500
-0.124023437500
0.024291992188
-0.086425781250
0.088867187500
-0.110351562500
0.062500000000
0.106445312500
0.044921875000
-0.115234375000
-0.077148437500
-0.292968750000
-0.248046875000
0.079101562500
0.067871093750
-0.127929687500
-0.091308593750
-0.144531250000
-0.122558593750
0.024902343750
-0.056396484375
0.034423828125
-0.075683593750
0.058837890625
-0.064453125000
0.091308593750
0.070312500000
-0.004364013672
0.248046875000
-0.047363281250
-0.004791259766
0.016845703125
-0.041748046875
-0.117675781250
-0.142578125000
0.025024414062
-0.034179687500
-0.115722656250
0.036865234375
-0.154296875000
-0.073242187500
0.019287109375
0.003326416016
-0.224609375000
0.022094726562
0.181640625000
-0.030029296875
0.162109375000
-0.041992187500
0.050537109375
0.104492187500
-0.241210937500
-0.080078125000
-0.037597656250
-0.001274108887
-0.083496093750
-0.020141601562
-0.112304687500
-0.093261718750
0.068359375000
-0.196289062500
0.081542968750
0.015747070312
-0.097167968750
-0.102539062500
0.101562500000
-0.013305664062
0.069824218750
-0.052734375000
-0.158203125000
0.036621093750
-0.043701171875
-0.175781250000
0.012084960938
-0.011169433594
-0.020019531250
0.176757812500
0.125976562500
-0.009277343750
-0.221679687500
-0.019531250000
0.036865234375
0.145507812500
-0.096191406250
0.139648437500
0.028930664062
0.033447265625
0.111816406250
-0.016845703125
-0.060546875000
-0.017578125000
-0.039794921875
0.044189453125
-0.158203125000
0.029174804688
0.058593750000
-0.095703125000
0.125976562500
-0.044189453125
-0.111328125000
-0.116699218750
-0.001434326172
0.007995605469
0.016845703125
0.008666992188
-0.053222656250
0.055419921875
0.220703125000
-0.024291992188
0.005157470703
-0.308593750000
-0.172851562500
-0.135742187500
-0.091796875000
0.124023437500
-0.118652343750
-0.082519531250
0.026367187500
-0.019042968750
-0.103515625000
0.131835937500
0.166015625000
0.060058593750
-0.004241943359
-0.051513671875
0.132812500000
0.033203125000
0.036132812500
0.022094726562
0.060546875000
-0.134765625000
-0.118164062500
0.087890625000
0.046875000000
0.059814453125
-0.215820312500
-0.219726562500
0.257812500000
0.026855468750
0.204101562500
-0.149414062500
0.060302734375
-0.083007812500
-0.312500000000
0.121093750000
-0.031127929688
-0.095703125000
0.003067016602
-0.056152343750
0.132812500000
-0.064453125000
-0.024658203125
0.085449218750
-0.205078125000
0.269531250000
-0.033935546875
0.088867187500
-0.034423828125
0.096679687500
0.094238281250
-0.023437500000
-0.025390625000
0.100585937500
0.009521484375
0.036865234375
-0.081054687500
-0.038574218750
-0.093750000000
-0.054199218750
-0.002471923828
-0.308593750000
-0.057373046875
-0.022094726562
-0.057861328125
-0.234375000000
0.072265625000
0.207031250000
-0.140625000000
0.152343750000
-0.018432617188
-0.118652343750
0.125976562500
-0.021728515625
-0.070312500000
-0.056884765625
0.141601562500
-0.054443359375
0.034912109375
-0.051269531250
-0.038330078125
-0.026733398438
-0.014099121094
0.063476562500
0.175781250000
-0.367187500000
0.041503906250
0.081054687500
0.121582031250
0.018432617188
-0.071777343750
-0.159179687500
0.113769531250
0.092773437500
0.101562500000
-0.119140625000
0.051269531250
-0.067871093750
-0.277343750000
-0.050292968750
0.118164062500
-0.207031250000
0.020507812500
0.082031250000
0.107421875000
-0.022460937500
0.002960205078
-0.273437500000
-0.267578125000
0.122070312500
-0.060791015625
0.052490234375
-0.102050781250
-0.017089843750
0.131835937500
-0.000404357910
-0.208007812500
0.071777343750
0.025634765625
-0.016601562500
0.062500000000
-0.053955078125
-0.168945312500
0.094238281250
0.058837890625
-0.427734375000
0.040771484375
-0.039550781250
0.174804687500
-0.199218750000
0.073242187500
-0.088378906250
-0.279296875000
0.025268554688
-0.104003906250
-0.048583984375
0.057128906250
0.011840820312
0.138671875000
0.102539062500
0.103027343750
-0.069335937500
0.011962890625
0.010620117188
-0.095214843750
-0.068359375000
0.022094726562
-0.200195312500
0.263671875000
-0.328125000000
-0.081054687500
-0.073242187500
0.277343750000
-0.003097534180
-0.044677734375
0.043701171875
0.208007812500
0.047363281250
0.070800781250
-0.037597656250
0.053222656250
0.024169921875
0.036621093750
-0.115722656250
0.164062500000
-0.275390625000
-0.032714843750
-0.009216308594
0.070312500000
-0.131835937500
-0.017456054688
-0.046630859375
0.024414062500
0.158203125000
-0.120117187500
-0.001037597656
0.136718750000
0.086425781250
0.117675781250
-0.100585937500
-0.316406250000
0.009155273438
-0.079101562500
-0.032714843750
-0.064941406250
-0.011657714844
-0.054931640625
0.214843750000
0.087402343750
-0.208007812500
0.231445312500
-0.138671875000
0.034912109375
-0.191406250000
-0.134765625000
0.139648437500
-0.061035156250
-0.067382812500
-0.009582519531
0.009460449219
0.355468750000
0.382812500000
0.003967285156
0.211914062500
-0.004608154297
-0.186523437500
-0.025756835938
-0.091796875000
-0.122070312500
0.066406250000
0.198242187500
-0.061523437500
0.050537109375
-0.039306640625
-0.147460937500
0.080566406250
-0.365234375000
0.147460937500
-0.194335937500
0.032226562500
0.162109375000
0.176757812500
0.104492187500
-0.208007812500
0.039794921875
0.050537109375
-0.159179687500
-0.004272460938
0.077148437500
0.127929687500
-0.092285156250
0.038574218750
0.093750000000
0.062988281250
0.208007812500
0.038085937500
-0.024536132812
0.049804687500
0.156250000000
0.143554687500
-0.166992187500
-0.047851562500
-0.099121093750
-0.004364013672
-0.019897460938
-0.052246093750
-0.069335937500
0.026977539062
-0.008544921875
-0.300781250000
0.283203125000
-0.169921875000
0.087402343750
-0.049072265625
-0.062988281250
-0.271484375000
0.083496093750
-0.143554687500
-0.310546875000
-0.088867187500
0.040039062500
-0.091796875000
-0.155273437500
0.237304687500
0.027709960938
0.291015625000
0.018188476562
-0.025878906250
-0.100097656250
0.015625000000
-0.145507812500
-0.088378906250
-0.073242187500
-0.126953125000
0.040039062500
0.174804687500
0.060546875000
-0.008666992188
-0.047851562500
-0.910156250000
-0.871093750000
-0.031127929688
-0.155273437500
-0.105468750000
0.011230468750
0.062500000000
0.349609375000
-0.127929687500
0.042724609375
-0.058349609375
-0.251953125000
-0.124511718750
0.104980468750
0.198242187500
0.269531250000
-0.026611328125
0.099609375000
-0.129882812500
0.169921875000
0.048339843750
-0.065429687500
-0.029907226562
0.142578125000
0.044677734375
0.029052734375
-0.044921875000
0.127929687500
0.026367187500
0.010742187500
-0.099609375000
-0.248046875000
-0.050048828125
-0.013122558594
-0.039550781250
0.151367187500
-0.059570312500
-0.023559570312
-0.192382812500
0.096191406250
-0.388671875000
0.128906250000
-0.171875000000
-0.131835937500
-0.009033203125
0.007446289062
-0.022460937500
-0.125000000000
0.102539062500
-0.100097656250
-0.103027343750
0.131835937500
0.008361816406
-0.018554687500
0.046630859375
0.566406250000
0.112792968750
-0.117187500000
-0.167968750000
-0.070800781250
-0.039062500000
-0.033691406250
0.045410156250
-0.030395507812
-0.929687500000
0.183593750000
0.106445312500
-0.091796875000
-0.163085937500
0.058105468750
0.094726562500
0.265625000000
0.051757812500
0.095214843750
-0.275390625000
-0.261718750000
0.022949218750
0.104980468750
0.160156250000
0.187500000000
-0.137695312500
0.132812500000
0.075195312500
0.181640625000
0.021606445312
-0.096191406250
-0.002792358398
-0.052490234375
0.015869140625
-0.068359375000
0.013793945312
0.199218750000
0.064453125000
-0.125976562500
-0.010437011719
-0.120605468750
0.023437500000
-0.064453125000
-0.089843750000
0.068847656250
-0.108398437500
0.043212890625
-0.102539062500
-0.109375000000
-0.041015625000
0.134765625000
-0.095703125000
0.004119873047
0.018188476562
-0.024780273438
-0.030395507812
-0.033447265625
-0.081542968750
0.004089355469
0.012023925781
-0.003890991211
-0.102050781250
0.045410156250
-0.153320312500
0.009826660156
-0.063476562500
-0.029663085938
-0.109863281250
-0.122070312500
0.039794921875
0.048339843750
0.011169433594
-0.220703125000
0.141601562500
0.033203125000
0.059326171875
-0.107910156250
-0.244140625000
0.314453125000
-0.060791015625
0.597656250000
0.013793945312
-0.068847656250
-0.186523437500
-0.277343750000
0.060791015625
0.375000000000
0.024902343750
-0.349609375000
-0.151367187500
-0.143554687500
-0.004486083984
-0.015319824219
-0.124511718750
-0.071289062500
-0.071777343750
0.052246093750
-0.093750000000
-0.050781250000
-0.207031250000
-0.012573242188
-0.223632812500
-0.179687500000
0.023315429688
0.040039062500
-0.237304687500
-0.028564453125
-0.069335937500
0.143554687500
0.201171875000
0.011901855469
-0.166015625000
-0.380859375000
-0.314453125000
-0.073730468750
-0.066406250000
0.089355468750
0.001441955566
0.029174804688
-0.080566406250
0.048583984375
0.390625000000
-0.137695312500
0.031005859375
0.028320312500
-0.240234375000
-0.302734375000
0.203125000000
-0.124511718750
-0.088867187500
0.101562500000
-0.087402343750
-0.193359375000
-0.296875000000
-0.103515625000
-0.137695312500
0.068847656250
-0.085937500000
-0.066894531250
-0.112304687500
0.069335937500
0.135742187500
0.171875000000
-0.118164062500
0.065917968750
0.068359375000
-0.022338867188
-0.023071289062
-0.018920898438
0.061035156250
-0.131835937500
-0.056396484375
-0.310546875000
-0.132812500000
-0.221679687500
-0.123535156250
0.109375000000
0.071289062500
-0.302734375000
0.007171630859
-0.059814453125
0.164062500000
0.004516601562
-0.277343750000
0.088378906250
-0.124511718750
-0.283203125000
0.010864257812
-0.042236328125
-0.326171875000
0.035644531250
-0.013305664062
0.022338867188
0.053466796875
0.181640625000
-0.198242187500
-0.257812500000
-0.064453125000
-0.102539062500
-0.034912109375
0.064941406250
-0.124023437500
0.086914062500
0.046630859375
0.052734375000
0.000686645508
-0.233398437500
-0.003646850586
0.089355468750
-0.196289062500
0.140625000000
0.037353515625
-0.145507812500
0.082031250000
-0.057861328125
0.114746093750
-0.281250000000
0.131835937500
-0.074218750000
-0.191406250000
-0.125000000000
0.021484375000
-0.178710937500
0.068359375000
0.061767578125
-0.094238281250
-0.160156250000
-0.104492187500
-0.132812500000
0.021972656250
0.081054687500
-0.018554687500
-0.035644531250
-0.028930664062
0.047363281250
-0.048339843750
-0.292968750000
0.055419921875
-0.174804687500
0.137695312500
0.110839843750
0.042236328125
-0.490234375000
0.000356674194
-0.044189453125
-0.006622314453
-0.073242187500
0.064941406250
-0.126953125000
-0.208984375000
-0.123535156250
0.061035156250
-0.032714843750
-0.281250000000
0.066406250000
-0.046875000000
0.164062500000
-0.038330078125
-0.150390625000
-0.086425781250
-0.205078125000
-0.294921875000
0.105468750000
0.001426696777
-0.030883789062
0.062255859375
0.176757812500
-0.100097656250
0.143554687500
0.073242187500
-0.143554687500
0.058105468750
0.119140625000
-0.173828125000
0.117187500000
0.016479492188
-0.089843750000
0.108886718750
0.125000000000
-0.033691406250
-0.069335937500
0.050781250000
-0.191406250000
-0.182617187500
0.152343750000
-0.087890625000
0.079101562500
-0.007537841797
0.063964843750
0.003494262695
-0.014892578125
0.005706787109
-0.075195312500
0.096191406250
-0.054199218750
-0.072265625000
0.156250000000
0.007873535156
0.605468750000
-0.320312500000
-0.320312500000
-0.138671875000
-0.112304687500
-0.096679687500
0.126953125000
0.163085937500
0.034179687500
0.137695312500
-0.117675781250
-0.082031250000
-0.106933593750
-0.066406250000
0.034179687500
-0.018554687500
-0.080566406250
0.123046875000
0.000086307526
-0.220703125000
0.040039062500
0.087890625000
-0.086914062500
0.261718750000
0.010864257812
-0.324218750000
-0.187500000000
-0.129882812500
0.108398437500
-0.047119140625
0.165039062500
0.010559082031
-0.244140625000
-0.125976562500
-0.015625000000
0.100585937500
-0.069335937500
-0.068359375000
0.156250000000
-0.296875000000
-0.082519531250
-0.296875000000
-0.066894531250
0.033691406250
0.018066406250
0.181640625000
-0.229492187500
0.126953125000
0.045410156250
0.080566406250
0.034667968750
-0.086425781250
0.050781250000
0.099609375000
0.121093750000
-0.067871093750
-0.007629394531
0.067382812500
0.044921875000
0.020141601562
-0.016113281250
-0.032470703125
-0.081542968750
-0.060302734375
0.076660156250
-0.211914062500
-0.314453125000
0.197265625000
0.161132812500
0.052001953125
0.022338867188
0.135742187500
0.088378906250
0.027587890625
-0.131835937500
-0.040039062500
-0.246093750000
-0.083984375000
-0.148437500000
-0.136718750000
-0.127929687500
0.083496093750
0.048828125000
-0.160156250000
-0.019775390625
0.071777343750
-0.046630859375
-0.006561279297
0.019775390625
-0.215820312500
-0.230468750000
-0.145507812500
-0.096679687500
-0.048339843750
0.145507812500
-0.020385742188
-0.104980468750
-0.211914062500
-0.041748046875
0.036132812500
-0.165039062500
-0.160156250000
0.162109375000
-0.147460937500
-0.027221679688
-0.182617187500
-0.108398437500
0.083984375000
0.157226562500
0.023193359375
0.095214843750
0.061035156250
-0.049804687500
-0.192382812500
-0.050781250000
-0.232421875000
-0.154296875000
-0.007324218750
-0.083984375000
0.042724609375
0.089843750000
-0.071289062500
-0.192382812500
0.085937500000
-0.124511718750
-0.066894531250
-0.126953125000
-0.034667968750
0.197265625000
-0.044189453125
-0.265625000000
0.056640625000
-0.092773437500
-0.046630859375
0.182617187500
0.156250000000
0.159179687500
-0.059570312500
-0.207031250000
-0.199218750000
-0.279296875000
0.046875000000
0.090820312500
-0.066406250000
0.015380859375
0.054931640625
-0.015991210938
-0.378906250000
-0.162109375000
-0.029174804688
0.125976562500
0.081542968750
0.005859375000
-0.239257812500
-0.156250000000
-0.289062500000
-0.024536132812
-0.057128906250
0.155273437500
-0.029541015625
0.049560546875
-0.214843750000
0.052978515625
-0.062255859375
-0.020751953125
-0.001914978027
-0.021850585938
-0.055419921875
-0.012207031250
-0.211914062500
-0.150390625000
-0.013122558594
0.175781250000
0.001548767090
-0.086425781250
0.043457031250
-0.019775390625
-0.283203125000
0.092773437500
0.007598876953
-0.099609375000
0.087402343750
-0.017822265625
-0.199218750000
0.062988281250
0.038085937500
0.031250000000
0.044677734375
-0.027832031250
-0.049072265625
-0.009765625000
-0.035888671875
0.202148437500
-0.004882812500
-0.233398437500
-0.096679687500
-0.104980468750
-0.025146484375
0.167968750000
0.143554687500
0.023681640625
-0.071289062500
-0.083496093750
0.044677734375
-0.281250000000
-0.275390625000
0.102050781250
-0.190429687500
-0.058593750000
-0.058105468750
-0.017089843750
-0.375000000000
-0.086425781250
-0.081542968750
0.100585937500
0.143554687500
-0.048095703125
-0.077148437500
-0.388671875000
-0.067382812500
-0.184570312500
-0.110351562500
0.136718750000
-0.112304687500
-0.082031250000
-0.245117187500
0.179687500000
-0.061523437500
-0.029785156250
0.079589843750
-0.125000000000
-0.222656250000
-0.210937500000
-0.224609375000
-0.003265380859
0.084472656250
0.057128906250
0.021728515625
-0.094726562500
-0.275390625000
0.005432128906
-0.302734375000
0.100097656250
-0.071777343750
-0.302734375000
0.083007812500
0.039062500000
-0.008544921875
0.161132812500
0.083007812500
0.109863281250
-0.020507812500
-0.004089355469
-0.190429687500
0.147460937500
-0.026000976562
0.058837890625
-0.159179687500
-0.078125000000
0.000812530518
0.045898437500
0.025756835938
-0.068359375000
-0.102539062500
0.100097656250
-0.021240234375
0.002853393555
-0.067382812500
-0.159179687500
-0.191406250000
0.122070312500
-0.209960937500
-0.082031250000
-0.092285156250
-0.077148437500
-0.152343750000
0.017211914062
0.107910156250
0.054443359375
0.078613281250
0.130859375000
-0.149414062500
0.145507812500
-0.134765625000
0.123535156250
0.000293731689
0.134765625000
-0.112304687500
0.153320312500
0.080566406250
-0.322265625000
0.070312500000
-0.043945312500
-0.092285156250
-0.066406250000
0.072753906250
-0.269531250000
-0.049560546875
0.132812500000
-0.002609252930
0.092773437500
-0.061523437500
-0.104492187500
-0.098144531250
0.014892578125
-0.131835937500
-0.072265625000
-0.361328125000
0.123046875000
-0.087402343750
0.079589843750
0.155273437500
0.084472656250
-0.064453125000
-0.179687500000
-0.098632812500
0.007293701172
0.004150390625
0.082519531250
0.195312500000
0.109375000000
-0.159179687500
0.046386718750
0.037597656250
0.237304687500
0.010498046875
-0.037597656250
0.220703125000
-0.118164062500
-0.070312500000
0.010437011719
0.132812500000
-0.025390625000
0.053466796875
-0.125000000000
-0.632812500000
-0.028442382812
-0.128906250000
-0.116699218750
-0.067871093750
-0.054687500000
-0.067871093750
-0.061279296875
-0.070312500000
0.111816406250
0.109375000000
-0.130859375000
0.058837890625
0.166015625000
-0.218750000000
0.080078125000
-0.023925781250
-0.061767578125
0.063964843750
-0.110839843750
-0.204101562500
0.076171875000
-0.012939453125
-0.026855468750
-0.162109375000
0.152343750000
0.058837890625
0.089843750000
0.148437500000
0.121093750000
-0.083984375000
-0.108886718750
-0.308593750000
-0.195312500000
0.045166015625
0.041015625000
-0.234375000000
0.044433593750
-0.164062500000
0.076660156250
0.158203125000
0.166992187500
-0.019531250000
-0.345703125000
-0.176757812500
0.222656250000
0.053466796875
0.149414062500
0.071777343750
-0.025268554688
-0.365234375000
0.032470703125
-0.009033203125
0.068359375000
-0.041259765625
-0.148437500000
0.016113281250
-0.138671875000
-0.040771484375
0.090820312500
0.044921875000
-0.179687500000
-0.018310546875
0.068359375000
-0.339843750000
-0.215820312500
0.034179687500
-0.087890625000
-0.149414062500
-0.148437500000
0.087402343750
-0.001022338867
0.114746093750
-0.184570312500
0.071777343750
0.044921875000
-0.008544921875
0.117187500000
-0.125976562500
0.095214843750
-0.049560546875
0.193359375000
0.062255859375
-0.098144531250
-0.020751953125
-0.000648498535
0.092773437500
-0.069824218750
-0.007415771484
-0.020507812500
-0.123535156250
0.064941406250
0.165039062500
0.225585937500
0.003082275391
0.123535156250
-0.160156250000
0.033203125000
-0.000976562500
-0.083496093750
-0.275390625000
0.100097656250
0.046142578125
-0.017700195312
0.127929687500
0.269531250000
-0.082031250000
-0.211914062500
-0.190429687500
0.375000000000
0.113769531250
-0.034912109375
0.113769531250
-0.075195312500
-0.005432128906
0.175781250000
0.099121093750
-0.065917968750
-0.098144531250
0.055664062500
0.085449218750
-0.002136230469
-0.246093750000
-0.019897460938
0.007690429688
0.182617187500
0.073242187500
-0.126953125000
-0.009155273438
-0.082519531250
-0.088378906250
-0.130859375000
-0.134765625000
-0.089355468750
0.019287109375
-0.012023925781
0.160156250000
0.279296875000
0.025024414062
0.172851562500
0.166015625000
0.077148437500
-0.077636718750
0.116210937500
0.049316406250
-0.038818359375
-0.025024414062
-0.057128906250
0.023681640625
0.055908203125
-0.050781250000
0.021484375000
-0.092285156250
0.211914062500
-0.113281250000
0.139648437500
0.142578125000
0.109863281250
-0.112792968750
-0.017822265625
-0.123046875000
-0.044189453125
0.002380371094
0.083984375000
-0.155273437500
-0.224609375000
0.041503906250
-0.045410156250
0.051513671875
0.094238281250
0.023925781250
-0.318359375000
-0.213867187500
0.099609375000
-0.037597656250
-0.038330078125
0.022949218750
-0.111328125000
-0.112304687500
-0.083007812500
0.048583984375
0.018310546875
0.086914062500
0.022705078125
0.052978515625
-0.009277343750
-0.172851562500
0.207031250000
0.093750000000
-0.033935546875
-0.005096435547
0.089843750000
0.123535156250
0.008728027344
0.116210937500
0.019897460938
-0.131835937500
-0.071289062500
0.008972167969
0.025756835938
0.089843750000
0.205078125000
0.055908203125
0.069335937500
0.145507812500
0.070800781250
-0.049560546875
-0.052001953125
0.101562500000
-0.018798828125
0.018432617188
-0.090332031250
0.019531250000
-0.091796875000
-0.025878906250
0.033935546875
-0.069824218750
-0.175781250000
-0.027465820312
-0.025390625000
0.106445312500
0.105957031250
-0.190429687500
0.181640625000
-0.087402343750
-0.022949218750
0.091308593750
0.069335937500
-0.332031250000
-0.113281250000
0.040039062500
0.018188476562
0.136718750000
0.121093750000
-0.275390625000
-0.320312500000
-0.125976562500
-0.021606445312
0.137695312500
-0.097656250000
0.146484375000
0.022216796875
-0.089843750000
0.120605468750
-0.201171875000
-0.002685546875
0.072265625000
0.126953125000
0.080078125000
-0.079589843750
-0.137695312500
0.007995605469
0.070312500000
-0.069335937500
-0.024780273438
-0.068359375000
-0.333984375000
-0.107910156250
-0.075195312500
-0.056396484375
-0.116210937500
-0.056152343750
0.012329101562
-0.026977539062
0.081542968750
-0.099121093750
-0.082031250000
-0.032714843750
0.273437500000
0.230468750000
-0.079589843750
0.233398437500
-0.107910156250
-0.039794921875
0.028686523438
-0.212890625000
0.080566406250
-0.007934570312
0.074707031250
0.049804687500
-0.088867187500
0.224609375000
0.144531250000
0.109863281250
0.072265625000
0.152343750000
-0.066406250000
0.034912109375
-0.243164062500
-0.206054687500
-0.194335937500
0.008117675781
-0.215820312500
0.083496093750
-0.104003906250
0.041748046875
0.128906250000
0.060302734375
0.054199218750
-0.263671875000
-0.165039062500
-0.324218750000
-0.040527343750
-0.021728515625
-0.072753906250
-0.117675781250
-0.013183593750
-0.051757812500
-0.026245117188
0.130859375000
0.110351562500
-0.085937500000
-0.134765625000
-0.168945312500
-0.138671875000
0.246093750000
-0.012390136719
0.022583007812
0.265625000000
0.074707031250
-0.216796875000
-0.067871093750
0.037109375000
-0.042236328125
-0.116210937500
-0.049072265625
0.050781250000
-0.034179687500
-0.142578125000
0.061523437500
0.003524780273
0.119628906250
-0.153320312500
0.201171875000
-0.271484375000
0.089355468750
0.002883911133
0.079589843750
0.104980468750
-0.012634277344
-0.143554687500
0.006683349609
-0.203125000000
-0.111816406250
0.228515625000
-0.243164062500
-0.012329101562
0.122070312500
0.089843750000
0.186523437500
-0.167968750000
-0.021240234375
-0.269531250000
0.294921875000
0.158203125000
0.142578125000
-0.431640625000
0.119140625000
-0.126953125000
-0.084472656250
0.169921875000
0.053466796875
0.006195068359
-0.261718750000
-0.204101562500
-0.005218505859
-0.054443359375
0.057373046875
-0.142578125000
0.108886718750
0.019653320312
-0.064941406250
-0.070312500000
-0.125000000000
0.193359375000
-0.022583007812
0.166992187500
0.113769531250
-0.210937500000
-0.100097656250
-0.138671875000
-0.176757812500
-0.034667968750
-0.062988281250
-0.061279296875
-0.335937500000
0.059326171875
-0.021606445312
-0.101562500000
0.129882812500
0.065429687500
0.014526367188
0.157226562500
0.157226562500
0.084960937500
0.158203125000
0.136718750000
0.218750000000
0.075195312500
0.057373046875
-0.080078125000
0.091308593750
0.002670288086
-0.116210937500
-0.184570312500
-0.194335937500
-0.070800781250
-0.273437500000
0.181640625000
0.084960937500
-0.085449218750
-0.168945312500
0.010986328125
0.124023437500
0.171875000000
-0.172851562500
-0.118164062500
-0.072753906250
-0.185546875000
-0.059814453125
0.009033203125
-0.150390625000
-0.310546875000
0.190429687500
-0.086914062500
-0.636718750000
0.113281250000
-0.231445312500
-0.460937500000
-0.482421875000
-0.013916015625
-0.138671875000
-0.123535156250
0.034667968750
-0.099121093750
0.083984375000
-0.124023437500
-0.070312500000
-0.015991210938
-0.064453125000
0.135742187500
-0.049316406250
-0.032958984375
-0.007110595703
-0.114746093750
0.001388549805
-0.014465332031
0.124023437500
-0.079101562500
0.054687500000
0.094726562500
-0.103027343750
0.109863281250
-0.044677734375
-0.003829956055
-0.049804687500
0.052978515625
-0.053222656250
-0.131835937500
0.090332031250
-0.059570312500
0.044189453125
0.068359375000
-0.014770507812
-0.154296875000
-0.148437500000
-0.006896972656
-0.109375000000
-0.035156250000
-0.000823974609
0.063964843750
-0.316406250000
-0.010314941406
-0.056884765625
-0.281250000000
-0.087402343750
-0.161132812500
0.047851562500
0.141601562500
-0.017944335938
-0.202148437500
-0.127929687500
-0.027587890625
0.007476806641
-0.050537109375
-0.068359375000
-0.291015625000
-0.208007812500
0.197265625000
0.298828125000
-0.206054687500
0.029296875000
0.170898437500
0.019653320312
0.004821777344
-0.025634765625
-0.158203125000
-0.000846862793
-0.047851562500
0.002288818359
-0.097656250000
-0.083984375000
-0.042724609375
-0.122558593750
0.132812500000
-1.593750000000
-0.048095703125
-0.042236328125
-0.125000000000
-0.167968750000
-0.337890625000
-0.042480468750
-0.037109375000
0.005737304688
-0.186523437500
0.022827148438
0.016113281250
0.109375000000
-0.025024414062
-0.047607421875
0.108398437500
0.014465332031
0.054199218750
0.025512695312
0.010559082031
-0.009155273438
0.191406250000
-0.095703125000
-0.147460937500
-0.223632812500
-0.064453125000
-0.010009765625
-0.106445312500
-0.147460937500
0.142578125000
-0.330078125000
0.004760742188
0.086425781250
-0.302734375000
-0.011901855469
-0.189453125000
0.034179687500
0.121093750000
0.074707031250
0.015380859375
-0.133789062500
0.029418945312
-0.027709960938
0.084472656250
0.130859375000
-0.094726562500
-0.186523437500
0.053222656250
-0.058593750000
-0.109375000000
-0.120605468750
-0.040771484375
-0.166992187500
0.196289062500
-0.322265625000
-0.208984375000
0.128906250000
-0.006530761719
0.015502929688
-0.023803710938
-0.174804687500
0.067382812500
-0.226562500000
0.142578125000
-1.312500000000
-0.174804687500
-0.006134033203
-0.169921875000
-0.240234375000
-0.324218750000
0.015747070312
-0.139648437500
-0.074218750000
-0.066894531250
0.069824218750
0.200195312500
0.043701171875
0.046386718750
-0.121582031250
0.049560546875
-0.035156250000
0.070800781250
0.027954101562
0.001983642578
0.054199218750
0.169921875000
-0.157226562500
0.056884765625
-0.269531250000
0.086425781250
-0.166992187500
-0.131835937500
-0.318359375000
0.173828125000
-0.257812500000
0.007110595703
0.061035156250
-0.167968750000
-0.324218750000
-0.033691406250
-0.131835937500
0.101562500000
0.131835937500
-0.100097656250
-0.016845703125
0.182617187500
-0.050781250000
0.079589843750
0.074218750000
-0.035888671875
0.056884765625
0.108398437500
0.166992187500
0.008117675781
0.114746093750
0.128906250000
0.083007812500
0.123535156250
-0.172851562500
-0.153320312500
0.043212890625
0.021728515625
0.004699707031
-0.125976562500
-0.179687500000
-0.005920410156
-0.149414062500
0.066894531250
-0.114257812500
0.119628906250
0.019287109375
-0.085937500000
-0.098632812500
-0.269531250000
-0.118652343750
-0.083984375000
-0.061279296875
-0.052978515625
-0.011047363281
0.208984375000
-0.009155273438
-0.082519531250
-0.010559082031
0.123046875000
0.257812500000
-0.133789062500
0.079101562500
0.083007812500
0.015625000000
0.201171875000
-0.010131835938
-0.151367187500
0.047119140625
0.106445312500
0.008178710938
-0.103027343750
-0.263671875000
0.181640625000
-0.396484375000
0.072753906250
0.009460449219
-0.050048828125
-0.071289062500
-0.000831604004
-0.067382812500
-0.026245117188
-0.063964843750
-0.123046875000
0.082519531250
-0.055175781250
0.026489257812
-0.065429687500
-0.044677734375
0.146484375000
-0.033691406250
0.146484375000
-0.049316406250
0.027221679688
0.051025390625
0.116699218750
0.226562500000
0.060058593750
0.063476562500
-0.263671875000
-0.018798828125
0.034667968750
0.095703125000
-0.152343750000
-0.265625000000
0.130859375000
-0.160156250000
0.152343750000
0.077636718750
0.047851562500
0.016479492188
0.032958984375
-0.184570312500
-0.085449218750
0.020629882812
-0.253906250000
0.076171875000
0.001747131348
-0.008422851562
0.050537109375
-0.159179687500
-0.026855468750
0.086914062500
0.173828125000
0.018798828125
-0.150390625000
0.002670288086
0.150390625000
0.143554687500
0.204101562500
0.034423828125
0.013305664062
-0.081542968750
0.003265380859
-0.080566406250
-0.007202148438
-0.108886718750
0.097656250000
-0.237304687500
0.072753906250
-0.287109375000
-0.257812500000
-0.122558593750
-0.101074218750
0.044433593750
0.174804687500
-0.361328125000
-0.326171875000
0.032470703125
-0.050048828125
0.046142578125
-0.065917968750
0.035644531250
-0.220703125000
-0.024414062500
0.240234375000
0.337890625000
-0.089843750000
-0.160156250000
-0.160156250000
-0.021850585938
-0.037109375000
-0.039794921875
-0.283203125000
-0.007171630859
-0.014892578125
-0.013305664062
-0.118652343750
-0.341796875000
0.036865234375
-0.094238281250
0.245117187500
0.035400390625
-0.132812500000
0.019775390625
-0.074218750000
-0.027465820312
-0.099609375000
-0.147460937500
-0.069335937500
-0.273437500000
-0.154296875000
0.123046875000
0.249023437500
-0.033203125000
0.047119140625
0.012756347656
0.008300781250
0.083007812500
-0.113769531250
0.178710937500
0.061523437500
0.209960937500
0.166015625000
0.187500000000
0.060058593750
-0.134765625000
-0.038818359375
-0.034912109375
-0.026000976562
-0.177734375000
0.050781250000
-0.206054687500
-0.052490234375
0.271484375000
-0.251953125000
-0.055419921875
-0.207031250000
0.084960937500
-0.172851562500
0.037841796875
-0.073242187500
0.002426147461
-0.050537109375
-0.044189453125
-0.084472656250
0.087402343750
-0.010498046875
0.039794921875
-0.251953125000
-0.490234375000
-0.247070312500
0.102050781250
0.390625000000
0.457031250000
0.188476562500
0.121582031250
0.090332031250
0.142578125000
-0.138671875000
-0.154296875000
0.028808593750
-0.010620117188
-0.201171875000
-0.069335937500
0.130859375000
0.141601562500
-0.157226562500
0.074707031250
0.001968383789
0.030273437500
0.092285156250
0.050292968750
-0.000740051270
0.063964843750
0.034912109375
-0.376953125000
-0.083496093750
0.077636718750
0.064941406250
-0.085937500000
-0.335937500000
-0.018676757812
0.094238281250
-0.127929687500
-0.193359375000
-0.153320312500
0.046875000000
0.093750000000
-0.212890625000
0.251953125000
-0.106933593750
-0.017456054688
0.067382812500
-0.291015625000
-0.292968750000
0.103027343750
-0.189453125000
-0.091796875000
-0.045898437500
-0.056152343750
-0.177734375000
0.075683593750
-0.026977539062
0.120605468750
-0.075195312500
-0.261718750000
0.057617187500
0.148437500000
0.003646850586
0.083496093750
-0.095214843750
-0.092285156250
0.265625000000
0.067871093750
-0.023559570312
0.159179687500
0.117187500000
-0.041992187500
0.168945312500
0.019897460938
-0.115722656250
-0.234375000000
-0.002441406250
-0.214843750000
0.002883911133
-0.115234375000
-0.133789062500
-0.197265625000
-0.141601562500
-0.096191406250
0.054199218750
-0.013671875000
0.088378906250
-0.130859375000
0.123535156250
-0.245117187500
-0.085937500000
-0.079589843750
-0.067382812500
-0.242187500000
0.022827148438
-0.050537109375
-0.057373046875
-0.152343750000
-0.098144531250
-0.190429687500
-0.020141601562
-0.076660156250
0.091796875000
-0.038574218750
0.125976562500
0.073242187500
-0.029418945312
-0.055419921875
-0.236328125000
-0.020996093750
-0.070800781250
-0.038818359375
-0.255859375000
0.022583007812
-0.141601562500
-0.057128906250
-0.091796875000
-0.049316406250
0.024902343750
-0.093261718750
0.080078125000
-0.034912109375
0.019775390625
0.021240234375
0.137695312500
0.176757812500
-0.119140625000
0.061767578125
-0.097656250000
-0.198242187500
-0.121582031250
0.106933593750
0.062011718750
-0.170898437500
-0.041748046875
-0.457031250000
-0.098144531250
-0.081054687500
0.039550781250
-0.017944335938
0.033203125000
0.005981445312
0.071289062500
-0.083984375000
0.001457214355
-0.010498046875
0.101074218750
0.014526367188
0.173828125000
-0.008911132812
0.048339843750
-0.226562500000
-0.038818359375
-0.082519531250
0.161132812500
-0.976562500000
0.073242187500
-0.376953125000
-0.142578125000
-0.129882812500
-0.240234375000
-0.024658203125
-0.038085937500
0.119140625000
0.020751953125
-0.304687500000
0.087402343750
-0.115722656250
-0.223632812500
0.025390625000
-0.036132812500
-0.398437500000
-0.170898437500
-0.011840820312
0.092285156250
-0.034667968750
-0.192382812500
-0.062988281250
0.023071289062
0.062255859375
-0.081542968750
0.022460937500
-0.230468750000
0.086425781250
-0.033691406250
-0.115722656250
-0.025390625000
0.005615234375
-0.157226562500
0.125000000000
0.111816406250
0.127929687500
-0.140625000000
-0.226562500000
0.093750000000
0.112304687500
-0.070312500000
0.259765625000
0.073242187500
-0.163085937500
0.096191406250
0.074707031250
0.031982421875
-0.053955078125
-0.054199218750
-0.083496093750
0.158203125000
0.010498046875
-0.040527343750
0.033203125000
-0.204101562500
0.110351562500
-0.049316406250
0.044189453125
0.157226562500
-0.022583007812
0.185546875000
-0.043212890625
-0.062988281250
-1.406250000000
0.076660156250
-0.130859375000
-0.045410156250
-0.135742187500
-0.296875000000
0.044921875000
-0.263671875000
0.127929687500
0.145507812500
-0.013000488281
0.001808166504
-0.117675781250
-0.005645751953
0.019165039062
0.074707031250
-0.217773437500
0.161132812500
0.015991210938
-0.022583007812
0.017211914062
-0.242187500000
-0.126953125000
0.081054687500
-0.110351562500
-0.125000000000
-0.078613281250
-0.016601562500
-0.007324218750
0.046630859375
-0.076171875000
0.013671875000
-0.063476562500
0.121582031250
0.030517578125
0.030273437500
0.082031250000
-0.054931640625
-0.182617187500
0.107910156250
0.177734375000
-0.129882812500
-0.107910156250
0.016723632812
-0.435546875000
-0.028320312500
-0.488281250000
0.021362304688
0.007629394531
-0.112304687500
-0.053466796875
0.088867187500
0.139648437500
-0.326171875000
0.072265625000
0.246093750000
0.057373046875
-0.079101562500
0.020874023438
0.144531250000
0.184570312500
0.140625000000
-0.085937500000
0.101562500000
-0.308593750000
0.026977539062
-0.211914062500
-0.273437500000
-0.042724609375
-0.398437500000
0.050048828125
-0.065429687500
0.018066406250
0.388671875000
0.099121093750
0.020629882812
0.094726562500
0.027099609375
-0.041015625000
0.128906250000
0.092285156250
-0.091308593750
0.104003906250
0.083496093750
-0.046630859375
-0.068847656250
-0.030883789062
-0.193359375000
-0.034667968750
-0.135742187500
0.110839843750
-0.159179687500
-0.057861328125
-0.002624511719
-0.042968750000
0.059326171875
-0.068359375000
-0.008850097656
0.100097656250
0.065917968750
0.041503906250
-0.054443359375
-0.115234375000
-0.051513671875
0.010986328125
-0.126953125000
0.073242187500
0.033447265625
-0.109863281250
0.107421875000
-0.302734375000
-0.040527343750
-0.063476562500
-0.126953125000
0.071777343750
0.027465820312
0.122558593750
-0.085937500000
0.004150390625
-0.386718750000
0.051757812500
-0.014770507812
0.008178710938
0.130859375000
-0.010864257812
0.011901855469
0.039550781250
-0.137695312500
-0.040283203125
-0.089843750000
-0.143554687500
-0.159179687500
-0.059570312500
-0.240234375000
-0.107910156250
-0.306640625000
-0.011352539062
-0.122558593750
-0.045898437500
0.039794921875
0.118652343750
0.012390136719
0.021240234375
0.257812500000
-0.063476562500
-0.184570312500
0.091308593750
-0.011108398438
-0.038818359375
-0.136718750000
0.029663085938
-0.090332031250
-0.002990722656
-0.080078125000
0.003311157227
-0.059570312500
-0.152343750000
0.038818359375
-0.102050781250
-0.072265625000
0.042724609375
-0.108886718750
0.153320312500
0.158203125000
0.102539062500
-0.190429687500
-0.142578125000
-0.176757812500
0.064453125000
-0.154296875000
0.043212890625
-0.030761718750
0.053710937500
0.017944335938
0.156250000000
-0.085449218750
0.092285156250
0.038818359375
-0.251953125000
-0.068359375000
0.180664062500
-0.217773437500
0.008483886719
0.117187500000
-0.079589843750
0.116699218750
0.156250000000
0.125000000000
0.094726562500
0.123535156250
-0.234375000000
0.065429687500
-0.092773437500
-0.032470703125
-0.075683593750
-0.304687500000
-0.089355468750
-0.291015625000
0.062255859375
-0.203125000000
-0.080566406250
0.017089843750
0.088867187500
-0.052490234375
-0.010253906250
-0.101074218750
0.097167968750
-0.075195312500
0.143554687500
-0.082031250000
-0.122558593750
-0.064453125000
0.055664062500
-0.198242187500
0.041748046875
0.017089843750
-0.096679687500
-0.200195312500
0.063476562500
-0.064941406250
-0.089843750000
-0.002731323242
0.055419921875
-0.060791015625
0.014770507812
0.079101562500
0.003768920898
-0.131835937500
-0.044921875000
-0.246093750000
-0.186523437500
0.247070312500
-0.040527343750
-0.107421875000
-0.328125000000
-0.054199218750
-0.212890625000
0.044921875000
0.023803710938
-0.163085937500
0.086425781250
0.028442382812
-0.451171875000
-0.178710937500
0.007781982422
-0.134765625000
0.026123046875
-0.002441406250
-0.085449218750
0.154296875000
0.020629882812
-0.173828125000
-0.160156250000
-0.373046875000
-0.114746093750
-0.073730468750
0.128906250000
0.056884765625
-0.093750000000
-0.212890625000
-0.023559570312
-0.105957031250
0.046875000000
-0.062255859375
0.034667968750
0.157226562500
-0.503906250000
-0.196289062500
0.040527343750
-0.158203125000
0.127929687500
0.096191406250
0.053710937500
-0.024169921875
-0.208007812500
-0.028320312500
0.060546875000
0.065917968750
0.028320312500
-0.013671875000
-0.141601562500
-0.118164062500
-0.041992187500
0.076171875000
-0.075195312500
0.199218750000
-0.117187500000
-0.135742187500
-0.029541015625
0.265625000000
-0.210937500000
-0.148437500000
0.019287109375
-0.146484375000
-0.164062500000
0.035644531250
-0.287109375000
0.068359375000
-0.007873535156
-0.101074218750
-0.063476562500
-0.121093750000
-0.094726562500
-0.240234375000
0.121582031250
0.166015625000
-0.314453125000
-0.107910156250
0.003356933594
-0.149414062500
0.015563964844
-0.052246093750
0.208007812500
-0.147460937500
-0.011718750000
-0.185546875000
0.152343750000
-0.246093750000
0.173828125000
-0.141601562500
0.120117187500
-0.194335937500
-0.111328125000
-0.163085937500
0.071289062500
-0.151367187500
0.121582031250
-0.021118164062
-0.097167968750
0.023681640625
-0.511718750000
-0.125000000000
-0.071289062500
-0.390625000000
0.011047363281
0.010192871094
0.071777343750
0.119628906250
-0.078125000000
0.026733398438
-0.451171875000
0.122558593750
0.220703125000
0.186523437500
0.196289062500
-0.098144531250
0.121582031250
0.191406250000
-0.066894531250
0.247070312500
-0.021240234375
-0.185546875000
0.149414062500
-0.002685546875
-0.267578125000
0.190429687500
-0.026245117188
-0.257812500000
-0.241210937500
0.118164062500
-1.078125000000
-0.096679687500
-0.094726562500
-0.078125000000
-0.236328125000
0.050048828125
-0.015991210938
-0.251953125000
0.159179687500
0.173828125000
-0.187500000000
-0.081054687500
-0.279296875000
-0.229492187500
0.042724609375
0.169921875000
0.182617187500
-0.164062500000
-0.062011718750
-0.090332031250
0.109863281250
-0.005706787109
-0.140625000000
-0.140625000000
0.027465820312
-0.125976562500
-0.080566406250
-0.215820312500
0.202148437500
-0.009155273438
0.029052734375
-0.081054687500
-0.048583984375
0.221679687500
-0.527343750000
0.037597656250
0.007232666016
-0.164062500000
0.059082031250
-0.074707031250
0.064941406250
0.082519531250
-0.160156250000
-0.120605468750
-0.875000000000
-0.038330078125
-0.047607421875
0.170898437500
0.198242187500
-0.085449218750
0.063476562500
0.128906250000
0.066406250000
0.172851562500
0.110351562500
-0.007598876953
-0.113281250000
-0.232421875000
-0.118652343750
0.094726562500
-0.121582031250
-0.277343750000
0.017700195312
0.181640625000
-0.710937500000
0.091796875000
-0.112792968750
-0.081054687500
-0.051513671875
0.116699218750
-0.090820312500
-0.291015625000
0.091308593750
-0.109863281250
-0.096191406250
-0.233398437500
-0.070800781250
-0.253906250000
0.084472656250
-0.119628906250
0.111816406250
-0.253906250000
-0.125976562500
-0.067382812500
0.024414062500
0.044921875000
0.125000000000
0.045898437500
-0.017211914062
-0.160156250000
-0.074707031250
-0.235351562500
0.125976562500
0.021118164062
0.000869750977
-0.060302734375
-0.039062500000
0.104003906250
-0.294921875000
-0.059814453125
-0.097656250000
-0.129882812500
0.081054687500
0.074218750000
0.004364013672
-0.101562500000
0.034423828125
0.094238281250
-0.253906250000
0.013061523438
0.251953125000
0.135742187500
0.108398437500
-0.088867187500
0.169921875000
0.192382812500
-0.075195312500
0.267578125000
-0.084472656250
-0.255859375000
0.067382812500
0.069335937500
-0.291015625000
0.163085937500
0.092285156250
-0.410156250000
0.042724609375
0.351562500000
0.064941406250
-0.004760742188
-0.084960937500
-0.184570312500
-0.191406250000
-0.030517578125
0.085449218750
-0.347656250000
0.037109375000
-0.281250000000
-0.110839843750
-0.144531250000
0.037841796875
0.132812500000
-0.054199218750
-0.057861328125
-0.029541015625
-0.041992187500
0.012207031250
-0.063964843750
-0.130859375000
-0.050292968750
0.107910156250
-0.197265625000
0.178710937500
-0.308593750000
-0.023681640625
-0.228515625000
-0.087402343750
-0.096191406250
0.046142578125
-0.018554687500
-0.120605468750
0.019042968750
-0.310546875000
-0.004669189453
0.031005859375
-0.124023437500
-0.135742187500
0.049072265625
0.001953125000
-0.216796875000
-0.002593994141
0.065917968750
0.183593750000
0.009704589844
0.070312500000
0.076171875000
-0.019042968750
-0.076660156250
0.154296875000
-0.006988525391
0.165039062500
0.205078125000
0.050292968750
-0.180664062500
0.022949218750
-0.063964843750
-0.043457031250
-0.096679687500
0.071777343750
-0.201171875000
-0.027465820312
0.121582031250
-0.000640869141
-0.040039062500
-0.135742187500
0.028320312500
-0.062988281250
-0.109863281250
0.178710937500
-0.234375000000
0.015563964844
-0.182617187500
-0.140625000000
0.035644531250
0.107910156250
-0.074218750000
-0.213867187500
0.015991210938
0.055419921875
0.213867187500
-0.208007812500
-0.179687500000
-0.082031250000
-0.058105468750
0.000507354736
0.047607421875
0.163085937500
-0.271484375000
-0.053710937500
-0.172851562500
0.007720947266
-0.060546875000
0.063476562500
-0.135742187500
0.044189453125
0.082519531250
-0.373046875000
0.026855468750
-0.142578125000
-0.287109375000
0.066406250000
0.026489257812
0.059082031250
-0.018920898438
0.041015625000
-0.002136230469
0.105957031250
0.061035156250
-0.009460449219
0.077636718750
0.002410888672
-0.008300781250
0.181640625000
0.253906250000
0.316406250000
0.134765625000
-0.223632812500
-0.285156250000
0.208984375000
0.039550781250
0.029785156250
0.137695312500
0.087890625000
-0.200195312500
-0.269531250000
0.386718750000
0.166992187500
0.003356933594
-0.116210937500
-0.135742187500
-0.199218750000
-0.068359375000
0.113281250000
-0.365234375000
0.058593750000
0.040039062500
-0.085449218750
-0.066406250000
-0.015563964844
0.086914062500
-0.098632812500
0.059082031250
-0.029174804688
-0.169921875000
-0.197265625000
-0.141601562500
0.073730468750
-0.193359375000
0.062500000000
-0.143554687500
0.033935546875
-0.042968750000
-0.106933593750
-0.203125000000
0.096191406250
-0.143554687500
-0.081054687500
0.103027343750
0.032958984375
0.001388549805
-0.417968750000
-0.187500000000
-0.165039062500
-0.179687500000
0.068847656250
0.005737304688
-0.000016570091
-0.133789062500
0.049804687500
0.105957031250
0.031982421875
0.235351562500
0.075195312500
0.053466796875
-0.003265380859
-0.031005859375
0.213867187500
0.174804687500
0.147460937500
0.211914062500
-0.076660156250
-0.098632812500
0.202148437500
0.003799438477
0.078613281250
-0.085937500000
0.347656250000
-0.149414062500
0.013549804688
0.259765625000
0.056152343750
0.032226562500
-0.104492187500
-0.126953125000
-0.137695312500
-0.031250000000
-0.052246093750
-0.277343750000
0.027709960938
0.060058593750
-0.192382812500
0.075683593750
0.046875000000
-0.017211914062
-0.025878906250
-0.024902343750
0.011657714844
0.003234863281
-0.026855468750
-0.024658203125
0.179687500000
0.063476562500
0.021484375000
-0.156250000000
0.090820312500
-0.163085937500
0.008972167969
0.269531250000
0.026855468750
-0.024902343750
0.021606445312
-0.019531250000
0.021362304688
-0.002960205078
-0.330078125000
-0.310546875000
0.037841796875
-0.145507812500
-0.043457031250
0.082031250000
0.036132812500
-0.024414062500
-0.170898437500
-0.275390625000
0.098144531250
-0.079101562500
-0.087890625000
-0.236328125000
-0.196289062500
-0.155273437500
0.104003906250
-0.101074218750
0.166992187500
0.152343750000
-0.016357421875
-0.031982421875
-0.081054687500
-0.095214843750
-0.000930786133
-0.083984375000
0.053222656250
0.195312500000
0.052246093750
-0.157226562500
0.020874023438
0.007598876953
-0.022705078125
-0.102539062500
0.104980468750
-0.010803222656
-0.077148437500
-0.076171875000
0.019897460938
0.162109375000
-0.187500000000
0.062255859375
-0.177734375000
-0.022216796875
0.063964843750
0.007873535156
-0.134765625000
-0.000362396240
-0.196289062500
-0.063476562500
-0.114746093750
-0.111816406250
-0.016601562500
0.045166015625
-0.131835937500
0.102050781250
0.064941406250
0.110839843750
-0.030639648438
-0.155273437500
0.035644531250
0.063964843750
-0.263671875000
0.135742187500
-0.185546875000
-0.114257812500
0.287109375000
-0.271484375000
0.082031250000
0.263671875000
0.051757812500
-0.028808593750
-0.059082031250
-0.172851562500
0.226562500000
0.025756835938
-0.173828125000
-0.173828125000
0.021484375000
-0.117187500000
0.003280639648
-0.075683593750
0.086914062500
-0.027221679688
0.161132812500
0.255859375000
-0.026123046875
-0.232421875000
-0.115234375000
0.008056640625
0.050537109375
0.149414062500
-0.124511718750
0.171875000000
-0.015625000000
0.139648437500
-0.050048828125
0.100585937500
0.024414062500
-0.092285156250
-0.058105468750
-0.189453125000
0.002655029297
0.103515625000
0.069335937500
0.022094726562
-0.468750000000
-0.145507812500
-0.077148437500
-0.123046875000
0.048828125000
-0.081542968750
0.040527343750
0.107421875000
0.150390625000
0.265625000000
0.026611328125
-0.016357421875
0.058105468750
0.063476562500
-0.002639770508
0.067871093750
-0.351562500000
-0.101074218750
-0.051757812500
0.059082031250
-0.949218750000
0.027343750000
0.025512695312
-0.049316406250
0.179687500000
-0.265625000000
0.049316406250
0.109375000000
0.111328125000
-0.111328125000
-0.302734375000
-0.131835937500
0.113281250000
0.012573242188
0.002609252930
-0.112792968750
-0.031738281250
-0.108398437500
0.018676757812
0.034179687500
0.068847656250
-0.066894531250
-0.015014648438
0.080078125000
-0.117675781250
-0.259765625000
0.054687500000
0.009460449219
0.075195312500
0.101074218750
-0.214843750000
0.155273437500
-0.012817382812
0.214843750000
0.039062500000
0.118652343750
-0.106933593750
-0.265625000000
-0.049072265625
-0.267578125000
0.085937500000
-0.064941406250
-0.107910156250
-0.192382812500
-0.574218750000
-0.178710937500
0.197265625000
0.077636718750
0.041259765625
0.081542968750
-0.127929687500
-0.076660156250
0.171875000000
0.255859375000
0.042968750000
-0.184570312500
0.125976562500
0.523437500000
0.039794921875
-0.047363281250
-0.188476562500
-0.225585937500
-0.048095703125
-0.022827148438
-0.197265625000
0.076660156250
-0.030151367188
-0.033935546875
0.189453125000
-0.017456054688
0.054687500000
0.197265625000
0.005065917969
-0.135742187500
-0.255859375000
-0.359375000000
0.166015625000
0.059082031250
-0.080078125000
0.039550781250
0.034912109375
-0.019165039062
-0.100097656250
0.014160156250
0.034912109375
0.046142578125
0.078613281250
0.131835937500
0.022216796875
-0.166992187500
-0.065429687500
0.044433593750
0.166992187500
0.070800781250
-0.122070312500
0.179687500000
0.010253906250
0.231445312500
0.145507812500
0.091796875000
0.029663085938
0.000297546387
0.104003906250
-0.089355468750
0.026489257812
-0.182617187500
0.083984375000
-0.057861328125
0.042968750000
-0.080566406250
0.205078125000
-0.086425781250
0.023925781250
-0.257812500000
-0.018310546875
0.038330078125
0.061035156250
0.180664062500
0.057617187500
0.012451171875
-0.045166015625
0.554687500000
0.178710937500
0.135742187500
-0.102539062500
-0.306640625000
0.035156250000
-0.007812500000
0.015991210938
-0.166992187500
-0.092773437500
-0.096191406250
0.100097656250
-0.244140625000
-0.041992187500
0.199218750000
0.017944335938
-0.371093750000
-0.226562500000
-0.202148437500
0.138671875000
-0.083984375000
-0.016113281250
-0.249023437500
-0.028320312500
-0.026855468750
0.029174804688
-0.014404296875
-0.030639648438
0.029296875000
-0.026855468750
0.100097656250
-0.070800781250
0.097167968750
-0.086425781250
-0.063476562500
0.056640625000
0.056884765625
-0.076171875000
0.215820312500
0.015747070312
-0.021240234375
-0.059082031250
-0.026000976562
0.075683593750
0.007293701172
-0.022827148438
-0.259765625000
-0.118652343750
0.036865234375
0.064453125000
0.029296875000
0.087402343750
-0.046875000000
0.051757812500
-0.021118164062
0.078125000000
-0.005981445312
0.014038085938
0.160156250000
-0.033447265625
0.032470703125
0.039550781250
0.030761718750
0.128906250000
-0.002944946289
-0.182617187500
-0.070312500000
-0.073242187500
-0.170898437500
0.052001953125
0.096679687500
0.103027343750
-0.015869140625
-0.163085937500
-0.127929687500
-0.056152343750
0.071289062500
0.028442382812
0.202148437500
0.044921875000
-0.390625000000
-0.141601562500
-0.155273437500
-0.033691406250
-0.113281250000
-0.037597656250
-0.092773437500
0.171875000000
0.133789062500
0.041259765625
-0.109375000000
-0.099609375000
-0.065917968750
0.069824218750
0.182617187500
-0.015319824219
-0.047851562500
0.062011718750
-0.037353515625
-0.147460937500
0.106933593750
-0.004882812500
0.028930664062
-0.117187500000
0.090820312500
0.112304687500
0.039306640625
0.191406250000
-0.025268554688
-0.145507812500
-0.189453125000
-0.034912109375
0.030151367188
0.010681152344
-0.181640625000
0.045898437500
0.008422851562
-0.226562500000
0.018920898438
-0.213867187500
0.002700805664
0.023803710938
0.201171875000
0.056152343750
-0.161132812500
-0.025268554688
-0.339843750000
0.171875000000
0.090820312500
0.074707031250
-0.060302734375
0.104003906250
-0.283203125000
0.021240234375
0.010925292969
-0.041992187500
0.157226562500
-0.116210937500
-0.034912109375
-0.136718750000
0.084472656250
-0.104980468750
0.039794921875
0.100585937500
-0.231445312500
-0.047607421875
-0.155273437500
0.068847656250
-0.125976562500
-0.104492187500
-0.177734375000
-0.326171875000
-0.120117187500
-0.088867187500
0.070800781250
0.040527343750
-0.221679687500
0.183593750000
0.101562500000
-0.155273437500
-0.089355468750
0.197265625000
0.001197814941
0.125976562500
0.275390625000
-0.194335937500
0.149414062500
0.006805419922
0.060546875000
-0.020629882812
0.021362304688
0.015869140625
-0.013183593750
-0.029052734375
0.138671875000
-0.171875000000
0.025512695312
-0.314453125000
-0.269531250000
-0.065429687500
-0.001747131348
-0.135742187500
-0.145507812500
-0.028442382812
-0.104980468750
0.044433593750
0.111328125000
0.080566406250
-0.233398437500
-0.002624511719
-0.129882812500
-0.141601562500
-0.240234375000
-0.111328125000
-0.209960937500
0.018188476562
0.042724609375
-0.005249023438
-0.083984375000
0.139648437500
0.052001953125
-0.082519531250
-0.011169433594
-0.033935546875
0.064941406250
-0.127929687500
-0.078125000000
0.343750000000
0.084960937500
0.108886718750
0.320312500000
0.162109375000
0.064941406250
0.214843750000
0.215820312500
0.027954101562
0.030029296875
-0.135742187500
0.089843750000
-0.241210937500
-0.153320312500
0.038330078125
-0.112792968750
0.225585937500
0.087890625000
0.066406250000
0.166015625000
0.084472656250
-0.063964843750
-0.068359375000
-0.125976562500
-0.404296875000
0.028076171875
0.016845703125
-0.451171875000
-0.217773437500
-0.117675781250
-0.127929687500
-0.025878906250
0.112792968750
0.119628906250
-0.090332031250
0.017578125000
0.123535156250
-0.200195312500
-0.212890625000
0.065917968750
-0.097656250000
-0.116210937500
0.021972656250
-0.004547119141
0.094238281250
-0.147460937500
-0.044677734375
-0.034423828125
-0.012145996094
-0.076171875000
-0.044921875000
-0.079101562500
0.098632812500
0.013732910156
0.071289062500
0.026000976562
-0.064453125000
0.053955078125
0.100097656250
-0.088378906250
0.106445312500
0.073242187500
-0.115234375000
0.160156250000
-0.061035156250
0.089843750000
0.182617187500
-0.052246093750
-0.013000488281
0.147460937500
0.020751953125
-0.279296875000
-0.199218750000
-0.169921875000
-0.132812500000
0.002441406250
-0.006927490234
0.028198242188
-0.125976562500
0.070312500000
-0.218750000000
-0.019409179688
0.015747070312
-0.351562500000
-0.161132812500
-0.044677734375
-0.217773437500
0.093750000000
0.100585937500
0.104492187500
0.172851562500
0.115234375000
0.153320312500
-0.239257812500
-0.022827148438
0.052978515625
0.079101562500
0.021728515625
-0.037841796875
-0.114257812500
0.017211914062
0.036376953125
0.074218750000
0.114257812500
0.066894531250
0.069824218750
0.059570312500
-0.072265625000
0.216796875000
0.208007812500
-0.008666992188
0.052734375000
-0.091308593750
0.121093750000
0.006805419922
-0.112304687500
0.079101562500
0.093750000000
0.097656250000
0.096191406250
-0.033691406250
0.115722656250
0.181640625000
0.035888671875
0.141601562500
0.170898437500
-0.061279296875
0.035400390625
0.084960937500
-0.027221679688
0.111328125000
0.155273437500
-0.294921875000
0.197265625000
-0.031250000000
0.128906250000
-0.249023437500
-0.041992187500
0.023803710938
-0.075683593750
0.081542968750
0.119140625000
0.044921875000
-0.004455566406
0.162109375000
-0.087890625000
0.193359375000
0.154296875000
0.062011718750
-0.043212890625
-0.118164062500
0.036621093750
0.058593750000
-0.054931640625
0.017456054688
-0.159179687500
-0.012817382812
0.106933593750
-0.451171875000
0.096191406250
0.087890625000
0.056640625000
-0.215820312500
-0.153320312500
-0.176757812500
-0.189453125000
-0.022827148438
0.113769531250
-0.077636718750
-0.017822265625
0.013061523438
-0.057617187500
0.255859375000
0.044677734375
0.017089843750
-0.043945312500
-0.072753906250
-0.144531250000
-0.067382812500
-0.050048828125
-0.052246093750
-0.001098632812
0.107910156250
0.128906250000
0.020385742188
0.219726562500
0.048583984375
-0.219726562500
0.052734375000
0.165039062500
-0.188476562500
0.060791015625
-0.010314941406
-0.386718750000
-0.044433593750
-0.086425781250
0.023315429688
0.107421875000
0.147460937500
0.122558593750
0.070312500000
0.020874023438
-0.228515625000
0.108398437500
0.079589843750
0.027587890625
-0.263671875000
-0.092285156250
-0.020019531250
0.186523437500
-0.026000976562
-0.094726562500
-0.051269531250
0.028686523438
0.015502929688
0.009826660156
0.127929687500
0.269531250000
-0.066894531250
0.021972656250
-0.082031250000
0.042968750000
-0.523437500000
-0.087890625000
-0.070800781250
0.064941406250
-0.192382812500
-0.027832031250
-0.076660156250
-0.035156250000
0.190429687500
-0.000349044800
-0.102050781250
-0.117187500000
0.018432617188
0.013549804688
0.187500000000
-0.125976562500
-0.095703125000
-0.080078125000
-0.078125000000
-0.068359375000
0.054443359375
-0.207031250000
-0.049560546875
0.046142578125
-0.097167968750
0.033447265625
0.056152343750
0.198242187500
0.091308593750
-0.015319824219
0.168945312500
0.021362304688
-0.178710937500
0.026000976562
0.236328125000
-0.535156250000
0.142578125000
-0.034423828125
0.034667968750
0.133789062500
0.050781250000
-0.027832031250
-0.020996093750
0.055664062500
0.024536132812
0.082519531250
-0.135742187500
-0.005706787109
-0.049804687500
0.008728027344
0.059326171875
-0.226562500000
-0.023803710938
-0.128906250000
-0.122558593750
-0.022827148438
-0.070800781250
-0.084960937500
-0.208984375000
-0.141601562500
-0.013244628906
-0.077636718750
0.216796875000
-0.103027343750
-0.145507812500
-0.055908203125
-0.039794921875
0.140625000000
-0.030517578125
-0.057128906250
0.002212524414
0.048583984375
-0.075195312500
0.129882812500
-0.064453125000
0.104003906250
0.053955078125
-0.037841796875
0.097167968750
0.010864257812
0.092773437500
-0.156250000000
0.106933593750
0.066894531250
0.170898437500
-0.113769531250
0.053222656250
-0.095703125000
0.028686523438
0.062011718750
0.060302734375
-0.185546875000
0.071289062500
-0.085449218750
-0.016723632812
0.146484375000
-0.148437500000
0.212890625000
-0.310546875000
0.002258300781
-0.046630859375
0.173828125000
0.223632812500
0.160156250000
0.002029418945
-0.156250000000
0.015258789062
-0.239257812500
-0.090332031250
-0.011352539062
0.003646850586
-0.104003906250
-0.092285156250
-0.160156250000
-0.229492187500
-0.150390625000
-0.068847656250
0.063964843750
0.112792968750
0.113769531250
-0.114257812500
-0.015869140625
0.161132812500
-0.292968750000
-0.251953125000
-0.406250000000
-0.215820312500
0.005981445312
-0.238281250000
0.136718750000
-0.004913330078
0.114746093750
-0.135742187500
0.044921875000
-0.106933593750
-0.057617187500
-0.103515625000
-0.451171875000
0.069335937500
0.069824218750
0.102050781250
-0.135742187500
0.246093750000
0.021850585938
-0.007446289062
-0.042236328125
-0.041259765625
0.015991210938
0.053710937500
-0.081542968750
0.132812500000
-0.078613281250
0.109375000000
-0.077636718750
-0.098632812500
-0.108398437500
0.206054687500
-0.004302978516
-0.010314941406
0.066406250000
-0.124511718750
-0.259765625000
0.539062500000
-0.154296875000
0.049804687500
-0.378906250000
0.230468750000
-0.046142578125
0.067382812500
-0.089843750000
0.047119140625
-0.163085937500
-0.078125000000
-0.003463745117
-0.223632812500
0.147460937500
0.013305664062
0.062255859375
0.196289062500
-0.057128906250
0.110839843750
-0.421875000000
-0.110351562500
-0.095703125000
-0.054687500000
-0.143554687500
-0.443359375000
-0.049072265625
0.061523437500
0.215820312500
0.129882812500
0.003540039062
-0.073730468750
-0.056396484375
0.402343750000
-0.061523437500
0.007537841797
0.316406250000
-0.106933593750
-0.173828125000
-0.080566406250
0.161132812500
0.184570312500
0.058593750000
-0.155273437500
0.086425781250
-0.049560546875
0.051757812500
0.157226562500
0.049804687500
0.185546875000
-0.043457031250
-0.015197753906
0.072753906250
0.185546875000
-0.177734375000
0.030517578125
-0.511718750000
0.412109375000
0.361328125000
-0.127929687500
0.102539062500
0.079101562500
-0.078125000000
0.089843750000
-0.320312500000
-0.101074218750
-0.177734375000
0.054687500000
-0.166992187500
-0.140625000000
0.086425781250
-0.074218750000
-0.255859375000
-0.024780273438
-0.169921875000
0.036132812500
0.012084960938
-0.037597656250
-0.151367187500
-0.185546875000
-0.049804687500
-0.040771484375
0.041015625000
-0.052978515625
0.055908203125
0.032470703125
-0.048339843750
-0.028686523438
0.176757812500
-0.000785827637
0.033447265625
0.118652343750
0.257812500000
0.129882812500
0.232421875000
-0.289062500000
0.141601562500
-0.155273437500
-0.229492187500
0.097167968750
-0.123046875000
0.015991210938
-0.164062500000
-0.095703125000
0.069824218750
-0.371093750000
0.003311157227
-0.287109375000
-0.018188476562
-0.408203125000
-0.208984375000
-0.080078125000
-0.257812500000
-0.010681152344
-0.051757812500
-0.188476562500
-0.020263671875
0.049072265625
0.002807617188
-0.002044677734
0.210937500000
-0.086425781250
0.195312500000
-0.026367187500
-0.056640625000
0.067871093750
0.133789062500
-0.062500000000
-0.318359375000
0.029418945312
-0.159179687500
0.070800781250
-0.070312500000
0.034667968750
-0.188476562500
-0.245117187500
-0.012084960938
-0.092773437500
-0.132812500000
0.015380859375
0.221679687500
-0.048828125000
0.168945312500
-0.083496093750
-0.123046875000
-0.032226562500
-0.044433593750
-0.187500000000
-0.071289062500
-0.015747070312
0.039794921875
0.001579284668
0.246093750000
0.016601562500
-0.033691406250
0.152343750000
-0.076660156250
0.103027343750
0.113769531250
-0.466796875000
0.082031250000
0.095214843750
-0.174804687500
0.133789062500
0.060546875000
0.142578125000
-0.231445312500
-0.052246093750
-0.007263183594
-0.214843750000
0.097167968750
-0.145507812500
0.098632812500
-0.386718750000
-0.125000000000
-0.025512695312
0.024169921875
0.019897460938
-0.183593750000
0.072265625000
0.095703125000
0.021850585938
-0.169921875000
-0.077148437500
-0.023193359375
0.147460937500
0.312500000000
0.016235351562
0.089843750000
0.074218750000
-0.080078125000
0.093261718750
-0.382812500000
-0.032714843750
-0.214843750000
-0.038330078125
0.015747070312
-0.121093750000
-0.283203125000
-0.139648437500
-0.025878906250
-0.480468750000
-0.036621093750
0.137695312500
0.067871093750
0.109863281250
-0.120605468750
-0.237304687500
0.012817382812
-0.038085937500
0.009399414062
-0.207031250000
0.010864257812
0.230468750000
-0.087402343750
-0.058105468750
0.166015625000
-0.115234375000
-0.102050781250
0.114257812500
0.173828125000
0.320312500000
0.039794921875
-0.296875000000
0.092773437500
-0.045654296875
0.107910156250
-0.003860473633
0.159179687500
0.298828125000
-0.010009765625
-0.212890625000
-0.022583007812
-0.070800781250
-0.090332031250
-0.133789062500
-0.040771484375
-0.239257812500
-0.102539062500
0.082031250000
-0.026489257812
0.073242187500
-0.044677734375
-0.038085937500
0.125976562500
-0.061767578125
-0.304687500000
0.017333984375
0.151367187500
0.098144531250
-0.019775390625
-0.044921875000
-0.008972167969
-0.006622314453
-0.025390625000
0.047607421875
-0.283203125000
0.032714843750
-0.162109375000
-0.059326171875
-0.079589843750
-0.214843750000
-0.253906250000
-0.279296875000
-0.066894531250
-0.392578125000
-0.161132812500
-0.037597656250
0.081542968750
-0.085449218750
-0.049316406250
-0.110351562500
-0.011779785156
-0.008850097656
-0.065917968750
-0.121093750000
-0.008483886719
0.038574218750
0.147460937500
-0.030761718750
0.111816406250
-0.245117187500
-0.171875000000
0.079589843750
0.127929687500
0.149414062500
0.182617187500
-0.314453125000
-0.026245117188
0.064941406250
-0.188476562500
0.106445312500
0.055664062500
0.184570312500
0.081542968750
-0.203125000000
0.051513671875
0.107910156250
-0.047851562500
0.017944335938
0.044433593750
0.113281250000
0.056152343750
-0.116210937500
-0.050781250000
0.052734375000
0.341796875000
0.169921875000
0.179687500000
0.039306640625
-0.158203125000
0.077148437500
-0.091796875000
0.137695312500
0.125976562500
0.154296875000
-0.019531250000
0.128906250000
0.147460937500
0.126953125000
-0.316406250000
-0.053955078125
0.074218750000
0.066406250000
-0.073242187500
-0.267578125000
-0.051269531250
-0.267578125000
-0.030029296875
0.116699218750
0.005828857422
-0.020996093750
0.138671875000
-0.174804687500
-0.058349609375
-0.071777343750
0.063964843750
-0.101074218750
-0.207031250000
-0.148437500000
0.089355468750
0.015197753906
-0.026977539062
0.012695312500
0.243164062500
-0.078125000000
-0.050292968750
0.201171875000
0.039306640625
0.089355468750
0.078125000000
-0.249023437500
0.251953125000
-0.055175781250
0.304687500000
0.190429687500
-0.016357421875
0.059326171875
-0.075195312500
-0.066894531250
-0.036621093750
0.080078125000
-0.171875000000
-0.210937500000
-0.113769531250
-0.080078125000
0.187500000000
-0.043457031250
-0.180664062500
0.068847656250
-0.008789062500
0.119140625000
-0.085937500000
-0.015075683594
-0.138671875000
-0.060546875000
0.197265625000
0.129882812500
0.155273437500
0.115722656250
-0.003204345703
0.132812500000
0.086914062500
0.180664062500
-0.380859375000
0.024902343750
0.149414062500
-0.115722656250
-0.112304687500
-0.314453125000
-0.110351562500
-0.250000000000
-0.065917968750
-0.052246093750
-0.081054687500
0.026000976562
0.070312500000
-0.021240234375
-0.141601562500
-0.030395507812
-0.012207031250
-0.038818359375
-0.062500000000
-0.217773437500
-0.037109375000
-0.121093750000
-0.220703125000
-0.146484375000
0.312500000000
0.053710937500
-0.096191406250
0.008361816406
0.176757812500
-0.046630859375
0.190429687500
-0.245117187500
-0.087402343750
0.267578125000
-0.109375000000
0.043457031250
0.042480468750
0.016479492188
-0.179687500000
-0.170898437500
0.300781250000
-0.050292968750
0.042480468750
-0.139648437500
-0.087402343750
0.026489257812
-0.055908203125
-0.029785156250
0.001785278320
-0.068847656250
-0.039794921875
0.002853393555
0.101074218750
-0.042724609375
-0.199218750000
0.104980468750
-0.531250000000
0.160156250000
0.026977539062
-0.018798828125
-0.184570312500
0.104492187500
0.049072265625
0.052978515625
-0.345703125000
0.081542968750
0.032470703125
-0.168945312500
-0.110839843750
-0.318359375000
0.062988281250
-0.271484375000
-0.136718750000
-0.085449218750
0.088378906250
-0.013732910156
-0.039306640625
-0.038574218750
-0.112304687500
-0.182617187500
-0.169921875000
-0.042724609375
0.063964843750
0.013732910156
0.139648437500
-0.144531250000
-0.233398437500
0.074218750000
0.265625000000
0.007476806641
0.015380859375
0.109863281250
0.081542968750
0.178710937500
0.149414062500
-0.112792968750
-0.094726562500
-0.515625000000
-0.496093750000
0.022216796875
0.193359375000
0.644531250000
-0.088867187500
0.133789062500
-0.026367187500
0.182617187500
-0.140625000000
-0.232421875000
-0.394531250000
0.306640625000
0.238281250000
-0.019897460938
-0.095214843750
0.113281250000
-0.035644531250
0.221679687500
-0.023315429688
0.140625000000
-0.091308593750
-0.121093750000
0.003723144531
-0.092285156250
-0.037597656250
-0.125000000000
0.053955078125
-0.114257812500
-0.054443359375
0.228515625000
-0.075683593750
-0.023925781250
-0.065429687500
-0.039306640625
0.320312500000
0.170898437500
0.029052734375
0.075195312500
-0.208984375000
-0.191406250000
0.032714843750
0.298828125000
-0.115722656250
0.044189453125
0.080566406250
-0.083007812500
0.110351562500
0.159179687500
0.017700195312
0.041503906250
-0.500000000000
0.182617187500
0.038574218750
0.047363281250
-0.208984375000
0.013061523438
-0.076660156250
0.003936767578
0.100585937500
0.061279296875
-0.165039062500
0.023559570312
-0.001754760742
-0.078613281250
-0.730468750000
0.022583007812
-0.070800781250
0.330078125000
0.088378906250
0.291015625000
-0.171875000000
0.026855468750
-0.036865234375
-0.052734375000
0.136718750000
-0.029052734375
-0.099121093750
-0.126953125000
-0.060058593750
0.144531250000
0.070312500000
0.269531250000
-0.010986328125
0.015258789062
0.137695312500
-0.052978515625
-0.076660156250
-0.010620117188
-0.083007812500
-0.148437500000
-0.269531250000
0.153320312500
-0.330078125000
0.068847656250
-0.142578125000
0.188476562500
-0.137695312500
-0.130859375000
-0.253906250000
0.324218750000
-0.122558593750
0.182617187500
0.153320312500
-0.141601562500
-0.036132812500
0.055175781250
0.134765625000
-0.037597656250
-0.178710937500
-0.143554687500
0.001144409180
0.228515625000
-0.208984375000
-0.007568359375
0.139648437500
0.125976562500
0.007263183594
-0.150390625000
-0.057861328125
-0.051513671875
-0.050048828125
0.018188476562
-0.032714843750
-0.057128906250
0.076171875000
-0.103027343750
-0.115234375000
-0.172851562500
-0.324218750000
0.102050781250
0.018432617188
0.069335937500
-0.009094238281
0.265625000000
-0.154296875000
-0.127929687500
-0.081542968750
-0.127929687500
-0.130859375000
-0.213867187500
-0.067871093750
0.112792968750
-0.157226562500
-0.018310546875
-0.041259765625
0.144531250000
-0.044921875000
0.107421875000
-0.088867187500
0.054687500000
-0.009033203125
0.010925292969
-0.177734375000
-0.162109375000
-0.009460449219
-0.180664062500
-0.109375000000
0.091796875000
0.226562500000
0.042724609375
-0.029418945312
-0.199218750000
0.204101562500
0.082519531250
0.042968750000
-0.033203125000
0.253906250000
-0.181640625000
-0.119628906250
0.176757812500
-0.080078125000
-0.027465820312
0.017211914062
-0.042968750000
-0.062011718750
0.050292968750
-0.020507812500
0.013610839844
-0.104492187500
0.090332031250
0.078613281250
-0.063964843750
-0.075683593750
-0.074707031250
-0.345703125000
-0.022094726562
0.123535156250
-0.181640625000
-0.115234375000
-0.138671875000
-0.087890625000
-0.273437500000
-0.447265625000
0.065429687500
0.134765625000
0.003845214844
-0.161132812500
0.207031250000
-0.111328125000
-0.016723632812
0.153320312500
0.125976562500
-0.075195312500
-0.357421875000
-0.167968750000
0.134765625000
-0.012512207031
0.074707031250
-0.066406250000
0.012451171875
-0.158203125000
0.053466796875
0.088378906250
0.023193359375
-0.064453125000
-0.253906250000
0.161132812500
-0.106933593750
-0.030517578125
0.059814453125
-0.146484375000
0.127929687500
0.095703125000
-0.015991210938
0.151367187500
0.037109375000
0.091796875000
0.207031250000
0.056152343750
-0.044677734375
-0.058837890625
-0.018676757812
-0.414062500000
0.008300781250
0.227539062500
-0.067871093750
0.046630859375
-0.330078125000
-0.004577636719
0.082031250000
0.018920898438
0.155273437500
0.045166015625
0.049560546875
0.014526367188
-0.084472656250
0.013793945312
0.037353515625
-0.328125000000
-0.133789062500
-0.004638671875
-0.042480468750
0.029541015625
-0.030883789062
-0.199218750000
-0.291015625000
-0.230468750000
0.101562500000
0.045166015625
0.312500000000
0.019165039062
0.275390625000
0.021972656250
-0.186523437500
-0.116699218750
0.161132812500
-0.036621093750
-0.118164062500
0.102539062500
-0.099121093750
-0.025878906250
0.040771484375
-0.056640625000
0.036865234375
-0.129882812500
0.012634277344
-0.133789062500
-0.034423828125
0.019165039062
-0.159179687500
-0.171875000000
-0.275390625000
-0.044921875000
-0.211914062500
-0.050048828125
0.043457031250
0.029296875000
0.171875000000
0.141601562500
-0.048339843750
0.049072265625
-0.144531250000
0.100097656250
-0.041015625000
0.016235351562
0.055664062500
0.042480468750
-0.055908203125
0.101562500000
0.112304687500
0.016601562500
-0.267578125000
-0.027465820312
-0.056152343750
0.159179687500
0.090820312500
0.195312500000
0.025146484375
0.045654296875
0.032226562500
0.092773437500
0.021484375000
-0.824218750000
-0.207031250000
-0.021362304688
0.114746093750
0.016601562500
-0.099609375000
-0.152343750000
-0.049072265625
-0.332031250000
-0.018188476562
0.043701171875
0.593750000000
-0.166992187500
0.285156250000
0.098632812500
-0.028076171875
-0.044677734375
0.083984375000
0.091308593750
0.106933593750
-0.267578125000
0.063476562500
0.062255859375
0.091796875000
0.036865234375
-0.148437500000
-0.058349609375
-0.082519531250
0.058837890625
-0.045410156250
-0.021728515625
-0.080566406250
-0.009277343750
0.141601562500
-0.106933593750
0.039306640625
-0.147460937500
0.194335937500
-0.165039062500
0.086425781250
0.111328125000
0.165039062500
0.078613281250
-0.042480468750
-0.068847656250
-0.105957031250
0.082519531250
-0.144531250000
-0.250000000000
-0.001243591309
0.141601562500
-0.219726562500
-0.037841796875
-0.212890625000
0.200195312500
-0.041748046875
0.149414062500
0.202148437500
0.105468750000
0.153320312500
-0.050292968750
-0.016113281250
-0.124511718750
-0.110839843750
0.137695312500
-0.261718750000
-0.022460937500
0.098144531250
-0.020263671875
-0.147460937500
-0.008300781250
-0.269531250000
-0.408203125000
-0.159179687500
0.044921875000
-0.032226562500
-0.035644531250
0.112792968750
0.149414062500
0.031982421875
-0.084960937500
0.000289916992
-0.121582031250
0.115234375000
0.343750000000
0.168945312500
0.026245117188
-0.136718750000
0.174804687500
-0.281250000000
-0.235351562500
-0.085449218750
-0.048828125000
-0.110839843750
-0.200195312500
-0.018310546875
-0.046875000000
0.070312500000
-0.046875000000
0.219726562500
-0.125976562500
0.060058593750
-0.181640625000
-0.118652343750
-0.100585937500
0.129882812500
0.032714843750
0.281250000000
0.025146484375
-0.103027343750
0.080078125000
-0.197265625000
0.100585937500
-0.062011718750
0.080078125000
-0.010681152344
0.068847656250
-0.378906250000
0.206054687500
-0.110839843750
-0.129882812500
0.104980468750
-0.208984375000
0.057373046875
0.083007812500
0.097656250000
-0.030151367188
0.095703125000
0.083007812500
-0.255859375000
0.104492187500
0.006378173828
-0.172851562500
0.063964843750
-0.034667968750
-0.066406250000
-0.166992187500
0.101074218750
-0.183593750000
-0.049560546875
-0.026245117188
-0.034179687500
0.187500000000
0.128906250000
0.104492187500
-0.632812500000
-0.175781250000
0.037109375000
-0.109863281250
0.007263183594
-0.186523437500
0.044433593750
-0.017456054688
0.242187500000
-0.050537109375
0.135742187500
-0.208007812500
-0.169921875000
0.168945312500
-0.099121093750
-0.365234375000
0.098144531250
0.075683593750
0.232421875000
0.174804687500
0.104492187500
-0.067871093750
-0.029052734375
0.052001953125
-0.053222656250
-0.152343750000
-0.152343750000
-0.423828125000
0.209960937500
-0.127929687500
-0.357421875000
-0.273437500000
0.188476562500
0.104492187500
-0.123046875000
0.378906250000
-0.031005859375
0.113281250000
0.052978515625
0.076171875000
0.308593750000
0.011840820312
0.106445312500
-0.054687500000
-0.126953125000
-0.287109375000
-0.009826660156
0.018066406250
0.002868652344
0.036621093750
0.119628906250
-0.003906250000
0.035400390625
0.078613281250
-0.086425781250
0.097167968750
0.131835937500
0.037353515625
-0.043701171875
0.028564453125
-0.065917968750
-0.045898437500
0.046142578125
0.023559570312
-0.355468750000
0.117187500000
0.128906250000
0.285156250000
-0.030273437500
-0.186523437500
0.073242187500
0.017456054688
0.388671875000
-0.047119140625
0.067871093750
0.094726562500
-0.257812500000
0.096191406250
0.081054687500
-0.500000000000
0.027099609375
-0.107910156250
0.132812500000
-0.180664062500
-0.006072998047
-0.025878906250
0.026489257812
-0.076171875000
-0.077636718750
0.110839843750
-0.240234375000
-0.171875000000
0.159179687500
-0.277343750000
-0.292968750000
0.042968750000
0.218750000000
-0.175781250000
0.168945312500
-0.242187500000
0.103027343750
0.169921875000
0.086914062500
-0.059570312500
0.300781250000
-0.022583007812
0.031982421875
-0.153320312500
-0.080566406250
-0.496093750000
0.034667968750
0.041748046875
-0.051513671875
0.027465820312
0.018798828125
0.024414062500
0.138671875000
-0.153320312500
0.086425781250
0.093750000000
0.142578125000
-0.003051757812
-0.055908203125
-0.021362304688
-0.029907226562
-0.002853393555
0.149414062500
0.236328125000
-0.396484375000
0.088378906250
0.042480468750
0.014892578125
0.122070312500
-0.026367187500
-0.030395507812
0.126953125000
0.287109375000
-0.009338378906
0.003829956055
-0.257812500000
-0.357421875000
0.015991210938
-0.185546875000
-0.245117187500
-0.045898437500
-0.031250000000
-0.191406250000
0.037109375000
0.000583648682
-0.069824218750
0.001365661621
-0.277343750000
-0.150390625000
0.007141113281
-0.243164062500
-0.080078125000
0.181640625000
0.065917968750
-0.113281250000
-0.069824218750
0.267578125000
0.035888671875
0.112792968750
0.102539062500
0.197265625000
0.065429687500
-0.236328125000
-0.034179687500
0.205078125000
0.042480468750
0.001243591309
-0.167968750000
-0.121093750000
-0.207031250000
0.136718750000
0.046142578125
0.080566406250
-0.109375000000
0.161132812500
-0.044921875000
0.062988281250
-0.060302734375
-0.087402343750
0.259765625000
0.060546875000
0.111328125000
0.076171875000
0.064941406250
0.053466796875
-0.049316406250
0.143554687500
0.112304687500
-0.096679687500
0.066894531250
0.038818359375
0.139648437500
0.212890625000
0.075683593750
0.074218750000
0.063964843750
0.051513671875
-0.150390625000
-0.080078125000
-0.120117187500
-0.220703125000
0.144531250000
-0.238281250000
-0.250000000000
0.129882812500
0.090820312500
0.118652343750
0.039306640625
0.050781250000
-0.044921875000
0.032226562500
-0.710937500000
0.061767578125
0.024169921875
-0.134765625000
-0.107910156250
0.072265625000
0.099609375000
-0.094238281250
-0.168945312500
-0.059570312500
-0.025634765625
0.052001953125
-0.090332031250
0.075195312500
-0.004791259766
0.075683593750
0.082519531250
0.163085937500
-0.191406250000
-0.164062500000
-0.044921875000
-0.063476562500
-0.116210937500
0.019042968750
0.019531250000
0.052490234375
-0.096679687500
0.111816406250
0.019775390625
0.034423828125
-0.000432968140
-0.060546875000
-0.011718750000
-0.009643554688
-0.049316406250
-0.105468750000
0.072753906250
0.045166015625
-0.053710937500
-0.041992187500
0.211914062500
-0.005249023438
-0.095214843750
-0.090820312500
0.044921875000
0.019775390625
-0.076171875000
0.023193359375
-0.046142578125
-0.097167968750
-0.151367187500
-0.082031250000
-0.051025390625
-0.157226562500
-0.132812500000
-0.009460449219
-0.207031250000
-0.000457763672
0.032226562500
0.082031250000
-0.079101562500
-0.105957031250
-0.003738403320
0.002395629883
-0.208984375000
0.039794921875
-0.096679687500
-0.192382812500
-0.104003906250
0.096191406250
0.312500000000
-0.114746093750
-0.025268554688
-0.109863281250
0.074707031250
-0.023803710938
0.116210937500
-0.082031250000
0.093750000000
0.165039062500
-0.134765625000
0.045166015625
-0.113281250000
-0.138671875000
0.003829956055
-0.112304687500
0.125976562500
-0.216796875000
0.054443359375
0.146484375000
-0.022583007812
0.088378906250
0.062988281250
0.043457031250
0.019653320312
-0.144531250000
-0.122558593750
-0.091308593750
0.158203125000
0.052001953125
0.049804687500
0.180664062500
-0.016723632812
-0.106933593750
0.058105468750
-0.064941406250
0.098632812500
0.097656250000
0.216796875000
-0.121093750000
0.064453125000
0.052001953125
0.081054687500
-0.201171875000
-0.184570312500
-0.097656250000
0.008117675781
-0.153320312500
0.027709960938
-0.128906250000
-0.215820312500
-0.091796875000
-0.008666992188
0.257812500000
0.048583984375
0.072753906250
0.034423828125
-0.082031250000
0.110839843750
-0.012390136719
-0.058593750000
-0.142578125000
-0.027709960938
0.006622314453
0.063476562500
-0.149414062500
-0.010559082031
0.215820312500
-0.057617187500
-0.291015625000
-0.265625000000
-0.018432617188
0.003280639648
-0.048583984375
0.008117675781
-0.257812500000
-0.255859375000
-0.103515625000
-0.045898437500
-0.152343750000
-0.059326171875
0.037109375000
-0.052246093750
0.107910156250
-0.120605468750
0.060058593750
-0.027954101562
0.089843750000
0.122070312500
-0.017089843750
-0.086914062500
0.072753906250
-0.648437500000
-0.128906250000
0.065429687500
-0.061035156250
0.174804687500
0.001564025879
0.012023925781
0.035644531250
-0.148437500000
0.101074218750
-0.106933593750
-0.087890625000
0.074218750000
0.062988281250
0.081054687500
-0.369140625000
-0.092773437500
-0.238281250000
-0.204101562500
-0.087890625000
-0.026123046875
-0.184570312500
-0.211914062500
0.085937500000
-0.194335937500
-0.125976562500
-0.217773437500
0.115722656250
-0.123535156250
0.007537841797
-0.001525878906
-0.154296875000
-0.080566406250
-0.098144531250
-0.205078125000
0.038574218750
0.164062500000
-0.036621093750
-0.140625000000
-0.032226562500
0.117675781250
-0.003631591797
0.324218750000
0.113769531250
0.117675781250
0.153320312500
0.113281250000
-0.259765625000
-0.016113281250
-0.081054687500
-0.242187500000
-0.123535156250
-0.155273437500
-0.026855468750
-0.010192871094
0.073242187500
-0.083984375000
0.027587890625
0.073242187500
0.059082031250
0.249023437500
-0.094238281250
-0.134765625000
0.122558593750
-0.108886718750
0.287109375000
0.251953125000
-0.077148437500
0.078125000000
0.055419921875
0.129882812500
-0.107421875000
-0.008422851562
-0.020263671875
-0.215820312500
0.046386718750
0.169921875000
0.015869140625
0.136718750000
0.114257812500
-0.065917968750
0.154296875000
0.194335937500
0.029052734375
0.173828125000
-0.131835937500
0.330078125000
0.141601562500
0.239257812500
-0.001998901367
-0.003997802734
-0.249023437500
-0.111328125000
0.057861328125
0.084960937500
-0.049072265625
0.234375000000
-0.190429687500
0.000675201416
0.298828125000
-0.208984375000
-0.441406250000
0.017822265625
0.227539062500
0.025268554688
0.019531250000
-0.175781250000
0.167968750000
-0.176757812500
0.012817382812
-0.038085937500
-0.167968750000
0.160156250000
-0.135742187500
-0.052978515625
-0.237304687500
0.009765625000
-0.204101562500
0.103515625000
0.300781250000
-0.640625000000
0.263671875000
0.421875000000
-0.140625000000
-0.119628906250
-0.233398437500
-0.091796875000
0.097656250000
0.145507812500
0.302734375000
0.029418945312
-0.052490234375
-0.006927490234
0.091796875000
0.030761718750
-0.277343750000
-0.033935546875
-0.013977050781
-0.250000000000
-0.484375000000
0.033203125000
0.025878906250
0.070800781250
0.133789062500
0.023193359375
0.121582031250
-0.113769531250
-0.205078125000
0.096679687500
-0.077148437500
0.213867187500
0.164062500000
0.059082031250
-0.027099609375
0.149414062500
-0.255859375000
-0.064453125000
-0.096191406250
-0.134765625000
0.161132812500
0.041748046875
0.010925292969
-0.137695312500
-0.150390625000
-0.008789062500
-0.120605468750
-0.154296875000
0.298828125000
-0.101074218750
0.091308593750
0.086425781250
0.038818359375
-0.146484375000
-0.119140625000
-0.096679687500
-0.161132812500
0.107421875000
0.083984375000
-0.129882812500
-0.099121093750
0.078613281250
-0.181640625000
0.099121093750
-0.160156250000
0.267578125000
-0.018310546875
-0.178710937500
0.047363281250
-0.281250000000
-0.357421875000
-0.237304687500
-0.128906250000
0.040527343750
0.087402343750
-0.052490234375
-0.205078125000
0.004882812500
0.143554687500
-0.005676269531
-0.121582031250
-0.104003906250
-0.449218750000
-0.081054687500
-0.886718750000
0.100097656250
-0.038818359375
-0.031250000000
-0.006896972656
-0.104492187500
0.081542968750
0.105957031250
0.023925781250
-0.014953613281
0.052246093750
0.178710937500
0.333984375000
0.050292968750
0.003936767578
0.011962890625
0.053222656250
0.128906250000
-0.211914062500
0.056152343750
-0.159179687500
0.102539062500
-0.143554687500
-0.151367187500
-0.155273437500
0.099121093750
-0.224609375000
-0.043212890625
0.330078125000
-0.033935546875
-0.223632812500
0.224609375000
0.098144531250
-0.230468750000
0.025878906250
0.091796875000
-0.146484375000
0.033691406250
0.019897460938
0.047363281250
-0.090820312500
0.133789062500
0.019409179688
0.066894531250
0.168945312500
-0.080566406250
0.013610839844
0.088378906250
-0.273437500000
-0.378906250000
-0.490234375000
-0.114257812500
-0.004241943359
-0.263671875000
-0.059814453125
0.056884765625
-0.193359375000
-0.131835937500
-0.080566406250
-0.092285156250
0.025024414062
0.016113281250
-1.460937500000
-0.145507812500
-0.570312500000
-0.111328125000
0.032958984375
-0.233398437500
0.019897460938
0.090820312500
0.063476562500
-0.002166748047
-0.142578125000
-0.128906250000
-0.085937500000
0.205078125000
0.188476562500
0.021850585938
-0.016357421875
0.097167968750
-0.058593750000
-0.035156250000
0.102539062500
-0.071777343750
-0.091308593750
-0.034912109375
-0.202148437500
-0.151367187500
-0.125976562500
-0.041748046875
-0.246093750000
-0.072753906250
0.216796875000
0.005981445312
0.122070312500
-0.014526367188
0.008972167969
-0.170898437500
-0.031982421875
-0.378906250000
-0.037109375000
-0.022705078125
0.014221191406
-0.094726562500
-0.041015625000
-0.071777343750
0.036132812500
-0.024291992188
0.271484375000
0.141601562500
0.072753906250
0.105957031250
0.096191406250
-0.090820312500
-0.550781250000
-0.018310546875
-0.058349609375
-0.166015625000
-0.039062500000
-0.043945312500
-0.178710937500
0.052734375000
0.040283203125
0.042480468750
-0.079589843750
-0.004058837891
-1.296875000000
-0.205078125000
-0.914062500000
0.085937500000
0.035644531250
-0.186523437500
-0.157226562500
0.034667968750
-0.044433593750
0.073242187500
0.088378906250
-0.082519531250
-0.113281250000
0.153320312500
0.111816406250
0.078613281250
0.040527343750
0.048339843750
-0.113281250000
0.093261718750
-0.014404296875
-0.009948730469
-0.226562500000
0.006622314453
-0.259765625000
-0.071777343750
-0.156250000000
-0.182617187500
-0.127929687500
-0.106933593750
0.330078125000
-0.075195312500
-0.053466796875
0.052001953125
0.156250000000
-0.030395507812
-0.018676757812
-0.009826660156
-0.052734375000
0.005004882812
-0.018432617188
0.032714843750
-0.296875000000
0.017944335938
-0.045166015625
0.129882812500
-0.036132812500
-0.155273437500
-0.180664062500
0.042724609375
0.143554687500
0.020751953125
-0.640625000000
0.046875000000
-0.060302734375
-0.063964843750
-0.196289062500
-0.026367187500
0.009460449219
-0.043945312500
0.010986328125
0.117187500000
0.033203125000
-0.014892578125
-0.636718750000
-0.138671875000
-0.964843750000
-0.029052734375
0.052734375000
0.052490234375
-0.109375000000
0.020507812500
-0.134765625000
-0.180664062500
0.002609252930
0.017456054688
-0.143554687500
0.183593750000
0.187500000000
-0.000625610352
0.152343750000
0.077636718750
-0.065429687500
-0.002426147461
-0.121093750000
-0.055419921875
-0.072265625000
0.129882812500
0.013000488281
-0.133789062500
-0.112792968750
-0.335937500000
0.020751953125
-0.114746093750
0.138671875000
-0.032470703125
0.213867187500
0.259765625000
-0.010864257812
0.001609802246
-0.044677734375
-0.017456054688
0.005065917969
0.094726562500
-0.072753906250
-0.123535156250
-0.108398437500
-0.064453125000
-0.122070312500
-0.083007812500
0.330078125000
0.369140625000
0.160156250000
-0.159179687500
-0.070800781250
-0.210937500000
-0.373046875000
0.051513671875
-0.106445312500
-0.304687500000
-0.224609375000
-0.099121093750
-0.180664062500
0.013061523438
-0.108886718750
-0.126953125000
0.018920898438
-0.132812500000
0.048095703125
-0.257812500000
-0.996093750000
-0.083007812500
0.080078125000
0.096191406250
-0.150390625000
0.062011718750
-0.056396484375
0.137695312500
0.110839843750
-0.298828125000
-0.086914062500
0.273437500000
0.160156250000
0.001258850098
-0.208007812500
0.121093750000
-0.029418945312
0.015502929688
-0.003906250000
-0.007934570312
-0.146484375000
-0.220703125000
-0.016723632812
-0.027221679688
-0.092285156250
-0.244140625000
-0.065917968750
-0.078613281250
0.146484375000
0.032470703125
0.119140625000
-0.263671875000
-0.125976562500
0.066406250000
-0.054443359375
-0.007568359375
0.064941406250
0.040283203125
-0.038818359375
0.051025390625
-0.462890625000
-0.105468750000
-0.193359375000
-0.063476562500
-0.052001953125
-0.835937500000
-0.169921875000
0.330078125000
-0.347656250000
0.056396484375
0.013122558594
-0.312500000000
-0.054199218750
0.240234375000
0.137695312500
-0.098632812500
0.047851562500
0.164062500000
-0.064941406250
-0.010803222656
0.065917968750
-0.001899719238
0.058349609375
0.024536132812
-0.203125000000
-0.130859375000
-0.031005859375
-0.036376953125
-0.042236328125
-0.031982421875
-0.088867187500
0.032226562500
0.147460937500
-0.204101562500
0.542968750000
0.075195312500
0.148437500000
-0.125000000000
0.043701171875
-0.328125000000
-0.062988281250
-0.049072265625
-0.081054687500
-0.098144531250
-0.273437500000
-0.197265625000
0.165039062500
-0.306640625000
0.113769531250
0.121093750000
0.088378906250
-0.058349609375
-0.010253906250
-0.092773437500
0.062988281250
0.117675781250
-0.179687500000
0.107910156250
0.083007812500
-0.083984375000
-0.071777343750
-0.213867187500
0.049804687500
0.150390625000
-0.199218750000
0.082519531250
-0.224609375000
-0.106933593750
-0.235351562500
0.554687500000
-0.083984375000
0.085449218750
0.048828125000
0.111816406250
-0.099609375000
-0.189453125000
0.068359375000
-0.106445312500
0.098632812500
0.094238281250
-0.011657714844
0.081542968750
-0.008544921875
0.084960937500
0.061767578125
0.037353515625
0.093261718750
-0.005737304688
0.042480468750
0.061767578125
-0.080078125000
0.061523437500
-0.033447265625
0.006072998047
-0.066406250000
-0.038574218750
0.019897460938
0.133789062500
0.318359375000
-0.075683593750
0.139648437500
0.190429687500
0.064941406250
0.039794921875
-0.055908203125
-0.275390625000
-0.238281250000
-0.126953125000
-0.181640625000
0.140625000000
0.073242187500
0.137695312500
-0.201171875000
0.058349609375
0.194335937500
0.079589843750
-0.155273437500
-0.091796875000
0.007568359375
0.015747070312
-0.114257812500
-0.010742187500
0.140625000000
-0.194335937500
0.201171875000
0.080566406250
-0.038574218750
-0.078613281250
-0.304687500000
-0.001457214355
0.004058837891
-0.154296875000
-0.181640625000
-0.498046875000
0.224609375000
-0.109375000000
0.062011718750
0.183593750000
0.089355468750
-0.267578125000
-0.230468750000
0.175781250000
-0.141601562500
-0.087402343750
0.072265625000
0.102539062500
0.064453125000
-0.039794921875
0.150390625000
0.072753906250
0.059814453125
0.031738281250
-0.188476562500
-0.008056640625
-0.121582031250
0.098144531250
-0.028808593750
0.008666992188
-0.253906250000
0.267578125000
-0.398437500000
0.103027343750
0.037353515625
-0.124511718750
0.160156250000
0.103027343750
-0.047363281250
-0.118164062500
-0.175781250000
-0.292968750000
-0.143554687500
-0.055908203125
-0.318359375000
0.109375000000
-0.091308593750
0.051513671875
-0.010986328125
0.058837890625
0.148437500000
-0.014038085938
0.124023437500
0.064941406250
-0.143554687500
-0.025756835938
-0.314453125000
-0.190429687500
-0.009460449219
-0.328125000000
0.111816406250
-0.060302734375
0.095703125000
0.032714843750
-0.259765625000
-0.061767578125
-0.265625000000
-0.056152343750
-0.261718750000
0.242187500000
0.108886718750
0.009704589844
0.088378906250
-0.011840820312
-0.014770507812
-0.130859375000
-0.046386718750
-0.021362304688
0.180664062500
0.033935546875
0.079101562500
0.048828125000
0.134765625000
-0.021240234375
-0.107421875000
0.024414062500
0.027587890625
0.039550781250
-0.043701171875
-0.117675781250
0.052001953125
0.108398437500
-0.034179687500
-0.119628906250
-1.242187500000
0.140625000000
0.061523437500
0.041015625000
0.101074218750
-0.277343750000
0.015991210938
0.022094726562
-0.016723632812
0.026367187500
0.135742187500
-0.186523437500
-0.006286621094
0.024414062500
-0.073242187500
0.133789062500
-0.343750000000
0.077148437500
0.120117187500
-0.215820312500
-0.002502441406
0.025756835938
0.033691406250
-0.063476562500
-0.146484375000
-0.104003906250
-0.154296875000
-0.069824218750
0.070800781250
-0.046386718750
-0.079101562500
-0.098632812500
-0.123535156250
-0.042724609375
-0.273437500000
-0.062500000000
0.048095703125
0.058837890625
-0.158203125000
-0.022827148438
0.120117187500
-0.015136718750
-0.221679687500
0.024047851562
-0.016357421875
-0.241210937500
0.042968750000
0.082519531250
-0.024658203125
-0.015991210938
0.103515625000
-0.005645751953
0.102050781250
-0.335937500000
-0.069824218750
-0.080566406250
0.007812500000
0.072265625000
-0.310546875000
0.105468750000
0.000610351562
0.033203125000
0.010070800781
-0.025390625000
-1.140625000000
-0.130859375000
0.161132812500
-0.159179687500
0.152343750000
-0.036132812500
-0.093750000000
-0.020385742188
0.075195312500
-0.125976562500
0.079101562500
0.004913330078
-0.135742187500
0.023681640625
0.002059936523
0.023925781250
-0.149414062500
-0.034179687500
-0.024291992188
0.007202148438
0.038085937500
-0.030639648438
-0.000747680664
-0.045166015625
-0.087890625000
-0.019897460938
-0.020141601562
0.031005859375
0.120117187500
-0.028930664062
0.024169921875
-0.016113281250
-0.010070800781
0.059082031250
-0.104980468750
0.019531250000
0.048095703125
0.008544921875
0.104492187500
0.165039062500
0.281250000000
-0.043945312500
0.041015625000
-0.078125000000
-0.028808593750
-0.096679687500
-0.160156250000
0.030029296875
-0.006622314453
-0.040039062500
0.194335937500
0.075683593750
0.020507812500
0.067871093750
-0.101562500000
-0.059082031250
-0.115722656250
-0.097656250000
-0.246093750000
-0.056640625000
0.058349609375
0.227539062500
-0.040283203125
-0.206054687500
-0.863281250000
-0.075195312500
-0.146484375000
0.021972656250
0.067382812500
-0.213867187500
-0.125976562500
-0.075683593750
0.017700195312
-0.181640625000
-0.142578125000
0.249023437500
-0.085449218750
-0.124511718750
0.008728027344
0.217773437500
-0.015319824219
0.238281250000
-0.119628906250
-0.136718750000
0.139648437500
-0.013549804688
0.078125000000
-0.167968750000
0.142578125000
-0.029663085938
0.076171875000
0.107421875000
0.030151367188
-0.027343750000
-0.038574218750
0.052246093750
-0.187500000000
-0.009887695312
-0.006134033203
0.105468750000
-0.071289062500
0.046630859375
0.032226562500
-0.302734375000
0.094726562500
-0.204101562500
0.105468750000
0.093750000000
0.006683349609
-0.082031250000
-0.118164062500
0.177734375000
0.148437500000
-0.098144531250
0.087890625000
-0.060791015625
0.001510620117
-0.005615234375
-0.000037670135
0.129882812500
0.182617187500
0.147460937500
-0.243164062500
-0.054931640625
0.028442382812
0.022338867188
-0.051269531250
0.057617187500
-0.070800781250
-0.075195312500
-0.111816406250
-0.026855468750
0.138671875000
0.036376953125
-0.337890625000
-0.065429687500
-0.026489257812
-0.082031250000
0.043701171875
0.287109375000
-0.155273437500
-0.005645751953
0.122558593750
-0.153320312500
0.025634765625
-0.312500000000
0.062500000000
-0.162109375000
0.020141601562
0.075195312500
0.004852294922
-0.085449218750
0.111328125000
-0.069335937500
-0.026489257812
0.176757812500
0.068359375000
-0.044189453125
0.124511718750
0.095214843750
-0.172851562500
0.084472656250
-0.132812500000
0.062988281250
0.017822265625
-0.110351562500
0.185546875000
0.447265625000
0.263671875000
0.138671875000
0.128906250000
-0.089843750000
-0.096679687500
0.151367187500
0.056152343750
-0.412109375000
-0.045166015625
-0.040527343750
-0.014160156250
-0.176757812500
-0.097167968750
0.132812500000
-0.082031250000
-0.283203125000
-0.000999450684
-0.012268066406
0.005462646484
-0.365234375000
-0.242187500000
-0.018798828125
-0.198242187500
0.209960937500
-0.091308593750
0.134765625000
-0.184570312500
-0.010253906250
-0.036376953125
-0.043701171875
0.068847656250
0.175781250000
0.039306640625
-0.182617187500
0.030395507812
0.437500000000
0.066406250000
-0.027465820312
0.187500000000
-0.051757812500
0.067382812500
0.076660156250
0.001678466797
0.217773437500
0.028930664062
0.163085937500
0.167968750000
-0.267578125000
0.192382812500
0.013183593750
0.103515625000
0.076660156250
-0.004760742188
-0.026489257812
-0.108398437500
0.185546875000
-0.158203125000
-0.069824218750
-0.204101562500
-0.233398437500
-0.166015625000
-0.002059936523
-0.028686523438
-0.076171875000
0.221679687500
-0.132812500000
-0.691406250000
0.041503906250
-0.107910156250
0.037841796875
0.161132812500
0.028442382812
0.022949218750
-0.079101562500
0.043701171875
-0.353515625000
0.114746093750
0.068847656250
-0.213867187500
0.106445312500
-0.000846862793
-0.089843750000
0.044433593750
-0.408203125000
-0.169921875000
-0.111816406250
-0.236328125000
0.143554687500
-0.084472656250
0.055908203125
-0.174804687500
-0.096191406250
-0.199218750000
0.017089843750
0.005218505859
-0.039794921875
-0.107421875000
-0.152343750000
0.115722656250
0.318359375000
-0.023315429688
0.088867187500
0.189453125000
-0.008789062500
0.058593750000
0.020629882812
-0.020263671875
0.096191406250
-0.144531250000
0.061279296875
-0.063476562500
0.073730468750
-0.121093750000
0.055664062500
0.173828125000
0.004608154297
-0.063964843750
-0.000268936157
0.127929687500
-0.056152343750
-0.002059936523
0.040527343750
-0.091796875000
0.035644531250
0.034179687500
-0.018676757812
-0.103515625000
-0.013000488281
-0.429687500000
-0.120605468750
-0.460937500000
-0.208984375000
-0.029174804688
0.225585937500
0.157226562500
-0.265625000000
0.100097656250
0.043212890625
-0.041015625000
-0.075195312500
0.035888671875
0.119628906250
-0.177734375000
-0.036865234375
0.197265625000
0.004180908203
-0.007751464844
-0.141601562500
-0.086914062500
-0.197265625000
-0.039306640625
0.066406250000
-0.208007812500
0.086425781250
-0.029541015625
-0.064453125000
-0.094726562500
0.081054687500
-0.027465820312
-0.052978515625
-0.147460937500
-0.134765625000
0.061767578125
0.097167968750
-0.012145996094
0.215820312500
0.159179687500
-0.076171875000
-0.049316406250
0.030029296875
0.040527343750
-0.050537109375
-0.082031250000
0.064453125000
-0.067871093750
0.068847656250
-0.065429687500
0.141601562500
-0.073730468750
0.015563964844
0.279296875000
-0.173828125000
0.314453125000
0.077636718750
-0.134765625000
0.019653320312
-0.030761718750
-0.245117187500
-0.195312500000
-0.063964843750
-0.202148437500
-0.008666992188
-0.734375000000
0.190429687500
-0.176757812500
-0.059814453125
-0.096679687500
0.108886718750
0.068359375000
0.030273437500
0.066894531250
-0.079589843750
-0.065917968750
-0.090820312500
-0.084472656250
0.059814453125
-0.149414062500
-0.035644531250
0.186523437500
-0.119140625000
0.090332031250
-0.277343750000
-0.105957031250
0.040039062500
-0.044921875000
0.159179687500
-0.155273437500
-0.004119873047
-0.026489257812
0.009033203125
-0.002014160156
0.030517578125
-0.014526367188
0.028320312500
-0.404296875000
-0.040283203125
0.322265625000
-0.029418945312
-0.039062500000
0.212890625000
0.061035156250
-0.014282226562
-0.030761718750
0.124511718750
0.053222656250
-0.212890625000
0.053466796875
0.116210937500
0.025878906250
0.089355468750
-0.003479003906
0.051757812500
-0.134765625000
-0.032714843750
-0.123046875000
-0.040527343750
0.257812500000
0.003051757812
-0.167968750000
0.052001953125
-0.174804687500
-0.156250000000
-0.067871093750
0.035644531250
0.007324218750
0.096679687500
-1.085937500000
-0.015747070312
-0.507812500000
-0.142578125000
-0.012329101562
0.326171875000
0.184570312500
0.158203125000
0.094726562500
-0.075683593750
-0.041748046875
0.040039062500
-0.287109375000
0.098632812500
-0.152343750000
-0.133789062500
0.113281250000
-0.077636718750
0.052246093750
0.022216796875
-0.173828125000
-0.077636718750
0.040527343750
0.128906250000
-0.073730468750
-0.009399414062
-0.151367187500
0.001510620117
-0.037841796875
-0.138671875000
0.082031250000
-0.077636718750
-0.308593750000
-0.058105468750
0.122070312500
-0.171875000000
0.019897460938
0.075683593750
0.040039062500
-0.042236328125
0.038574218750
-0.017822265625
0.072265625000
-0.257812500000
-0.056640625000
0.273437500000
0.060058593750
0.012451171875
0.092285156250
0.125976562500
-0.013183593750
-0.257812500000
-0.046875000000
0.030761718750
0.111816406250
0.105957031250
-0.147460937500
0.027221679688
-0.112304687500
-0.127929687500
-0.231445312500
-0.031127929688
-0.066406250000
0.061279296875
-0.122558593750
-0.162109375000
-0.765625000000
-0.026489257812
-0.119140625000
-0.030761718750
0.039306640625
0.048095703125
0.050537109375
-0.138671875000
0.030029296875
0.102539062500
-0.107421875000
0.101562500000
-0.057373046875
0.082031250000
0.029663085938
-0.093750000000
0.153320312500
-0.134765625000
-0.005828857422
0.115234375000
-0.125976562500
0.332031250000
-0.129882812500
0.073242187500
-0.240234375000
-0.248046875000
-0.021240234375
0.154296875000
-0.102050781250
-0.019409179688
-0.208007812500
-0.084960937500
-0.012695312500
-0.070800781250
0.012878417969
-0.011291503906
0.077148437500
0.144531250000
0.115234375000
0.056152343750
-0.006744384766
-0.492187500000
0.079589843750
0.101074218750
0.160156250000
-0.021972656250
-0.151367187500
0.067871093750
0.005218505859
0.156250000000
-0.086914062500
-0.000474929810
0.082519531250
0.121093750000
-0.246093750000
0.171875000000
-0.216796875000
0.082031250000
-0.208984375000
-0.082519531250
0.123535156250
0.068847656250
0.040527343750
-0.038818359375
-0.394531250000
0.068847656250
-0.011779785156
0.118164062500
0.013183593750
-0.306640625000
0.002532958984
-0.065429687500
-0.010009765625
0.002624511719
-0.094726562500
0.057128906250
0.055664062500
-0.228515625000
-0.106933593750
0.029785156250
0.047851562500
-0.040527343750
-0.218750000000
0.052490234375
-0.055175781250
0.183593750000
-0.277343750000
0.079589843750
-0.235351562500
-0.122070312500
0.085937500000
-0.108398437500
-0.259765625000
0.143554687500
-0.245117187500
-0.166015625000
0.242187500000
-0.249023437500
0.054443359375
-0.007781982422
-0.026123046875
-0.112304687500
0.012512207031
-0.066894531250
0.004486083984
-0.343750000000
0.095703125000
0.241210937500
0.187500000000
-0.118652343750
0.137695312500
0.265625000000
-0.135742187500
0.095214843750
-0.070800781250
0.031738281250
-0.129882812500
0.145507812500
-0.148437500000
0.227539062500
-0.335937500000
-0.066894531250
-0.139648437500
-0.073730468750
-0.046630859375
-0.018920898438
0.044677734375
-0.045410156250
0.144531250000
-0.077148437500
0.180664062500
-0.003585815430
0.143554687500
0.009643554688
-0.141601562500
-0.539062500000
0.093261718750
0.186523437500
-0.010131835938
-0.074218750000
-0.255859375000
-0.091308593750
0.051269531250
-0.135742187500
-0.173828125000
-0.136718750000
0.554687500000
0.012939453125
-0.155273437500
-0.191406250000
0.042480468750
-0.144531250000
0.066894531250
-0.273437500000
0.072265625000
-0.210937500000
0.169921875000
0.077636718750
0.101562500000
0.134765625000
-0.054931640625
0.000965118408
0.107910156250
0.021240234375
-0.031494140625
-0.298828125000
0.162109375000
-0.333984375000
0.147460937500
-0.208007812500
0.072265625000
0.005493164062
-0.097656250000
0.055908203125
0.140625000000
0.166992187500
-0.468750000000
-0.042968750000
0.024291992188
-0.023803710938
0.279296875000
-0.174804687500
0.151367187500
0.072265625000
-0.135742187500
0.058349609375
0.145507812500
0.093750000000
-0.161132812500
-0.388671875000
0.077148437500
-0.077636718750
0.011291503906
0.486328125000
-0.012145996094
-0.028076171875
0.050537109375
-0.081054687500
-0.133789062500
-0.055908203125
0.035644531250
-0.210937500000
-0.029418945312
-0.051757812500
-0.335937500000
0.071777343750
-0.078613281250
-0.072265625000
-0.107910156250
0.026367187500
0.234375000000
0.014648437500
-0.047119140625
0.155273437500
-0.018798828125
0.120117187500
-0.051269531250
-0.028076171875
-0.145507812500
-0.087402343750
0.140625000000
0.097167968750
-0.253906250000
-0.132812500000
-0.027709960938
0.125000000000
-0.221679687500
0.066406250000
0.020141601562
0.117675781250
-0.058837890625
-0.021972656250
0.196289062500
-0.245117187500
0.069335937500
-0.022949218750
-0.060058593750
0.084960937500
0.020263671875
-0.104492187500
-0.183593750000
-0.173828125000
0.147460937500
-0.081542968750
0.020385742188
0.058593750000
0.026977539062
0.116210937500
-0.116699218750
0.141601562500
-0.113769531250
-0.060302734375
0.178710937500
0.011840820312
-0.027587890625
0.154296875000
-0.077148437500
0.068359375000
-0.036621093750
0.124511718750
0.075683593750
0.021972656250
-0.004547119141
-0.158203125000
0.012084960938
0.054687500000
0.011108398438
-0.251953125000
-0.118652343750
0.029907226562
-0.105957031250
-0.042480468750
0.077636718750
0.051269531250
0.110839843750
-0.015319824219
-0.186523437500
0.095703125000
0.060302734375
-0.173828125000
0.047851562500
0.029541015625
-0.081542968750
-0.021850585938
0.042480468750
-0.121093750000
-0.223632812500
-0.115722656250
0.078613281250
0.115722656250
-0.052734375000
0.031738281250
-0.021850585938
-0.145507812500
0.083007812500
-0.255859375000
0.138671875000
-0.096679687500
-0.055175781250
-0.324218750000
-0.049804687500
0.038574218750
0.039062500000
0.118652343750
-0.259765625000
-0.018432617188
0.043212890625
0.045898437500
0.133789062500
-0.073242187500
0.093750000000
0.055419921875
-0.135742187500
0.066406250000
-0.024047851562
0.052490234375
0.147460937500
-0.130859375000
0.233398437500
0.016723632812
-0.106933593750
0.020019531250
-0.045410156250
0.105468750000
0.053955078125
0.061279296875
-0.126953125000
0.005859375000
0.039550781250
0.133789062500
0.052734375000
-0.121093750000
-0.158203125000
0.005249023438
-0.118652343750
-0.090332031250
0.085937500000
0.062011718750
0.171875000000
0.049804687500
-0.074218750000
0.107910156250
0.087890625000
-0.030273437500
0.058593750000
-0.190429687500
0.085449218750
-0.086914062500
0.149414062500
0.115722656250
-0.902343750000
-0.030029296875
0.122070312500
0.079589843750
-0.057861328125
0.155273437500
0.019287109375
0.044677734375
0.081542968750
-0.214843750000
0.082031250000
0.101562500000
-0.085449218750
-0.250000000000
-0.078125000000
-0.002334594727
0.037841796875
-0.010437011719
-0.055908203125
0.038085937500
0.025390625000
0.009887695312
0.120605468750
-0.007751464844
0.082031250000
0.097167968750
-0.114257812500
0.091796875000
0.011840820312
0.129882812500
0.132812500000
-0.047119140625
0.127929687500
0.094726562500
0.074707031250
-0.108398437500
0.036621093750
0.170898437500
-0.063476562500
0.082031250000
-0.163085937500
-0.257812500000
-0.048339843750
0.028442382812
-0.159179687500
-0.435546875000
0.061523437500
-0.245117187500
0.036621093750
0.001525878906
-0.013977050781
0.129882812500
0.406250000000
0.075683593750
0.142578125000
-0.238281250000
-0.060302734375
0.017944335938
0.104980468750
0.036621093750
-0.098632812500
-0.145507812500
0.111816406250
-0.038818359375
-0.382812500000
-0.216796875000
-0.116699218750
0.141601562500
-0.171875000000
0.163085937500
0.104980468750
-0.149414062500
0.010559082031
-0.138671875000
0.044677734375
0.025390625000
-0.095214843750
-0.734375000000
-0.141601562500
-0.139648437500
-0.052490234375
0.006652832031
-0.199218750000
-0.089355468750
0.028808593750
0.320312500000
0.114746093750
0.036132812500
-0.009033203125
0.091308593750
0.053466796875
0.068359375000
0.158203125000
0.139648437500
0.021972656250
0.079101562500
0.316406250000
0.138671875000
-0.056884765625
0.097167968750
0.028808593750
0.092285156250
-0.046630859375
0.102050781250
-0.051513671875
0.126953125000
0.032470703125
-0.030761718750
0.038574218750
0.054687500000
0.038085937500
-0.161132812500
-0.064453125000
-0.193359375000
-0.045654296875
0.030883789062
-0.028808593750
0.046386718750
0.183593750000
0.185546875000
0.197265625000
0.096191406250
-0.009887695312
0.072753906250
-0.002639770508
-0.085937500000
-0.015380859375
0.255859375000
0.063476562500
0.084960937500
-0.094238281250
-0.069824218750
-0.043212890625
0.027832031250
0.159179687500
0.049316406250
0.150390625000
0.003799438477
0.215820312500
0.240234375000
-0.013610839844
0.149414062500
-0.083984375000
0.083496093750
-0.130859375000
-0.018310546875
-0.388671875000
-0.032470703125
-0.008178710938
-0.047851562500
0.169921875000
0.001159667969
0.163085937500
0.026611328125
-0.036132812500
-0.022827148438
0.068359375000
0.012268066406
-0.015625000000
-0.092285156250
0.257812500000
0.044921875000
0.004455566406
0.069824218750
-0.002319335938
0.065429687500
0.074707031250
0.071777343750
-0.257812500000
-0.271484375000
0.092773437500
-0.131835937500
-0.002777099609
0.127929687500
0.077148437500
0.032226562500
0.069335937500
0.199218750000
-0.009704589844
0.032958984375
0.015258789062
0.021484375000
0.002838134766
-0.480468750000
0.041748046875
-0.308593750000
0.148437500000
-0.253906250000
0.044921875000
-0.157226562500
0.151367187500
0.038818359375
-0.052246093750
0.082031250000
-0.013427734375
-0.199218750000
0.040039062500
0.030883789062
0.116210937500
-0.039794921875
0.027587890625
-0.320312500000
0.205078125000
0.032470703125
-0.055908203125
-0.054931640625
-0.006652832031
-0.016967773438
-0.233398437500
0.155273437500
-0.149414062500
-0.066894531250
0.059570312500
-0.118652343750
0.074218750000
-0.066406250000
0.074218750000
0.133789062500
0.024047851562
-0.019531250000
-0.059570312500
-0.107910156250
-0.271484375000
0.055908203125
0.167968750000
-0.082031250000
-0.085449218750
0.108398437500
-0.073730468750
0.025268554688
0.121093750000
0.096191406250
-0.006896972656
0.339843750000
-0.022705078125
-0.007019042969
-0.099609375000
-0.079101562500
-0.230468750000
-0.304687500000
-0.073242187500
-0.052001953125
-0.191406250000
0.326171875000
0.078125000000
0.105957031250
0.122558593750
-0.146484375000
0.177734375000
-0.027954101562
0.124511718750
-0.078613281250
0.215820312500
-0.135742187500
0.281250000000
-0.109375000000
0.053955078125
-0.208984375000
-0.287109375000
0.016723632812
-0.378906250000
0.052978515625
0.129882812500
-0.112792968750
0.024169921875
-0.289062500000
0.139648437500
0.078125000000
0.058593750000
-0.092773437500
0.106445312500
0.349609375000
0.155273437500
-0.050781250000
0.174804687500
-0.076660156250
-0.050292968750
0.038330078125
0.032470703125
0.090332031250
0.004028320312
-0.703125000000
0.102050781250
-0.250000000000
0.092285156250
-0.024169921875
0.001510620117
-0.158203125000
0.086425781250
0.214843750000
-0.220703125000
0.117675781250
-0.056884765625
-0.043701171875
0.174804687500
-0.171875000000
-0.011047363281
-0.245117187500
0.118164062500
0.051513671875
-0.032958984375
0.159179687500
-0.076660156250
0.217773437500
0.099609375000
-0.057128906250
-0.029663085938
0.265625000000
0.017456054688
0.069335937500
0.002197265625
-0.005828857422
0.008178710938
-0.204101562500
-0.024902343750
-0.103515625000
-0.019653320312
-0.053222656250
0.269531250000
0.060791015625
0.023803710938
0.018798828125
-0.008605957031
0.306640625000
0.014892578125
0.034912109375
0.146484375000
-0.018432617188
0.007812500000
0.236328125000
0.016845703125
-0.151367187500
0.014709472656
-0.149414062500
-0.215820312500
-0.172851562500
-0.031250000000
-0.077636718750
0.021118164062
-0.277343750000
-0.025390625000
-0.003585815430
-0.208007812500
0.047607421875
-0.067871093750
0.341796875000
-0.056396484375
0.010375976562
-0.380859375000
-0.026977539062
-0.451171875000
0.166015625000
-0.019042968750
-0.269531250000
0.013183593750
0.144531250000
0.104003906250
0.109863281250
0.179687500000
0.143554687500
0.061035156250
-0.037109375000
-0.009765625000
0.010070800781
0.200195312500
-0.214843750000
-0.015075683594
-0.011474609375
0.147460937500
0.026000976562
0.186523437500
0.105468750000
-0.209960937500
0.055175781250
0.108886718750
-0.009765625000
-0.150390625000
-0.075195312500
-0.033203125000
-0.093261718750
-0.031250000000
0.061767578125
0.164062500000
-0.003601074219
-0.059326171875
0.013488769531
-0.108398437500
-0.041259765625
0.102539062500
0.211914062500
0.109375000000
0.133789062500
0.007080078125
0.096679687500
0.242187500000
-0.128906250000
-0.079589843750
-0.310546875000
-0.209960937500
0.183593750000
-0.247070312500
-0.082031250000
-0.029785156250
-0.028564453125
-0.165039062500
0.164062500000
-0.074707031250
0.009643554688
0.126953125000
-0.038818359375
0.155273437500
0.021606445312
-0.119628906250
0.075195312500
-0.251953125000
-0.070800781250
0.265625000000
0.079101562500
-0.060791015625
0.075195312500
-0.084960937500
-0.029785156250
0.107910156250
-0.113281250000
-0.023681640625
-0.039794921875
-0.098144531250
-0.142578125000
-0.065429687500
-0.026367187500
-0.039306640625
0.123535156250
0.122558593750
0.100585937500
-0.182617187500
-0.265625000000
0.103027343750
0.147460937500
0.102539062500
0.012878417969
-0.101562500000
-0.044921875000
0.139648437500
-0.020385742188
0.147460937500
-0.143554687500
-0.037353515625
0.020141601562
-0.008605957031
-0.055175781250
-0.157226562500
0.014404296875
-0.330078125000
-0.015991210938
-0.111816406250
0.182617187500
0.184570312500
0.046875000000
0.111816406250
-0.194335937500
-0.292968750000
-0.006896972656
-0.055419921875
0.040283203125
-0.189453125000
-0.012634277344
0.070800781250
0.000261306763
0.025024414062
0.170898437500
0.259765625000
0.028320312500
0.078613281250
0.000452041626
-0.047851562500
-0.121582031250
0.008911132812
-0.080566406250
-0.081054687500
0.010803222656
0.245117187500
0.058105468750
-0.196289062500
0.104980468750
0.010986328125
0.098632812500
0.009826660156
-0.030639648438
0.032226562500
-0.131835937500
-0.015869140625
0.124023437500
-0.165039062500
-0.539062500000
-0.251953125000
-0.055664062500
0.077636718750
-0.114257812500
0.050781250000
-0.367187500000
-0.081054687500
0.122558593750
0.072265625000
0.053710937500
-0.014282226562
-0.056396484375
0.233398437500
-0.058105468750
0.177734375000
-0.084472656250
-0.096191406250
-0.065917968750
-0.021362304688
0.071289062500
-0.208984375000
0.028686523438
-0.219726562500
-0.006164550781
-0.044189453125
0.022460937500
0.021728515625
0.055175781250
-0.010864257812
-0.285156250000
-0.152343750000
-0.178710937500
0.125976562500
0.214843750000
0.079101562500
0.009826660156
0.076660156250
0.166992187500
-0.180664062500
0.261718750000
0.308593750000
0.000949859619
0.059326171875
0.159179687500
-0.018798828125
-0.009155273438
-0.054687500000
0.072753906250
-0.029541015625
-0.010620117188
0.181640625000
-0.012817382812
-0.120605468750
-0.157226562500
0.138671875000
-0.045898437500
0.036621093750
-0.103027343750
-0.083007812500
-0.101562500000
-0.008728027344
0.052246093750
-0.029296875000
0.074218750000
-0.263671875000
0.328125000000
0.240234375000
0.226562500000
0.025512695312
-0.503906250000
-0.132812500000
0.116210937500
-0.151367187500
-0.027221679688
-0.052001953125
-0.353515625000
0.123535156250
0.092773437500
-0.134765625000
-0.067382812500
-0.028442382812
0.096679687500
-0.012268066406
-0.048339843750
-0.200195312500
0.033203125000
0.038085937500
0.116210937500
-0.066894531250
0.045898437500
0.092285156250
0.332031250000
-0.044921875000
0.101074218750
-0.201171875000
-0.123535156250
-0.011352539062
-0.167968750000
-0.018188476562
0.005218505859
-0.108886718750
0.010253906250
-0.167968750000
-0.070312500000
0.380859375000
-0.020629882812
0.015502929688
0.306640625000
-0.041992187500
0.035400390625
-0.201171875000
-0.110839843750
0.158203125000
0.177734375000
0.060791015625
-0.285156250000
0.092285156250
-0.111328125000
-0.015502929688
-0.060302734375
-0.094726562500
-0.159179687500
0.022094726562
0.161132812500
0.013549804688
0.075683593750
0.098144531250
0.066894531250
-0.060058593750
-0.550781250000
-0.039306640625
-0.386718750000
-0.122558593750
-0.478515625000
-0.140625000000
0.181640625000
-0.232421875000
0.173828125000
-0.003143310547
0.031250000000
-0.075683593750
0.126953125000
-0.120117187500
-0.003631591797
-0.039794921875
-0.267578125000
-0.127929687500
0.119628906250
-0.069824218750
0.071289062500
-0.126953125000
0.026245117188
-0.042236328125
-0.341796875000
-0.095214843750
-1.140625000000
0.031005859375
0.137695312500
0.005035400391
-0.146484375000
0.026123046875
0.237304687500
0.250000000000
-0.209960937500
0.107910156250
-0.060546875000
-0.041503906250
-0.127929687500
0.371093750000
0.125000000000
-0.029663085938
-0.625000000000
-0.018798828125
0.137695312500
-0.098632812500
-0.186523437500
0.118164062500
-0.318359375000
-0.245117187500
0.201171875000
-0.165039062500
0.065429687500
-0.063964843750
-0.243164062500
0.146484375000
0.074218750000
-0.005676269531
-0.472656250000
-0.187500000000
0.142578125000
0.171875000000
0.116699218750
0.132812500000
0.079589843750
0.015991210938
-0.123535156250
-0.020019531250
-0.030639648438
0.160156250000
0.029785156250
0.135742187500
0.018920898438
-0.092773437500
-0.200195312500
-0.045166015625
0.047607421875
-0.088378906250
-0.072265625000
0.011413574219
-0.142578125000
-0.011901855469
-0.746093750000
-0.140625000000
-0.423828125000
0.033447265625
-0.038085937500
-0.051757812500
-0.004211425781
-0.178710937500
0.082519531250
0.059570312500
-0.134765625000
-0.022216796875
-0.160156250000
-0.046142578125
-0.174804687500
0.172851562500
-0.050781250000
0.088867187500
-0.150390625000
-0.037109375000
0.043457031250
-0.043945312500
0.035888671875
0.043945312500
0.063476562500
0.105468750000
-0.107421875000
-0.322265625000
-0.083496093750
0.014221191406
0.082519531250
0.159179687500
0.051269531250
-0.010498046875
-0.308593750000
0.032226562500
-0.111328125000
0.129882812500
0.015747070312
0.031250000000
0.113769531250
-0.100585937500
0.306640625000
0.043945312500
0.005157470703
0.251953125000
-0.063964843750
0.105957031250
-0.051757812500
-0.396484375000
-0.222656250000
0.289062500000
-0.029174804688
0.098632812500
0.004974365234
-0.136718750000
-0.125976562500
0.007537841797
0.012634277344
0.005950927734
0.144531250000
0.177734375000
0.183593750000
-0.209960937500
0.216796875000
-0.330078125000
-0.298828125000
-0.063964843750
0.053710937500
-0.168945312500
-0.020385742188
-0.128906250000
-0.056152343750
0.076660156250
-0.007690429688
-0.231445312500
-0.269531250000
-0.068359375000
0.150390625000
0.134765625000
0.136718750000
-0.192382812500
0.030761718750
-0.080566406250
0.046630859375
-0.105957031250
-0.034423828125
0.049804687500
-0.064453125000
-0.112304687500
-0.079589843750
0.033691406250
0.008178710938
0.115722656250
-0.093750000000
0.158203125000
0.011230468750
0.098632812500
-0.345703125000
0.160156250000
-0.247070312500
0.094726562500
-0.007141113281
0.104003906250
-0.077148437500
-0.178710937500
-0.097167968750
-0.002593994141
-0.142578125000
0.146484375000
-0.128906250000
-0.625000000000
-0.052246093750
-0.065917968750
-0.060546875000
0.079101562500
-0.059570312500
-0.015014648438
0.013793945312
-0.095214843750
0.041259765625
0.175781250000
0.067382812500
-0.287109375000
-0.170898437500
-0.056396484375
0.092773437500
0.034667968750
-0.021484375000
0.057373046875
-0.209960937500
-0.067382812500
-0.063476562500
-0.057617187500
0.010925292969
0.078613281250
-0.088867187500
0.033447265625
0.051513671875
-0.043212890625
-0.308593750000
0.011779785156
0.049804687500
0.113281250000
0.100585937500
-0.096191406250
-0.006896972656
0.012268066406
-0.339843750000
-0.098144531250
0.001312255859
0.095703125000
-0.073730468750
0.020629882812
0.052246093750
-0.168945312500
-0.130859375000
0.146484375000
-0.013916015625
0.159179687500
0.166015625000
-0.320312500000
-0.109375000000
0.093261718750
-0.066894531250
0.289062500000
-0.013122558594
-0.081542968750
0.083007812500
-0.066894531250
0.060546875000
-0.008483886719
0.018310546875
0.168945312500
-0.071289062500
-0.388671875000
-0.120605468750
-0.169921875000
0.040039062500
0.034667968750
-0.193359375000
0.081542968750
0.083007812500
-0.032226562500
-0.062255859375
0.017333984375
0.006958007812
-0.014465332031
-0.015197753906
0.191406250000
0.078613281250
-0.051025390625
0.107910156250
-0.133789062500
0.130859375000
-0.069824218750
0.042724609375
-0.069335937500
0.119628906250
-0.070800781250
-0.245117187500
-0.034179687500
-0.105468750000
-0.036132812500
0.090332031250
-0.103027343750
0.075683593750
-0.419921875000
0.084472656250
-0.036865234375
0.232421875000
0.021972656250
-0.294921875000
-0.020141601562
0.086914062500
0.016967773438
-0.073730468750
-0.249023437500
0.048095703125
-0.164062500000
0.072265625000
0.085449218750
0.045654296875
-0.207031250000
0.151367187500
-0.306640625000
0.134765625000
0.039794921875
-0.012084960938
0.090820312500
0.012145996094
-0.210937500000
0.001007080078
0.079101562500
-0.017211914062
0.198242187500
0.027954101562
0.089843750000
0.200195312500
-0.447265625000
0.014953613281
-0.308593750000
0.114257812500
0.212890625000
-0.099609375000
-0.002777099609
-0.004791259766
-0.231445312500
0.012451171875
-0.046386718750
-0.049316406250
0.039550781250
-0.255859375000
-0.022583007812
0.052734375000
-0.242187500000
0.071289062500
-0.174804687500
0.165039062500
0.025268554688
0.114257812500
-0.107421875000
0.071777343750
-0.059326171875
0.070800781250
-0.019897460938
0.005432128906
0.061523437500
-0.059570312500
0.007354736328
0.052734375000
-0.423828125000
0.155273437500
-0.304687500000
-0.041015625000
-0.119628906250
-0.435546875000
0.044921875000
-0.292968750000
0.110351562500
-0.139648437500
0.017822265625
0.203125000000
-0.120605468750
0.003341674805
0.277343750000
0.027954101562
0.052978515625
0.056640625000
-0.185546875000
0.219726562500
0.106445312500
-0.063476562500
0.082519531250
0.144531250000
-0.024780273438
0.155273437500
-0.047119140625
-0.003662109375
-0.128906250000
-0.009033203125
0.029541015625
-0.109863281250
0.034179687500
-0.080078125000
-0.114746093750
0.140625000000
-0.026245117188
-0.007507324219
0.083984375000
0.036621093750
-0.139648437500
-0.130859375000
0.104003906250
-0.002258300781
0.016967773438
-0.041503906250
0.016723632812
0.203125000000
-0.050048828125
0.183593750000
-0.255859375000
-0.014160156250
0.007659912109
-0.007202148438
0.059814453125
0.166015625000
-0.153320312500
-0.020996093750
0.093261718750
-0.035156250000
-0.121582031250
-0.018676757812
0.062255859375
-0.004974365234
0.151367187500
0.071289062500
-0.267578125000
-0.120605468750
-0.113281250000
-0.109863281250
0.166992187500
0.035644531250
-0.026123046875
0.017578125000
-0.042968750000
0.150390625000
-0.107421875000
-0.087402343750
0.421875000000
0.013488769531
-0.059082031250
0.015502929688
-0.433593750000
0.227539062500
0.074218750000
-0.050292968750
0.032714843750
-0.064941406250
-0.101562500000
-0.227539062500
-0.312500000000
-0.035644531250
0.035644531250
-0.041503906250
0.153320312500
0.144531250000
0.054443359375
-0.057373046875
-0.002517700195
-0.083007812500
0.047607421875
-0.077148437500
-0.209960937500
-0.255859375000
-0.263671875000
0.235351562500
0.125000000000
0.013977050781
-0.095214843750
0.085937500000
0.130859375000
-0.244140625000
-0.221679687500
-0.223632812500
-0.144531250000
-0.037597656250
-0.075195312500
-0.191406250000
0.140625000000
-0.215820312500
-0.017944335938
0.156250000000
0.083984375000
0.135742187500
-0.063476562500
-0.020385742188
-0.045166015625
0.221679687500
0.205078125000
0.073242187500
-0.057861328125
-0.152343750000
0.125976562500
0.076171875000
-0.075195312500
-0.455078125000
-0.105957031250
-0.224609375000
0.024658203125
0.077636718750
-0.157226562500
-0.154296875000
0.269531250000
0.051757812500
0.267578125000
-0.163085937500
-0.267578125000
-0.005279541016
0.150390625000
-0.187500000000
-0.470703125000
-0.059570312500
-0.251953125000
0.103027343750
-0.135742187500
0.003036499023
-0.099609375000
0.023803710938
-0.075683593750
-0.089355468750
-0.233398437500
0.081054687500
0.031494140625
-0.009399414062
-0.054687500000
-0.203125000000
-0.212890625000
0.007659912109
0.005798339844
-0.003189086914
-0.085937500000
-0.025756835938
-0.033203125000
-0.030273437500
-0.005737304688
0.103027343750
-0.163085937500
0.030517578125
0.237304687500
-0.035156250000
-0.054687500000
0.021240234375
0.054931640625
0.005523681641
0.261718750000
-0.043945312500
0.045166015625
-0.185546875000
0.067382812500
-0.073730468750
-0.003128051758
-0.079101562500
-0.005889892578
-0.127929687500
-0.102539062500
-0.001029968262
-0.045410156250
-0.067871093750
-0.013732910156
-0.040283203125
-0.091796875000
0.086914062500
-0.183593750000
0.170898437500
-0.006347656250
0.140625000000
0.025878906250
-0.028076171875
-0.135742187500
-0.004577636719
0.065429687500
0.029052734375
0.232421875000
-0.339843750000
-0.188476562500
-0.076171875000
-0.129882812500
0.120605468750
0.091308593750
-0.016113281250
0.012878417969
-0.046875000000
-0.200195312500
-0.155273437500
-0.162109375000
0.161132812500
0.101074218750
-0.044189453125
-0.033691406250
0.111816406250
-0.190429687500
0.003112792969
-0.172851562500
-0.052490234375
0.007110595703
0.069335937500
-0.045654296875
0.033691406250
0.223632812500
-0.027343750000
-0.090332031250
0.014038085938
0.057128906250
0.120117187500
-0.102050781250
-0.068359375000
-0.044189453125
0.062255859375
0.198242187500
0.001647949219
0.032714843750
-0.193359375000
0.032958984375
-0.052734375000
-0.104003906250
-0.080078125000
-0.028686523438
0.025756835938
-0.207031250000
0.036865234375
-0.149414062500
0.124511718750
0.115722656250
-0.083496093750
-0.193359375000
0.037109375000
0.039306640625
-0.199218750000
0.000991821289
0.015625000000
0.061279296875
-0.006713867188
-0.003143310547
0.006347656250
-0.009765625000
-0.088378906250
0.408203125000
-0.421875000000
-0.196289062500
-0.061523437500
-0.116210937500
-0.069335937500
0.207031250000
0.204101562500
0.152343750000
0.057617187500
-0.130859375000
-0.090820312500
-0.166015625000
0.074707031250
0.113281250000
-0.020019531250
-0.000188827515
0.183593750000
-0.135742187500
-0.003723144531
-0.257812500000
0.029418945312
-0.089843750000
0.065429687500
-0.261718750000
-0.063964843750
0.111328125000
-0.038330078125
0.095703125000
-0.236328125000
0.155273437500
0.285156250000
-0.130859375000
0.010620117188
-0.082519531250
0.076171875000
0.086914062500
-0.117187500000
-0.014648437500
-0.375000000000
0.168945312500
0.146484375000
0.065917968750
0.008666992188
-0.166015625000
0.041015625000
-0.053466796875
0.142578125000
0.083984375000
-0.046875000000
-0.103515625000
-0.028076171875
0.022338867188
0.158203125000
0.058349609375
-0.194335937500
0.243164062500
-0.050781250000
0.033935546875
-0.037841796875
0.166015625000
0.163085937500
0.017456054688
0.080566406250
-0.114257812500
-0.172851562500
-0.292968750000
-0.093750000000
-0.075195312500
-0.269531250000
0.075195312500
0.131835937500
-0.065917968750
-0.120605468750
-0.118652343750
0.166992187500
-0.135742187500
0.045166015625
0.143554687500
-0.052246093750
-0.189453125000
0.162109375000
0.069335937500
-0.008850097656
-0.108886718750
-0.044189453125
-0.062255859375
0.095703125000
-0.209960937500
0.041259765625
-0.100585937500
-0.185546875000
-0.018920898438
-0.127929687500
0.062255859375
0.225585937500
-0.083007812500
-0.020263671875
0.107910156250
0.209960937500
0.147460937500
-0.064453125000
-0.080078125000
-0.221679687500
-0.523437500000
-0.147460937500
0.075195312500
0.052246093750
-0.146484375000
-0.164062500000
-0.041259765625
0.091796875000
0.127929687500
-0.036865234375
-0.101562500000
-0.104492187500
-0.068359375000
0.066406250000
-0.119140625000
0.036376953125
0.184570312500
0.029907226562
0.118164062500
-0.070800781250
-0.045166015625
0.059570312500
0.090332031250
-0.045654296875
-0.181640625000
-0.166015625000
-0.367187500000
-0.322265625000
-0.083007812500
-0.148437500000
-0.001037597656
0.031250000000
-0.064941406250
-0.151367187500
0.065429687500
0.302734375000
-0.134765625000
0.010742187500
0.029663085938
-0.054687500000
-0.069335937500
-0.131835937500
0.081542968750
-0.004028320312
-0.067382812500
-0.079101562500
-0.098632812500
-0.002914428711
-0.082031250000
0.132812500000
-0.042968750000
-0.057861328125
0.071777343750
-0.240234375000
0.087402343750
0.011047363281
-0.075683593750
0.018066406250
-0.207031250000
0.265625000000
0.168945312500
-0.104003906250
0.025634765625
-0.333984375000
0.006195068359
-0.081054687500
-0.047607421875
-0.105957031250
0.047119140625
-0.022827148438
0.073730468750
0.075683593750
-0.192382812500
0.014709472656
0.082519531250
0.041992187500
-0.066894531250
-0.231445312500
-0.123046875000
0.000446319580
0.009887695312
0.026245117188
0.077148437500
-0.251953125000
-0.049560546875
0.322265625000
0.103515625000
0.083007812500
0.208007812500
-0.141601562500
-0.296875000000
-0.068359375000
-0.008728027344
0.038574218750
0.053466796875
-0.024902343750
-0.096679687500
-0.066406250000
0.020751953125
0.030151367188
-0.070312500000
0.014770507812
-0.034667968750
-0.009216308594
-0.057617187500
-0.214843750000
0.096679687500
0.013488769531
-0.112792968750
-0.138671875000
-0.046386718750
0.082519531250
-0.023315429688
-0.031494140625
0.041259765625
-0.041748046875
-0.011474609375
-0.113281250000
0.092285156250
-0.154296875000
-0.050292968750
0.113769531250
-0.014953613281
0.824218750000
0.056640625000
0.199218750000
0.137695312500
-0.300781250000
0.076660156250
-0.109863281250
0.020019531250
0.165039062500
0.052490234375
0.023315429688
-0.072753906250
0.029541015625
-0.040771484375
0.056884765625
0.094238281250
-0.279296875000
-0.136718750000
-0.180664062500
0.052001953125
-0.081542968750
-0.070312500000
0.097656250000
0.071289062500
-0.233398437500
-0.107910156250
-0.129882812500
0.117187500000
0.152343750000
0.028564453125
-0.060058593750
-0.139648437500
-0.056152343750
-0.151367187500
0.084960937500
0.083007812500
-0.081542968750
0.004547119141
0.005401611328
0.074707031250
-0.019531250000
-0.069335937500
-0.034912109375
-0.190429687500
-0.026977539062
0.020874023438
-0.232421875000
0.120605468750
-0.044433593750
0.000432968140
-0.014099121094
-0.187500000000
0.038574218750
0.048339843750
0.044677734375
-0.044433593750
-0.097656250000
-0.008605957031
-0.044921875000
0.092285156250
0.036621093750
0.096679687500
0.002655029297
0.093750000000
-0.063964843750
0.110351562500
0.136718750000
-0.053710937500
-0.194335937500
0.005889892578
0.053222656250
-0.267578125000
-0.050048828125
0.047363281250
0.207031250000
-0.075683593750
-0.065429687500
-0.038330078125
0.093750000000
0.073730468750
-0.097167968750
0.007781982422
0.061767578125
0.060791015625
0.071777343750
0.009765625000
0.027709960938
0.025024414062
-0.110839843750
-0.046142578125
0.008300781250
0.150390625000
-0.000923156738
-0.014038085938
-0.042236328125
-0.050292968750
0.015258789062
-0.275390625000
-0.027954101562
-0.144531250000
0.012451171875
-0.059570312500
-0.124511718750
-0.019531250000
0.067382812500
0.032958984375
0.036865234375
-0.058105468750
-0.051025390625
0.027343750000
-0.088378906250
-0.153320312500
0.031250000000
0.057128906250
-0.079101562500
-0.101562500000
0.007873535156
-0.142578125000
0.147460937500
-0.009338378906
0.160156250000
-0.236328125000
-0.060546875000
0.141601562500
-0.033691406250
-0.022460937500
0.073730468750
-0.009460449219
-0.067871093750
-0.126953125000
-0.013000488281
-0.134765625000
-0.134765625000
-0.042236328125
-0.128906250000
0.023681640625
-0.119628906250
0.067382812500
-0.017700195312
0.207031250000
-0.200195312500
-0.006500244141
-0.084472656250
-0.190429687500
-0.038574218750
0.097167968750
-0.122558593750
-0.275390625000
0.110351562500
0.026489257812
0.103027343750
0.030517578125
0.065429687500
0.061523437500
0.071289062500
-0.353515625000
-0.071777343750
0.197265625000
-0.009887695312
-0.015625000000
-0.058837890625
-0.036865234375
0.033203125000
0.141601562500
0.177734375000
-0.050537109375
-0.241210937500
0.050292968750
-0.012207031250
0.171875000000
-0.061523437500
-0.211914062500
-0.197265625000
0.022583007812
-0.109375000000
-0.172851562500
0.001777648926
0.053222656250
-0.062988281250
-0.243164062500
-0.131835937500
-0.050537109375
0.076660156250
-0.009277343750
-0.065917968750
0.091308593750
0.133789062500
-0.112792968750
-0.161132812500
0.103515625000
0.101074218750
-0.040527343750
-0.015563964844
-0.093261718750
0.033691406250
0.209960937500
-0.289062500000
0.019287109375
-0.118652343750
-0.039306640625
-0.179687500000
0.076660156250
0.078613281250
-0.320312500000
-0.302734375000
0.062988281250
0.110351562500
-0.291015625000
0.008972167969
0.025756835938
-0.070312500000
-0.265625000000
0.182617187500
-0.114746093750
-0.004119873047
0.028320312500
0.051757812500
-0.355468750000
0.009826660156
-0.326171875000
0.084472656250
0.115234375000
0.114746093750
-0.027832031250
-0.005767822266
-0.144531250000
-0.108398437500
-0.015991210938
0.036621093750
0.000076293945
0.047363281250
-0.150390625000
-0.090820312500
0.140625000000
0.027709960938
-0.152343750000
-0.157226562500
-0.285156250000
0.386718750000
-0.023315429688
-0.004974365234
0.083007812500
-0.095703125000
-0.125000000000
0.129882812500
-0.275390625000
0.081054687500
0.106445312500
-0.055419921875
-0.061035156250
-0.024536132812
0.028564453125
-0.034179687500
0.141601562500
0.050537109375
-0.019287109375
-0.009033203125
-0.194335937500
-0.124023437500
0.016845703125
-0.144531250000
-0.164062500000
-0.000751495361
0.085937500000
-0.023437500000
0.134765625000
0.042968750000
0.115234375000
-0.136718750000
-0.257812500000
0.217773437500
-0.004547119141
-0.009948730469
0.048095703125
-0.170898437500
-0.222656250000
0.147460937500
0.183593750000
-0.141601562500
-0.042480468750
-0.040039062500
-0.088378906250
0.020996093750
-0.115234375000
0.024536132812
-0.057617187500
-0.186523437500
-0.043457031250
-0.061767578125
-0.077148437500
-0.265625000000
0.082519531250
0.217773437500
-0.090332031250
0.011901855469
0.093750000000
-0.035400390625
-0.188476562500
0.077636718750
-0.144531250000
-0.055664062500
-0.363281250000
-0.076660156250
0.065917968750
0.084960937500
0.062255859375
-0.138671875000
-0.177734375000
-0.063476562500
-0.108398437500
0.063476562500
-0.026855468750
-0.133789062500
0.056396484375
-0.008911132812
0.041992187500
-0.106933593750
0.002883911133
-0.067871093750
-0.108398437500
0.005004882812
-0.051513671875
0.078613281250
0.128906250000
0.097167968750
0.021972656250
0.199218750000
0.255859375000
-0.187500000000
0.169921875000
-0.011901855469
-0.044921875000
-0.231445312500
0.121582031250
-0.212890625000
0.028320312500
0.080078125000
0.000732421875
-0.010437011719
-0.097656250000
0.166992187500
-0.009521484375
0.142578125000
-0.051025390625
-0.017578125000
0.069335937500
-0.318359375000
-0.159179687500
0.140625000000
-0.104003906250
-0.050048828125
0.029785156250
-0.164062500000
-0.051269531250
-0.064941406250
0.103027343750
0.000602722168
-0.251953125000
0.107421875000
-0.349609375000
-0.341796875000
0.011840820312
0.156250000000
-0.036865234375
-0.118164062500
0.036621093750
-0.160156250000
0.061767578125
0.132812500000
-0.055664062500
-0.152343750000
-0.120117187500
-0.071289062500
-0.204101562500
0.017089843750
0.016357421875
0.029541015625
0.031494140625
0.074218750000
0.082031250000
-0.028686523438
-0.013610839844
-0.041015625000
-0.059814453125
0.114257812500
-0.060058593750
0.088378906250
0.105468750000
0.273437500000
0.203125000000
0.208007812500
0.244140625000
-0.171875000000
-0.038330078125
-0.292968750000
-0.186523437500
-0.090332031250
0.034179687500
-0.166015625000
0.064453125000
0.033203125000
-0.011535644531
-0.070312500000
-0.053710937500
0.175781250000
-0.122070312500
0.024169921875
0.008300781250
-0.039794921875
0.119140625000
-0.480468750000
-0.242187500000
0.066894531250
-0.086914062500
-0.074707031250
-0.047607421875
-0.037841796875
-0.199218750000
-0.020874023438
-0.044189453125
0.080078125000
-0.034912109375
-0.010742187500
-0.310546875000
-0.406250000000
-0.011901855469
0.054687500000
-0.033935546875
-0.084960937500
-0.029663085938
-0.079101562500
0.070312500000
0.084472656250
0.034179687500
-0.052001953125
-0.015380859375
0.109863281250
0.090332031250
0.042968750000
-0.024291992188
-0.119140625000
0.049804687500
0.141601562500
0.007598876953
0.093750000000
0.011291503906
-0.030029296875
-0.018066406250
0.000488281250
-0.012756347656
-0.144531250000
0.147460937500
0.072753906250
0.032958984375
0.003570556641
0.033691406250
-0.099121093750
0.209960937500
0.001533508301
0.172851562500
0.037109375000
-0.077636718750
-0.186523437500
0.219726562500
-0.054199218750
-0.033691406250
-0.039550781250
-0.152343750000
0.084960937500
0.005340576172
0.002838134766
-0.017211914062
0.079589843750
-0.004333496094
0.091308593750
-0.273437500000
0.049804687500
-0.070312500000
-0.037597656250
0.034179687500
0.063476562500
-0.106445312500
0.050537109375
-0.001815795898
0.042480468750
-0.094726562500
-0.091796875000
-0.127929687500
0.131835937500
0.106933593750
0.052001953125
0.052978515625
0.024658203125
-0.008361816406
-0.097656250000
0.139648437500
-0.020141601562
0.066894531250
0.042236328125
-0.099609375000
-0.025878906250
0.042480468750
0.100097656250
-0.196289062500
-0.055419921875
-0.003173828125
-0.071777343750
0.142578125000
0.013488769531
0.061279296875
-0.069335937500
-0.032714843750
-0.006042480469
-0.077636718750
-0.025390625000
0.214843750000
-0.070800781250
0.148437500000
-0.310546875000
0.150390625000
0.010314941406
0.105957031250
-0.079101562500
-0.388671875000
0.019287109375
0.003997802734
-0.120117187500
0.124511718750
-0.000478744507
-0.098144531250
-0.009765625000
-0.212890625000
0.023071289062
-0.035888671875
0.051025390625
0.021728515625
-0.012023925781
0.104003906250
0.010131835938
-0.250000000000
-0.098632812500
-0.130859375000
-0.279296875000
-0.237304687500
-0.037597656250
-0.271484375000
-0.056640625000
-0.093750000000
0.005279541016
-0.049072265625
0.078613281250
0.024414062500
-0.096191406250
0.071289062500
0.105468750000
-0.156250000000
-0.067871093750
0.085937500000
-0.016357421875
-0.122558593750
-0.088867187500
-0.088378906250
0.033447265625
-0.007476806641
-0.488281250000
0.121582031250
-0.179687500000
0.200195312500
0.020507812500
-0.034179687500
-0.014221191406
-0.077636718750
-0.120605468750
-0.021362304688
-0.050292968750
-0.006835937500
0.000743865967
0.117187500000
0.027343750000
-0.174804687500
-0.001983642578
0.000110149384
-0.078125000000
-0.038085937500
0.052001953125
0.029174804688
0.067382812500
-0.209960937500
0.116699218750
-0.070312500000
0.031250000000
-0.010498046875
-0.117187500000
-0.710937500000
0.029296875000
-0.047363281250
-0.077148437500
0.098144531250
-0.100585937500
0.250000000000
-0.275390625000
0.212890625000
0.037109375000
0.173828125000
-0.345703125000
-0.034179687500
-0.088867187500
-0.129882812500
-0.106445312500
-0.287109375000
-0.117187500000
-0.051269531250
0.029785156250
0.018188476562
-0.009765625000
-0.163085937500
-0.001556396484
-0.050781250000
-0.005310058594
-0.125000000000
-0.060302734375
0.078125000000
0.030029296875
-0.107910156250
0.012390136719
-0.131835937500
0.003997802734
-0.265625000000
-0.431640625000
0.156250000000
-0.168945312500
-0.047119140625
-0.335937500000
-0.188476562500
0.118164062500
0.031494140625
0.011169433594
0.012207031250
0.269531250000
-0.110839843750
0.014648437500
0.128906250000
0.050048828125
-0.168945312500
0.026123046875
0.013427734375
-0.167968750000
0.078613281250
-0.063964843750
0.059082031250
0.291015625000
0.084472656250
-0.020263671875
-0.077148437500
-0.164062500000
-0.029541015625
-0.090332031250
-0.933593750000
-0.114746093750
0.054443359375
-0.151367187500
-0.015869140625
0.104003906250
-0.000026702881
-0.114746093750
-0.030639648438
-0.166992187500
-0.091796875000
-0.324218750000
-0.141601562500
-0.039306640625
-0.011474609375
-0.102050781250
-0.126953125000
0.021362304688
-0.058837890625
0.083007812500
-0.068847656250
0.050537109375
-0.165039062500
-0.029052734375
-0.121582031250
0.086425781250
-0.028564453125
-0.208007812500
-0.271484375000
0.021240234375
0.006103515625
-0.034667968750
-0.125000000000
-0.031494140625
-0.010070800781
-0.431640625000
0.137695312500
-0.183593750000
-0.062988281250
-0.138671875000
-0.217773437500
0.049072265625
0.143554687500
-0.123046875000
-0.156250000000
0.141601562500
0.067382812500
0.019653320312
0.092285156250
0.130859375000
-0.151367187500
0.026000976562
-0.101562500000
-0.386718750000
0.207031250000
0.066406250000
-0.045410156250
-0.255859375000
0.072753906250
-0.208984375000
-0.046386718750
-0.208984375000
0.052001953125
0.044921875000
-0.087402343750
-0.019287109375
-0.068847656250
-0.125976562500
0.152343750000
0.199218750000
0.038574218750
-0.118652343750
0.020507812500
-0.234375000000
-0.002304077148
-0.279296875000
-0.097656250000
-0.098632812500
0.142578125000
0.083007812500
-0.167968750000
-0.361328125000
-0.073730468750
-0.038818359375
-0.078125000000
0.035888671875
-0.147460937500
-0.097656250000
0.069335937500
-0.006286621094
-0.090332031250
-0.027587890625
-0.147460937500
-0.015563964844
0.030639648438
0.062500000000
-0.052734375000
0.012145996094
-0.152343750000
-0.386718750000
0.054931640625
-0.353515625000
0.024291992188
-0.298828125000
0.177734375000
0.171875000000
-0.025634765625
-0.171875000000
0.058593750000
-0.108886718750
0.248046875000
0.186523437500
0.115722656250
0.071289062500
-0.021240234375
-0.049560546875
-0.271484375000
-0.214843750000
0.187500000000
-0.002395629883
0.060302734375
-0.123535156250
-0.050292968750
0.009582519531
-0.146484375000
-0.089355468750
0.134765625000
0.437500000000
-0.100585937500
-0.255859375000
-0.173828125000
-0.224609375000
-0.087402343750
0.133789062500
-0.287109375000
-0.265625000000
0.127929687500
-0.058593750000
0.028686523438
-0.143554687500
-0.124023437500
0.121582031250
0.151367187500
0.221679687500
-0.216796875000
-0.176757812500
-0.183593750000
-0.009033203125
-0.025390625000
-0.013000488281
0.013122558594
0.138671875000
-0.136718750000
0.038574218750
0.138671875000
-0.025756835938
0.127929687500
0.022338867188
-0.056884765625
-0.101074218750
-0.128906250000
-0.287109375000
-0.014526367188
-0.363281250000
-0.127929687500
0.045166015625
-0.056884765625
-0.289062500000
-0.122070312500
0.042480468750
0.040039062500
-0.036621093750
0.041259765625
-0.041992187500
0.105468750000
0.180664062500
0.070800781250
0.045410156250
-0.091308593750
0.026123046875
-0.002883911133
-0.243164062500
0.233398437500
-0.061767578125
0.037109375000
-0.251953125000
0.121582031250
-0.005615234375
-0.077148437500
-0.161132812500
-0.065429687500
0.443359375000
-0.369140625000
-0.071289062500
0.111328125000
-0.253906250000
-0.054687500000
-0.173828125000
-0.316406250000
-0.041503906250
0.153320312500
-0.112304687500
0.046386718750
-0.291015625000
-0.127929687500
-0.094726562500
0.194335937500
-0.189453125000
-0.083984375000
-0.143554687500
-0.171875000000
-0.039306640625
-0.002044677734
-0.027221679688
0.083496093750
-0.054443359375
-0.065917968750
0.103515625000
0.115722656250
-0.066406250000
0.090820312500
0.125000000000
0.072753906250
-0.076660156250
-0.036621093750
-0.078613281250
0.153320312500
-0.269531250000
-0.151367187500
-0.053466796875
0.180664062500
-0.052001953125
0.023437500000
-0.116699218750
0.013610839844
0.006286621094
-0.010131835938
-0.135742187500
0.127929687500
0.075195312500
-0.049804687500
0.108886718750
-0.091308593750
-0.028198242188
-0.003143310547
-0.241210937500
0.125976562500
-0.057617187500
-0.003997802734
0.234375000000
-0.041259765625
0.054443359375
0.005371093750
-0.067382812500
-0.023437500000
-0.083984375000
-0.025634765625
0.018920898438
-0.010131835938
0.080078125000
0.047363281250
0.326171875000
-0.398437500000
0.373046875000
0.038818359375
-0.048828125000
0.010620117188
-0.371093750000
-0.105468750000
-0.019653320312
0.187500000000
-0.201171875000
-0.026611328125
-0.073730468750
-0.166015625000
-0.036865234375
0.039550781250
0.059814453125
0.046386718750
-0.017700195312
0.077636718750
0.087890625000
0.067382812500
-0.084472656250
-0.000310897827
0.149414062500
-0.007110595703
0.088867187500
-0.132812500000
0.051269531250
-0.365234375000
-0.492187500000
0.023925781250
-0.175781250000
0.087402343750
-0.124023437500
0.105468750000
-0.237304687500
-0.002532958984
0.040283203125
-0.026855468750
-0.170898437500
0.015747070312
0.023681640625
-0.078613281250
-0.056640625000
-0.062500000000
-0.103027343750
0.127929687500
-0.191406250000
0.047363281250
-0.105957031250
0.004150390625
0.076171875000
0.263671875000
-0.056640625000
0.012451171875
-0.085937500000
-0.024902343750
-0.129882812500
-0.075195312500
0.014038085938
-0.164062500000
-0.250000000000
0.057861328125
-0.341796875000
-0.390625000000
-0.091308593750
0.196289062500
0.112792968750
-0.094238281250
-0.124511718750
-0.073242187500
0.199218750000
-0.121093750000
0.050781250000
-0.064941406250
-0.425781250000
-0.068847656250
-0.142578125000
0.028076171875
-0.069824218750
0.047607421875
0.084960937500
0.041992187500
-0.088378906250
-0.069335937500
-0.027709960938
-0.069824218750
0.060546875000
0.027587890625
0.034423828125
0.132812500000
0.022827148438
0.145507812500
-0.086425781250
-0.021728515625
0.068847656250
0.112792968750
-0.019775390625
-0.027099609375
-0.042968750000
0.051269531250
-0.451171875000
-0.175781250000
0.161132812500
-0.211914062500
0.014343261719
-0.578125000000
0.168945312500
-0.000212669373
0.005462646484
-0.059570312500
-0.239257812500
-0.026245117188
0.048828125000
0.138671875000
-0.124023437500
0.020996093750
-0.016845703125
0.027709960938
0.031250000000
0.011108398438
0.024169921875
-0.047851562500
0.022216796875
-0.007781982422
-0.121093750000
0.025268554688
0.183593750000
0.229492187500
-0.114746093750
0.034912109375
-0.445312500000
0.239257812500
-0.229492187500
0.132812500000
-0.014587402344
0.149414062500
-0.110839843750
0.148437500000
-0.004699707031
-0.018554687500
-0.363281250000
0.001724243164
-0.148437500000
-0.025146484375
-0.019042968750
0.039306640625
-0.080566406250
0.073730468750
0.051513671875
-0.011169433594
0.042968750000
0.021240234375
-0.028198242188
0.080566406250
0.033691406250
-0.155273437500
-0.328125000000
-0.048095703125
0.056884765625
-0.271484375000
0.042236328125
-0.213867187500
-0.067382812500
0.219726562500
-0.055175781250
0.013854980469
0.091796875000
-0.065917968750
-0.045654296875
-0.500000000000
-0.013549804688
0.192382812500
-0.123535156250
-0.142578125000
-0.117187500000
-0.238281250000
0.146484375000
-0.228515625000
-0.048828125000
0.010742187500
0.008361816406
-0.187500000000
-0.019775390625
0.137695312500
0.102050781250
-0.115234375000
0.030517578125
-0.155273437500
-0.237304687500
0.004364013672
-0.121582031250
0.139648437500
0.087890625000
0.077636718750
-0.010498046875
-0.235351562500
-0.292968750000
-0.478515625000
0.138671875000
-0.237304687500
-0.020874023438
-0.061035156250
-0.292968750000
0.113281250000
-0.243164062500
-0.367187500000
0.006011962891
-0.024658203125
-0.057373046875
-0.036376953125
0.073242187500
-0.061279296875
-0.012145996094
-0.061523437500
0.152343750000
0.155273437500
0.030151367188
0.078125000000
0.022094726562
-0.163085937500
-0.136718750000
-0.129882812500
0.507812500000
-0.279296875000
0.104492187500
-0.023437500000
-0.023315429688
-0.091308593750
-0.172851562500
0.049072265625
0.196289062500
0.081542968750
0.059814453125
-0.441406250000
0.227539062500
0.098632812500
-0.322265625000
-0.207031250000
-0.141601562500
-0.012756347656
0.222656250000
-0.120605468750
0.137695312500
-0.001251220703
-0.108398437500
-0.119628906250
0.040527343750
-0.029785156250
-0.096679687500
-0.061767578125
-0.126953125000
0.030761718750
-0.071289062500
0.013854980469
0.310546875000
0.050048828125
-0.019287109375
-0.013000488281
-0.253906250000
-0.005157470703
-0.298828125000
-0.036132812500
0.022094726562
-0.105957031250
0.085449218750
0.023925781250
0.038330078125
0.010375976562
-0.345703125000
-0.535156250000
-0.028564453125
-0.065917968750
0.070800781250
0.021850585938
0.073730468750
-0.069335937500
-0.046386718750
-0.168945312500
-0.044433593750
0.153320312500
0.046630859375
0.058593750000
0.006011962891
-0.263671875000
-0.209960937500
0.061035156250
-0.176757812500
0.071289062500
0.033203125000
-0.104003906250
-0.099609375000
0.138671875000
0.046142578125
-0.116210937500
0.172851562500
0.052978515625
-0.187500000000
-0.455078125000
0.001945495605
-0.034912109375
-0.084472656250
-0.147460937500
0.001876831055
0.012023925781
0.133789062500
0.175781250000
-0.410156250000
0.068847656250
-0.059814453125
-0.006042480469
-0.098144531250
-0.073242187500
0.429687500000
-0.019409179688
-0.322265625000
-0.005279541016
-0.189453125000
-0.067382812500
0.003799438477
0.064941406250
0.065917968750
0.184570312500
0.203125000000
-0.088867187500
-0.148437500000
0.081054687500
0.169921875000
-0.335937500000
-0.224609375000
0.058105468750
-0.016479492188
-0.005249023438
-0.261718750000
0.098144531250
-0.093261718750
-0.083007812500
0.090820312500
-0.128906250000
0.118164062500
-0.224609375000
0.097656250000
-0.114257812500
0.080078125000
0.098144531250
0.030761718750
0.066406250000
-0.193359375000
-0.136718750000
-0.036865234375
-0.091796875000
-0.178710937500
0.069335937500
0.101562500000
-0.018920898438
-0.148437500000
-0.075195312500
-0.205078125000
-0.131835937500
0.099121093750
0.027221679688
-0.053955078125
-0.412109375000
0.196289062500
0.076660156250
0.243164062500
0.036621093750
0.181640625000
0.106445312500
0.574218750000
-0.031738281250
-0.291015625000
0.017944335938
-0.125000000000
0.054687500000
0.021240234375
-0.126953125000
0.010925292969
-0.059082031250
0.312500000000
0.098144531250
-0.118652343750
0.224609375000
0.100097656250
-0.108886718750
0.029174804688
0.078613281250
0.176757812500
-0.138671875000
0.021728515625
0.018432617188
-0.154296875000
-0.202148437500
-0.122558593750
0.062011718750
-0.224609375000
0.055175781250
-0.003890991211
-0.015869140625
0.043212890625
0.164062500000
0.063476562500
-0.024658203125
0.166992187500
0.002548217773
0.070312500000
-0.057373046875
-0.035888671875
0.034179687500
-0.059326171875
-0.048583984375
-0.009521484375
-0.143554687500
-0.006286621094
-0.023193359375
-0.222656250000
0.046630859375
0.032714843750
0.078125000000
-0.123535156250
0.178710937500
0.017822265625
0.034179687500
0.078125000000
0.045898437500
-0.168945312500
-0.320312500000
0.206054687500
-0.168945312500
0.057617187500
-0.039062500000
0.059814453125
0.119140625000
0.172851562500
-0.012145996094
0.166992187500
-0.163085937500
-0.008239746094
0.040283203125
0.090332031250
0.024536132812
0.201171875000
-0.044433593750
0.079101562500
-0.019653320312
0.036132812500
0.088378906250
-0.148437500000
-0.176757812500
-0.006713867188
-0.032470703125
0.191406250000
0.132812500000
-0.089355468750
0.021484375000
0.075195312500
-0.072265625000
-0.015747070312
-0.320312500000
-0.192382812500
-0.003295898438
0.015136718750
0.019897460938
0.116210937500
-0.063964843750
0.087402343750
0.014282226562
0.079589843750
-0.153320312500
-0.025634765625
-0.010498046875
0.115234375000
0.042724609375
-0.122558593750
-0.050537109375
-0.033691406250
-0.169921875000
0.038085937500
-0.031738281250
-0.166015625000
0.109375000000
0.039550781250
-0.033691406250
-0.083496093750
-0.050048828125
-0.349609375000
-0.098632812500
0.102050781250
0.048339843750
-0.275390625000
-0.172851562500
0.172851562500
0.143554687500
0.096679687500
-0.012939453125
0.138671875000
0.063476562500
0.084960937500
0.149414062500
0.179687500000
-0.101074218750
-0.037597656250
0.083007812500
0.071777343750
-0.009399414062
-0.075195312500
-0.141601562500
0.012695312500
-0.076171875000
-0.061767578125
0.045898437500
0.154296875000
-0.308593750000
-0.041992187500
0.017089843750
-0.093261718750
-0.419921875000
0.039062500000
0.040771484375
0.042724609375
-0.002731323242
0.009033203125
0.059326171875
-0.046630859375
-0.075195312500
-0.000934600830
-0.019531250000
-0.028442382812
0.024902343750
-0.072265625000
-0.082031250000
0.091796875000
0.065429687500
0.049560546875
0.014465332031
0.021728515625
0.064453125000
0.014404296875
-0.001937866211
0.049804687500
-0.107421875000
0.007690429688
0.023681640625
-0.028198242188
-0.035156250000
-0.047851562500
0.138671875000
-0.058105468750
-0.006927490234
0.004516601562
-0.033447265625
-0.100097656250
-0.052490234375
0.018188476562
-0.048339843750
-0.165039062500
-0.022583007812
0.038818359375
0.074218750000
-0.285156250000
0.239257812500
-0.011718750000
0.363281250000
0.035156250000
0.075195312500
-0.157226562500
-0.111328125000
-0.039062500000
-0.104003906250
0.191406250000
0.070800781250
-0.144531250000
-0.208984375000
-0.083496093750
-0.048339843750
0.024047851562
0.073242187500
0.029541015625
0.114257812500
0.034423828125
0.208984375000
0.062988281250
0.036621093750
-0.054443359375
-0.017822265625
-0.012207031250
0.341796875000
0.027954101562
-0.036132812500
0.143554687500
-0.020751953125
-0.006072998047
-0.011962890625
-0.034667968750
-0.326171875000
-0.036132812500
0.001335144043
0.211914062500
-0.011718750000
-0.039062500000
0.095214843750
0.013549804688
-0.326171875000
-0.043212890625
0.003845214844
0.077636718750
-0.067382812500
0.070800781250
-0.161132812500
-0.121093750000
-0.343750000000
-0.044677734375
0.063476562500
-0.113769531250
-0.074218750000
-0.113281250000
-0.020019531250
0.009277343750
0.237304687500
-0.130859375000
-0.032470703125
0.007324218750
-0.027954101562
-0.166992187500
0.271484375000
0.016967773438
0.253906250000
-0.170898437500
0.113281250000
-0.234375000000
0.112792968750
-0.031250000000
-0.355468750000
0.033203125000
-0.159179687500
-0.049804687500
-0.130859375000
-0.153320312500
0.121582031250
0.216796875000
0.119140625000
-0.068847656250
0.054443359375
0.043212890625
0.092773437500
0.071289062500
0.125000000000
0.004791259766
0.033203125000
0.064453125000
0.498046875000
0.042968750000
-0.152343750000
-0.144531250000
0.198242187500
-0.281250000000
-0.031127929688
0.057861328125
-0.402343750000
0.094726562500
0.047119140625
0.113281250000
0.277343750000
-0.222656250000
-0.108398437500
-0.062011718750
-0.104980468750
0.099121093750
-0.086914062500
0.024047851562
-0.190429687500
0.130859375000
-0.148437500000
-0.208007812500
-0.246093750000
-0.026977539062
0.038085937500
-0.105957031250
-0.734375000000
-0.156250000000
0.003204345703
-0.008422851562
0.030151367188
-0.225585937500
-0.095214843750
-0.160156250000
0.143554687500
-0.208007812500
0.030151367188
-0.015136718750
0.170898437500
-0.009216308594
0.101562500000
-0.250000000000
-0.001586914062
0.067382812500
-0.239257812500
0.042968750000
0.000375747681
-0.126953125000
-0.067871093750
0.167968750000
0.210937500000
0.075195312500
-0.081054687500
-0.065429687500
-0.003570556641
-0.172851562500
-0.215820312500
-0.004455566406
0.146484375000
-0.101074218750
0.062988281250
-0.003692626953
0.062500000000
-0.026123046875
-0.077636718750
0.083984375000
0.076171875000
-0.157226562500
0.056640625000
0.005828857422
-0.139648437500
-0.145507812500
0.054687500000
0.131835937500
0.088867187500
0.026977539062
-0.022949218750
-0.045898437500
0.090820312500
-0.462890625000
-0.091308593750
0.083496093750
-0.114257812500
-0.026977539062
-0.078125000000
-0.033691406250
0.048095703125
-0.142578125000
-0.056396484375
-0.118652343750
-0.201171875000
0.006011962891
-0.094238281250
0.134765625000
-0.005981445312
0.371093750000
-0.080078125000
0.174804687500
-0.139648437500
-0.046142578125
-0.027221679688
-0.077148437500
0.148437500000
-0.065429687500
0.036621093750
-0.279296875000
0.017944335938
0.373046875000
-0.162109375000
0.068847656250
-0.003860473633
-0.095214843750
-0.058593750000
0.013000488281
-0.028564453125
0.011047363281
0.018554687500
-0.209960937500
-0.032714843750
0.057373046875
0.127929687500
0.111816406250
0.069335937500
0.099609375000
0.069335937500
-0.151367187500
0.031005859375
0.064453125000
0.073242187500
0.101562500000
-0.036376953125
-0.013427734375
0.045898437500
0.055664062500
-0.343750000000
-0.396484375000
0.012145996094
0.038818359375
-0.163085937500
0.039306640625
0.048828125000
0.292968750000
0.007080078125
-0.244140625000
0.082031250000
0.019287109375
-0.039794921875
-0.103027343750
-0.062988281250
-0.070312500000
0.025146484375
-0.390625000000
0.074218750000
-0.125000000000
0.050292968750
0.049804687500
0.059082031250
-0.392578125000
0.049560546875
0.201171875000
0.060546875000
-0.130859375000
0.001701354980
-0.071777343750
-0.152343750000
-0.072753906250
0.178710937500
0.071777343750
0.093750000000
-0.070312500000
-0.134765625000
0.138671875000
0.375000000000
-0.103027343750
0.052734375000
0.202148437500
0.024047851562
0.001602172852
-0.036376953125
0.017089843750
0.018676757812
0.091308593750
0.152343750000
-0.024291992188
-0.117187500000
0.072265625000
-0.029541015625
0.092285156250
-0.026977539062
-0.061523437500
0.079589843750
0.007873535156
-0.140625000000
-0.015747070312
-0.065917968750
-0.043701171875
-0.091796875000
-0.171875000000
-0.092773437500
-0.066406250000
0.075683593750
0.096679687500
-0.092773437500
0.097167968750
0.031250000000
0.020019531250
0.010253906250
0.018188476562
-0.098144531250
0.017211914062
-0.025146484375
-0.216796875000
0.065429687500
-0.135742187500
-0.100097656250
0.007171630859
-0.084960937500
-0.076171875000
0.002319335938
0.004516601562
0.100585937500
0.074218750000
0.024536132812
-0.134765625000
0.028808593750
0.025268554688
-0.003860473633
0.030029296875
-0.033691406250
-0.028564453125
0.094726562500
0.175781250000
0.010192871094
-0.189453125000
0.022216796875
-0.072265625000
0.271484375000
-0.079101562500
0.121582031250
0.038085937500
-0.090820312500
-0.049804687500
0.011779785156
0.043457031250
-0.073242187500
0.022216796875
-0.032714843750
0.062988281250
0.044433593750
0.090820312500
0.002471923828
0.050781250000
-0.039306640625
0.007568359375
0.011169433594
0.014465332031
0.127929687500
0.078125000000
0.002883911133
-0.042236328125
-0.066894531250
-0.061035156250
-0.117187500000
-0.060302734375
-0.029663085938
0.057373046875
-0.086914062500
-0.014770507812
-0.041259765625
-0.104980468750
0.067871093750
0.084960937500
-0.155273437500
0.082031250000
-0.064453125000
-0.180664062500
0.039062500000
-0.283203125000
0.004638671875
0.080078125000
-0.084960937500
0.022094726562
-0.022583007812
0.071777343750
0.058837890625
0.004516601562
0.161132812500
-0.073242187500
-0.022216796875
-0.123535156250
-0.151367187500
0.194335937500
0.081054687500
-0.057128906250
0.341796875000
0.117187500000
-0.003906250000
-0.093261718750
0.009216308594
-0.079589843750
0.248046875000
-0.052978515625
0.100585937500
-0.324218750000
-0.009826660156
-0.026245117188
0.003112792969
-0.006591796875
0.058593750000
-0.076660156250
-0.010314941406
0.107421875000
0.048828125000
-0.121582031250
-0.029174804688
-0.061279296875
-0.031005859375
0.060302734375
0.055175781250
-0.133789062500
-0.103515625000
0.148437500000
-0.051269531250
0.083496093750
0.050292968750
0.014831542969
0.076171875000
0.006774902344
-0.140625000000
-0.287109375000
0.009765625000
0.106445312500
0.062011718750
0.023315429688
0.045898437500
0.078125000000
-0.149414062500
-0.034667968750
-0.136718750000
-0.001319885254
-0.080566406250
0.050048828125
-0.040527343750
0.102050781250
-0.016113281250
-0.207031250000
-0.279296875000
0.147460937500
-0.067382812500
-0.077636718750
0.116210937500
0.045410156250
-0.051757812500
0.068847656250
-0.033935546875
-0.051757812500
0.013244628906
-0.054199218750
0.095214843750
-0.002441406250
-0.044189453125
-0.045654296875
0.003067016602
-0.062988281250
-0.018798828125
-0.081054687500
-0.008911132812
0.131835937500
-0.151367187500
-0.006042480469
0.015747070312
-0.175781250000
-0.145507812500
-0.039306640625
-0.023071289062
-0.027099609375
-0.038574218750
-0.177734375000
0.062988281250
-0.025024414062
0.060058593750
0.067871093750
0.105468750000
-0.059326171875
-0.067871093750
0.131835937500
-0.073730468750
0.121093750000
0.104492187500
0.007385253906
0.068359375000
0.010070800781
-0.069335937500
0.031250000000
-0.007751464844
0.335937500000
-0.147460937500
0.114746093750
-0.071777343750
0.039306640625
-0.033203125000
-0.104492187500
-0.155273437500
0.031738281250
-0.046386718750
-0.046142578125
-0.068847656250
0.167968750000
0.059326171875
-0.137695312500
-0.088378906250
0.083496093750
0.015563964844
-0.078125000000
0.012695312500
-0.026855468750
0.062011718750
-0.118164062500
0.076171875000
-0.064941406250
0.015747070312
0.018798828125
-0.050537109375
-0.039794921875
-0.200195312500
0.011169433594
0.017333984375
0.049072265625
0.048095703125
-0.071777343750
-0.174804687500
0.102539062500
-0.087890625000
-0.187500000000
0.017944335938
-0.007232666016
-0.169921875000
0.012695312500
-0.122558593750
0.052001953125
0.104003906250
-0.361328125000
-0.554687500000
0.287109375000
-0.058105468750
0.006622314453
-0.010620117188
-0.176757812500
-0.105468750000
0.039550781250
0.125976562500
-0.494140625000
0.149414062500
0.013000488281
-0.024902343750
0.039306640625
-0.086914062500
0.153320312500
0.193359375000
0.324218750000
0.090332031250
0.001289367676
-0.182617187500
0.029785156250
0.035400390625
0.069824218750
0.084960937500
0.024047851562
0.058593750000
0.117675781250
-0.010620117188
-0.023437500000
0.201171875000
-0.054443359375
-0.159179687500
-0.115722656250
0.030639648438
-0.060791015625
-0.277343750000
-0.059570312500
0.063964843750
-0.129882812500
0.077636718750
0.014404296875
0.121093750000
0.035888671875
0.071289062500
0.142578125000
-0.190429687500
-0.025756835938
0.162109375000
0.077636718750
0.021118164062
-0.097167968750
-0.308593750000
0.099609375000
0.003082275391
-0.069824218750
-0.216796875000
0.121093750000
-0.099121093750
0.012084960938
0.240234375000
-0.057861328125
-0.034912109375
-0.186523437500
-1.039062500000
-0.010253906250
0.021606445312
0.054687500000
0.043212890625
-0.016601562500
-0.082031250000
0.220703125000
0.259765625000
0.029052734375
0.049804687500
0.052490234375
0.087890625000
0.300781250000
0.022338867188
-0.193359375000
0.038818359375
-0.159179687500
0.113769531250
0.020629882812
-0.093750000000
-0.109375000000
0.090820312500
-0.035156250000
0.011779785156
0.023925781250
0.001213073730
-0.137695312500
-0.051025390625
0.010070800781
-0.008178710938
-0.048583984375
-0.038818359375
0.031738281250
0.088867187500
0.017333984375
-0.000488281250
-0.015563964844
0.087890625000
0.003402709961
0.222656250000
0.094238281250
0.058349609375
-0.017700195312
-0.048828125000
0.037109375000
-0.229492187500
0.066894531250
0.359375000000
0.142578125000
0.062988281250
-0.025024414062
-0.070312500000
-0.117675781250
0.062255859375
-0.155273437500
0.135742187500
0.189453125000
-0.047119140625
0.087890625000
0.114746093750
0.027709960938
-0.066894531250
-0.233398437500
0.086425781250
-0.073730468750
0.096191406250
0.037109375000
0.029785156250
0.318359375000
-0.107421875000
0.151367187500
-0.023193359375
0.178710937500
0.015869140625
0.045166015625
0.048095703125
0.042480468750
-0.164062500000
0.077636718750
-0.064453125000
0.004821777344
0.298828125000
0.069824218750
-0.179687500000
0.085937500000
-0.057128906250
0.035400390625
-0.027832031250
0.034912109375
0.010192871094
-0.032958984375
0.131835937500
0.088378906250
-0.053710937500
-0.013610839844
0.004089355469
0.016235351562
-0.104003906250
0.113769531250
-0.204101562500
-0.041015625000
0.164062500000
0.068359375000
0.059082031250
0.068359375000
-0.017944335938
0.166992187500
-0.069335937500
0.223632812500
-0.104003906250
0.092285156250
-0.166992187500
-0.075195312500
0.232421875000
-0.026977539062
0.016113281250
-0.699218750000
-0.071289062500
-0.212890625000
-0.161132812500
-0.188476562500
0.030761718750
-0.166992187500
-0.010253906250
-0.004089355469
0.067382812500
-0.183593750000
-0.093750000000
-0.040771484375
-0.045410156250
0.090332031250
0.056640625000
-0.190429687500
-0.121093750000
0.070800781250
-0.016357421875
0.200195312500
-0.099121093750
-0.026489257812
-0.055908203125
0.147460937500
-0.014404296875
0.059326171875
0.089843750000
-0.184570312500
0.156250000000
-0.049072265625
-0.162109375000
-0.048828125000
-0.107910156250
0.064453125000
-0.056396484375
-0.011901855469
-0.085937500000
0.165039062500
-0.013488769531
0.184570312500
0.097167968750
-0.116210937500
0.037597656250
0.061767578125
-0.065429687500
0.107910156250
-0.083984375000
-0.178710937500
-0.043701171875
-0.059814453125
-0.019287109375
-0.002014160156
-0.020751953125
0.161132812500
-0.001220703125
-0.076171875000
-0.025756835938
0.084472656250
-0.064941406250
-0.043945312500
0.125000000000
-0.113281250000
-0.052001953125
-0.147460937500
-0.124511718750
-0.071777343750
-0.166992187500
-0.207031250000
-0.071289062500
-0.357421875000
-0.030151367188
-0.037353515625
-0.051513671875
0.044189453125
-0.080078125000
-0.053466796875
-0.044189453125
0.041748046875
-0.051025390625
-0.121582031250
-0.198242187500
-0.055419921875
-0.014953613281
0.088378906250
-0.011657714844
-0.080566406250
0.102050781250
-0.046142578125
0.008972167969
0.117675781250
0.005950927734
-0.130859375000
0.267578125000
0.031127929688
-0.150390625000
-0.079101562500
0.096191406250
0.107910156250
0.032470703125
0.066406250000
0.034179687500
-0.154296875000
-0.020874023438
0.038818359375
-0.131835937500
-0.107421875000
-0.052490234375
0.014099121094
-0.099609375000
-0.200195312500
-0.200195312500
-0.048095703125
0.114257812500
-0.046386718750
0.029418945312
-0.002609252930
0.003021240234
0.014160156250
0.036865234375
0.001327514648
-0.067871093750
0.113281250000
0.012817382812
-0.105957031250
0.084960937500
-0.101074218750
0.032714843750
0.165039062500
-0.087402343750
0.036376953125
-0.021972656250
-0.197265625000
-0.014587402344
-0.039550781250
-0.001586914062
-0.089843750000
-0.014648437500
0.071289062500
0.050292968750
0.071777343750
0.013671875000
-0.008178710938
-0.150390625000
-0.094726562500
0.128906250000
-0.102050781250
0.125976562500
0.127929687500
0.082519531250
0.007202148438
0.070800781250
-0.015441894531
-0.204101562500
0.030395507812
0.068847656250
-0.165039062500
-0.320312500000
-0.206054687500
0.048339843750
-0.071777343750
-0.032226562500
-0.225585937500
0.052490234375
-0.106933593750
-0.176757812500
-0.038330078125
0.238281250000
-0.046142578125
-0.204101562500
-0.011108398438
0.097167968750
-0.072753906250
0.057373046875
0.062011718750
0.174804687500
0.018188476562
-0.277343750000
-0.007995605469
-0.250000000000
0.074707031250
0.058837890625
-0.158203125000
0.108398437500
-0.057373046875
-0.042236328125
-0.291015625000
0.013671875000
0.010131835938
0.075683593750
-0.067871093750
0.099609375000
0.059082031250
-0.433593750000
-0.057373046875
-0.024414062500
0.053222656250
0.227539062500
-0.127929687500
-0.007324218750
0.168945312500
0.162109375000
-0.013732910156
-0.081542968750
0.012634277344
-0.087402343750
0.103515625000
0.285156250000
-0.046386718750
-0.098144531250
0.078613281250
0.018432617188
-0.067382812500
0.104492187500
-0.038085937500
-0.021606445312
0.071777343750
0.096679687500
-0.035888671875
0.030639648438
0.078125000000
-0.165039062500
-0.065429687500
0.109375000000
-0.039550781250
-0.047851562500
-0.178710937500
0.103515625000
0.229492187500
-0.165039062500
-0.000942230225
0.104980468750
-0.038818359375
0.018188476562
-0.125976562500
0.167968750000
-0.281250000000
0.044189453125
0.002655029297
-0.097167968750
-0.104003906250
0.116699218750
0.137695312500
-0.040771484375
0.051269531250
-0.057861328125
-0.114257812500
0.110351562500
0.145507812500
-0.085937500000
-0.034179687500
-0.029296875000
0.173828125000
0.102050781250
0.141601562500
-0.105468750000
-0.027832031250
0.138671875000
0.131835937500
-0.099121093750
-0.012329101562
0.065917968750
-0.076171875000
0.004669189453
-0.023925781250
-0.170898437500
-0.210937500000
-0.116699218750
0.043945312500
-0.071777343750
0.018188476562
0.519531250000
-0.029296875000
0.057617187500
-0.114746093750
-0.263671875000
-0.233398437500
-0.012207031250
-0.088378906250
0.075195312500
-0.003356933594
0.118164062500
0.066894531250
0.030395507812
-0.035156250000
0.027221679688
-0.154296875000
0.021728515625
-0.020141601562
0.115234375000
-0.105957031250
-0.209960937500
0.302734375000
0.043457031250
-0.045410156250
0.027954101562
0.026123046875
-0.044677734375
-0.179687500000
-0.055419921875
-0.263671875000
0.039794921875
0.060302734375
-0.279296875000
-0.020629882812
0.078613281250
0.128906250000
-0.083984375000
0.065917968750
-0.137695312500
0.010253906250
-0.016479492188
-0.116699218750
0.159179687500
-0.094238281250
0.414062500000
0.015991210938
-0.052001953125
-0.070312500000
-0.159179687500
0.080078125000
-0.149414062500
-0.185546875000
0.039062500000
-0.292968750000
0.226562500000
-0.054199218750
0.057617187500
0.025756835938
-0.134765625000
-0.023315429688
-0.343750000000
-0.025756835938
-0.122558593750
0.039062500000
-0.228515625000
0.005401611328
0.062988281250
-0.039550781250
-0.182617187500
-0.156250000000
-0.072265625000
0.008178710938
-0.013244628906
0.190429687500
-0.087402343750
-0.060058593750
-0.001708984375
-0.003753662109
0.143554687500
-0.380859375000
0.140625000000
0.326171875000
0.071777343750
-0.261718750000
0.147460937500
-0.308593750000
0.056396484375
-0.109375000000
-0.039794921875
0.047119140625
-0.027709960938
-0.058593750000
-0.664062500000
0.041259765625
0.110839843750
0.068359375000
0.055908203125
-0.110839843750
0.139648437500
0.322265625000
0.126953125000
-0.053466796875
-0.199218750000
0.023803710938
0.310546875000
-0.074707031250
-0.022583007812
-0.088867187500
0.235351562500
-0.000197410583
-0.032958984375
0.053710937500
-0.111816406250
-0.041503906250
-0.086914062500
-0.024414062500
0.017944335938
-0.066894531250
-0.108398437500
0.114746093750
-0.004638671875
-0.045166015625
-0.034179687500
-0.208984375000
0.128906250000
0.001731872559
-0.031494140625
-0.369140625000
-0.031494140625
0.419921875000
-0.056884765625
0.066894531250
0.143554687500
0.024658203125
-0.205078125000
-0.122558593750
-0.036865234375
0.027465820312
0.052978515625
0.077148437500
0.141601562500
0.125000000000
0.128906250000
-0.314453125000
0.162109375000
0.061035156250
-0.050537109375
-0.245117187500
-0.006561279297
-0.049316406250
0.076171875000
-0.195312500000
0.076660156250
0.158203125000
0.089355468750
-0.153320312500
0.087890625000
0.082519531250
-0.148437500000
0.175781250000
0.004974365234
0.277343750000
0.110351562500
0.131835937500
0.011352539062
0.124511718750
-0.176757812500
0.003570556641
-0.004028320312
-0.098632812500
0.018432617188
0.136718750000
0.048583984375
0.031982421875
0.006164550781
-0.055908203125
-0.012695312500
-0.181640625000
-0.082031250000
-0.026855468750
0.139648437500
0.070800781250
-0.445312500000
0.113281250000
0.020141601562
0.071289062500
-0.096679687500
-0.180664062500
0.086425781250
-0.022338867188
0.003387451172
-0.400390625000
0.103515625000
0.019165039062
0.113769531250
-0.190429687500
0.061279296875
0.064941406250
0.005584716797
0.049804687500
-0.056152343750
0.075195312500
-0.146484375000
0.124023437500
-0.082031250000
0.036132812500
0.179687500000
-0.138671875000
-0.032958984375
-0.146484375000
-0.121093750000
-0.016723632812
0.060546875000
-0.227539062500
0.061279296875
-0.160156250000
0.080078125000
0.021850585938
-0.064941406250
-0.267578125000
0.123535156250
0.125976562500
-0.068359375000
0.136718750000
-0.281250000000
-0.047851562500
-0.328125000000
0.212890625000
-0.103027343750
-0.084472656250
-0.085937500000
0.107910156250
0.245117187500
0.204101562500
0.065429687500
0.027465820312
-0.042968750000
-0.010864257812
-0.041748046875
-0.064453125000
-0.053222656250
0.138671875000
-0.135742187500
-0.015197753906
0.016723632812
0.110839843750
-0.210937500000
-0.036132812500
0.039550781250
0.196289062500
0.044677734375
-0.052490234375
-0.038330078125
-0.041015625000
-0.017089843750
0.021484375000
-0.070800781250
-0.095703125000
-0.259765625000
0.014770507812
0.032226562500
0.054931640625
-0.190429687500
-0.032226562500
-0.012145996094
-0.094238281250
0.269531250000
-0.048339843750
-0.007232666016
0.031127929688
0.064941406250
-0.048339843750
0.105957031250
-0.066894531250
-0.132812500000
-0.056152343750
0.113769531250
-0.103515625000
0.108398437500
0.016967773438
0.131835937500
0.065429687500
-0.095214843750
-0.141601562500
0.075195312500
-0.100097656250
0.024414062500
0.061035156250
-0.020019531250
-0.200195312500
0.437500000000
-0.147460937500
0.213867187500
0.116699218750
-0.061767578125
-0.160156250000
0.077148437500
0.010192871094
-0.067871093750
0.024902343750
0.061035156250
-0.174804687500
-0.112792968750
-0.059570312500
-0.024414062500
-0.101562500000
0.170898437500
-0.180664062500
0.138671875000
-0.125976562500
-0.363281250000
0.015075683594
0.029052734375
0.139648437500
-0.408203125000
-0.146484375000
-0.039550781250
-0.425781250000
0.144531250000
0.049316406250
-0.040527343750
-0.006530761719
-0.259765625000
0.023803710938
-0.088378906250
-0.116699218750
-0.117675781250
0.008666992188
-0.040283203125
-0.087890625000
0.070800781250
0.076171875000
0.017456054688
0.015258789062
-0.056884765625
0.038818359375
-0.013122558594
-0.063964843750
0.027709960938
-0.112304687500
0.016479492188
-0.047607421875
0.009460449219
0.012390136719
0.116699218750
0.159179687500
-0.251953125000
-0.019287109375
0.084472656250
-0.016357421875
-0.009460449219
-0.041015625000
-0.084472656250
0.129882812500
-0.028320312500
-0.140625000000
-0.038085937500
-0.021118164062
0.056152343750
-0.028320312500
0.077148437500
0.029174804688
-0.087890625000
0.004119873047
0.087890625000
0.107910156250
0.345703125000
-0.012695312500
0.078613281250
-0.027832031250
0.011474609375
-0.063964843750
0.007232666016
0.291015625000
0.257812500000
0.041259765625
0.023193359375
-0.025024414062
-0.142578125000
-0.215820312500
-0.030517578125
-0.073242187500
-0.000656127930
0.074707031250
-0.103027343750
0.041748046875
0.075683593750
-0.103515625000
0.026489257812
0.008483886719
-0.101562500000
-0.006103515625
-0.053955078125
-0.099609375000
-0.001312255859
-0.190429687500
-0.023681640625
-0.219726562500
-0.144531250000
-0.099609375000
-0.129882812500
0.010437011719
0.056640625000
-0.158203125000
-0.046630859375
-0.049072265625
-0.398437500000
-0.159179687500
-0.074707031250
-0.017700195312
0.291015625000
0.000231742859
0.022705078125
0.034667968750
-0.036865234375
-0.043701171875
-0.213867187500
-0.052734375000
-0.146484375000
-0.038574218750
-0.104003906250
-0.089355468750
-0.003692626953
-0.096679687500
-0.149414062500
0.047851562500
0.032714843750
0.053222656250
-0.046875000000
-0.129882812500
0.116699218750
-0.008239746094
-0.155273437500
0.056884765625
0.158203125000
0.029785156250
0.005462646484
0.037841796875
0.259765625000
0.041503906250
-0.045410156250
0.006530761719
-0.115234375000
-0.351562500000
-0.021484375000
-0.220703125000
-0.322265625000
-0.025024414062
-0.015625000000
0.072265625000
-0.053222656250
-0.107421875000
-0.230468750000
0.203125000000
-0.046875000000
-0.079589843750
-0.101074218750
-0.021728515625
0.130859375000
0.135742187500
0.180664062500
0.314453125000
-0.154296875000
-0.026611328125
0.026977539062
0.000005006790
0.058593750000
0.119140625000
-0.133789062500
-0.022338867188
-0.037109375000
-0.059326171875
0.004852294922
0.071777343750
0.006652832031
0.086425781250
0.718750000000
0.107421875000
0.064941406250
-0.017944335938
0.028076171875
0.183593750000
-0.061523437500
0.068359375000
0.058105468750
-0.003341674805
0.086425781250
0.104492187500
-0.069824218750
0.014038085938
0.023437500000
0.081054687500
-0.030517578125
-0.174804687500
-0.414062500000
0.019775390625
-0.585937500000
0.043701171875
0.085937500000
-0.024902343750
0.157226562500
-0.028198242188
0.174804687500
-0.083496093750
-0.037109375000
-0.038818359375
0.062500000000
-0.021606445312
0.279296875000
0.314453125000
-0.037841796875
-0.117187500000
-0.064941406250
0.058349609375
0.061279296875
-0.116699218750
-0.189453125000
-0.084960937500
-0.056884765625
0.019653320312
-0.018920898438
-0.060791015625
-0.025878906250
-0.107421875000
-0.073730468750
0.219726562500
0.031005859375
-0.111328125000
0.037353515625
-0.113769531250
-0.023437500000
0.082519531250
0.134765625000
0.033935546875
-0.073242187500
-0.012756347656
-0.160156250000
-0.304687500000
-0.098144531250
-0.034423828125
-0.022460937500
0.080078125000
0.084472656250
0.081542968750
-0.033447265625
-0.490234375000
-0.128906250000
0.079101562500
-0.099121093750
0.040771484375
0.139648437500
0.054443359375
0.029174804688
-0.116699218750
0.196289062500
0.124023437500
0.025024414062
-0.018920898438
-0.035156250000
-0.170898437500
-0.022338867188
-0.041015625000
0.076171875000
0.136718750000
-0.011352539062
0.246093750000
0.025634765625
-0.105468750000
-0.081542968750
-0.015625000000
-0.229492187500
-0.271484375000
0.308593750000
-0.160156250000
0.100585937500
0.082031250000
-0.068847656250
0.028686523438
0.062011718750
0.024902343750
0.003204345703
-0.217773437500
-0.103515625000
0.271484375000
-0.070312500000
-0.023803710938
-0.023925781250
-0.060791015625
-0.013305664062
-0.257812500000
0.234375000000
-0.119628906250
0.023315429688
-0.112304687500
0.031494140625
0.023803710938
-0.090820312500
0.057617187500
-0.022949218750
-0.314453125000
0.172851562500
0.082031250000
-0.001609802246
-0.005310058594
-0.100585937500
0.074707031250
0.016357421875
0.126953125000
-0.083007812500
-0.185546875000
-0.229492187500
0.054687500000
-0.088378906250
-0.049316406250
0.030273437500
-0.042724609375
0.058105468750
0.096191406250
0.067382812500
0.054443359375
-0.039550781250
0.010742187500
-0.021972656250
-0.024658203125
0.142578125000
-0.162109375000
0.211914062500
0.038574218750
0.053710937500
0.117187500000
-0.423828125000
0.109375000000
-0.064453125000
0.133789062500
-0.133789062500
-0.103515625000
-0.010131835938
-0.109863281250
0.097167968750
0.016601562500
-0.017822265625
-0.037109375000
-0.040039062500
-0.031982421875
-0.069335937500
-0.085449218750
-0.085937500000
-0.043945312500
-0.005676269531
-0.088378906250
0.164062500000
0.048339843750
0.045410156250
-0.161132812500
0.129882812500
-0.126953125000
0.023803710938
-0.174804687500
-0.121093750000
-0.024658203125
0.171875000000
-0.028198242188
-0.010559082031
-0.404296875000
-0.027709960938
0.079589843750
-0.226562500000
-0.132812500000
0.044189453125
-0.008300781250
0.070312500000
0.030273437500
-0.002182006836
0.163085937500
-0.072753906250
-0.081054687500
-0.067871093750
0.109863281250
0.028930664062
0.052246093750
-0.134765625000
-0.035644531250
-0.066406250000
0.014099121094
0.040771484375
0.087402343750
-0.049560546875
-0.075683593750
0.033691406250
-0.154296875000
0.116210937500
0.015869140625
-0.158203125000
0.207031250000
-0.406250000000
-0.149414062500
0.151367187500
0.351562500000
-0.343750000000
0.040039062500
0.071777343750
-0.020874023438
0.061767578125
-0.097167968750
-0.019165039062
-0.003204345703
0.255859375000
0.173828125000
0.059814453125
-0.037597656250
-0.019409179688
-0.017089843750
-0.228515625000
0.058593750000
-0.040527343750
0.197265625000
-0.048828125000
-0.231445312500
0.167968750000
-0.025634765625
-0.075195312500
-0.048583984375
-0.073242187500
0.107421875000
0.059814453125
-0.144531250000
-0.068359375000
-0.314453125000
0.088867187500
0.159179687500
0.112792968750
-0.095703125000
-0.013061523438
-0.000295639038
-0.000679016113
0.055175781250
-0.053955078125
-0.018554687500
-0.166015625000
0.047363281250
-0.059326171875
0.041259765625
0.014099121094
0.064941406250
-0.000984191895
-0.139648437500
0.141601562500
0.007110595703
0.038574218750
0.015075683594
0.021240234375
-0.014099121094
0.075195312500
0.149414062500
0.351562500000
-0.233398437500
-0.037353515625
0.050048828125
-0.353515625000
-0.144531250000
0.229492187500
0.052246093750
-0.053466796875
-0.163085937500
-0.108886718750
-0.400390625000
0.246093750000
0.059814453125
-0.275390625000
-0.233398437500
0.341796875000
-0.365234375000
0.076171875000
-0.014709472656
-0.044189453125
0.184570312500
0.017333984375
0.120605468750
-0.234375000000
-0.028076171875
0.333984375000
-0.108398437500
0.025024414062
-0.034179687500
0.045410156250
0.125000000000
-0.013549804688
-0.067382812500
0.000394821167
-0.283203125000
-0.050048828125
0.134765625000
-0.061767578125
-0.219726562500
0.005920410156
0.235351562500
-0.216796875000
-0.412109375000
-0.035156250000
0.017089843750
0.042480468750
0.146484375000
0.097167968750
-0.069335937500
-0.273437500000
-0.345703125000
-0.212890625000
-0.382812500000
-0.014648437500
0.007537841797
0.048095703125
-0.306640625000
0.055419921875
0.180664062500
0.006195068359
0.085937500000
-0.038085937500
0.085937500000
-0.093750000000
0.110351562500
-0.018554687500
-0.003906250000
0.105468750000
-0.184570312500
0.004821777344
-0.073730468750
-0.163085937500
-0.204101562500
-0.104980468750
-0.343750000000
0.019409179688
-0.028442382812
-0.187500000000
0.038574218750
0.009948730469
-0.086425781250
0.023559570312
0.033935546875
0.001136779785
-0.096679687500
0.122070312500
0.166992187500
-0.071777343750
-0.013305664062
0.147460937500
-0.082519531250
0.220703125000
-0.049560546875
0.180664062500
0.145507812500
0.056152343750
-0.028564453125
0.026000976562
-0.134765625000
0.048828125000
-0.089843750000
0.104003906250
-0.144531250000
-0.176757812500
-0.034912109375
-0.067382812500
-0.261718750000
-0.091308593750
0.048095703125
-0.005340576172
0.025634765625
0.318359375000
0.117675781250
-0.070312500000
-0.143554687500
-0.102050781250
-0.310546875000
0.022460937500
0.026000976562
0.247070312500
-0.056396484375
0.060791015625
0.138671875000
-0.074218750000
0.021240234375
0.007293701172
0.118164062500
-0.105957031250
-0.191406250000
-0.125976562500
0.128906250000
0.231445312500
0.050781250000
0.019287109375
-0.126953125000
-0.039794921875
0.030151367188
-0.071777343750
-0.341796875000
0.236328125000
-0.102539062500
-0.211914062500
0.103515625000
0.157226562500
-0.025756835938
0.102050781250
-0.019165039062
-0.015441894531
-0.034667968750
0.034667968750
0.035400390625
0.172851562500
-0.006011962891
0.154296875000
-0.041259765625
0.023681640625
-0.054443359375
-0.034667968750
0.087402343750
0.090820312500
-0.092773437500
-0.075195312500
-0.113769531250
0.103515625000
-0.027343750000
0.022460937500
-0.039062500000
-0.294921875000
0.126953125000
-0.069335937500
-0.464843750000
0.141601562500
-0.060546875000
0.049560546875
0.183593750000
0.031494140625
0.083984375000
-0.073242187500
0.105468750000
-0.024780273438
-0.169921875000
-0.002014160156
-0.026855468750
0.060058593750
-0.289062500000
0.194335937500
-0.143554687500
0.022216796875
-0.098144531250
0.029663085938
-0.157226562500
-0.067382812500
0.255859375000
0.018066406250
-0.102539062500
0.006256103516
-0.004425048828
-0.051269531250
-0.195312500000
-0.028686523438
-0.052734375000
-0.000385284424
-0.330078125000
0.211914062500
0.057128906250
-0.320312500000
-0.013122558594
0.306640625000
-0.029418945312
-0.259765625000
0.072753906250
-0.189453125000
-0.070800781250
0.189453125000
0.267578125000
0.071777343750
-0.042480468750
-0.083496093750
0.091308593750
0.092773437500
-0.127929687500
0.034667968750
-0.063964843750
-0.082031250000
-0.144531250000
-0.077636718750
-0.151367187500
0.049072265625
0.168945312500
-0.085449218750
-0.068847656250
-0.094726562500
-0.063476562500
-0.000486373901
-0.202148437500
0.147460937500
0.134765625000
-0.007659912109
0.253906250000
0.005126953125
0.160156250000
0.067382812500
0.025146484375
0.246093750000
-0.419921875000
0.129882812500
0.052978515625
-0.058105468750
-0.090332031250
0.105957031250
-0.050537109375
0.083007812500
0.166015625000
0.081054687500
0.010681152344
0.011169433594
-0.086425781250
0.126953125000
-0.052001953125
-0.076171875000
-0.082031250000
0.151367187500
-0.250000000000
-0.229492187500
-0.004058837891
-0.061279296875
-0.129882812500
0.093261718750
0.030639648438
-0.349609375000
0.041992187500
0.051757812500
-0.111328125000
-0.109375000000
0.012756347656
0.053955078125
0.073242187500
-0.052001953125
0.083984375000
0.011718750000
-0.053466796875
-0.027587890625
0.125976562500
-0.049072265625
-0.122070312500
-0.022460937500
0.027832031250
-0.060302734375
-0.141601562500
-0.077636718750
-0.245117187500
0.038330078125
0.011657714844
-0.036621093750
-0.043457031250
0.030883789062
0.067871093750
-0.015991210938
-0.298828125000
0.050781250000
-0.087402343750
-0.102539062500
0.080078125000
0.112304687500
0.042480468750
0.126953125000
-0.210937500000
0.138671875000
-0.457031250000
0.106933593750
0.094726562500
-0.507812500000
-0.093750000000
0.120117187500
-0.160156250000
0.088378906250
0.102539062500
0.044189453125
-0.007080078125
0.177734375000
-0.100585937500
0.011169433594
-0.046142578125
0.105468750000
-0.235351562500
-0.104492187500
-0.130859375000
-0.090820312500
-0.174804687500
-0.075683593750
-0.365234375000
-0.002395629883
0.002151489258
-0.341796875000
0.105957031250
0.217773437500
-0.243164062500
-0.067871093750
-0.006103515625
0.093750000000
-0.123535156250
-0.029907226562
0.098144531250
0.123046875000
0.041259765625
-0.059326171875
0.022094726562
-0.131835937500
-0.086425781250
-0.094238281250
-0.086914062500
0.004486083984
-0.000865936279
-0.047607421875
-0.055419921875
-0.005004882812
-0.040283203125
-0.075195312500
0.010375976562
0.063964843750
0.099121093750
0.114746093750
-0.427734375000
0.034912109375
-0.117675781250
-0.167968750000
0.175781250000
0.089843750000
-0.054687500000
0.085937500000
-0.250000000000
-0.015991210938
-0.425781250000
-0.023437500000
0.165039062500
-0.125000000000
-0.433593750000
0.071289062500
-0.177734375000
-0.119628906250
-0.022216796875
-0.050537109375
-0.027954101562
0.011718750000
0.059326171875
-0.002227783203
-0.118652343750
0.304687500000
-0.187500000000
0.081054687500
-0.076660156250
-0.089355468750
-0.114257812500
-0.081054687500
-0.439453125000
-0.029541015625
0.034912109375
-0.308593750000
0.132812500000
0.140625000000
0.097167968750
-0.154296875000
0.117675781250
-0.106445312500
0.032470703125
-0.061279296875
-0.002929687500
0.118652343750
0.004699707031
-0.184570312500
-0.111816406250
0.165039062500
-0.040771484375
-0.002792358398
-0.186523437500
0.005249023438
0.040039062500
-0.075683593750
-0.223632812500
0.010803222656
-0.007476806641
0.045166015625
0.005371093750
-0.081054687500
0.122558593750
-0.051757812500
-0.378906250000
0.230468750000
-0.285156250000
-0.083496093750
0.064941406250
0.324218750000
0.060546875000
-0.053710937500
-0.037109375000
-0.061035156250
-0.484375000000
-0.112792968750
0.067871093750
0.100097656250
-0.085937500000
-0.025512695312
0.083007812500
0.067871093750
0.009582519531
-0.112304687500
-0.088867187500
0.037353515625
0.008605957031
0.080078125000
-0.241210937500
0.022460937500
0.050781250000
-0.083007812500
-0.018798828125
-0.068359375000
-0.023559570312
0.027832031250
0.093261718750
-0.198242187500
0.241210937500
-0.033935546875
0.166015625000
-0.114257812500
0.001983642578
-0.040039062500
0.012939453125
0.341796875000
0.227539062500
-0.015991210938
-0.137695312500
0.213867187500
-0.012023925781
0.041015625000
-0.296875000000
0.002761840820
-0.048583984375
0.234375000000
0.064453125000
-0.161132812500
-0.232421875000
0.056152343750
0.006011962891
0.145507812500
-0.302734375000
-0.228515625000
-0.076660156250
-0.248046875000
0.074707031250
0.046875000000
-0.206054687500
-0.165039062500
-0.088867187500
0.158203125000
-0.063964843750
-0.028442382812
-0.033935546875
-0.030517578125
0.063476562500
0.180664062500
-0.121582031250
0.195312500000
-0.119140625000
-0.089355468750
-0.050781250000
0.265625000000
-0.066894531250
-0.011169433594
0.061767578125
0.108398437500
0.062500000000
-0.194335937500
-0.106445312500
0.083007812500
0.197265625000
-0.118652343750
0.021728515625
-0.081542968750
0.046630859375
0.075683593750
0.031005859375
0.072753906250
0.016601562500
-0.079589843750
-0.069335937500
0.119140625000
-0.021118164062
0.181640625000
0.121093750000
0.109863281250
0.035400390625
0.083984375000
0.121093750000
0.039062500000
-0.030395507812
0.161132812500
0.113769531250
0.316406250000
-0.208007812500
-0.159179687500
0.118652343750
0.245117187500
0.153320312500
0.365234375000
-0.001701354980
0.074218750000
0.177734375000
0.125976562500
0.108886718750
-0.170898437500
0.029418945312
0.137695312500
-0.133789062500
0.034667968750
-0.112792968750
-0.016113281250
-0.183593750000
-0.078613281250
0.020385742188
0.024902343750
-0.037841796875
-0.024902343750
0.027099609375
0.023071289062
-0.044677734375
0.083007812500
-0.271484375000
-0.078125000000
-0.173828125000
0.108886718750
0.071289062500
-0.166992187500
0.101074218750
0.088867187500
0.057617187500
0.253906250000
-0.204101562500
0.029663085938
0.031494140625
-0.091308593750
0.074218750000
-0.141601562500
-0.082031250000
-0.083496093750
-0.031127929688
0.001182556152
0.026489257812
-0.000976562500
0.068359375000
0.122070312500
0.026367187500
0.003540039062
0.085937500000
0.163085937500
-0.028808593750
0.040771484375
0.123535156250
0.028198242188
0.125976562500
0.042236328125
0.061279296875
-0.244140625000
-0.078125000000
0.037841796875
0.188476562500
0.088867187500
-0.076171875000
0.068359375000
0.125976562500
-0.108398437500
-0.187500000000
0.246093750000
-0.099609375000
-0.074218750000
0.077148437500
0.121582031250
0.141601562500
0.031982421875
-0.028442382812
-0.041503906250
0.030517578125
0.080078125000
0.148437500000
0.078613281250
0.126953125000
-0.015747070312
-0.030883789062
-0.191406250000
-0.068359375000
0.170898437500
-0.022949218750
-0.059082031250
0.214843750000
-0.028198242188
0.045410156250
0.121582031250
-0.115234375000
0.094238281250
-0.125976562500
-0.172851562500
0.022338867188
0.003784179688
-0.054931640625
-0.063476562500
0.075195312500
-0.059082031250
0.166015625000
0.055175781250
-0.039062500000
0.023925781250
0.149414062500
-0.043457031250
-0.186523437500
-0.031982421875
0.037109375000
0.094238281250
0.070800781250
-0.053710937500
-0.035156250000
0.075195312500
0.136718750000
0.085449218750
0.259765625000
0.199218750000
0.018310546875
-0.063476562500
0.006408691406
-0.048828125000
-0.133789062500
0.140625000000
-0.235351562500
-0.292968750000
0.004852294922
0.009155273438
0.017456054688
0.055664062500
-0.209960937500
-0.291015625000
0.018920898438
-0.235351562500
-0.056152343750
0.010742187500
-0.004364013672
0.039306640625
-0.194335937500
0.068847656250
0.079589843750
-0.168945312500
0.009643554688
0.118652343750
0.087402343750
0.214843750000
-0.084960937500
0.113769531250
0.060546875000
-0.127929687500
-0.072265625000
-0.005554199219
0.204101562500
-0.111328125000
-0.127929687500
0.102539062500
-0.126953125000
-0.146484375000
-0.109863281250
0.002700805664
0.131835937500
-0.283203125000
0.055908203125
-0.009338378906
0.199218750000
0.048095703125
0.085937500000
-0.025634765625
0.261718750000
0.052734375000
-0.035400390625
-0.132812500000
-0.010192871094
0.149414062500
0.056640625000
-0.087402343750
0.123046875000
0.244140625000
0.135742187500
0.142578125000
0.014709472656
0.234375000000
-0.020263671875
0.175781250000
0.328125000000
-0.225585937500
-0.053955078125
-0.104980468750
-0.083496093750
-0.098144531250
0.115234375000
0.094238281250
0.105957031250
0.248046875000
0.261718750000
-0.143554687500
0.012695312500
-0.103027343750
-0.034423828125
-0.010253906250
-0.010009765625
-0.131835937500
-0.072753906250
0.054931640625
-0.050048828125
0.004058837891
0.161132812500
0.142578125000
-0.019775390625
0.034667968750
-0.142578125000
-0.056884765625
0.159179687500
-0.081542968750
0.038818359375
-0.036132812500
0.310546875000
-0.086425781250
-0.179687500000
-0.052490234375
-0.179687500000
0.012634277344
-0.200195312500
0.010070800781
0.117675781250
-0.300781250000
-0.086425781250
0.010620117188
0.068359375000
0.128906250000
-0.244140625000
0.097167968750
0.055908203125
-0.063476562500
0.031005859375
-0.063476562500
-0.093750000000
0.175781250000
-0.041259765625
0.037841796875
0.026367187500
0.232421875000
0.134765625000
0.086914062500
-0.126953125000
0.316406250000
-0.041503906250
0.002243041992
-0.382812500000
-0.153320312500
-0.089355468750
0.136718750000
-0.298828125000
0.030883789062
0.058593750000
-0.002731323242
-0.181640625000
0.105957031250
-0.157226562500
-0.072265625000
0.029052734375
-0.026855468750
0.034423828125
-0.058349609375
-0.320312500000
-0.216796875000
-0.055175781250
0.012084960938
0.140625000000
-0.120605468750
0.181640625000
0.028076171875
0.002105712891
-0.001213073730
0.178710937500
0.088378906250
0.101562500000
-0.269531250000
0.041992187500
-0.106933593750
-0.139648437500
0.112792968750
-0.104003906250
0.045898437500
-0.037841796875
0.076660156250
-0.155273437500
-0.030883789062
-0.129882812500
-0.275390625000
0.052246093750
-0.049316406250
0.119140625000
0.067871093750
0.148437500000
-0.158203125000
0.004608154297
-0.115722656250
-0.230468750000
0.002243041992
0.032714843750
0.160156250000
0.011657714844
0.106933593750
-0.021118164062
0.125000000000
0.226562500000
-0.116699218750
-0.054687500000
0.148437500000
-0.047363281250
-0.066894531250
-0.312500000000
-0.075683593750
-0.110351562500
-0.093261718750
-0.466796875000
0.194335937500
0.124023437500
0.059814453125
-0.075195312500
0.106933593750
-0.107421875000
-0.203125000000
0.101562500000
-0.271484375000
-0.018554687500
-0.016967773438
-0.163085937500
-0.072753906250
0.005065917969
-0.095214843750
-0.045898437500
-0.036621093750
0.232421875000
0.190429687500
-0.036865234375
0.333984375000
-0.265625000000
0.145507812500
0.108886718750
-0.055419921875
-0.011047363281
0.045898437500
0.000215530396
-0.042968750000
-0.041748046875
-0.118652343750
-0.269531250000
0.113769531250
-0.143554687500
-0.080078125000
-0.087890625000
-0.205078125000
0.077636718750
-0.106933593750
0.022460937500
-0.160156250000
0.167968750000
-0.159179687500
-0.032714843750
-0.193359375000
-0.088867187500
0.166992187500
0.176757812500
-0.429687500000
-0.073730468750
0.131835937500
-0.049072265625
0.112792968750
-0.384765625000
-0.086425781250
0.093750000000
-0.035888671875
-0.126953125000
0.006439208984
-0.057128906250
-0.187500000000
-0.085449218750
-0.033447265625
-0.030151367188
-0.072753906250
0.144531250000
-0.116699218750
0.296875000000
-0.271484375000
0.197265625000
0.142578125000
0.117187500000
0.109863281250
0.074218750000
0.175781250000
-0.104980468750
-0.103515625000
0.172851562500
0.166015625000
0.134765625000
0.186523437500
0.155273437500
0.132812500000
-0.245117187500
0.051757812500
-0.061035156250
-0.177734375000
-0.267578125000
0.132812500000
0.049072265625
-0.104492187500
0.052978515625
-0.022949218750
0.045654296875
-0.154296875000
0.063476562500
0.038574218750
-0.562500000000
-0.253906250000
-0.085449218750
-0.103027343750
-0.170898437500
0.080078125000
0.009094238281
0.154296875000
0.099609375000
0.023315429688
-0.025634765625
-0.161132812500
-0.133789062500
0.193359375000
-0.073730468750
-0.232421875000
-0.162109375000
-0.010681152344
-0.139648437500
-0.201171875000
-0.250000000000
0.209960937500
0.078613281250
0.001823425293
-0.025024414062
-0.046875000000
-0.019042968750
0.104980468750
-0.095703125000
-0.136718750000
-0.205078125000
0.076660156250
0.082031250000
-0.109375000000
0.223632812500
-0.033447265625
0.104003906250
0.009094238281
0.118652343750
0.166992187500
0.042724609375
-0.192382812500
-0.036376953125
-0.039062500000
0.259765625000
0.027832031250
-0.148437500000
0.147460937500
-0.105957031250
0.139648437500
-0.128906250000
-0.116210937500
0.074707031250
-0.302734375000
-0.259765625000
0.118652343750
0.130859375000
0.072753906250
-0.048828125000
0.096191406250
-0.100585937500
0.084472656250
-0.019653320312
-0.044921875000
0.343750000000
0.007598876953
0.003479003906
0.022705078125
-0.104980468750
-0.182617187500
0.176757812500
0.103027343750
0.192382812500
-0.365234375000
0.077636718750
-0.129882812500
-0.161132812500
0.068359375000
-0.084960937500
-0.247070312500
-0.100585937500
0.020019531250
-0.081054687500
-0.192382812500
-0.160156250000
0.098144531250
0.041503906250
-0.013732910156
-0.009338378906
-0.115234375000
-0.165039062500
-0.019531250000
-0.180664062500
-0.107910156250
-0.151367187500
-0.024658203125
0.092285156250
0.012878417969
0.212890625000
-0.033203125000
0.052246093750
-0.013854980469
0.214843750000
-0.002349853516
0.154296875000
-0.527343750000
0.049804687500
0.060546875000
0.147460937500
0.283203125000
-0.265625000000
0.100097656250
0.055908203125
0.162109375000
-0.065429687500
-0.041992187500
0.001823425293
-0.312500000000
0.075683593750
0.145507812500
0.023803710938
0.084472656250
0.059570312500
-0.075195312500
-0.069824218750
0.069824218750
0.085449218750
0.092285156250
0.024536132812
0.072265625000
0.263671875000
-0.007598876953
0.191406250000
-0.233398437500
-0.222656250000
0.177734375000
0.040039062500
-0.523437500000
0.164062500000
-0.025878906250
-0.130859375000
-0.018676757812
-0.073242187500
-0.078613281250
0.067871093750
-0.058105468750
-0.269531250000
-0.064453125000
-0.191406250000
0.038818359375
0.086914062500
0.069335937500
-0.106445312500
0.099121093750
0.136718750000
-0.160156250000
0.020751953125
0.035644531250
-0.009704589844
-0.165039062500
0.165039062500
0.207031250000
0.202148437500
-0.089843750000
0.097167968750
0.195312500000
0.185546875000
-0.022705078125
-0.086914062500
-0.166015625000
0.388671875000
-0.014831542969
0.007568359375
0.241210937500
-0.179687500000
0.155273437500
-0.107421875000
0.112792968750
-0.024658203125
0.025268554688
-0.050537109375
-0.238281250000
-0.011718750000
0.054199218750
0.150390625000
0.038574218750
0.052734375000
0.085937500000
-0.115722656250
0.113769531250
0.100097656250
0.085937500000
0.086914062500
0.243164062500
-0.051025390625
0.015380859375
-0.243164062500
-0.038330078125
0.167968750000
-0.023681640625
0.149414062500
-0.357421875000
0.064941406250
-0.145507812500
-0.133789062500
-0.078125000000
-0.174804687500
0.139648437500
-0.112304687500
0.003250122070
-0.194335937500
-0.024780273438
-0.056884765625
-0.029785156250
0.008972167969
0.002578735352
-0.074707031250
0.055175781250
0.059326171875
0.112304687500
-0.104003906250
-0.104003906250
-0.044677734375
-0.259765625000
0.083496093750
0.294921875000
0.137695312500
-0.075195312500
0.070312500000
0.265625000000
-0.013854980469
0.073730468750
-0.024902343750
-0.221679687500
0.039550781250
0.091308593750
-0.056152343750
0.207031250000
-0.175781250000
-0.032958984375
-0.113281250000
0.006103515625
-0.081542968750
-0.214843750000
0.023559570312
-0.285156250000
-0.097656250000
0.048095703125
0.071289062500
0.031982421875
0.100097656250
0.026855468750
-0.107910156250
0.076171875000
0.273437500000
-0.038330078125
0.159179687500
0.238281250000
0.251953125000
-0.000417709351
-0.218750000000
-0.208007812500
0.052490234375
0.292968750000
0.333984375000
-0.056640625000
-0.090820312500
-0.090820312500
-0.119628906250
-0.131835937500
-0.129882812500
0.172851562500
-0.042724609375
-0.019409179688
-0.131835937500
-0.234375000000
-0.025878906250
0.111816406250
-0.035888671875
-0.011169433594
0.047363281250
0.066406250000
-0.085937500000
-0.253906250000
-0.065429687500
-0.097167968750
-0.006378173828
-0.220703125000
-0.065917968750
0.177734375000
0.152343750000
-0.081054687500
-0.205078125000
0.180664062500
-0.214843750000
0.092285156250
0.123046875000
-0.337890625000
-0.112792968750
0.071289062500
-0.179687500000
0.162109375000
-0.052246093750
0.197265625000
0.099609375000
0.016235351562
-0.134765625000
0.147460937500
0.086425781250
-0.088867187500
-0.090332031250
0.046386718750
-0.130859375000
-0.065917968750
0.021606445312
0.068359375000
0.038818359375
-0.070800781250
0.065429687500
-0.042724609375
-0.390625000000
0.218750000000
0.028320312500
-0.044433593750
-0.215820312500
-0.125976562500
-0.250000000000
0.219726562500
0.302734375000
-0.302734375000
-0.008789062500
0.027465820312
-0.171875000000
-0.168945312500
-0.113281250000
-0.026489257812
-0.034179687500
-0.208984375000
-0.130859375000
-0.147460937500
-0.261718750000
-0.001182556152
0.016357421875
0.067382812500
0.096679687500
-0.015625000000
-0.041259765625
0.158203125000
-0.199218750000
-0.198242187500
-0.261718750000
-0.069335937500
-0.160156250000
0.140625000000
0.304687500000
-0.075683593750
-0.363281250000
0.244140625000
0.160156250000
0.261718750000
-0.071289062500
-0.345703125000
-0.181640625000
0.084960937500
-0.121582031250
0.024169921875
-0.202148437500
-0.000785827637
-0.138671875000
0.075683593750
-0.466796875000
0.065429687500
-0.161132812500
-0.185546875000
-0.245117187500
0.035644531250
-0.004974365234
0.095214843750
-0.067382812500
0.083007812500
-0.087890625000
-0.041748046875
-0.013793945312
0.035888671875
0.257812500000
0.209960937500
0.023559570312
0.109863281250
-0.037109375000
-0.043945312500
0.322265625000
0.180664062500
0.306640625000
-0.002471923828
-0.105468750000
-0.158203125000
-0.035888671875
-0.221679687500
0.030395507812
0.099609375000
0.123535156250
-0.386718750000
-0.049316406250
-0.017578125000
-0.197265625000
-0.265625000000
0.108398437500
0.051025390625
-0.038574218750
0.068847656250
-0.205078125000
-0.024658203125
0.166992187500
-0.183593750000
0.018432617188
0.018554687500
-0.094726562500
0.010192871094
-0.109863281250
0.019897460938
0.100585937500
-0.084472656250
0.375000000000
0.115722656250
-0.171875000000
0.010131835938
0.291015625000
0.123046875000
0.081054687500
0.027709960938
0.026733398438
-0.156250000000
-0.082031250000
-0.021728515625
-0.023803710938
-0.096191406250
-0.122070312500
-0.062255859375
0.135742187500
0.023193359375
-0.117187500000
-0.172851562500
0.087890625000
-0.209960937500
0.118652343750
0.081054687500
0.147460937500
-0.162109375000
0.271484375000
0.071289062500
0.129882812500
-0.032226562500
0.238281250000
-0.207031250000
-0.281250000000
0.201171875000
-0.082519531250
-0.076171875000
-0.019531250000
-0.133789062500
0.131835937500
-0.004516601562
0.132812500000
0.289062500000
0.013305664062
-0.203125000000
0.100097656250
0.070312500000
-0.110351562500
-0.036376953125
0.104980468750
0.062500000000
-0.110839843750
0.002197265625
-0.194335937500
-0.102050781250
0.186523437500
-0.143554687500
-0.355468750000
-0.067382812500
-0.178710937500
0.143554687500
-0.146484375000
0.062500000000
-0.040039062500
-0.006683349609
0.351562500000
0.259765625000
0.153320312500
-0.069824218750
0.090332031250
-0.074218750000
-0.083007812500
-0.037109375000
0.105957031250
-0.294921875000
-0.105468750000
-0.038574218750
0.049804687500
0.027343750000
-0.168945312500
0.122558593750
-0.008300781250
-0.117675781250
-0.187500000000
0.116699218750
0.071777343750
-0.054931640625
0.003768920898
-0.014160156250
-0.192382812500
-0.183593750000
0.135742187500
-0.080078125000
0.082031250000
0.131835937500
0.019409179688
-0.355468750000
-0.171875000000
-0.012390136719
0.141601562500
-0.022094726562
-0.205078125000
-0.022705078125
0.015563964844
0.235351562500
0.227539062500
0.149414062500
0.109375000000
-0.059082031250
0.056884765625
0.036376953125
-0.107421875000
0.038330078125
0.016113281250
0.031738281250
0.144531250000
0.029418945312
-0.193359375000
-0.040283203125
0.214843750000
0.060791015625
-0.119140625000
-0.087890625000
0.084960937500
0.093750000000
0.061523437500
0.152343750000
-0.018066406250
0.120117187500
-0.210937500000
0.118164062500
0.151367187500
-0.030883789062
0.132812500000
-0.040283203125
-0.038085937500
0.176757812500
-0.053466796875
-0.057861328125
-0.289062500000
-0.105468750000
0.029174804688
-0.117675781250
-0.110839843750
-0.047607421875
0.158203125000
-0.119628906250
-0.118164062500
-0.122558593750
0.072265625000
-0.070800781250
-0.037353515625
-0.053955078125
-0.078125000000
-0.187500000000
0.075683593750
-0.223632812500
-0.068847656250
0.180664062500
-0.045166015625
-0.052490234375
-0.240234375000
-0.035644531250
0.133789062500
0.102050781250
-0.129882812500
-0.241210937500
0.065917968750
0.119628906250
0.114746093750
0.086425781250
0.091796875000
0.101562500000
0.104980468750
0.026000976562
-0.271484375000
0.108886718750
-0.139648437500
-0.101562500000
-0.126953125000
-0.055908203125
-0.125976562500
-0.221679687500
0.235351562500
0.057373046875
-0.103515625000
-0.122070312500
0.030517578125
0.056884765625
0.093261718750
0.043701171875
0.226562500000
-0.142578125000
-0.084960937500
0.230468750000
-0.019653320312
-0.016967773438
-0.063476562500
0.152343750000
-0.073242187500
0.261718750000
-0.149414062500
0.108398437500
0.028198242188
0.010742187500
-0.154296875000
-0.190429687500
-0.094238281250
0.021118164062
0.234375000000
-0.169921875000
-0.104980468750
0.102539062500
0.049072265625
-0.101562500000
0.001815795898
-0.040771484375
-0.103027343750
-0.087890625000
0.097656250000
0.055908203125
0.205078125000
-0.025146484375
-0.008911132812
0.125976562500
-0.314453125000
0.064453125000
0.076171875000
-0.028198242188
-0.212890625000
-0.147460937500
0.030395507812
0.113769531250
0.154296875000
0.125976562500
-0.020874023438
0.154296875000
-0.045654296875
0.200195312500
-0.292968750000
-0.166992187500
-0.038330078125
-0.220703125000
-0.002212524414
-0.057128906250
-0.132812500000
-0.189453125000
-0.010253906250
-0.046142578125
-0.030273437500
-0.091796875000
-0.296875000000
0.027954101562
0.008056640625
0.091308593750
0.076171875000
0.046630859375
-0.121093750000
0.200195312500
-0.000185012817
0.085937500000
0.144531250000
0.120605468750
-0.110839843750
0.108398437500
0.004669189453
-0.012634277344
-0.068359375000
-0.111328125000
-0.151367187500
-0.055908203125
-0.073242187500
0.009826660156
0.187500000000
0.173828125000
-0.008911132812
-0.103515625000
0.103515625000
-0.102050781250
-0.174804687500
-0.115722656250
-0.146484375000
-0.206054687500
-0.100585937500
-0.014160156250
-0.071289062500
0.059326171875
-0.176757812500
0.087402343750
0.135742187500
0.122558593750
0.089355468750
0.076171875000
-0.015258789062
-0.287109375000
-0.122070312500
0.116699218750
0.238281250000
0.141601562500
0.098144531250
0.199218750000
0.020751953125
-0.096191406250
-0.166992187500
-0.070800781250
-0.106445312500
-0.121582031250
0.055908203125
-0.117187500000
-0.031738281250
-0.155273437500
0.113281250000
0.029418945312
-0.213867187500
-0.120605468750
-0.163085937500
0.003250122070
-0.203125000000
0.053710937500
-0.168945312500
-0.019775390625
0.081542968750
0.107421875000
-0.091308593750
0.097656250000
0.104492187500
0.075683593750
-0.345703125000
0.059082031250
-0.207031250000
0.013854980469
-0.049072265625
-0.051757812500
-0.034912109375
0.014648437500
-0.077148437500
0.062988281250
-0.250000000000
0.120605468750
-0.090332031250
0.157226562500
0.090332031250
-0.330078125000
-0.020385742188
-0.088867187500
-0.019531250000
-0.116699218750
0.085937500000
0.070800781250
0.158203125000
0.070800781250
-0.312500000000
-0.177734375000
0.001708984375
0.300781250000
0.140625000000
0.100097656250
-0.137695312500
-0.063476562500
-0.150390625000
-0.156250000000
0.045410156250
0.073730468750
-0.179687500000
0.212890625000
0.052734375000
-0.003799438477
-0.019409179688
0.074218750000
-0.060791015625
0.119140625000
-0.090332031250
0.007934570312
-0.204101562500
-0.022583007812
0.083496093750
0.102050781250
-0.294921875000
-0.091796875000
-0.082031250000
-0.033691406250
-0.023437500000
0.094238281250
0.093750000000
-0.003463745117
-0.173828125000
0.150390625000
-0.023437500000
-0.148437500000
0.172851562500
-0.030761718750
-0.126953125000
0.208007812500
-0.080566406250
0.108398437500
-0.122070312500
0.034667968750
-0.054199218750
0.096191406250
0.224609375000
-0.079101562500
0.193359375000
0.127929687500
0.142578125000
-0.149414062500
0.239257812500
-0.163085937500
-0.056640625000
0.078125000000
0.042724609375
-0.044433593750
-0.202148437500
0.304687500000
0.079589843750
0.230468750000
-0.176757812500
0.093750000000
0.179687500000
0.072265625000
-0.355468750000
0.030883789062
0.084472656250
-0.221679687500
-0.119140625000
0.013183593750
-0.028198242188
0.075683593750
-0.110351562500
0.027954101562
0.251953125000
0.094238281250
-0.113769531250
-0.039794921875
-0.032714843750
0.017211914062
-0.113769531250
0.110351562500
0.017089843750
-0.027465820312
-0.049804687500
0.036865234375
-0.199218750000
0.089355468750
-0.141601562500
0.006378173828
-0.423828125000
0.212890625000
0.159179687500
-0.073730468750
-0.005340576172
-0.033203125000
-0.163085937500
-0.062988281250
-0.226562500000
-0.116699218750
-0.251953125000
0.084472656250
0.046142578125
-0.023315429688
0.050781250000
-0.166015625000
-0.245117187500
0.014343261719
0.242187500000
-0.109375000000
-0.169921875000
0.099609375000
0.018554687500
0.601562500000
-0.073730468750
0.073730468750
-0.135742187500
0.131835937500
0.060546875000
-0.116699218750
0.003768920898
0.180664062500
-0.141601562500
-0.012756347656
-0.162109375000
0.085449218750
0.116210937500
-0.122558593750
0.013854980469
-0.096191406250
-0.034912109375
-0.318359375000
0.015563964844
-0.015136718750
-0.117187500000
-0.039306640625
0.038818359375
0.010253906250
0.131835937500
-0.078125000000
-0.124023437500
-0.074218750000
0.141601562500
-0.224609375000
-0.106933593750
-0.017578125000
-0.003082275391
0.045166015625
0.083496093750
0.173828125000
-0.072753906250
-0.046142578125
-0.137695312500
-0.215820312500
-0.388671875000
0.216796875000
0.237304687500
-0.104003906250
-0.097656250000
-0.133789062500
0.146484375000
0.062988281250
-0.178710937500
-0.015563964844
-0.324218750000
0.062988281250
-0.118652343750
-0.013488769531
0.120117187500
-0.251953125000
-0.161132812500
0.037597656250
-0.070312500000
-0.253906250000
-0.255859375000
0.058105468750
0.273437500000
0.283203125000
-0.052246093750
0.190429687500
-0.061767578125
0.211914062500
0.098144531250
-0.093261718750
0.194335937500
-0.022338867188
-0.020507812500
-0.013549804688
-0.234375000000
0.081054687500
0.073242187500
-0.016601562500
-0.353515625000
0.029663085938
-0.074218750000
-0.077148437500
0.001258850098
0.135742187500
-0.136718750000
0.025146484375
0.005249023438
0.044433593750
0.135742187500
-0.001327514648
-0.160156250000
-0.059326171875
0.066406250000
-0.166992187500
-0.029296875000
-0.031494140625
0.218750000000
0.050292968750
0.078125000000
0.077636718750
0.155273437500
0.042968750000
-0.306640625000
-0.007873535156
-0.141601562500
0.015869140625
0.182617187500
0.056396484375
-0.066406250000
-0.035400390625
-0.065429687500
-0.099121093750
-0.043212890625
0.102050781250
-0.166015625000
-0.014831542969
-0.139648437500
-0.036132812500
0.213867187500
-0.133789062500
0.100097656250
-0.257812500000
-0.041748046875
-0.172851562500
-0.141601562500
-0.090332031250
0.067871093750
0.195312500000
0.015441894531
-0.078125000000
-0.146484375000
0.172851562500
0.159179687500
0.265625000000
-0.122558593750
-0.067382812500
0.083007812500
-0.036376953125
-0.251953125000
0.034912109375
0.085937500000
-0.110351562500
-0.024780273438
0.017333984375
0.154296875000
-0.130859375000
0.070800781250
-0.024047851562
-0.064941406250
0.140625000000
-0.022216796875
-0.017333984375
0.066894531250
-0.023315429688
-0.062500000000
-0.041992187500
0.070800781250
0.125976562500
-0.082519531250
-0.198242187500
0.159179687500
-0.296875000000
0.058105468750
0.033935546875
0.049072265625
0.030639648438
-0.055419921875
-0.102050781250
-0.001419067383
-0.031982421875
0.087890625000
-0.110351562500
-0.094238281250
0.059082031250
0.162109375000
-0.036865234375
-0.156250000000
-0.015625000000
-0.115722656250
0.021362304688
-0.064453125000
-0.166015625000
0.125976562500
0.055419921875
-0.163085937500
0.041015625000
0.074707031250
-0.142578125000
-0.094726562500
0.003326416016
0.229492187500
0.102050781250
-0.019531250000
0.068359375000
-0.126953125000
-0.048583984375
0.100097656250
0.053466796875
-0.191406250000
-0.021240234375
0.233398437500
-0.208984375000
-0.185546875000
0.017944335938
0.160156250000
0.133789062500
0.006164550781
0.063476562500
-0.160156250000
-0.098144531250
-0.035400390625
-0.070312500000
-0.010009765625
0.130859375000
0.019409179688
0.094238281250
0.135742187500
-0.040771484375
-0.059814453125
-0.045898437500
0.036376953125
0.087890625000
-0.061035156250
-0.126953125000
0.025756835938
-0.292968750000
-0.007720947266
-0.039062500000
0.021362304688
0.051513671875
-0.061767578125
-0.051025390625
-0.053466796875
0.009948730469
0.176757812500
-0.086425781250
-0.014892578125
-0.052978515625
0.090820312500
0.048339843750
-0.112304687500
-0.126953125000
-0.134765625000
-0.023315429688
-0.240234375000
-0.186523437500
0.118164062500
0.332031250000
-0.060791015625
-0.084960937500
0.012634277344
-0.117675781250
-0.062011718750
0.002853393555
0.034667968750
0.186523437500
-0.071289062500
0.081542968750
-0.082519531250
-0.092773437500
0.027099609375
-0.089355468750
0.125976562500
0.016845703125
-0.118164062500
-0.096191406250
-0.373046875000
0.166015625000
-0.068847656250
0.074707031250
-0.134765625000
-0.005493164062
0.046386718750
-0.211914062500
0.099121093750
-0.061523437500
-0.036865234375
0.109863281250
-0.143554687500
-0.074707031250
0.088378906250
0.009033203125
-0.013244628906
-0.013366699219
-0.028930664062
0.051025390625
0.021728515625
-0.062255859375
-0.169921875000
-0.101074218750
0.086914062500
0.064941406250
-0.007629394531
-0.064941406250
-0.016235351562
-0.126953125000
-0.406250000000
0.083496093750
0.124023437500
-0.033691406250
-0.119140625000
-0.010620117188
0.036865234375
-0.066406250000
-0.243164062500
-0.080566406250
-0.210937500000
-0.058105468750
-0.157226562500
-0.049316406250
0.029418945312
0.300781250000
-0.267578125000
-0.091796875000
0.028808593750
-0.015319824219
0.073730468750
-0.037109375000
0.011413574219
0.041748046875
-0.007751464844
0.150390625000
-0.094238281250
0.095214843750
0.216796875000
-0.061767578125
0.124023437500
-0.060058593750
-0.114257812500
-0.152343750000
-0.316406250000
0.153320312500
0.044921875000
0.010864257812
-0.308593750000
0.019042968750
-0.029663085938
-0.158203125000
-0.092285156250
-0.061767578125
0.079101562500
0.075683593750
-0.043701171875
-0.021240234375
0.298828125000
-0.084472656250
-0.089355468750
0.186523437500
0.002258300781
-0.022705078125
0.178710937500
-0.137695312500
-0.190429687500
-0.157226562500
0.168945312500
-0.001228332520
0.124023437500
-0.047607421875
0.061523437500
-0.154296875000
-0.503906250000
0.114746093750
0.157226562500
0.007934570312
-0.151367187500
0.064941406250
0.029663085938
0.034667968750
-0.390625000000
0.019531250000
-0.026123046875
-0.035644531250
-0.232421875000
-0.043212890625
0.035888671875
0.155273437500
-0.263671875000
0.203125000000
0.037353515625
-0.090820312500
-0.103515625000
0.028930664062
0.094238281250
0.054687500000
-0.128906250000
0.050537109375
-0.124023437500
0.137695312500
0.120605468750
0.018432617188
-0.016723632812
-0.075683593750
-0.062500000000
-0.051757812500
-0.188476562500
0.028198242188
0.125976562500
-0.067871093750
-0.018310546875
0.145507812500
0.040771484375
-0.155273437500
-0.215820312500
0.114746093750
-0.050537109375
-0.005371093750
0.058105468750
0.042236328125
-0.062988281250
0.216796875000
-0.125976562500
-0.146484375000
-0.216796875000
-0.021850585938
-0.088378906250
-0.227539062500
0.125976562500
0.110839843750
-0.052246093750
-0.024658203125
0.394531250000
0.086425781250
-0.061767578125
0.132812500000
-0.148437500000
-0.046386718750
0.173828125000
0.010742187500
0.101074218750
-0.017211914062
0.041992187500
0.174804687500
0.043212890625
0.115234375000
0.154296875000
-0.369140625000
0.009887695312
-0.205078125000
0.113281250000
0.172851562500
-0.036865234375
-0.033935546875
-0.251953125000
0.081054687500
-0.045166015625
-0.105957031250
-0.066406250000
-0.057128906250
-0.130859375000
0.144531250000
0.082519531250
-0.025268554688
-0.191406250000
0.199218750000
0.107910156250
0.058837890625
0.179687500000
0.043945312500
0.145507812500
0.073730468750
0.145507812500
0.062500000000
0.043212890625
-0.086914062500
-0.139648437500
-0.105468750000
-0.076171875000
0.000747680664
0.237304687500
0.125976562500
-0.002532958984
-0.028564453125
-0.083984375000
0.111328125000
0.068847656250
-0.234375000000
-0.162109375000
-0.273437500000
-0.068847656250
-0.275390625000
-0.038330078125
0.050537109375
-0.014892578125
-0.016235351562
0.042968750000
0.024291992188
0.087890625000
0.008300781250
-0.009033203125
0.077636718750
0.014953613281
0.035644531250
-0.052246093750
-0.037841796875
-0.039306640625
-0.013183593750
0.190429687500
-0.056152343750
0.053222656250
-0.240234375000
-0.016235351562
-0.134765625000
0.040039062500
0.043212890625
-0.101562500000
0.028198242188
-0.096191406250
0.173828125000
0.144531250000
0.027832031250
0.096679687500
-0.174804687500
-0.040527343750
-0.156250000000
0.230468750000
-0.255859375000
0.049804687500
0.081542968750
0.082519531250
-0.078613281250
0.136718750000
-0.028076171875
0.129882812500
0.070800781250
0.115234375000
0.128906250000
-0.032958984375
0.027954101562
0.027587890625
-0.133789062500
-0.210937500000
0.126953125000
-0.134765625000
-0.009033203125
0.062011718750
0.094726562500
-0.028686523438
0.079589843750
-0.199218750000
-0.298828125000
0.082519531250
-0.092285156250
0.119140625000
-0.179687500000
-0.088867187500
0.155273437500
0.049316406250
-0.062011718750
-0.283203125000
-0.020874023438
-0.046875000000
0.007537841797
-0.199218750000
-0.056640625000
0.096679687500
-0.016967773438
-0.025268554688
-0.006927490234
-0.043212890625
-0.062011718750
0.250000000000
-0.046386718750
0.166992187500
-0.425781250000
-0.075683593750
0.038330078125
0.222656250000
0.064941406250
0.062988281250
-0.045410156250
0.073730468750
-0.019287109375
-0.054199218750
0.074218750000
-0.107910156250
0.124023437500
0.121093750000
-0.158203125000
0.025512695312
0.263671875000
0.042236328125
0.174804687500
-0.014526367188
0.101074218750
0.079101562500
0.083007812500
-0.027587890625
-0.001304626465
0.085937500000
0.283203125000
0.065917968750
-0.106933593750
0.063476562500
0.076660156250
-0.259765625000
0.057617187500
-0.052490234375
-0.157226562500
-0.108398437500
0.043701171875
0.077148437500
0.101562500000
0.196289062500
-0.318359375000
0.089355468750
0.091308593750
0.197265625000
-0.141601562500
0.104492187500
0.255859375000
-0.056640625000
0.109375000000
-0.178710937500
0.247070312500
-0.041992187500
-0.021850585938
-0.120605468750
0.135742187500
0.109375000000
0.024414062500
-0.160156250000
-0.145507812500
-0.152343750000
-0.154296875000
0.038085937500
0.056152343750
0.151367187500
-0.146484375000
-0.016967773438
-0.037109375000
-0.131835937500
-0.111816406250
0.056396484375
0.026000976562
-0.113769531250
0.077148437500
-0.020629882812
-0.039550781250
0.068847656250
0.141601562500
-0.035400390625
-0.194335937500
0.206054687500
0.090332031250
-0.077636718750
0.110839843750
0.040283203125
0.031494140625
-0.048828125000
-0.090332031250
0.064941406250
-0.283203125000
0.058593750000
0.023071289062
0.016235351562
-0.068847656250
0.074218750000
0.189453125000
-0.335937500000
0.144531250000
-0.126953125000
-0.200195312500
-0.195312500000
-0.088378906250
-0.137695312500
0.238281250000
-0.073730468750
-0.337890625000
0.102050781250
-0.051269531250
-0.035156250000
-0.131835937500
0.153320312500
0.113769531250
0.003311157227
-0.027099609375
-0.133789062500
0.000077724457
0.115234375000
-0.030151367188
-0.511718750000
-0.188476562500
0.175781250000
0.090332031250
0.053955078125
-0.113281250000
-0.233398437500
-0.044677734375
0.148437500000
-0.060791015625
0.111816406250
-0.174804687500
-0.033935546875
-0.081054687500
0.100585937500
0.066894531250
0.139648437500
-0.012023925781
-0.283203125000
0.110351562500
0.140625000000
-0.106933593750
0.233398437500
0.008239746094
-0.053466796875
-0.140625000000
0.104003906250
0.164062500000
-0.062255859375
0.204101562500
0.148437500000
0.133789062500
-0.009399414062
0.193359375000
0.108886718750
-0.157226562500
-0.023559570312
0.123046875000
0.103027343750
0.012695312500
0.012145996094
-0.057128906250
-0.129882812500
0.059814453125
-0.283203125000
-0.119140625000
0.041015625000
-0.085449218750
-0.161132812500
0.016967773438
0.192382812500
-0.242187500000
0.232421875000
-0.103027343750
0.002716064453
0.121093750000
0.166992187500
0.223632812500
-0.046386718750
-0.027587890625
-0.194335937500
0.169921875000
0.043212890625
-0.123535156250
-0.345703125000
-0.012939453125
0.085449218750
0.122070312500
-0.178710937500
0.011291503906
-0.143554687500
-0.145507812500
0.076171875000
-0.220703125000
0.015869140625
-0.165039062500
-0.235351562500
-0.019897460938
-0.070312500000
-0.068359375000
-0.113281250000
-0.063476562500
-0.076171875000
0.185546875000
0.035400390625
0.052734375000
-0.108398437500
0.107421875000
-0.042236328125
-0.347656250000
0.212890625000
0.027099609375
-0.007751464844
0.074707031250
0.092285156250
-0.061523437500
0.029174804688
-0.152343750000
0.030761718750
-0.157226562500
0.048339843750
0.121582031250
0.026489257812
0.038330078125
0.003234863281
-0.008361816406
-0.045898437500
0.178710937500
-0.088378906250
-0.153320312500
0.100097656250
-0.000495910645
0.045898437500
-0.007568359375
0.062988281250
-0.289062500000
0.177734375000
-0.045410156250
-0.006103515625
0.038574218750
0.102539062500
0.059326171875
0.076171875000
0.041992187500
-0.022705078125
0.000785827637
0.133789062500
-0.134765625000
-0.143554687500
0.094726562500
0.114746093750
-0.030761718750
0.020751953125
-0.281250000000
-0.046386718750
-0.068359375000
0.016723632812
-0.095214843750
0.070312500000
-0.124511718750
-0.000482559204
-0.269531250000
0.206054687500
0.003112792969
-0.006744384766
0.048339843750
0.061035156250
0.149414062500
0.031738281250
0.063476562500
-0.244140625000
0.222656250000
0.116210937500
-0.197265625000
0.101074218750
0.042724609375
-0.102050781250
0.136718750000
0.055664062500
-0.034179687500
-0.079101562500
0.034667968750
0.024169921875
0.144531250000
-0.017089843750
0.124511718750
0.039062500000
0.144531250000
-0.269531250000
0.057861328125
-0.060058593750
0.120605468750
0.038330078125
-0.191406250000
-0.130859375000
0.194335937500
-0.073730468750
0.074218750000
0.121093750000
0.180664062500
-0.166015625000
0.012634277344
-0.086914062500
-0.008972167969
-0.116699218750
-0.023681640625
-0.082031250000
0.105957031250
-0.010681152344
-0.027709960938
-0.166992187500
0.168945312500
-0.124511718750
0.047607421875
-0.105957031250
0.178710937500
0.108398437500
0.177734375000
0.046142578125
-0.055664062500
0.069335937500
0.308593750000
0.137695312500
0.112792968750
-0.357421875000
-0.123535156250
0.228515625000
0.098632812500
-0.308593750000
-0.343750000000
-0.183593750000
0.031250000000
-0.223632812500
0.173828125000
0.127929687500
-0.061767578125
-0.007080078125
0.043945312500
-0.060302734375
-0.468750000000
-0.181640625000
-0.154296875000
-0.335937500000
-0.186523437500
0.045898437500
0.096191406250
-0.075683593750
-0.226562500000
-0.138671875000
-0.235351562500
0.135742187500
0.153320312500
-0.070312500000
0.135742187500
-0.000286102295
-0.007995605469
-0.120117187500
-0.006896972656
0.052001953125
0.287109375000
-0.076171875000
-0.134765625000
-0.075195312500
-0.140625000000
-0.244140625000
0.095214843750
0.072265625000
-0.045410156250
-0.112304687500
0.087890625000
0.133789062500
0.036376953125
-0.085449218750
-0.048583984375
-0.083007812500
0.140625000000
-0.042724609375
-0.041259765625
0.096191406250
0.157226562500
-0.040771484375
0.209960937500
0.031494140625
-0.126953125000
0.003890991211
0.082519531250
-0.083496093750
-0.181640625000
-0.019531250000
-0.002975463867
-0.052001953125
-0.037109375000
-0.265625000000
0.080566406250
-0.020141601562
-0.119628906250
-0.139648437500
0.160156250000
-0.108886718750
-0.227539062500
-0.050537109375
0.015014648438
-0.128906250000
-0.112792968750
-0.226562500000
-0.431640625000
0.030395507812
-0.025878906250
0.061279296875
-0.001411437988
-0.247070312500
-0.108398437500
-0.193359375000
-0.229492187500
0.196289062500
0.051513671875
-0.170898437500
-0.134765625000
0.095703125000
-0.055664062500
-0.058105468750
0.053222656250
0.277343750000
0.011474609375
0.172851562500
0.059082031250
0.234375000000
-0.472656250000
-0.048828125000
0.022827148438
-0.083007812500
-0.296875000000
-0.045898437500
0.064453125000
-0.186523437500
0.100585937500
-0.026000976562
-0.095214843750
-0.017578125000
-0.355468750000
0.031494140625
-0.113769531250
0.057861328125
0.180664062500
-0.357421875000
-0.067382812500
0.083984375000
-0.088867187500
0.125000000000
0.165039062500
0.158203125000
-0.105957031250
-0.103515625000
-0.005889892578
-0.081054687500
0.067382812500
-0.021240234375
-0.218750000000
-0.196289062500
0.151367187500
0.016723632812
0.118652343750
-0.029418945312
0.081542968750
-0.186523437500
0.104980468750
0.073730468750
0.102050781250
0.085937500000
-0.177734375000
-0.044433593750
0.020629882812
0.022094726562
-0.132812500000
-0.149414062500
-0.071777343750
-0.204101562500
-0.140625000000
0.170898437500
0.074218750000
-0.200195312500
0.287109375000
-0.095214843750
-0.119628906250
0.115722656250
-0.128906250000
-0.041015625000
-0.013732910156
-0.204101562500
0.121093750000
-0.024291992188
-0.012634277344
0.121582031250
-0.127929687500
-0.020751953125
-0.036865234375
-0.037109375000
0.051269531250
-0.261718750000
0.071289062500
-0.123046875000
-0.179687500000
-0.200195312500
-0.092285156250
0.123535156250
-0.023681640625
-0.127929687500
0.101074218750
-0.289062500000
-0.033691406250
0.118652343750
-0.052978515625
0.117187500000
0.208984375000
0.019653320312
-0.158203125000
0.030517578125
-0.168945312500
-0.032714843750
0.037353515625
-0.133789062500
0.025268554688
-0.041259765625
-0.149414062500
-0.040771484375
0.015869140625
0.035888671875
-0.016235351562
0.068359375000
0.010803222656
-0.146484375000
0.199218750000
-0.042968750000
0.245117187500
-0.039550781250
0.164062500000
0.046142578125
0.086425781250
0.023193359375
0.119628906250
-0.016601562500
0.038818359375
0.101074218750
0.009887695312
0.101562500000
-0.019897460938
-0.053710937500
-0.129882812500
-0.078613281250
-0.107421875000
-0.085449218750
0.030761718750
0.083984375000
-0.173828125000
0.093750000000
-0.251953125000
0.110839843750
-0.201171875000
-0.084960937500
-0.106445312500
-0.056152343750
0.170898437500
-0.135742187500
0.038818359375
-0.007629394531
-0.246093750000
-0.144531250000
0.039306640625
-0.021606445312
0.026855468750
-0.146484375000
0.052978515625
-0.062988281250
0.011901855469
0.101074218750
0.042236328125
0.140625000000
0.261718750000
0.006439208984
0.012329101562
0.011901855469
-0.312500000000
-0.163085937500
0.125976562500
0.073242187500
0.077148437500
-0.000261306763
-0.073730468750
0.052246093750
0.102050781250
0.024780273438
-0.000892639160
-0.058349609375
0.178710937500
0.102050781250
0.169921875000
0.031250000000
0.178710937500
0.060791015625
0.249023437500
0.037353515625
-0.040283203125
-0.172851562500
-0.021118164062
0.140625000000
-0.026733398438
-0.031738281250
-0.026123046875
-0.008728027344
-0.086914062500
-0.154296875000
0.033935546875
-0.129882812500
-0.151367187500
-0.082031250000
-0.145507812500
-0.041503906250
0.097656250000
-0.127929687500
-0.104492187500
0.027221679688
-0.245117187500
-0.062988281250
0.064941406250
-0.066894531250
0.062988281250
-0.148437500000
0.114746093750
0.013061523438
0.105957031250
0.083496093750
0.099121093750
-0.308593750000
-0.027954101562
-0.065429687500
0.073730468750
-0.154296875000
0.037597656250
0.220703125000
0.068847656250
0.081054687500
0.328125000000
-0.363281250000
-0.091796875000
0.125976562500
-0.119140625000
0.190429687500
0.075683593750
-0.103027343750
-0.219726562500
-0.206054687500
-0.155273437500
0.209960937500
0.186523437500
-0.029541015625
0.144531250000
0.096679687500
0.035644531250
-0.128906250000
-0.054687500000
0.106933593750
0.006317138672
-0.291015625000
0.168945312500
0.029174804688
-0.006439208984
-0.235351562500
0.037109375000
-0.404296875000
-0.144531250000
0.041748046875
-0.035400390625
-0.204101562500
0.287109375000
-0.040283203125
0.039306640625
0.128906250000
-0.138671875000
0.251953125000
-0.142578125000
0.138671875000
-0.142578125000
0.007751464844
-0.038085937500
0.166992187500
-0.031494140625
-0.099121093750
0.064453125000
0.096679687500
0.105468750000
-0.162109375000
-0.129882812500
-0.208984375000
-0.003906250000
-0.053222656250
0.155273437500
-0.166015625000
-0.182617187500
0.021240234375
-0.152343750000
-0.144531250000
0.072265625000
0.009277343750
0.132812500000
-0.148437500000
0.160156250000
0.044677734375
-0.058593750000
-0.099609375000
-0.273437500000
-0.219726562500
0.047607421875
-0.210937500000
-0.020019531250
-0.192382812500
0.052001953125
-0.077148437500
0.125976562500
-0.542968750000
0.020141601562
0.105468750000
-0.181640625000
-0.059570312500
0.002166748047
-0.056884765625
-0.235351562500
0.310546875000
0.355468750000
0.064453125000
-0.111816406250
-0.125976562500
0.040283203125
0.291015625000
-0.170898437500
0.027221679688
0.146484375000
0.082031250000
0.093750000000
-0.197265625000
0.114746093750
-0.011596679688
0.003631591797
-0.033447265625
-0.017333984375
0.057617187500
0.127929687500
-0.308593750000
-0.056396484375
0.088378906250
0.047363281250
0.014770507812
-0.070312500000
0.027099609375
-0.233398437500
-0.107910156250
0.088378906250
0.002532958984
-0.038574218750
-0.059570312500
-0.019653320312
-0.046630859375
0.115234375000
0.081054687500
-0.160156250000
-0.052001953125
0.150390625000
-0.269531250000
-0.468750000000
0.027465820312
0.004150390625
0.120117187500
-0.165039062500
-0.034912109375
0.061767578125
0.091308593750
-0.165039062500
-0.210937500000
0.121093750000
-0.118164062500
-0.231445312500
-0.085449218750
0.082031250000
-0.116210937500
0.024047851562
-0.165039062500
-0.086425781250
-0.086914062500
0.034179687500
0.014404296875
-0.014648437500
0.122558593750
0.041015625000
0.121093750000
-0.211914062500
-0.017700195312
0.125976562500
-0.132812500000
-0.008544921875
-0.125000000000
0.095703125000
0.124511718750
-0.086914062500
-0.100585937500
-0.006744384766
-0.189453125000
-0.164062500000
-0.000350952148
-0.008850097656
0.019409179688
-0.048828125000
-0.355468750000
-0.020263671875
0.112792968750
0.162109375000
0.026733398438
-0.195312500000
0.028320312500
-0.207031250000
0.088867187500
0.039062500000
0.292968750000
0.035156250000
-0.039062500000
-0.016723632812
-0.208984375000
-0.236328125000
-0.032958984375
-0.159179687500
-0.014709472656
-0.077636718750
0.137695312500
-0.202148437500
-0.086914062500
-0.202148437500
0.218750000000
0.205078125000
0.082031250000
0.081542968750
0.199218750000
0.134765625000
-0.126953125000
0.103027343750
-0.087890625000
-0.261718750000
-0.118164062500
0.094726562500
-0.367187500000
0.017822265625
0.015136718750
-0.024780273438
-0.054199218750
-0.052978515625
-0.076171875000
-0.048095703125
-0.030761718750
-0.150390625000
0.111816406250
-0.082031250000
-0.201171875000
-0.241210937500
-0.208007812500
-0.095703125000
-0.105957031250
0.131835937500
0.114257812500
-0.091308593750
-0.208007812500
-0.067382812500
0.196289062500
0.090332031250
-0.112304687500
-0.131835937500
0.042968750000
-0.027343750000
-0.157226562500
0.100585937500
-0.162109375000
0.046875000000
0.055419921875
-0.209960937500
0.139648437500
-0.178710937500
0.071289062500
0.142578125000
0.031982421875
0.127929687500
0.103027343750
-0.013793945312
0.022949218750
-0.012573242188
-0.021484375000
-0.011413574219
-0.078613281250
0.139648437500
-0.103027343750
0.068847656250
-0.116699218750
-0.328125000000
0.031982421875
0.244140625000
0.100097656250
0.192382812500
0.138671875000
-0.093750000000
-0.112792968750
-0.009216308594
-0.052490234375
-0.115234375000
0.050292968750
0.099609375000
-0.212890625000
-0.130859375000
-0.014648437500
-0.011840820312
0.007019042969
-0.062988281250
0.028442382812
-0.011474609375
-0.023925781250
-0.099121093750
0.178710937500
-0.233398437500
-0.125976562500
-0.259765625000
-0.174804687500
-0.005310058594
-0.078613281250
-0.134765625000
0.095703125000
0.120605468750
-0.069335937500
-0.202148437500
-0.119140625000
-0.013061523438
0.129882812500
-0.210937500000
0.119628906250
0.004577636719
-0.000116348267
-0.002151489258
0.082031250000
0.046630859375
-0.165039062500
-0.008728027344
0.074218750000
-0.041748046875
0.187500000000
-0.049316406250
0.205078125000
0.094238281250
0.106445312500
0.190429687500
-0.046386718750
0.025390625000
0.131835937500
-0.180664062500
-0.271484375000
0.137695312500
0.255859375000
0.074707031250
-0.139648437500
-0.419921875000
0.200195312500
0.235351562500
0.002182006836
0.343750000000
0.040039062500
0.085449218750
-0.054931640625
-0.025268554688
0.016845703125
-0.193359375000
-0.328125000000
0.109863281250
-0.087402343750
-0.043701171875
-0.125976562500
-0.097656250000
0.102050781250
-0.206054687500
0.040039062500
-0.140625000000
-0.045654296875
-0.028320312500
0.061767578125
-0.060058593750
-0.056884765625
-0.085449218750
0.135742187500
-0.045898437500
-0.209960937500
0.090820312500
-0.007141113281
-0.104003906250
-0.064941406250
-0.099121093750
0.158203125000
0.050048828125
-0.013305664062
-0.089843750000
0.024536132812
0.088867187500
-0.006988525391
-0.011230468750
-0.047119140625
-0.027221679688
0.151367187500
0.040283203125
0.079101562500
-0.043457031250
0.211914062500
0.103027343750
0.084472656250
-0.012878417969
-0.042724609375
-0.006530761719
0.107910156250
-0.012878417969
0.055664062500
0.003631591797
-0.024780273438
-0.038330078125
-0.009094238281
0.131835937500
-0.302734375000
-0.380859375000
0.013244628906
0.049560546875
-0.040771484375
0.237304687500
0.137695312500
0.041992187500
-0.069824218750
-0.034423828125
-0.032958984375
-0.107910156250
-0.091796875000
0.002456665039
-0.304687500000
-0.072265625000
-0.208984375000
-0.194335937500
0.040771484375
0.050781250000
-0.002365112305
-0.122070312500
-0.050537109375
0.185546875000
0.037597656250
-0.007873535156
-0.119140625000
-0.263671875000
0.118652343750
0.055664062500
-0.237304687500
0.143554687500
-0.070800781250
-0.038574218750
0.023803710938
-0.125976562500
-0.243164062500
-0.049316406250
-0.009277343750
-0.123046875000
-0.096679687500
-0.132812500000
-0.341796875000
0.023437500000
-0.146484375000
-0.091308593750
-0.007385253906
-0.003494262695
0.036132812500
-0.261718750000
0.135742187500
0.012145996094
-0.097167968750
0.006286621094
-0.107421875000
0.255859375000
-0.046142578125
0.053710937500
-0.277343750000
0.008239746094
-0.253906250000
0.128906250000
-0.175781250000
0.042480468750
-0.122558593750
-0.279296875000
0.120605468750
0.184570312500
0.043701171875
0.169921875000
0.057128906250
-0.021240234375
-0.019897460938
-0.024902343750
-0.002990722656
-0.122558593750
-0.046386718750
0.039062500000
-0.243164062500
-0.202148437500
-0.162109375000
0.024536132812
-0.003204345703
-0.088867187500
-0.194335937500
-0.117187500000
0.053710937500
0.341796875000
0.099121093750
-0.212890625000
-0.219726562500
-0.145507812500
-0.074218750000
0.066894531250
0.066894531250
0.061767578125
0.104980468750
-0.141601562500
-0.162109375000
0.056396484375
0.024291992188
-0.120605468750
-0.090332031250
-0.221679687500
-0.158203125000
0.090820312500
-0.206054687500
0.050048828125
0.040771484375
0.100097656250
0.181640625000
0.066894531250
-0.142578125000
-0.134765625000
0.015075683594
0.040283203125
-0.007049560547
0.063476562500
0.003784179688
0.068359375000
-0.139648437500
-0.042724609375
-0.194335937500
-0.068847656250
0.067871093750
-0.012878417969
-0.235351562500
-0.038818359375
-0.040771484375
-0.235351562500
0.073730468750
-0.053955078125
-0.004089355469
0.123046875000
0.196289062500
0.065429687500
-0.005004882812
-0.008483886719
-0.042236328125
-0.019897460938
0.084960937500
-0.041259765625
0.003265380859
-0.052490234375
-0.098144531250
0.076171875000
-0.031982421875
0.172851562500
0.092285156250
-0.057373046875
-0.089843750000
0.351562500000
0.071777343750
-0.096191406250
-0.104492187500
0.030395507812
0.106445312500
-0.259765625000
