CMD, D, D, TKEEP, TLAST
DATA, 2415853580, 4175814750, 0x0, 0
DATA, 4259516136, 643954166, 0x0, 0
DATA, 183241392, 4190957491, 0x0, 0
DATA, 156436346, 4017482150, 0x0, 0
DATA, 281672227, 3910803738, 0x0, 0
DATA, 4203870184, 316541338, 0x0, 0
DATA, 139847962, 184615537, 0x0, 0
DATA, 4054969735, 4116584151, 0x0, 0
DATA, 4170771384, 4189846939, 0x0, 0
DATA, 4170249668, 4182308504, 0x0, 0
DATA, 4257937076, 3892771417, 0x0, 0
DATA, 176165392, 52365944, 0x0, 0
DATA, 121896280, 4161934436, 0x0, 0
DATA, 84606131, 4120831233, 0x0, 0
DATA, 153420026, 253164762, 0x0, 0
DATA, 4121425682, 47371862, 0x0, 0
DATA, 4239265256, 76016127, 0x0, 0
DATA, 501147995, 275121507, 0x0, 0
DATA, 4078306815, 333974199, 0x0, 0
DATA, 177861176, 4127257989, 0x0, 0
DATA, 4218423913, 127786901, 0x0, 0
DATA, 4211480042, 3736666327, 0x0, 0
DATA, 4217378956, 4165727997, 0x0, 0
DATA, 6167887, 284094681, 0x0, 0
DATA, 336920677, 122876896, 0x0, 0
DATA, 144240952, 557516318, 0x0, 0
DATA, 171508836, 368907547, 0x0, 0
DATA, 178198115, 38408133, 0x0, 0
DATA, 41093999, 4257288010, 0x0, 0
DATA, 223351472, 440531895, 0x0, 0
DATA, 126939648, 3924369711, 0x0, 0
DATA, 2415083, 4239583917, 0x0, 0
DATA, 4127979833, 4165792824, 0x0, 0
DATA, 4235001157, 4235979811, 0x0, 0
DATA, 183832329, 308734514, 0x0, 0
DATA, 33489205, 79955026, 0x0, 0
DATA, 4080865127, 82708473, 0x0, 0
DATA, 208216078, 123992115, 0x0, 0
DATA, 133956923, 198241690, 0x0, 0
DATA, 4033078847, 4289981785, 0x0, 0
DATA, 155063734, 4092590976, 0x0, 0
DATA, 4057071788, 4177657194, 0x0, 0
DATA, 17436742, 4195221644, 0x0, 0
DATA, 306376371, 239007353, 0x0, 0
DATA, 296626489, 110358389, 0x0, 0
DATA, 22352334, 4074829883, 0x0, 0
DATA, 4099480087, 4196791383, 0x0, 0
DATA, 3950115728, 4168998385, 0x0, 0
DATA, 230425614, 176428264, 0x0, 0
DATA, 3909743056, 3835170255, 0x0, 0
DATA, 656741366, 17824178, 0x0, 0
DATA, 4110944381, 15871206, 0x0, 0
DATA, 276760903, 3728275673, 0x0, 0
DATA, 3876779638, 79101788, 0x0, 0
DATA, 4222160744, 339139176, 0x0, 0
DATA, 67960187, 4036097664, 0x0, 0
DATA, 4212123532, 129033763, 0x0, 0
DATA, 276233643, 4131520779, 0x0, 0
DATA, 4175234081, 3904239861, 0x0, 0
DATA, 4237818884, 241107600, 0x0, 0
DATA, 619045815, 285344649, 0x0, 0
DATA, 4064018713, 4193583637, 0x0, 0
DATA, 4173006594, 62527779, 0x0, 0
DATA, 203361326, 49744990, 0x0, 0
DATA, 3965845966, 0, 0x0F, 1
DATA, 2415853568, 4258193915, 0x0, 0
DATA, 120456923, 332793592, 0x0, 0
DATA, 3574269201, 395643096, 0x0, 0
DATA, 281605775, 478208764, 0x0, 0
DATA, 4026925915, 406323626, 0x0, 0
DATA, 4142136713, 4171757513, 0x0, 0
DATA, 321650332, 457769310, 0x0, 0
DATA, 88413544, 4267574871, 0x0, 0
DATA, 254471763, 32374888, 0x0, 0
DATA, 4109830636, 189329633, 0x0, 0
DATA, 130220140, 22741861, 0x0, 0
DATA, 320541628, 220458370, 0x0, 0
DATA, 3906734965, 76347356, 0x0, 0
DATA, 4271307872, 3866690509, 0x0, 0
DATA, 3950971199, 285865326, 0x0, 0
DATA, 220858640, 23847010, 0x0, 0
DATA, 4212202851, 37815872, 0x0, 0
DATA, 4053856591, 4222352606, 0x0, 0
DATA, 4036432277, 390001591, 0x0, 0
DATA, 303626915, 114617635, 0x0, 0
DATA, 4195555945, 239011961, 0x0, 0
DATA, 163115889, 4208906152, 0x0, 0
DATA, 4023317994, 4242602079, 0x0, 0
DATA, 4166834855, 367656470, 0x0, 0
DATA, 3760320159, 4062315697, 0x0, 0
DATA, 4201450149, 121304453, 0x0, 0
DATA, 4269080448, 4065654428, 0x0, 0
DATA, 258410356, 141024777, 0x0, 0
DATA, 160695709, 322517, 0x0, 0
DATA, 316599618, 227681650, 0x0, 0
DATA, 61669034, 452396949, 0x0, 0
DATA, 17504149, 3866749948, 0x0, 0
DATA, 3819054031, 140911542, 0x0, 0
DATA, 132380174, 4232777526, 0x0, 0
DATA, 144113076, 714866037, 0x0, 0
DATA, 3864596960, 287311388, 0x0, 0
DATA, 376038759, 150995836, 0x0, 0
DATA, 4013554545, 211876915, 0x0, 0
DATA, 4156485542, 139981999, 0x0, 0
DATA, 4134069993, 3970299689, 0x0, 0
DATA, 302387922, 4096393063, 0x0, 0
DATA, 143454155, 305270159, 0x0, 0
DATA, 284889407, 159903496, 0x0, 0
DATA, 4119077800, 4108126569, 0x0, 0
DATA, 297859786, 4231990232, 0x0, 0
DATA, 196220742, 3570404775, 0x0, 0
DATA, 116984414, 4143770555, 0x0, 0
DATA, 4073000572, 4227335166, 0x0, 0
DATA, 4021624297, 266668723, 0x0, 0
DATA, 68286986, 185927049, 0x0, 0
DATA, 4135391924, 160757411, 0x0, 0
DATA, 155980848, 40368454, 0x0, 0
DATA, 3664321526, 519240219, 0x0, 0
DATA, 127011644, 3856598657, 0x0, 0
DATA, 486404978, 3890874121, 0x0, 0
DATA, 4012251407, 140314332, 0x0, 0
DATA, 4292213153, 4149999461, 0x0, 0
DATA, 3979801098, 3761760344, 0x0, 0
DATA, 10155618, 4210682645, 0x0, 0
DATA, 4171824259, 71898170, 0x0, 0
DATA, 194317476, 4256231188, 0x0, 0
DATA, 128184092, 3842042087, 0x0, 0
DATA, 3928872670, 4053924331, 0x0, 0
DATA, 216397979, 53609052, 0x0, 0
DATA, 4282055845, 0, 0x0F, 1
DATA, 268369933, 436792207, 0x0, 0
DATA, 246868007, 528348779, 0x0, 0
DATA, 4274254994, 5641103, 0x0, 0
DATA, 6024691, 320143378, 0x0, 0
DATA, 56229504, 4281473914, 0x0, 0
DATA, 447147528, 291900789, 0x0, 0
DATA, 585235696, 166268196, 0x0, 0
DATA, 3948159000, 4284150454, 0x0, 0
DATA, 4175954838, 269152694, 0x0, 0
DATA, 4094755902, 7737429, 0x0, 0
DATA, 4147322945, 4276881533, 0x0, 0
DATA, 3771857902, 273278008, 0x0, 0
DATA, 321980578, 466613671, 0x0, 0
DATA, 4001824030, 140835569, 0x0, 0
DATA, 1040074, 495915962, 0x0, 0
DATA, 269415959, 4065130695, 0x0, 0
DATA, 4030007907, 4135192820, 0x0, 0
DATA, 357693467, 412806275, 0x0, 0
DATA, 4119464583, 21366459, 0x0, 0
DATA, 47976912, 250611887, 0x0, 0
DATA, 252377006, 154335727, 0x0, 0
DATA, 4231136389, 87751390, 0x0, 0
DATA, 231408775, 3896309697, 0x0, 0
DATA, 99290800, 258011291, 0x0, 0
DATA, 93393235, 4186831266, 0x0, 0
DATA, 277945377, 4086037298, 0x0, 0
DATA, 3917423576, 4048363781, 0x0, 0
DATA, 4210486045, 303889761, 0x0, 0
DATA, 3967611688, 369619142, 0x0, 0
DATA, 277281620, 4252501014, 0x0, 0
DATA, 22350756, 4293141131, 0x0, 0
DATA, 3852070134, 134676414, 0x0, 0
DATA, 247334702, 724306941, 0x0, 0
DATA, 100592428, 15402588, 0x0, 0
DATA, 99352009, 47971809, 0x0, 0
DATA, 76615069, 361434509, 0x0, 0
DATA, 3857967875, 3545166115, 0x0, 0
DATA, 4072796652, 4287688286, 0x0, 0
DATA, 4174247351, 80213366, 0x0, 0
DATA, 4040944491, 297399116, 0x0, 0
DATA, 113317001, 464905307, 0x0, 0
DATA, 236781777, 262410596, 0x0, 0
DATA, 4066309287, 299039971, 0x0, 0
DATA, 118163461, 258994146, 0x0, 0
DATA, 81266618, 101906282, 0x0, 0
DATA, 300877963, 4149740774, 0x0, 0
DATA, 4075482710, 3948090384, 0x0, 0
DATA, 4267376661, 4080139688, 0x0, 0
DATA, 3963095420, 360583470, 0x0, 0
DATA, 3815957056, 4007781386, 0x0, 0
DATA, 4203025669, 4205970031, 0x0, 0
DATA, 20441249, 43516394, 0x0, 0
DATA, 277344583, 4030465769, 0x0, 0
DATA, 3960342491, 4035972803, 0x0, 0
DATA, 4186576051, 4111995352, 0x0, 0
DATA, 4129353897, 522725, 0x0, 0
DATA, 4054904536, 253492442, 0x0, 0
DATA, 301004131, 303558172, 0x0, 0
DATA, 73596240, 166134916, 0x0, 0
DATA, 238290296, 52561473, 0x0, 0
DATA, 194770792, 158990993, 0x0, 0
DATA, 3751673301, 4216261428, 0x0, 0
DATA, 4125235023, 306448630, 0x0, 0
DATA, 205648939, 22413712, 0x0, 0
DATA, 494469654, 0, 0x0F, 1
DATA, 268369921, 348188437, 0x0, 0
DATA, 4385679, 39058446, 0x0, 0
DATA, 4223536310, 333125225, 0x0, 0
DATA, 4199998549, 4225175529, 0x0, 0
DATA, 77989191, 436339778, 0x0, 0
DATA, 4103472762, 154339310, 0x0, 0
DATA, 109895012, 4055361809, 0x0, 0
DATA, 3855033624, 12515209, 0x0, 0
DATA, 244319756, 4191029518, 0x0, 0
DATA, 4158389329, 68544024, 0x0, 0
DATA, 21689013, 111874701, 0x0, 0
DATA, 204012941, 4131000581, 0x0, 0
DATA, 3999660773, 268964479, 0x0, 0
DATA, 226689320, 175373598, 0x0, 0
DATA, 555089856, 198903332, 0x0, 0
DATA, 235599642, 86899083, 0x0, 0
DATA, 127729041, 4067756823, 0x0, 0
DATA, 4147246936, 170133137, 0x0, 0
DATA, 4079161264, 96936484, 0x0, 0
DATA, 23130114, 4135454952, 0x0, 0
DATA, 24970152, 4077258109, 0x0, 0
DATA, 4037939159, 4103992684, 0x0, 0
DATA, 349836982, 9565878, 0x0, 0
DATA, 222167001, 4292668726, 0x0, 0
DATA, 236061132, 333059631, 0x0, 0
DATA, 255856969, 206050719, 0x0, 0
DATA, 3984269907, 4285206958, 0x0, 0
DATA, 275316914, 3869377148, 0x0, 0
DATA, 3817862910, 167902398, 0x0, 0
DATA, 632351653, 4126076783, 0x0, 0
DATA, 4134272542, 11598907, 0x0, 0
DATA, 417149471, 3954246228, 0x0, 0
DATA, 125042793, 4082825396, 0x0, 0
DATA, 498337778, 3990225899, 0x0, 0
DATA, 4190575398, 4275370793, 0x0, 0
DATA, 3757897255, 1966552, 0x0, 0
DATA, 4275569516, 4176476435, 0x0, 0
DATA, 131733187, 3940947938, 0x0, 0
DATA, 4015586829, 4276026225, 0x0, 0
DATA, 320858114, 4250531443, 0x0, 0
DATA, 185068311, 4082246174, 0x0, 0
DATA, 221189787, 93914171, 0x0, 0
DATA, 3794211211, 3642291413, 0x0, 0
DATA, 3559322741, 4131783797, 0x0, 0
DATA, 88148364, 4207807255, 0x0, 0
DATA, 226229116, 4073070713, 0x0, 0
DATA, 117773919, 4182907540, 0x0, 0
DATA, 104200474, 3887002342, 0x0, 0
DATA, 4135248467, 3977832707, 0x0, 0
DATA, 4214364916, 407102041, 0x0, 0
DATA, 504956164, 4080204034, 0x0, 0
DATA, 233968030, 169139317, 0x0, 0
DATA, 292298139, 699734501, 0x0, 0
DATA, 3824808254, 4223337167, 0x0, 0
DATA, 63244554, 4104781106, 0x0, 0
DATA, 4209640152, 3591890822, 0x0, 0
DATA, 4239713919, 3923382206, 0x0, 0
DATA, 454622622, 4173922729, 0x0, 0
DATA, 4011657549, 4217309838, 0x0, 0
DATA, 4212582076, 472779467, 0x0, 0
DATA, 98239251, 401005330, 0x0, 0
DATA, 11477393, 454814897, 0x0, 0
DATA, 187955609, 3638690662, 0x0, 0
DATA, 4222350099, 4138861234, 0x0, 0
DATA, 209517737, 0, 0x0F, 1
DATA, 268369934, 4135588586, 0x0, 0
DATA, 331020037, 265820655, 0x0, 0
DATA, 185723639, 140378756, 0x0, 0
DATA, 4014602808, 93841764, 0x0, 0
DATA, 189794274, 3864463416, 0x0, 0
DATA, 484307241, 379192551, 0x0, 0
DATA, 3953722110, 170330445, 0x0, 0
DATA, 99749586, 3809870043, 0x0, 0
DATA, 4254726490, 3992908674, 0x0, 0
DATA, 4231923963, 4004969561, 0x0, 0
DATA, 4264032204, 251465237, 0x0, 0
DATA, 59439524, 4120910288, 0x0, 0
DATA, 4204132096, 4023781755, 0x0, 0
DATA, 4234674133, 562755172, 0x0, 0
DATA, 407044222, 45938249, 0x0, 0
DATA, 119993577, 3969247442, 0x0, 0
DATA, 184675528, 4118672547, 0x0, 0
DATA, 148442322, 209396596, 0x0, 0
DATA, 156827574, 69801866, 0x0, 0
DATA, 4208130899, 3861645747, 0x0, 0
DATA, 3884712202, 4217438684, 0x0, 0
DATA, 15144479, 4293725014, 0x0, 0
DATA, 4075232169, 3676691439, 0x0, 0
DATA, 201129739, 371722159, 0x0, 0
DATA, 4281532460, 3968073978, 0x0, 0
DATA, 149485623, 4112909614, 0x0, 0
DATA, 4262981893, 108264415, 0x0, 0
DATA, 4039830893, 287116862, 0x0, 0
DATA, 317654704, 232787728, 0x0, 0
DATA, 3947367230, 3940366241, 0x0, 0
DATA, 4201714455, 4029807839, 0x0, 0
DATA, 89585800, 358225455, 0x0, 0
DATA, 61014284, 189458258, 0x0, 0
DATA, 14546891, 225378576, 0x0, 0
DATA, 211028897, 354288894, 0x0, 0
DATA, 4128508561, 126480422, 0x0, 0
DATA, 205718930, 255325422, 0x0, 0
DATA, 189659788, 267058664, 0x0, 0
DATA, 197523127, 4061855246, 0x0, 0
DATA, 113443319, 120780565, 0x0, 0
DATA, 4024106994, 139787838, 0x0, 0
DATA, 117830665, 4097116901, 0x0, 0
DATA, 4118477837, 4216057087, 0x0, 0
DATA, 4152956358, 4003850977, 0x0, 0
DATA, 11011602, 68149093, 0x0, 0
DATA, 4259568638, 4147378496, 0x0, 0
DATA, 156105840, 4148892358, 0x0, 0
DATA, 125044443, 102631516, 0x0, 0
DATA, 220850721, 4282050848, 0x0, 0
DATA, 232127052, 3994353890, 0x0, 0
DATA, 3802990636, 75891514, 0x0, 0
DATA, 189332884, 4046390605, 0x0, 0
DATA, 168100862, 4114284017, 0x0, 0
DATA, 256575449, 4280679352, 0x0, 0
DATA, 4047768799, 97060386, 0x0, 0
DATA, 59969419, 311621038, 0x0, 0
DATA, 325194221, 226297492, 0x0, 0
DATA, 80282432, 4165466640, 0x0, 0
DATA, 3833522644, 16778194, 0x0, 0
DATA, 264315493, 3711042663, 0x0, 0
DATA, 4198886345, 21173304, 0x0, 0
DATA, 4283953584, 344195630, 0x0, 0
DATA, 136445206, 387839358, 0x0, 0
DATA, 4196662524, 4217897940, 0x0, 0
DATA, 401864659, 0, 0x0F, 1
DATA, 268369922, 134740296, 0x0, 0
DATA, 4013357105, 3816287880, 0x0, 0
DATA, 90108699, 4203804169, 0x0, 0
DATA, 162401261, 3937729074, 0x0, 0
DATA, 347009728, 300941538, 0x0, 0
DATA, 3824153983, 4112708998, 0x0, 0
DATA, 272629864, 3765692569, 0x0, 0
DATA, 104861108, 117889182, 0x0, 0
DATA, 3974431421, 320732475, 0x0, 0
DATA, 3903589687, 139656310, 0x0, 0
DATA, 4214027378, 3676961364, 0x0, 0
DATA, 25169281, 276168413, 0x0, 0
DATA, 3993638312, 3950830927, 0x0, 0
DATA, 176679373, 95419565, 0x0, 0
DATA, 4122411255, 4184991918, 0x0, 0
DATA, 141818689, 62582373, 0x0, 0
DATA, 68227504, 4132827612, 0x0, 0
DATA, 199296101, 43449827, 0x0, 0
DATA, 4115396395, 4234410316, 0x0, 0
DATA, 121236888, 4281793971, 0x0, 0
DATA, 115276271, 4049076520, 0x0, 0
DATA, 89911936, 710345167, 0x0, 0
DATA, 114562112, 4201514101, 0x0, 0
DATA, 4104519449, 270856011, 0x0, 0
DATA, 172102106, 4208062978, 0x0, 0
DATA, 4171955170, 332464821, 0x0, 0
DATA, 566621407, 276047375, 0x0, 0
DATA, 406125470, 4096919776, 0x0, 0
DATA, 3623753989, 4123788459, 0x0, 0
DATA, 4018870692, 172560413, 0x0, 0
DATA, 4054778657, 137691939, 0x0, 0
DATA, 259914929, 175182713, 0x0, 0
DATA, 3977052169, 245624475, 0x0, 0
DATA, 4224314479, 4221499959, 0x0, 0
DATA, 62254575, 207878815, 0x0, 0
DATA, 4258590858, 44956629, 0x0, 0
DATA, 3886149641, 185662024, 0x0, 0
DATA, 4255772535, 353634099, 0x0, 0
DATA, 123665357, 9832851, 0x0, 0
DATA, 218954395, 4189715983, 0x0, 0
DATA, 207616871, 281473178, 0x0, 0
DATA, 41804083, 162990627, 0x0, 0
DATA, 237965313, 4136041524, 0x0, 0
DATA, 4242336793, 4149542597, 0x0, 0
DATA, 109972710, 399505668, 0x0, 0
DATA, 218362940, 228922332, 0x0, 0
DATA, 662176933, 86831007, 0x0, 0
DATA, 80219770, 4206164596, 0x0, 0
DATA, 4225162724, 4148762933, 0x0, 0
DATA, 4033413023, 314965037, 0x0, 0
DATA, 45673789, 298322144, 0x0, 0
DATA, 4196857540, 3883470096, 0x0, 0
DATA, 116526283, 294449401, 0x0, 0
DATA, 435942091, 4033346192, 0x0, 0
DATA, 4241695409, 4006281151, 0x0, 0
DATA, 230747902, 449779826, 0x0, 0
DATA, 4259641402, 4251446184, 0x0, 0
DATA, 409798942, 4183552711, 0x0, 0
DATA, 175366764, 4102750643, 0x0, 0
DATA, 3878620512, 3950514541, 0x0, 0
DATA, 4106808407, 3986357043, 0x0, 0
DATA, 3863383, 4263776539, 0x0, 0
DATA, 3872454090, 442891321, 0x0, 0
DATA, 4288605802, 4203811683, 0x0, 0
DATA, 3945726133, 0, 0x0F, 1
DATA, 2415853583, 83959977, 0x0, 0
DATA, 352780171, 304282210, 0x0, 0
DATA, 4056216592, 4000971151, 0x0, 0
DATA, 4275898513, 4034013776, 0x0, 0
DATA, 3942389390, 4038917371, 0x0, 0
DATA, 145227772, 189403800, 0x0, 0
DATA, 284104675, 59838751, 0x0, 0
DATA, 390076958, 3965710906, 0x0, 0
DATA, 3889622947, 4068149793, 0x0, 0
DATA, 32111307, 441649758, 0x0, 0
DATA, 139395438, 4119212386, 0x0, 0
DATA, 3796764247, 38270774, 0x0, 0
DATA, 4139514126, 447088618, 0x0, 0
DATA, 4288605177, 4059236025, 0x0, 0
DATA, 3806201152, 4114811626, 0x0, 0
DATA, 4268622304, 77008652, 0x0, 0
DATA, 3990749040, 245633663, 0x0, 0
DATA, 10356009, 228068327, 0x0, 0
DATA, 4274975668, 4138992997, 0x0, 0
DATA, 123869093, 122222322, 0x0, 0
DATA, 4151966477, 111345084, 0x0, 0
DATA, 4237235853, 4144758394, 0x0, 0
DATA, 4100126050, 4076130569, 0x0, 0
DATA, 4055110204, 4107076013, 0x0, 0
DATA, 4107864500, 3875997239, 0x0, 0
DATA, 170197571, 225572444, 0x0, 0
DATA, 3969720261, 4289654157, 0x0, 0
DATA, 3915573564, 145163593, 0x0, 0
DATA, 4076605241, 3986886755, 0x0, 0
DATA, 33299103, 134943598, 0x0, 0
DATA, 3969975956, 4042193903, 0x0, 0
DATA, 527303310, 68029881, 0x0, 0
DATA, 4193122999, 266013539, 0x0, 0
DATA, 3967088067, 4294838622, 0x0, 0
DATA, 456796398, 625087094, 0x0, 0
DATA, 71501483, 75165768, 0x0, 0
DATA, 72486045, 3914595744, 0x0, 0
DATA, 3872457371, 8717342, 0x0, 0
DATA, 130152609, 59636730, 0x0, 0
DATA, 4258269703, 217068046, 0x0, 0
DATA, 24708889, 3999011524, 0x0, 0
DATA, 171571032, 1970222, 0x0, 0
DATA, 4239461583, 3888183587, 0x0, 0
DATA, 4240239979, 217775690, 0x0, 0
DATA, 4281402998, 4059628320, 0x0, 0
DATA, 4194103150, 4219863754, 0x0, 0
DATA, 140898884, 4066440290, 0x0, 0
DATA, 159182821, 75302490, 0x0, 0
DATA, 109384605, 4137021414, 0x0, 0
DATA, 4059814375, 39311228, 0x0, 0
DATA, 4124378938, 4249489527, 0x0, 0
DATA, 3927307241, 4163510673, 0x0, 0
DATA, 4099410107, 4062512211, 0x0, 0
DATA, 306716037, 4062769728, 0x0, 0
DATA, 4213380709, 4190633768, 0x0, 0
DATA, 218693502, 4074500509, 0x0, 0
DATA, 4178709194, 302577805, 0x0, 0
DATA, 4255387765, 4284747323, 0x0, 0
DATA, 4143776612, 61861910, 0x0, 0
DATA, 3965191306, 417725794, 0x0, 0
DATA, 4277797504, 4182448438, 0x0, 0
DATA, 33352954, 186320626, 0x0, 0
DATA, 3978879625, 141168970, 0x0, 0
DATA, 3884715849, 3801225019, 0x0, 0
DATA, 3989182798, 0, 0x0F, 1
DATA, 2415853571, 4258600593, 0x0, 0
DATA, 3822520721, 3905624846, 0x0, 0
DATA, 4281072322, 18087884, 0x0, 0
DATA, 4174451074, 4056289851, 0x0, 0
DATA, 26084696, 4027777936, 0x0, 0
DATA, 3855474814, 4241690347, 0x0, 0
DATA, 246410681, 146924257, 0x0, 0
DATA, 349112422, 83886720, 0x0, 0
DATA, 428675672, 4209702289, 0x0, 0
DATA, 93584768, 4180278153, 0x0, 0
DATA, 4063355074, 4179822668, 0x0, 0
DATA, 125501166, 3725583681, 0x0, 0
DATA, 4078175986, 4182111591, 0x0, 0
DATA, 4167303291, 4184478622, 0x0, 0
DATA, 42660155, 51834946, 0x0, 0
DATA, 4153541123, 4185584917, 0x0, 0
DATA, 4165859931, 3931312442, 0x0, 0
DATA, 4140170486, 212600206, 0x0, 0
DATA, 24906403, 361768049, 0x0, 0
DATA, 196741830, 468712701, 0x0, 0
DATA, 105711332, 3859544308, 0x0, 0
DATA, 97324736, 83229004, 0x0, 0
DATA, 539302369, 3912432542, 0x0, 0
DATA, 39584692, 419630806, 0x0, 0
DATA, 260634912, 99686068, 0x0, 0
DATA, 178198176, 181210091, 0x0, 0
DATA, 387262216, 4113236706, 0x0, 0
DATA, 206042439, 4098497016, 0x0, 0
DATA, 317786007, 4102026253, 0x0, 0
DATA, 281733055, 124127958, 0x0, 0
DATA, 250418293, 4243657886, 0x0, 0
DATA, 4246470789, 296547979, 0x0, 0
DATA, 70054393, 68159193, 0x0, 0
DATA, 3974025375, 4133486449, 0x0, 0
DATA, 3715175746, 4136168226, 0x0, 0
DATA, 4272559197, 3871400690, 0x0, 0
DATA, 69406917, 4194893138, 0x0, 0
DATA, 4100844746, 7401418, 0x0, 0
DATA, 4164613799, 4206290889, 0x0, 0
DATA, 133038701, 3578467543, 0x0, 0
DATA, 4252698240, 4072998311, 0x0, 0
DATA, 67825761, 4218353265, 0x0, 0
DATA, 414125935, 4118804112, 0x0, 0
DATA, 55641069, 203755858, 0x0, 0
DATA, 4100321798, 587329543, 0x0, 0
DATA, 4271571497, 4160225941, 0x0, 0
DATA, 153422139, 144975537, 0x0, 0
DATA, 4193246121, 224398144, 0x0, 0
DATA, 4260364839, 3980981496, 0x0, 0
DATA, 4122022633, 4061130276, 0x0, 0
DATA, 501152240, 3792046202, 0x0, 0
DATA, 64100727, 112531018, 0x0, 0
DATA, 4112642151, 97449781, 0x0, 0
DATA, 210435438, 4245943199, 0x0, 0
DATA, 506070707, 4245484091, 0x0, 0
DATA, 4009235600, 99154888, 0x0, 0
DATA, 301603785, 4208327470, 0x0, 0
DATA, 3771922649, 147390339, 0x0, 0
DATA, 62592973, 4240768237, 0x0, 0
DATA, 189925630, 4287827135, 0x0, 0
DATA, 292022720, 3798146328, 0x0, 0
DATA, 4252174760, 147717155, 0x0, 0
DATA, 4294704874, 181141025, 0x0, 0
DATA, 4176680338, 4169922193, 0x0, 0
DATA, 164950957, 0, 0x0F, 1
DATA, 268369928, 4171758482, 0x0, 0
DATA, 14018621, 281871012, 0x0, 0
DATA, 90105953, 104986852, 0x0, 0
DATA, 322430348, 4250733873, 0x0, 0
DATA, 105708438, 4200265347, 0x0, 0
DATA, 522846840, 341501621, 0x0, 0
DATA, 1307920, 4129944338, 0x0, 0
DATA, 4077254695, 24845429, 0x0, 0
DATA, 4222483137, 4166838994, 0x0, 0
DATA, 15205336, 4233102140, 0x0, 0
DATA, 4068081583, 4284282378, 0x0, 0
DATA, 24966420, 172029897, 0x0, 0
DATA, 4107788772, 4265409251, 0x0, 0
DATA, 4271371434, 3801864936, 0x0, 0
DATA, 349703110, 4145280079, 0x0, 0
DATA, 4269077051, 177604109, 0x0, 0
DATA, 434304135, 4207613493, 0x0, 0
DATA, 7413088, 285149242, 0x0, 0
DATA, 4151965146, 418522797, 0x0, 0
DATA, 4283494929, 237957025, 0x0, 0
DATA, 4088071577, 7012929, 0x0, 0
DATA, 592649867, 247531212, 0x0, 0
DATA, 4197514631, 4226416582, 0x0, 0
DATA, 37352741, 121501943, 0x0, 0
DATA, 61011630, 24846360, 0x0, 0
DATA, 342755728, 133690474, 0x0, 0
DATA, 16969729, 4033547782, 0x0, 0
DATA, 4227397737, 3997958480, 0x0, 0
DATA, 4142520759, 4174708732, 0x0, 0
DATA, 4282050253, 227804725, 0x0, 0
DATA, 4132301537, 3429633352, 0x0, 0
DATA, 204345225, 362283600, 0x0, 0
DATA, 4167106102, 179958835, 0x0, 0
DATA, 3970692799, 4286708667, 0x0, 0
DATA, 4282055955, 28903198, 0x0, 0
DATA, 4157412751, 166327755, 0x0, 0
DATA, 4290447463, 67888604, 0x0, 0
DATA, 3956546824, 4215602026, 0x0, 0
DATA, 349502663, 4237424767, 0x0, 0
DATA, 490930624, 3990939736, 0x0, 0
DATA, 4152491328, 3936225972, 0x0, 0
DATA, 22410460, 288824355, 0x0, 0
DATA, 168625004, 4004702244, 0x0, 0
DATA, 378601635, 320929869, 0x0, 0
DATA, 3975935364, 446174416, 0x0, 0
DATA, 106241550, 395909208, 0x0, 0
DATA, 4066640159, 3982110114, 0x0, 0
DATA, 247533383, 365101833, 0x0, 0
DATA, 4221565891, 203357993, 0x0, 0
DATA, 15473912, 4180669885, 0x0, 0
DATA, 526906076, 4154197376, 0x0, 0
DATA, 4207935858, 4009559120, 0x0, 0
DATA, 4156225590, 102622816, 0x0, 0
DATA, 473887879, 4130083090, 0x0, 0
DATA, 4218547800, 134844, 0x0, 0
DATA, 3887864407, 4181651723, 0x0, 0
DATA, 3761502703, 4131777811, 0x0, 0
DATA, 4270456718, 239405341, 0x0, 0
DATA, 35848935, 4203025501, 0x0, 0
DATA, 5047979, 165741696, 0x0, 0
DATA, 38930785, 205316445, 0x0, 0
DATA, 224070806, 3894087347, 0x0, 0
DATA, 4286913444, 4274528868, 0x0, 0
DATA, 549975401, 115149057, 0x0, 0
DATA, 36637845, 0, 0x0F, 1
DATA, 268369924, 38070780, 0x0, 0
DATA, 131136397, 4086891223, 0x0, 0
DATA, 4024632469, 472583284, 0x0, 0
DATA, 224332846, 31524501, 0x0, 0
DATA, 4231988617, 593559927, 0x0, 0
DATA, 250675479, 238157049, 0x0, 0
DATA, 4260367234, 191817844, 0x0, 0
DATA, 43660166, 4009226899, 0x0, 0
DATA, 29039277, 545193353, 0x0, 0
DATA, 4029475569, 92271061, 0x0, 0
DATA, 473239525, 61935485, 0x0, 0
DATA, 4067757618, 4244446150, 0x0, 0
DATA, 4169399124, 338488600, 0x0, 0
DATA, 4164549018, 150077279, 0x0, 0
DATA, 4026726288, 307686475, 0x0, 0
DATA, 4237427137, 144171083, 0x0, 0
DATA, 3894734078, 123470503, 0x0, 0
DATA, 142597930, 3806333219, 0x0, 0
DATA, 3637771156, 19136851, 0x0, 0
DATA, 4255455555, 302706123, 0x0, 0
DATA, 4292476384, 535889585, 0x0, 0
DATA, 4062842874, 499517956, 0x0, 0
DATA, 4109691148, 363530721, 0x0, 0
DATA, 484829848, 51046438, 0x0, 0
DATA, 298970056, 193525147, 0x0, 0
DATA, 563871549, 34009390, 0x0, 0
DATA, 183961126, 4221178916, 0x0, 0
DATA, 177271438, 241826569, 0x0, 0
DATA, 3710909003, 4163371468, 0x0, 0
DATA, 4224390916, 145624891, 0x0, 0
DATA, 4076867215, 4035315679, 0x0, 0
DATA, 225706302, 117761067, 0x0, 0
DATA, 3801479749, 394266232, 0x0, 0
DATA, 4273930036, 4185907875, 0x0, 0
DATA, 160302060, 538311807, 0x0, 0
DATA, 527696442, 4117694340, 0x0, 0
DATA, 4006342445, 37426080, 0x0, 0
DATA, 48365904, 64287916, 0x0, 0
DATA, 4230871753, 71233893, 0x0, 0
DATA, 285684805, 189401284, 0x0, 0
DATA, 179893375, 4039114605, 0x0, 0
DATA, 3996649712, 3988518281, 0x0, 0
DATA, 606080226, 325972958, 0x0, 0
DATA, 3916168495, 4292873734, 0x0, 0
DATA, 63114212, 4080531930, 0x0, 0
DATA, 4269210099, 4285790633, 0x0, 0
DATA, 3642816753, 4117167521, 0x0, 0
DATA, 4065326701, 765457594, 0x0, 0
DATA, 4047240663, 430512838, 0x0, 0
DATA, 111410541, 268892884, 0x0, 0
DATA, 86843955, 316997961, 0x0, 0
DATA, 208607310, 4200665121, 0x0, 0
DATA, 15139778, 3887853495, 0x0, 0
DATA, 32836366, 4198893005, 0x0, 0
DATA, 4162124216, 4007267839, 0x0, 0
DATA, 74059828, 210963048, 0x0, 0
DATA, 136245685, 160568942, 0x0, 0
DATA, 109970618, 4130474890, 0x0, 0
DATA, 202829886, 281350870, 0x0, 0
DATA, 3938187993, 28839933, 0x0, 0
DATA, 4291033513, 201728762, 0x0, 0
DATA, 293547521, 4171626610, 0x0, 0
DATA, 4177266418, 344198085, 0x0, 0
DATA, 298842389, 298190883, 0x0, 0
DATA, 136963665, 0, 0x0F, 1
DATA, 2415853577, 4252633527, 0x0, 0
DATA, 86639659, 4043957673, 0x0, 0
DATA, 13367730, 4149675830, 0x0, 0
DATA, 40568708, 6940869, 0x0, 0
DATA, 4120775393, 4220719719, 0x0, 0
DATA, 335409523, 188226135, 0x0, 0
DATA, 218494840, 4114746587, 0x0, 0
DATA, 3886017730, 3663069937, 0x0, 0
DATA, 3941336208, 81530487, 0x0, 0
DATA, 4203607357, 4051435400, 0x0, 0
DATA, 454226975, 491785265, 0x0, 0
DATA, 4142005589, 3923911111, 0x0, 0
DATA, 210237538, 3956862621, 0x0, 0
DATA, 4218482275, 460387207, 0x0, 0
DATA, 65738191, 68939452, 0x0, 0
DATA, 98307284, 4276550645, 0x0, 0
DATA, 4290652711, 550174646, 0x0, 0
DATA, 3984065030, 92867024, 0x0, 0
DATA, 3920231941, 135923286, 0x0, 0
DATA, 116713830, 50800512, 0x0, 0
DATA, 120328240, 477168157, 0x0, 0
DATA, 40969134, 4079491465, 0x0, 0
DATA, 169795406, 22933439, 0x0, 0
DATA, 4268884867, 61146614, 0x0, 0
DATA, 351134573, 264955925, 0x0, 0
DATA, 3970168130, 4004583411, 0x0, 0
DATA, 242683028, 4068798413, 0x0, 0
DATA, 110623652, 425532020, 0x0, 0
DATA, 4215149071, 4000576151, 0x0, 0
DATA, 7277892, 3944415005, 0x0, 0
DATA, 3958437460, 3871666203, 0x0, 0
DATA, 4243059291, 123988916, 0x0, 0
DATA, 63369235, 4192016873, 0x0, 0
DATA, 114622841, 244002542, 0x0, 0
DATA, 36176337, 104068782, 0x0, 0
DATA, 467930029, 4008506622, 0x0, 0
DATA, 4047569345, 173272326, 0x0, 0
DATA, 4237555360, 613874154, 0x0, 0
DATA, 206832167, 4156681381, 0x0, 0
DATA, 4117368508, 13505298, 0x0, 0
DATA, 109768865, 527041888, 0x0, 0
DATA, 4259769214, 571994055, 0x0, 0
DATA, 171439513, 5508175, 0x0, 0
DATA, 4062120144, 196608144, 0x0, 0
DATA, 25948629, 3999787239, 0x0, 0
DATA, 4111727535, 179702064, 0x0, 0
DATA, 3993438425, 4103805918, 0x0, 0
DATA, 4211345604, 27851230, 0x0, 0
DATA, 334418853, 4913271, 0x0, 0
DATA, 4114811899, 4080079636, 0x0, 0
DATA, 518524974, 42795996, 0x0, 0
DATA, 276245274, 4040350477, 0x0, 0
DATA, 4200004250, 4072598696, 0x0, 0
DATA, 316148095, 149617321, 0x0, 0
DATA, 936505547, 69263287, 0x0, 0
DATA, 4189907237, 210238344, 0x0, 0
DATA, 3999660837, 3909357208, 0x0, 0
DATA, 4212449525, 145161254, 0x0, 0
DATA, 4107339179, 166850173, 0x0, 0
DATA, 4000187348, 309331042, 0x0, 0
DATA, 4109309235, 4034132926, 0x0, 0
DATA, 150532173, 4194495270, 0x0, 0
DATA, 4008969599, 92412603, 0x0, 0
DATA, 4115391947, 54855043, 0x0, 0
DATA, 181798069, 0, 0x0F, 1
DATA, 2415853573, 3686202187, 0x0, 0
DATA, 358998554, 4068335273, 0x0, 0
DATA, 6296852, 3699055161, 0x0, 0
DATA, 3999734331, 4121300271, 0x0, 0
DATA, 384042525, 266665365, 0x0, 0
DATA, 164560701, 182781226, 0x0, 0
DATA, 151123474, 509869511, 0x0, 0
DATA, 3971742382, 63111491, 0x0, 0
DATA, 180749682, 4079419463, 0x0, 0
DATA, 215616644, 4120119654, 0x0, 0
DATA, 4249675067, 4251584059, 0x0, 0
DATA, 73266716, 64425931, 0x0, 0
DATA, 108137716, 4174055049, 0x0, 0
DATA, 4109048635, 4009951557, 0x0, 0
DATA, 4080987928, 4213763754, 0x0, 0
DATA, 327806458, 3899262194, 0x0, 0
DATA, 29170169, 580315573, 0x0, 0
DATA, 435620033, 107023102, 0x0, 0
DATA, 4149942480, 105117601, 0x0, 0
DATA, 154863414, 4030263924, 0x0, 0
DATA, 4070437307, 490806088, 0x0, 0
DATA, 6815623, 4119730136, 0x0, 0
DATA, 4156756004, 3891658700, 0x0, 0
DATA, 3773690866, 4274458226, 0x0, 0
DATA, 4007200063, 4085912663, 0x0, 0
DATA, 4241229727, 4028438466, 0x0, 0
DATA, 90839423, 2226497, 0x0, 0
DATA, 3923765773, 4266204169, 0x0, 0
DATA, 4194569487, 270272661, 0x0, 0
DATA, 46733050, 246280818, 0x0, 0
DATA, 3919120102, 124386519, 0x0, 0
DATA, 4194433044, 196536142, 0x0, 0
DATA, 117374565, 82373982, 0x0, 0
DATA, 4088531637, 3891329487, 0x0, 0
DATA, 4163241190, 47247091, 0x0, 0
DATA, 4194173787, 4264753068, 0x0, 0
DATA, 43773895, 4252694820, 0x0, 0
DATA, 3900891590, 4128045503, 0x0, 0
DATA, 3981830367, 206376725, 0x0, 0
DATA, 118749106, 139065852, 0x0, 0
DATA, 4086105798, 3958891060, 0x0, 0
DATA, 4239791992, 605945821, 0x0, 0
DATA, 3927830302, 251659760, 0x0, 0
DATA, 4183156259, 4233753170, 0x0, 0
DATA, 123926621, 3707763496, 0x0, 0
DATA, 3972063654, 52228583, 0x0, 0
DATA, 4108129080, 4024439009, 0x0, 0
DATA, 3955425999, 65072338, 0x0, 0
DATA, 381029823, 68751262, 0x0, 0
DATA, 60487580, 4039704149, 0x0, 0
DATA, 4091091202, 286389716, 0x0, 0
DATA, 83226367, 3554404483, 0x0, 0
DATA, 492309445, 123074834, 0x0, 0
DATA, 44888941, 117577100, 0x0, 0
DATA, 158983010, 46524567, 0x0, 0
DATA, 255853357, 4108584226, 0x0, 0
DATA, 4122997924, 18543463, 0x0, 0
DATA, 4075689014, 4111795602, 0x0, 0
DATA, 292877314, 4207474378, 0x0, 0
DATA, 4171102291, 3801676724, 0x0, 0
DATA, 4175563151, 3944287482, 0x0, 0
DATA, 3790604912, 4032629246, 0x0, 0
DATA, 183697150, 4046450430, 0x0, 0
DATA, 4126605731, 3947360694, 0x0, 0
DATA, 4258529466, 0, 0x0F, 1
DATA, 2415853578, 4201847979, 0x0, 0
DATA, 4216512386, 4271049051, 0x0, 0
DATA, 4230483340, 67298613, 0x0, 0
DATA, 4072210894, 22476789, 0x0, 0
DATA, 14746385, 278266393, 0x0, 0
DATA, 439415014, 4136044782, 0x0, 0
DATA, 4169855531, 4276878062, 0x0, 0
DATA, 145418535, 4195223280, 0x0, 0
DATA, 39387088, 62649016, 0x0, 0
DATA, 4270327994, 4274712583, 0x0, 0
DATA, 221113717, 104206478, 0x0, 0
DATA, 4245354446, 3705671794, 0x0, 0
DATA, 4230278340, 295042097, 0x0, 0
DATA, 3800568364, 263316970, 0x0, 0
DATA, 3659529353, 4109757193, 0x0, 0
DATA, 3815430231, 4073129983, 0x0, 0
DATA, 328936699, 4257481808, 0x0, 0
DATA, 4105245864, 504359906, 0x0, 0
DATA, 355201975, 64284773, 0x0, 0
DATA, 177671590, 3863936559, 0x0, 0
DATA, 3669159, 72153457, 0x0, 0
DATA, 3481523551, 3997372810, 0x0, 0
DATA, 4086430051, 4205573817, 0x0, 0
DATA, 4058123675, 83226964, 0x0, 0
DATA, 3696301258, 25759399, 0x0, 0
DATA, 569698743, 274798321, 0x0, 0
DATA, 3833532320, 300948451, 0x0, 0
DATA, 64298116, 15467673, 0x0, 0
DATA, 4255900713, 72021473, 0x0, 0
DATA, 4284419819, 4213900857, 0x0, 0
DATA, 319225545, 240647253, 0x0, 0
DATA, 3963626905, 96593478, 0x0, 0
DATA, 4281927731, 38336817, 0x0, 0
DATA, 4256171290, 150471010, 0x0, 0
DATA, 4003657626, 4293726284, 0x0, 0
DATA, 177080798, 4122807444, 0x0, 0
DATA, 238750295, 139583214, 0x0, 0
DATA, 143459501, 92799407, 0x0, 0
DATA, 3976716082, 37820100, 0x0, 0
DATA, 127334411, 4056149308, 0x0, 0
DATA, 3682003161, 3940544348, 0x0, 0
DATA, 4170437026, 3955290275, 0x0, 0
DATA, 8775808, 285409596, 0x0, 0
DATA, 295560042, 622202438, 0x0, 0
DATA, 4258990417, 3940475900, 0x0, 0
DATA, 3920757164, 4248765397, 0x0, 0
DATA, 220257554, 159907183, 0x0, 0
DATA, 3818914727, 617674456, 0x0, 0
DATA, 4279896668, 483001119, 0x0, 0
DATA, 3987727264, 4087677953, 0x0, 0
DATA, 3984526704, 4010342563, 0x0, 0
DATA, 47972348, 83690865, 0x0, 0
DATA, 3905618907, 3875928790, 0x0, 0
DATA, 179504125, 484769773, 0x0, 0
DATA, 4226544016, 207419434, 0x0, 0
DATA, 93781993, 4246662871, 0x0, 0
DATA, 4287300094, 233971322, 0x0, 0
DATA, 3876327270, 3776383741, 0x0, 0
DATA, 517209310, 208342570, 0x0, 0
DATA, 278526384, 674563987, 0x0, 0
DATA, 4082961962, 4214682969, 0x0, 0
DATA, 3603628950, 30733597, 0x0, 0
DATA, 449050608, 4025685000, 0x0, 0
DATA, 187168810, 4192399430, 0x0, 0
DATA, 30932264, 0, 0x0F, 1
DATA, 2415853574, 226628724, 0x0, 0
DATA, 3890217128, 4065264486, 0x0, 0
DATA, 4010738325, 4189841742, 0x0, 0
DATA, 4070959583, 11273509, 0x0, 0
DATA, 4249227655, 71038711, 0x0, 0
DATA, 35452104, 3988395740, 0x0, 0
DATA, 128839839, 348385233, 0x0, 0
DATA, 181662099, 149951777, 0x0, 0
DATA, 24437433, 558632275, 0x0, 0
DATA, 93121794, 4211407396, 0x0, 0
DATA, 4050133302, 4183817312, 0x0, 0
DATA, 193920558, 65601460, 0x0, 0
DATA, 399312288, 3850701064, 0x0, 0
DATA, 115543079, 4099601661, 0x0, 0
DATA, 3952411885, 177736201, 0x0, 0
DATA, 529074077, 4187095233, 0x0, 0
DATA, 4242933410, 85258253, 0x0, 0
DATA, 639954965, 651887580, 0x0, 0
DATA, 186058561, 295562495, 0x0, 0
DATA, 4173266744, 4088792741, 0x0, 0
DATA, 49151256, 214304233, 0x0, 0
DATA, 399768123, 4118147716, 0x0, 0
DATA, 201655679, 3948085562, 0x0, 0
DATA, 112518408, 3991467348, 0x0, 0
DATA, 338620248, 52879162, 0x0, 0
DATA, 4059890463, 3937466812, 0x0, 0
DATA, 4079544393, 4204600441, 0x0, 0
DATA, 3147373, 472643059, 0x0, 0
DATA, 35318531, 4116445546, 0x0, 0
DATA, 199815341, 151513501, 0x0, 0
DATA, 4011656281, 193000647, 0x0, 0
DATA, 5697514, 290780867, 0x0, 0
DATA, 130292804, 4147051912, 0x0, 0
DATA, 273867085, 4150258850, 0x0, 0
DATA, 411759785, 4258663684, 0x0, 0
DATA, 4081321707, 47577213, 0x0, 0
DATA, 139718807, 3910862495, 0x0, 0
DATA, 81917570, 31982768, 0x0, 0
DATA, 4258064967, 294783659, 0x0, 0
DATA, 425785819, 363986711, 0x0, 0
DATA, 4111862233, 90578899, 0x0, 0
DATA, 4083874032, 4227070683, 0x0, 0
DATA, 3881957284, 252897568, 0x0, 0
DATA, 426444086, 4097185121, 0x0, 0
DATA, 577831966, 45294801, 0x0, 0
DATA, 208340717, 313129830, 0x0, 0
DATA, 354487153, 4129691464, 0x0, 0
DATA, 4245490196, 161148590, 0x0, 0
DATA, 14424397, 233308749, 0x0, 0
DATA, 3841324215, 391774974, 0x0, 0
DATA, 4230349757, 4115324758, 0x0, 0
DATA, 165740890, 3830903696, 0x0, 0
DATA, 3832286212, 4294309959, 0x0, 0
DATA, 4276353970, 4110415466, 0x0, 0
DATA, 3857183596, 187823283, 0x0, 0
DATA, 4196794295, 74708375, 0x0, 0
DATA, 4106282158, 3840604867, 0x0, 0
DATA, 492036796, 103088524, 0x0, 0
DATA, 147786055, 3823570334, 0x0, 0
DATA, 36508780, 3988981849, 0x0, 0
DATA, 137759384, 4005749163, 0x0, 0
DATA, 69593990, 4096529380, 0x0, 0
DATA, 541784910, 3824356011, 0x0, 0
DATA, 562757778, 4247976493, 0x0, 0
DATA, 30986595, 0, 0x0F, 1
DATA, 268369931, 4081523852, 0x0, 0
DATA, 246285111, 457244141, 0x0, 0
DATA, 233046357, 165348213, 0x0, 0
DATA, 156571670, 3747674026, 0x0, 0
DATA, 248187594, 3981969776, 0x0, 0
DATA, 3783460604, 80541332, 0x0, 0
DATA, 341906695, 121377559, 0x0, 0
DATA, 68421513, 113900625, 0x0, 0
DATA, 4068343957, 3853186749, 0x0, 0
DATA, 139064364, 346955757, 0x0, 0
DATA, 88334503, 295960794, 0x0, 0
DATA, 3804039136, 4249550007, 0x0, 0
DATA, 65600322, 92410035, 0x0, 0
DATA, 4135195136, 3912828642, 0x0, 0
DATA, 10291363, 4177263694, 0x0, 0
DATA, 4111661149, 178651518, 0x0, 0
DATA, 4033284640, 75628683, 0x0, 0
DATA, 4132966178, 4110745313, 0x0, 0
DATA, 4206553334, 581828089, 0x0, 0
DATA, 4209312146, 154996814, 0x0, 0
DATA, 3602018, 675679021, 0x0, 0
DATA, 333573245, 4038653645, 0x0, 0
DATA, 14555275, 207357979, 0x0, 0
DATA, 4048878204, 295298954, 0x0, 0
DATA, 67701481, 316218085, 0x0, 0
DATA, 4223074421, 4087154213, 0x0, 0
DATA, 4020176531, 638646302, 0x0, 0
DATA, 403698621, 4095348876, 0x0, 0
DATA, 3658416780, 4131262921, 0x0, 0
DATA, 4265866561, 38597055, 0x0, 0
DATA, 3902276163, 302574956, 0x0, 0
DATA, 4141091086, 237374807, 0x0, 0
DATA, 53081149, 21102351, 0x0, 0
DATA, 369098753, 223936436, 0x0, 0
DATA, 265485622, 7730221, 0x0, 0
DATA, 540739840, 476637505, 0x0, 0
DATA, 4118547202, 74780421, 0x0, 0
DATA, 4115854571, 106696773, 0x0, 0
DATA, 398722419, 41024257, 0x0, 0
DATA, 194842358, 220195105, 0x0, 0
DATA, 173345377, 4055560682, 0x0, 0
DATA, 4221628719, 4213901161, 0x0, 0
DATA, 4279505157, 4239322616, 0x0, 0
DATA, 3866225822, 169675591, 0x0, 0
DATA, 4236376344, 4277338235, 0x0, 0
DATA, 3760395082, 386857894, 0x0, 0
DATA, 4131646260, 94893117, 0x0, 0
DATA, 169275035, 3847492879, 0x0, 0
DATA, 4193521986, 361563778, 0x0, 0
DATA, 4034790671, 154736519, 0x0, 0
DATA, 98312235, 4272092110, 0x0, 0
DATA, 136380029, 3951559225, 0x0, 0
DATA, 3924357567, 86572536, 0x0, 0
DATA, 82182799, 4223534013, 0x0, 0
DATA, 15465699, 248375660, 0x0, 0
DATA, 4984190, 149031102, 0x0, 0
DATA, 237569311, 4184149990, 0x0, 0
DATA, 3896843789, 4255117256, 0x0, 0
DATA, 489226729, 256764116, 0x0, 0
DATA, 4135384313, 887156672, 0x0, 0
DATA, 3994021758, 275316149, 0x0, 0
DATA, 4188930033, 4110355204, 0x0, 0
DATA, 286123374, 4006737660, 0x0, 0
DATA, 200991192, 66649210, 0x0, 0
DATA, 4026074159, 0, 0x0F, 1
DATA, 268369927, 31654160, 0x0, 0
DATA, 4253680782, 4074436254, 0x0, 0
DATA, 56352232, 331277281, 0x0, 0
DATA, 4160352017, 106571487, 0x0, 0
DATA, 3799846915, 363913995, 0x0, 0
DATA, 247465821, 211414233, 0x0, 0
DATA, 286458415, 44291074, 0x0, 0
DATA, 3993366529, 4149083603, 0x0, 0
DATA, 3610047254, 53414720, 0x0, 0
DATA, 159712418, 96798389, 0x0, 0
DATA, 4012301949, 189596676, 0x0, 0
DATA, 126684187, 4262466797, 0x0, 0
DATA, 4109038883, 4259712075, 0x0, 0
DATA, 223152239, 171311550, 0x0, 0
DATA, 4036689683, 4071159969, 0x0, 0
DATA, 4229897377, 10093433, 0x0, 0
DATA, 346352206, 3898934807, 0x0, 0
DATA, 4098812338, 163370738, 0x0, 0
DATA, 3990226389, 292419021, 0x0, 0
DATA, 507322662, 196674651, 0x0, 0
DATA, 3928488994, 3818396092, 0x0, 0
DATA, 134543564, 60431876, 0x0, 0
DATA, 4087541932, 4202560006, 0x0, 0
DATA, 243206690, 536074496, 0x0, 0
DATA, 4212131857, 3736661051, 0x0, 0
DATA, 3875529165, 195888558, 0x0, 0
DATA, 165677446, 88602326, 0x0, 0
DATA, 271516074, 565375154, 0x0, 0
DATA, 352715714, 3813211969, 0x0, 0
DATA, 4192336014, 521665343, 0x0, 0
DATA, 245700518, 3823570788, 0x0, 0
DATA, 4134140063, 35656685, 0x0, 0
DATA, 4281922271, 4198632687, 0x0, 0
DATA, 3839879456, 495058407, 0x0, 0
DATA, 172876657, 549257265, 0x0, 0
DATA, 254142261, 116324532, 0x0, 0
DATA, 338033738, 4066903617, 0x0, 0
DATA, 4210554897, 4083486995, 0x0, 0
DATA, 185009386, 387320085, 0x0, 0
DATA, 14023611, 4191359343, 0x0, 0
DATA, 4003399355, 4049335956, 0x0, 0
DATA, 398518572, 4106617301, 0x0, 0
DATA, 167380961, 509279951, 0x0, 0
DATA, 231602350, 4005815522, 0x0, 0
DATA, 54204330, 4085250549, 0x0, 0
DATA, 114751171, 199685904, 0x0, 0
DATA, 141558879, 3885820506, 0x0, 0
DATA, 4283498406, 3988590801, 0x0, 0
DATA, 4151120443, 4270129899, 0x0, 0
DATA, 44491401, 4159306777, 0x0, 0
DATA, 3720085634, 4280092907, 0x0, 0
DATA, 22546781, 3801616737, 0x0, 0
DATA, 4163434597, 4201841307, 0x0, 0
DATA, 4174839779, 376045092, 0x0, 0
DATA, 4139658312, 5834189, 0x0, 0
DATA, 116204057, 4113304006, 0x0, 0
DATA, 4231134773, 169805837, 0x0, 0
DATA, 287374493, 4115136257, 0x0, 0
DATA, 278338241, 3921221439, 0x0, 0
DATA, 4031973119, 4174514480, 0x0, 0
DATA, 4098036822, 28239253, 0x0, 0
DATA, 327151679, 4175946019, 0x0, 0
DATA, 78384402, 26674746, 0x0, 0
DATA, 3930913789, 378281707, 0x0, 0
DATA, 83295501, 0, 0x0F, 1
DATA, 2415853580, 31456246, 0x0, 0
DATA, 4066645983, 3821014338, 0x0, 0
DATA, 375056036, 78049728, 0x0, 0
DATA, 344264526, 4205768570, 0x0, 0
DATA, 1894717, 3694389752, 0x0, 0
DATA, 571407064, 3982230488, 0x0, 0
DATA, 271383887, 307826589, 0x0, 0
DATA, 3916697057, 78905265, 0x0, 0
DATA, 170918262, 554823873, 0x0, 0
DATA, 4232182934, 4087618006, 0x0, 0
DATA, 4095539936, 20383693, 0x0, 0
DATA, 4271244899, 210897072, 0x0, 0
DATA, 4025676749, 552663774, 0x0, 0
DATA, 202244847, 4102222181, 0x0, 0
DATA, 378600415, 4190570701, 0x0, 0
DATA, 4195806349, 127731034, 0x0, 0
DATA, 4240377316, 4259513576, 0x0, 0
DATA, 272886047, 3794993979, 0x0, 0
DATA, 161023806, 4085449417, 0x0, 0
DATA, 4193718297, 4237037428, 0x0, 0
DATA, 4022073279, 4589229, 0x0, 0
DATA, 4126863865, 4194763208, 0x0, 0
DATA, 4050393801, 263719813, 0x0, 0
DATA, 211358774, 4258394341, 0x0, 0
DATA, 4142794368, 3916299351, 0x0, 0
DATA, 307825842, 4180942283, 0x0, 0
DATA, 4100787519, 4136302560, 0x0, 0
DATA, 72617892, 4033601267, 0x0, 0
DATA, 578424362, 109773664, 0x0, 0
DATA, 3949392891, 4153021465, 0x0, 0
DATA, 4115265808, 108795990, 0x0, 0
DATA, 12585176, 3966495717, 0x0, 0
DATA, 350619289, 143061910, 0x0, 0
DATA, 3749508647, 3692100432, 0x0, 0
DATA, 3819370970, 101968208, 0x0, 0
DATA, 534708002, 122153582, 0x0, 0
DATA, 4235130035, 3933279014, 0x0, 0
DATA, 196147852, 4086365972, 0x0, 0
DATA, 4206821738, 4227208531, 0x0, 0
DATA, 4023843930, 4156821741, 0x0, 0
DATA, 40496117, 171166018, 0x0, 0
DATA, 174193753, 4089181019, 0x0, 0
DATA, 40367317, 4281732194, 0x0, 0
DATA, 4262654106, 302511189, 0x0, 0
DATA, 622321759, 3990879551, 0x0, 0
DATA, 4207869953, 4272950102, 0x0, 0
DATA, 219614282, 8712311, 0x0, 0
DATA, 4235782539, 69795540, 0x0, 0
DATA, 273087034, 4179033995, 0x0, 0
DATA, 327815401, 4200591727, 0x0, 0
DATA, 140058231, 445316823, 0x0, 0
DATA, 4246341662, 4007260689, 0x0, 0
DATA, 142803607, 142993501, 0x0, 0
DATA, 3931244587, 3743608497, 0x0, 0
DATA, 4180672766, 270148972, 0x0, 0
DATA, 3921152006, 4065198998, 0x0, 0
DATA, 3822911004, 313194781, 0x0, 0
DATA, 225186484, 4179632182, 0x0, 0
DATA, 526179948, 4092258052, 0x0, 0
DATA, 3831164413, 4131652101, 0x0, 0
DATA, 4202758801, 4166381326, 0x0, 0
DATA, 3906082543, 184613975, 0x0, 0
DATA, 4241630314, 4286317765, 0x0, 0
DATA, 4030465049, 359006681, 0x0, 0
DATA, 4031710759, 0, 0x0F, 1
DATA, 2415853568, 19404807, 0x0, 0
DATA, 4182638572, 4233434751, 0x0, 0
DATA, 3543666900, 397744470, 0x0, 0
DATA, 4242472852, 4127129083, 0x0, 0
DATA, 283692475, 70387537, 0x0, 0
DATA, 209253878, 4088660146, 0x0, 0
DATA, 209844448, 3962630575, 0x0, 0
DATA, 4246477609, 76815401, 0x0, 0
DATA, 4123074633, 3842045275, 0x0, 0
DATA, 142867454, 4237822531, 0x0, 0
DATA, 4125428049, 54854282, 0x0, 0
DATA, 4183885847, 279772737, 0x0, 0
DATA, 66855160, 4173334420, 0x0, 0
DATA, 3550477726, 4198435137, 0x0, 0
DATA, 342037059, 559869543, 0x0, 0
DATA, 269154959, 415041994, 0x0, 0
DATA, 322629628, 18413059, 0x0, 0
DATA, 3687449204, 4108717519, 0x0, 0
DATA, 4126344374, 205451574, 0x0, 0
DATA, 455276763, 172878267, 0x0, 0
DATA, 237441711, 142867996, 0x0, 0
DATA, 471658041, 4155834551, 0x0, 0
DATA, 60497896, 4236901359, 0x0, 0
DATA, 3908117019, 4189527181, 0x0, 0
DATA, 119013607, 4214091507, 0x0, 0
DATA, 4100915198, 4278386048, 0x0, 0
DATA, 166916543, 111085702, 0x0, 0
DATA, 4169459260, 76354782, 0x0, 0
DATA, 4293001617, 16190346, 0x0, 0
DATA, 2688709, 4114615564, 0x0, 0
DATA, 3940144797, 399248193, 0x0, 0
DATA, 4193654758, 47709064, 0x0, 0
DATA, 4249292886, 3974422145, 0x0, 0
DATA, 4085446520, 150733640, 0x0, 0
DATA, 4147241764, 168292909, 0x0, 0
DATA, 131986095, 4239460561, 0x0, 0
DATA, 4275702596, 3845388192, 0x0, 0
DATA, 3612016697, 4190177100, 0x0, 0
DATA, 4088786156, 259132844, 0x0, 0
DATA, 4063359767, 4013749975, 0x0, 0
DATA, 3736473390, 418317563, 0x0, 0
DATA, 22019596, 4008379603, 0x0, 0
DATA, 263454217, 132708311, 0x0, 0
DATA, 4143975725, 4142992812, 0x0, 0
DATA, 3955819243, 4259317782, 0x0, 0
DATA, 250407970, 413856023, 0x0, 0
DATA, 238808459, 3941471487, 0x0, 0
DATA, 4215081198, 102108411, 0x0, 0
DATA, 4143973549, 3885897668, 0x0, 0
DATA, 4124242779, 111541705, 0x0, 0
DATA, 269286365, 26278223, 0x0, 0
DATA, 3569873206, 47571476, 0x0, 0
DATA, 3942381984, 148894749, 0x0, 0
DATA, 4288022914, 4102223594, 0x0, 0
DATA, 654182943, 4004507107, 0x0, 0
DATA, 4232246417, 144965593, 0x0, 0
DATA, 155902352, 274004106, 0x0, 0
DATA, 499774456, 3835566808, 0x0, 0
DATA, 277224541, 111213345, 0x0, 0
DATA, 155120802, 4200199569, 0x0, 0
DATA, 4121892190, 105379344, 0x0, 0
DATA, 72289266, 4159371490, 0x0, 0
DATA, 4198039456, 210176581, 0x0, 0
DATA, 123927045, 310509177, 0x0, 0
DATA, 3930521463, 0, 0x0F, 1
DATA, 268369933, 236905245, 0x0, 0
DATA, 4186505702, 4192014379, 0x0, 0
DATA, 3961519713, 417918597, 0x0, 0
DATA, 3868131640, 4013428813, 0x0, 0
DATA, 4274516919, 4050388819, 0x0, 0
DATA, 376973523, 4231393442, 0x0, 0
DATA, 567873434, 4019064336, 0x0, 0
DATA, 4286511639, 104399406, 0x0, 0
DATA, 3662157127, 4080208006, 0x0, 0
DATA, 328732184, 133361238, 0x0, 0
DATA, 3886288118, 4257022407, 0x0, 0
DATA, 4194105362, 4010474617, 0x0, 0
DATA, 4186303534, 4160819299, 0x0, 0
DATA, 4171040366, 4286185106, 0x0, 0
DATA, 4152423080, 4222354378, 0x0, 0
DATA, 3918856711, 3984393771, 0x0, 0
DATA, 92142543, 608896484, 0x0, 0
DATA, 199683048, 62065586, 0x0, 0
DATA, 3986877442, 163252577, 0x0, 0
DATA, 4166319244, 3757244555, 0x0, 0
DATA, 4224254391, 3840148905, 0x0, 0
DATA, 311682880, 3965388125, 0x0, 0
DATA, 49276783, 146405013, 0x0, 0
DATA, 4261746931, 4049996765, 0x0, 0
DATA, 381416001, 4101888854, 0x0, 0
DATA, 4180930545, 153623309, 0x0, 0
DATA, 133768781, 4120315062, 0x0, 0
DATA, 4293390843, 4126079524, 0x0, 0
DATA, 4230736376, 4185464566, 0x0, 0
DATA, 44761072, 75698355, 0x0, 0
DATA, 496107207, 174324244, 0x0, 0
DATA, 86842802, 11535802, 0x0, 0
DATA, 282193544, 4080205096, 0x0, 0
DATA, 291046490, 638315706, 0x0, 0
DATA, 404481740, 4284280432, 0x0, 0
DATA, 4040424359, 4213113008, 0x0, 0
DATA, 4092984752, 140108787, 0x0, 0
DATA, 70643717, 275837085, 0x0, 0
DATA, 4183231380, 86376119, 0x0, 0
DATA, 248575968, 469114264, 0x0, 0
DATA, 252972256, 4270318878, 0x0, 0
DATA, 4281851505, 4061004023, 0x0, 0
DATA, 63696141, 87619000, 0x0, 0
DATA, 78841670, 179043405, 0x0, 0
DATA, 4118674254, 4280675107, 0x0, 0
DATA, 298848078, 4126413889, 0x0, 0
DATA, 4231984075, 4103145585, 0x0, 0
DATA, 4176932448, 305001333, 0x0, 0
DATA, 4167237213, 202698438, 0x0, 0
DATA, 3994880660, 4034916654, 0x0, 0
DATA, 4178968266, 4286973434, 0x0, 0
DATA, 4026010361, 3885109064, 0x0, 0
DATA, 233502009, 325976937, 0x0, 0
DATA, 76937532, 4136429648, 0x0, 0
DATA, 438041265, 128582967, 0x0, 0
DATA, 4222094074, 19336677, 0x0, 0
DATA, 4166055319, 112985728, 0x0, 0
DATA, 788943, 4219336958, 0x0, 0
DATA, 3852145890, 253300969, 0x0, 0
DATA, 226033826, 10091752, 0x0, 0
DATA, 16313301, 66904380, 0x0, 0
DATA, 32639403, 75563010, 0x0, 0
DATA, 29489249, 4274785722, 0x0, 0
DATA, 33222390, 4169784041, 0x0, 0
DATA, 399834282, 0, 0x0F, 1
DATA, 268369921, 3871075539, 0x0, 0
DATA, 4243396373, 3907320397, 0x0, 0
DATA, 13036149, 40497963, 0x0, 0
DATA, 3806781236, 3973048320, 0x0, 0
DATA, 647568016, 270006396, 0x0, 0
DATA, 282061445, 4257229109, 0x0, 0
DATA, 3839952514, 3731616484, 0x0, 0
DATA, 182054544, 80473806, 0x0, 0
DATA, 80534953, 113764401, 0x0, 0
DATA, 16184713, 4126610342, 0x0, 0
DATA, 174648908, 467530141, 0x0, 0
DATA, 61210853, 45547347, 0x0, 0
DATA, 4112580741, 3862359684, 0x0, 0
DATA, 153028719, 124641668, 0x0, 0
DATA, 348457179, 3882223145, 0x0, 0
DATA, 3847420188, 296222695, 0x0, 0
DATA, 266527656, 508367364, 0x0, 0
DATA, 3847551103, 660736495, 0x0, 0
DATA, 285021970, 4256367057, 0x0, 0
DATA, 4145349624, 113115479, 0x0, 0
DATA, 4073128807, 70385667, 0x0, 0
DATA, 3980460662, 3966897794, 0x0, 0
DATA, 4187293124, 259721075, 0x0, 0
DATA, 4269737957, 4076075076, 0x0, 0
DATA, 4194306508, 4086566945, 0x0, 0
DATA, 4177001940, 469042926, 0x0, 0
DATA, 410973915, 32772744, 0x0, 0
DATA, 340720589, 4194107065, 0x0, 0
DATA, 4246152316, 4116967554, 0x0, 0
DATA, 4193184263, 103154125, 0x0, 0
DATA, 3949725167, 339810057, 0x0, 0
DATA, 10819070, 1509927, 0x0, 0
DATA, 4089248125, 37548058, 0x0, 0
DATA, 4166775884, 381947985, 0x0, 0
DATA, 149015728, 318120550, 0x0, 0
DATA, 114615667, 434114057, 0x0, 0
DATA, 4029548768, 4083153418, 0x0, 0
DATA, 4260824787, 77592243, 0x0, 0
DATA, 3947955566, 4139115649, 0x0, 0
DATA, 3842578239, 4028827677, 0x0, 0
DATA, 4118084247, 4139186229, 0x0, 0
DATA, 4069595432, 102305335, 0x0, 0
DATA, 3756131835, 667617890, 0x0, 0
DATA, 4137680386, 19396532, 0x0, 0
DATA, 464061677, 142280214, 0x0, 0
DATA, 4173599210, 263454614, 0x0, 0
DATA, 76087398, 190389005, 0x0, 0
DATA, 4026270398, 315560982, 0x0, 0
DATA, 307425907, 362873479, 0x0, 0
DATA, 4249880347, 57345696, 0x0, 0
DATA, 3597006288, 4275767726, 0x0, 0
DATA, 366023846, 3675790340, 0x0, 0
DATA, 546508198, 304873774, 0x0, 0
DATA, 12382793, 295114882, 0x0, 0
DATA, 4037800724, 127658907, 0x0, 0
DATA, 4225496785, 180680365, 0x0, 0
DATA, 4148098600, 4117889129, 0x0, 0
DATA, 293865841, 535431746, 0x0, 0
DATA, 3991472959, 221579115, 0x0, 0
DATA, 4164090344, 4121759717, 0x0, 0
DATA, 286199928, 3913021441, 0x0, 0
DATA, 66581453, 4248631401, 0x0, 0
DATA, 4124377493, 92138926, 0x0, 0
DATA, 183693197, 4063164976, 0x0, 0
DATA, 27194289, 0, 0x0F, 1
DATA, 268369934, 3993495066, 0x0, 0
DATA, 140902339, 949750792, 0x0, 0
DATA, 4235135891, 4021350975, 0x0, 0
DATA, 154076547, 4278846248, 0x0, 0
DATA, 4006999432, 4067621286, 0x0, 0
DATA, 4152823602, 226816945, 0x0, 0
DATA, 341381997, 4241750514, 0x0, 0
DATA, 787346302, 72095266, 0x0, 0
DATA, 171708966, 479788723, 0x0, 0
DATA, 4232448555, 110431647, 0x0, 0
DATA, 3821279006, 132256946, 0x0, 0
DATA, 157874839, 308092819, 0x0, 0
DATA, 4204857982, 304412315, 0x0, 0
DATA, 4252631576, 121237605, 0x0, 0
DATA, 3600808323, 3908635304, 0x0, 0
DATA, 88074458, 283832761, 0x0, 0
DATA, 76152127, 3809344116, 0x0, 0
DATA, 37222973, 60095732, 0x0, 0
DATA, 3795384440, 541452273, 0x0, 0
DATA, 4012965809, 4052087295, 0x0, 0
DATA, 298052163, 146270081, 0x0, 0
DATA, 3945846679, 351599796, 0x0, 0
DATA, 34928650, 4053863185, 0x0, 0
DATA, 208005775, 14940205, 0x0, 0
DATA, 4207477032, 342753539, 0x0, 0
DATA, 22542998, 59434205, 0x0, 0
DATA, 543544807, 77732349, 0x0, 0
DATA, 4286903383, 4281792218, 0x0, 0
DATA, 194446084, 4024700628, 0x0, 0
DATA, 249167400, 4010672834, 0x0, 0
DATA, 4065847081, 197133474, 0x0, 0
DATA, 4110756445, 3527668455, 0x0, 0
DATA, 3740398483, 4174308380, 0x0, 0
DATA, 215155962, 4053724321, 0x0, 0
DATA, 4025222811, 4137940184, 0x0, 0
DATA, 502461569, 4212398141, 0x0, 0
DATA, 211479122, 40700423, 0x0, 0
DATA, 75818472, 4034853107, 0x0, 0
DATA, 197329820, 4205707116, 0x0, 0
DATA, 480119915, 4173456887, 0x0, 0
DATA, 103939444, 199630333, 0x0, 0
DATA, 223608451, 4102681934, 0x0, 0
DATA, 4229956799, 418444308, 0x0, 0
DATA, 4281795167, 4243388441, 0x0, 0
DATA, 33353489, 212982753, 0x0, 0
DATA, 4126603863, 48559649, 0x0, 0
DATA, 122030911, 69008950, 0x0, 0
DATA, 4194753137, 4047506649, 0x0, 0
DATA, 83226699, 4194238514, 0x0, 0
DATA, 4044158819, 25885145, 0x0, 0
DATA, 59306177, 30344876, 0x0, 0
DATA, 4183226605, 4202617822, 0x0, 0
DATA, 4046515140, 504166231, 0x0, 0
DATA, 4224645296, 138740817, 0x0, 0
DATA, 550963397, 4173405731, 0x0, 0
DATA, 4185388189, 35654600, 0x0, 0
DATA, 4271507268, 277020316, 0x0, 0
DATA, 4219858632, 479259490, 0x0, 0
DATA, 136837864, 3755017548, 0x0, 0
DATA, 4211804304, 53474844, 0x0, 0
DATA, 162982817, 411759522, 0x0, 0
DATA, 164230176, 137884976, 0x0, 0
DATA, 4098622742, 3574136952, 0x0, 0
DATA, 168628247, 4104523835, 0x0, 0
DATA, 4107202869, 0, 0x0F, 1
DATA, 268369922, 147263391, 0x0, 0
DATA, 4267447540, 102107521, 0x0, 0
DATA, 397408848, 4088464404, 0x0, 0
DATA, 401019679, 170059072, 0x0, 0
DATA, 290715371, 3770482745, 0x0, 0
DATA, 73530423, 4194759240, 0x0, 0
DATA, 254218071, 4265733724, 0x0, 0
DATA, 4151636621, 4208406170, 0x0, 0
DATA, 66516517, 70843974, 0x0, 0
DATA, 235279816, 4068604389, 0x0, 0
DATA, 100013085, 4102750961, 0x0, 0
DATA, 195306260, 4101309625, 0x0, 0
DATA, 350945123, 73400595, 0x0, 0
DATA, 4164675327, 414122819, 0x0, 0
DATA, 218303215, 4273078547, 0x0, 0
DATA, 97056410, 4018929072, 0x0, 0
DATA, 477696039, 469691910, 0x0, 0
DATA, 266799011, 258342701, 0x0, 0
DATA, 492889446, 246352169, 0x0, 0
DATA, 141755804, 4156627258, 0x0, 0
DATA, 4027383082, 3521188763, 0x0, 0
DATA, 4236508291, 28962857, 0x0, 0
DATA, 4183949302, 54798035, 0x0, 0
DATA, 180749106, 88537451, 0x0, 0
DATA, 208147488, 45420591, 0x0, 0
DATA, 3886219594, 3905619892, 0x0, 0
DATA, 151062196, 68158213, 0x0, 0
DATA, 3939167422, 4227662830, 0x0, 0
DATA, 4269536563, 107019156, 0x0, 0
DATA, 252375490, 248448924, 0x0, 0
DATA, 4202432207, 4083615304, 0x0, 0
DATA, 4285854886, 4131193439, 0x0, 0
DATA, 112063354, 3910079554, 0x0, 0
DATA, 4052290263, 413735298, 0x0, 0
DATA, 4118470367, 200350894, 0x0, 0
DATA, 226751520, 181870957, 0x0, 0
DATA, 163579744, 102169557, 0x0, 0
DATA, 4196406877, 4264224466, 0x0, 0
DATA, 127011990, 203290516, 0x0, 0
DATA, 451273384, 4160883189, 0x0, 0
DATA, 4111802196, 214630393, 0x0, 0
DATA, 185528464, 4076997573, 0x0, 0
DATA, 39256587, 4112190331, 0x0, 0
DATA, 56163828, 494075955, 0x0, 0
DATA, 4228255712, 70056152, 0x0, 0
DATA, 4145149595, 4276876461, 0x0, 0
DATA, 80287677, 330506356, 0x0, 0
DATA, 4216976018, 99087781, 0x0, 0
DATA, 4148489168, 4219406531, 0x0, 0
DATA, 3988523723, 4254856448, 0x0, 0
DATA, 4034921808, 3993834112, 0x0, 0
DATA, 136053229, 3846369249, 0x0, 0
DATA, 3877572420, 3733458186, 0x0, 0
DATA, 24832445, 396036058, 0x0, 0
DATA, 4160223409, 3522953677, 0x0, 0
DATA, 215811153, 4017552660, 0x0, 0
DATA, 18543419, 4176674536, 0x0, 0
DATA, 297401808, 4115005991, 0x0, 0
DATA, 26076228, 4294312435, 0x0, 0
DATA, 4291764586, 3906729468, 0x0, 0
DATA, 4150527777, 38077718, 0x0, 0
DATA, 4121429866, 357827489, 0x0, 0
DATA, 274533814, 4235654677, 0x0, 0
DATA, 4127841739, 3799902282, 0x0, 0
DATA, 4220384516, 0, 0x0F, 1
DATA, 2415853583, 4174113884, 0x0, 0
DATA, 34010065, 505081621, 0x0, 0
DATA, 4169665123, 147652252, 0x0, 0
DATA, 213711572, 4256766131, 0x0, 0
DATA, 4178310686, 221052947, 0x0, 0
DATA, 201783133, 4148230089, 0x0, 0
DATA, 315946341, 4213567721, 0x0, 0
DATA, 163184590, 16896571, 0x0, 0
DATA, 276037728, 548407157, 0x0, 0
DATA, 4099147776, 4278710920, 0x0, 0
DATA, 175757935, 4014211088, 0x0, 0
DATA, 322900579, 133493069, 0x0, 0
DATA, 624759159, 168232927, 0x0, 0
DATA, 546763259, 32378619, 0x0, 0
DATA, 4062049415, 185138414, 0x0, 0
DATA, 4226682254, 4056291932, 0x0, 0
DATA, 48893631, 4092728268, 0x0, 0
DATA, 84805746, 193596064, 0x0, 0
DATA, 3871334022, 3890149886, 0x0, 0
DATA, 287310019, 255463128, 0x0, 0
DATA, 81132802, 122812055, 0x0, 0
DATA, 3878876432, 189659945, 0x0, 0
DATA, 4127981957, 639959129, 0x0, 0
DATA, 357501898, 3921349348, 0x0, 0
DATA, 90568533, 4135446446, 0x0, 0
DATA, 4062651134, 3877240561, 0x0, 0
DATA, 3901818361, 4202167844, 0x0, 0
DATA, 4109110800, 166726743, 0x0, 0
DATA, 3805609263, 4210227013, 0x0, 0
DATA, 134280335, 138339542, 0x0, 0
DATA, 68545984, 145361112, 0x0, 0
DATA, 552936140, 4073657201, 0x0, 0
DATA, 98761051, 3792104058, 0x0, 0
DATA, 336329766, 4076074512, 0x0, 0
DATA, 198775578, 114615632, 0x0, 0
DATA, 3985177959, 15854465, 0x0, 0
DATA, 4122410853, 4281925049, 0x0, 0
DATA, 4250998948, 60429295, 0x0, 0
DATA, 3926986337, 140838030, 0x0, 0
DATA, 3922201708, 147579898, 0x0, 0
DATA, 4033546460, 4053934422, 0x0, 0
DATA, 203366590, 4290709927, 0x0, 0
DATA, 168299744, 46200386, 0x0, 0
DATA, 4171167427, 4292809474, 0x0, 0
DATA, 4139847167, 196547410, 0x0, 0
DATA, 145425375, 4095212427, 0x0, 0
DATA, 4278912400, 4218881762, 0x0, 0
DATA, 4201378705, 193265326, 0x0, 0
DATA, 82775672, 4223790585, 0x0, 0
DATA, 148379380, 18016901, 0x0, 0
DATA, 3909555637, 241233105, 0x0, 0
DATA, 4060938303, 224461008, 0x0, 0
DATA, 389742639, 18481355, 0x0, 0
DATA, 3986949113, 4294116802, 0x0, 0
DATA, 3966827919, 227680173, 0x0, 0
DATA, 3799976982, 4077324470, 0x0, 0
DATA, 4143577139, 506390937, 0x0, 0
DATA, 95478297, 4084795559, 0x0, 0
DATA, 344984904, 3969314260, 0x0, 0
DATA, 54984771, 3861058830, 0x0, 0
DATA, 103084791, 6429503, 0x0, 0
DATA, 4269471555, 4085260796, 0x0, 0
DATA, 79755114, 585496939, 0x0, 0
DATA, 396555921, 4105960407, 0x0, 0
DATA, 101648582, 0, 0x0F, 1
DATA, 2415853571, 176031031, 0x0, 0
DATA, 47128647, 403891550, 0x0, 0
DATA, 474215952, 109115630, 0x0, 0
DATA, 22350517, 4093704881, 0x0, 0
DATA, 4292276365, 66909699, 0x0, 0
DATA, 4178846916, 4113040635, 0x0, 0
DATA, 262733488, 287834761, 0x0, 0
DATA, 4199025696, 4188337192, 0x0, 0
DATA, 31915120, 3471570477, 0x0, 0
DATA, 232592158, 4138274617, 0x0, 0
DATA, 3899260524, 454683885, 0x0, 0
DATA, 467337136, 138810300, 0x0, 0
DATA, 4262788907, 316468851, 0x0, 0
DATA, 4280281762, 34668453, 0x0, 0
DATA, 103875090, 4256233838, 0x0, 0
DATA, 124649659, 146081572, 0x0, 0
DATA, 306182957, 55046289, 0x0, 0
DATA, 81197885, 2097568, 0x0, 0
DATA, 288293179, 4140432938, 0x0, 0
DATA, 4256432582, 120324644, 0x0, 0
DATA, 253624287, 47516693, 0x0, 0
DATA, 215549121, 4159239951, 0x0, 0
DATA, 4171431649, 80609968, 0x0, 0
DATA, 370277191, 4069853948, 0x0, 0
DATA, 4259183169, 212209868, 0x0, 0
DATA, 64285255, 4170709001, 0x0, 0
DATA, 3548833529, 4246541188, 0x0, 0
DATA, 129498172, 119412435, 0x0, 0
DATA, 4125299901, 3948742324, 0x0, 0
DATA, 451150292, 3928817272, 0x0, 0
DATA, 182258304, 4291162947, 0x0, 0
DATA, 239669966, 3964468282, 0x0, 0
DATA, 215476395, 4236118154, 0x0, 0
DATA, 4001694942, 3910469806, 0x0, 0
DATA, 82640382, 100663156, 0x0, 0
DATA, 4192607023, 4284678696, 0x0, 0
DATA, 4193657581, 4249877410, 0x0, 0
DATA, 138804651, 232650090, 0x0, 0
DATA, 348716861, 4242411876, 0x0, 0
DATA, 190180336, 4136369747, 0x0, 0
DATA, 80147376, 4142601841, 0x0, 0
DATA, 3854497049, 306651826, 0x0, 0
DATA, 171503528, 3908499318, 0x0, 0
DATA, 4265211029, 242283801, 0x0, 0
DATA, 4318988, 274656223, 0x0, 0
DATA, 98565643, 3852597482, 0x0, 0
DATA, 3844211261, 3950908159, 0x0, 0
DATA, 3858759125, 3743617693, 0x0, 0
DATA, 299502662, 211488470, 0x0, 0
DATA, 121173970, 4281081366, 0x0, 0
DATA, 152888523, 35526158, 0x0, 0
DATA, 4077848246, 4267446832, 0x0, 0
DATA, 322629271, 264042504, 0x0, 0
DATA, 4023322339, 3711568053, 0x0, 0
DATA, 3877177684, 3719486734, 0x0, 0
DATA, 153614122, 3796302048, 0x0, 0
DATA, 4190178376, 176149656, 0x0, 0
DATA, 4254008940, 7464789, 0x0, 0
DATA, 4289407198, 23722650, 0x0, 0
DATA, 4255520466, 349968619, 0x0, 0
DATA, 4129358299, 433455053, 0x0, 0
DATA, 495120186, 4123140275, 0x0, 0
DATA, 4237490403, 4047047980, 0x0, 0
DATA, 226494206, 4106290363, 0x0, 0
DATA, 343275928, 0, 0x0F, 1
DATA, 268369928, 3807107070, 0x0, 0
DATA, 3956604754, 3721589475, 0x0, 0
DATA, 4137420984, 3959759106, 0x0, 0
DATA, 6881759, 57541185, 0x0, 0
DATA, 130231538, 60689050, 0x0, 0
DATA, 4222163020, 179967379, 0x0, 0
DATA, 4102420213, 344848141, 0x0, 0
DATA, 67118693, 4063952635, 0x0, 0
DATA, 3750757469, 3996848552, 0x0, 0
DATA, 37620569, 168165580, 0x0, 0
DATA, 4012507223, 30086125, 0x0, 0
DATA, 4120774229, 3922914024, 0x0, 0
DATA, 177345999, 404033998, 0x0, 0
DATA, 14681700, 3884709901, 0x0, 0
DATA, 84480394, 325640442, 0x0, 0
DATA, 341578502, 4231925113, 0x0, 0
DATA, 4163501533, 113580509, 0x0, 0
DATA, 4032631935, 656944, 0x0, 0
DATA, 4119136782, 378535095, 0x0, 0
DATA, 4285468598, 111867658, 0x0, 0
DATA, 4125556513, 227484236, 0x0, 0
DATA, 4257537269, 120450853, 0x0, 0
DATA, 84669716, 3828807388, 0x0, 0
DATA, 3758558424, 448923990, 0x0, 0
DATA, 4292215694, 4149935548, 0x0, 0
DATA, 3966698264, 4277530999, 0x0, 0
DATA, 244314414, 4047111413, 0x0, 0
DATA, 536207678, 48099270, 0x0, 0
DATA, 455086672, 20441272, 0x0, 0
DATA, 4103406617, 3880051310, 0x0, 0
DATA, 227807395, 705760914, 0x0, 0
DATA, 4190305325, 236586014, 0x0, 0
DATA, 4228120741, 731308762, 0x0, 0
DATA, 3951888249, 323155527, 0x0, 0
DATA, 275971103, 248443568, 0x0, 0
DATA, 154463189, 4037412281, 0x0, 0
DATA, 4001956289, 356721899, 0x0, 0
DATA, 44166170, 200468720, 0x0, 0
DATA, 4211470991, 3881631335, 0x0, 0
DATA, 307362531, 375062598, 0x0, 0
DATA, 3915776980, 3536720691, 0x0, 0
DATA, 4259568792, 4280545650, 0x0, 0
DATA, 367524126, 4070310507, 0x0, 0
DATA, 4278318587, 135791169, 0x0, 0
DATA, 3738704, 165677082, 0x0, 0
DATA, 4087085839, 81586535, 0x0, 0
DATA, 4285131763, 4142926683, 0x0, 0
DATA, 3869709636, 3748398393, 0x0, 0
DATA, 4244049367, 4095278530, 0x0, 0
DATA, 4172481490, 25883241, 0x0, 0
DATA, 162722378, 4058972003, 0x0, 0
DATA, 223084358, 61014586, 0x0, 0
DATA, 81266818, 3839032966, 0x0, 0
DATA, 4154721871, 4190961593, 0x0, 0
DATA, 12129711, 109377440, 0x0, 0
DATA, 237627804, 4101630197, 0x0, 0
DATA, 330369132, 274341571, 0x0, 0
DATA, 3788832680, 48698735, 0x0, 0
DATA, 256116497, 266338070, 0x0, 0
DATA, 242543091, 4210293615, 0x0, 0
DATA, 693038483, 4075952277, 0x0, 0
DATA, 4140828590, 100662551, 0x0, 0
DATA, 3985573800, 3993964484, 0x0, 0
DATA, 65201897, 67173136, 0x0, 0
DATA, 320671120, 0, 0x0F, 1
DATA, 268369924, 171905129, 0x0, 0
DATA, 4186632597, 4141806475, 0x0, 0
DATA, 4027642558, 238295194, 0x0, 0
DATA, 130807976, 307555665, 0x0, 0
DATA, 198111078, 144245967, 0x0, 0
DATA, 506724614, 23730677, 0x0, 0
DATA, 4066251355, 4259119665, 0x0, 0
DATA, 3479176034, 4029350805, 0x0, 0
DATA, 4092587524, 297201018, 0x0, 0
DATA, 3997304669, 3727681764, 0x0, 0
DATA, 4283696226, 4234278676, 0x0, 0
DATA, 4071160304, 3805408293, 0x0, 0
DATA, 4138730111, 164431994, 0x0, 0
DATA, 4257485662, 84352465, 0x0, 0
DATA, 125968714, 30271131, 0x0, 0
DATA, 50209278, 151517931, 0x0, 0
DATA, 3920955540, 324862127, 0x0, 0
DATA, 4087023054, 119347610, 0x0, 0
DATA, 469170299, 6750549, 0x0, 0
DATA, 4155831674, 67504519, 0x0, 0
DATA, 423951029, 357174173, 0x0, 0
DATA, 4234279301, 4135844308, 0x0, 0
DATA, 353043449, 421859286, 0x0, 0
DATA, 4250863759, 107741812, 0x0, 0
DATA, 137562180, 96465367, 0x0, 0
DATA, 3921478573, 3858300740, 0x0, 0
DATA, 4043711012, 3798528502, 0x0, 0
DATA, 80603387, 4232181985, 0x0, 0
DATA, 4218355939, 3908960511, 0x0, 0
DATA, 4120510779, 3807975106, 0x0, 0
DATA, 3702454268, 4252299887, 0x0, 0
DATA, 4004709977, 4179882972, 0x0, 0
DATA, 3958306100, 112916310, 0x0, 0
DATA, 488900426, 15929064, 0x0, 0
DATA, 3906995373, 178193298, 0x0, 0
DATA, 489418683, 268699854, 0x0, 0
DATA, 4145811063, 4188340714, 0x0, 0
DATA, 4202437709, 4078372965, 0x0, 0
DATA, 3988713207, 4175822759, 0x0, 0
DATA, 174782663, 245166341, 0x0, 0
DATA, 3684701926, 4008174141, 0x0, 0
DATA, 203159900, 207823804, 0x0, 0
DATA, 363661083, 4140244042, 0x0, 0
DATA, 118356615, 58723485, 0x0, 0
DATA, 213319838, 3997694318, 0x0, 0
DATA, 130418444, 27324057, 0x0, 0
DATA, 161350269, 3830644675, 0x0, 0
DATA, 3876518138, 215219097, 0x0, 0
DATA, 99945845, 4258921527, 0x0, 0
DATA, 4065197493, 3896963947, 0x0, 0
DATA, 212205238, 91355534, 0x0, 0
DATA, 465706126, 4284350169, 0x0, 0
DATA, 4196209047, 175247581, 0x0, 0
DATA, 4133486166, 9234793, 0x0, 0
DATA, 587536088, 4144106048, 0x0, 0
DATA, 4164485013, 117638212, 0x0, 0
DATA, 57997554, 123799146, 0x0, 0
DATA, 4078826618, 126945313, 0x0, 0
DATA, 385476148, 119340179, 0x0, 0
DATA, 4199356919, 3979348209, 0x0, 0
DATA, 218823920, 266337385, 0x0, 0
DATA, 11469532, 3764122507, 0x0, 0
DATA, 412944134, 4157993832, 0x0, 0
DATA, 3699316144, 4165267562, 0x0, 0
DATA, 104917529, 0, 0x0F, 1
DATA, 2415853577, 17822426, 0x0, 0
DATA, 31328477, 3919509658, 0x0, 0
DATA, 1028328076, 4009754297, 0x0, 0
DATA, 461305588, 3976725152, 0x0, 0
DATA, 239142920, 338162714, 0x0, 0
DATA, 4217044620, 3665565940, 0x0, 0
DATA, 155056277, 30539440, 0x0, 0
DATA, 500633767, 4248174076, 0x0, 0
DATA, 136317267, 70913868, 0x0, 0
DATA, 4195092543, 130676691, 0x0, 0
DATA, 4288999474, 4098097276, 0x0, 0
DATA, 4060944538, 4243064213, 0x0, 0
DATA, 4192008604, 330952720, 0x0, 0
DATA, 4276093710, 4157462344, 0x0, 0
DATA, 429989064, 444404761, 0x0, 0
DATA, 238485516, 145945733, 0x0, 0
DATA, 4117756952, 527892974, 0x0, 0
DATA, 288755482, 4265812124, 0x0, 0
DATA, 4318894, 4294837180, 0x0, 0
DATA, 4268023605, 4279241610, 0x0, 0
DATA, 4151510378, 178452615, 0x0, 0
DATA, 3942383852, 4133555209, 0x0, 0
DATA, 4253022929, 642059588, 0x0, 0
DATA, 147976098, 132056593, 0x0, 0
DATA, 4152157611, 4206034410, 0x0, 0
DATA, 423625179, 425139009, 0x0, 0
DATA, 334889355, 4205119090, 0x0, 0
DATA, 4093250785, 113113704, 0x0, 0
DATA, 4238477812, 89064588, 0x0, 0
DATA, 4114541371, 3891193821, 0x0, 0
DATA, 237368675, 23726293, 0x0, 0
DATA, 4218284192, 4043829116, 0x0, 0
DATA, 4274586291, 365821610, 0x0, 0
DATA, 4242142136, 3813148410, 0x0, 0
DATA, 4279044102, 3963358536, 0x0, 0
DATA, 3727491380, 213122905, 0x0, 0
DATA, 4202884291, 4158393593, 0x0, 0
DATA, 46459423, 23715990, 0x0, 0
DATA, 85134538, 349634618, 0x0, 0
DATA, 248704444, 130224240, 0x0, 0
DATA, 4201443942, 4272166944, 0x0, 0
DATA, 278065419, 3960667100, 0x0, 0
DATA, 223346779, 115539652, 0x0, 0
DATA, 178852358, 246480374, 0x0, 0
DATA, 4067034842, 3824093138, 0x0, 0
DATA, 401342793, 350091046, 0x0, 0
DATA, 47643812, 648545916, 0x0, 0
DATA, 4253940993, 487000730, 0x0, 0
DATA, 4183490930, 46464245, 0x0, 0
DATA, 198768747, 4206880427, 0x0, 0
DATA, 4188276494, 3976408589, 0x0, 0
DATA, 3726837535, 527232877, 0x0, 0
DATA, 4155051770, 78565363, 0x0, 0
DATA, 423489433, 4192788026, 0x0, 0
DATA, 304873926, 265223433, 0x0, 0
DATA, 4270196834, 4152033376, 0x0, 0
DATA, 4071816387, 4062443414, 0x0, 0
DATA, 3987730324, 3844474959, 0x0, 0
DATA, 3896379153, 122554153, 0x0, 0
DATA, 257026411, 37743396, 0x0, 0
DATA, 395770711, 257550334, 0x0, 0
DATA, 3803312786, 39912944, 0x0, 0
DATA, 201004745, 4029607734, 0x0, 0
DATA, 4213510858, 265416827, 0x0, 0
DATA, 254156373, 0, 0x0F, 1
DATA, 2415853573, 4134793639, 0x0, 0
DATA, 4042593178, 442169956, 0x0, 0
DATA, 373291227, 4269013178, 0x0, 0
DATA, 3928949459, 117182372, 0x0, 0
DATA, 300485684, 18545616, 0x0, 0
DATA, 181731916, 2229856, 0x0, 0
DATA, 273480796, 4099208855, 0x0, 0
DATA, 4174771173, 214501627, 0x0, 0
DATA, 253429956, 4064809203, 0x0, 0
DATA, 3858034170, 158323623, 0x0, 0
DATA, 146339239, 217910745, 0x0, 0
DATA, 3559320066, 4183427844, 0x0, 0
DATA, 4162519892, 4083025107, 0x0, 0
DATA, 338294143, 4057128647, 0x0, 0
DATA, 4203210302, 406521839, 0x0, 0
DATA, 4188011481, 260102623, 0x0, 0
DATA, 4061464054, 243596610, 0x0, 0
DATA, 42995542, 399121004, 0x0, 0
DATA, 76347691, 4010875114, 0x0, 0
DATA, 406188315, 4004907058, 0x0, 0
DATA, 4162254155, 123863262, 0x0, 0
DATA, 4001558950, 4038643540, 0x0, 0
DATA, 3907908152, 4105108048, 0x0, 0
DATA, 3747414797, 3947500479, 0x0, 0
DATA, 6884381, 4280289574, 0x0, 0
DATA, 3946115786, 36252497, 0x0, 0
DATA, 280232644, 4268358183, 0x0, 0
DATA, 4093509417, 267522474, 0x0, 0
DATA, 10416478, 4147579084, 0x0, 0
DATA, 209319844, 374933059, 0x0, 0
DATA, 34865462, 878244113, 0x0, 0
DATA, 1642324, 262660795, 0x0, 0
DATA, 3994615562, 4157273206, 0x0, 0
DATA, 104264455, 8909526, 0x0, 0
DATA, 230354408, 4122476974, 0x0, 0
DATA, 3759405266, 205651027, 0x0, 0
DATA, 4128378926, 477498653, 0x0, 0
DATA, 92990678, 588258784, 0x0, 0
DATA, 4182569773, 4293400541, 0x0, 0
DATA, 64619810, 153879375, 0x0, 0
DATA, 3915770786, 137620744, 0x0, 0
DATA, 65925747, 437711700, 0x0, 0
DATA, 4261418644, 4161797579, 0x0, 0
DATA, 263778717, 30933148, 0x0, 0
DATA, 233052679, 18809096, 0x0, 0
DATA, 94235981, 276359773, 0x0, 0
DATA, 220469055, 4252436907, 0x0, 0
DATA, 3995405205, 4010409216, 0x0, 0
DATA, 181336545, 168624393, 0x0, 0
DATA, 4027522402, 4153534882, 0x0, 0
DATA, 4067032074, 335670897, 0x0, 0
DATA, 103935745, 4107010463, 0x0, 0
DATA, 4197057103, 142539525, 0x0, 0
DATA, 26677354, 118547524, 0x0, 0
DATA, 4184730849, 257033742, 0x0, 0
DATA, 4258793590, 433265135, 0x0, 0
DATA, 96927392, 4203677986, 0x0, 0
DATA, 4114748582, 198700222, 0x0, 0
DATA, 184941388, 4203941191, 0x0, 0
DATA, 4151043274, 4262186217, 0x0, 0
DATA, 289281242, 4036165959, 0x0, 0
DATA, 196600580, 4277994921, 0x0, 0
DATA, 4097771119, 81394049, 0x0, 0
DATA, 4093574628, 192214461, 0x0, 0
DATA, 4293257231, 0, 0x0F, 1
DATA, 2415853578, 3814917147, 0x0, 0
DATA, 43445821, 4161604103, 0x0, 0
DATA, 4197126342, 4119006211, 0x0, 0
DATA, 534904570, 4049925737, 0x0, 0
DATA, 84147731, 4113038480, 0x0, 0
DATA, 4123651958, 207553522, 0x0, 0
DATA, 84143891, 8916557, 0x0, 0
DATA, 4086756715, 111738166, 0x0, 0
DATA, 4013943757, 3887858293, 0x0, 0
DATA, 3990155523, 4164220581, 0x0, 0
DATA, 4161210748, 4243129316, 0x0, 0
DATA, 4166776914, 3961650048, 0x0, 0
DATA, 107221802, 4042856761, 0x0, 0
DATA, 149356961, 4284418976, 0x0, 0
DATA, 4075888366, 198118886, 0x0, 0
DATA, 277349114, 239466877, 0x0, 0
DATA, 781594234, 4164746025, 0x0, 0
DATA, 165282205, 205650084, 0x0, 0
DATA, 3835234313, 3838967880, 0x0, 0
DATA, 119145337, 135467618, 0x0, 0
DATA, 3657895131, 68487806, 0x0, 0
DATA, 4108249648, 3575714836, 0x0, 0
DATA, 3891727938, 68026558, 0x0, 0
DATA, 4179885092, 26540691, 0x0, 0
DATA, 4255318551, 4197982311, 0x0, 0
DATA, 206632913, 221122329, 0x0, 0
DATA, 71237021, 183240124, 0x0, 0
DATA, 3873108196, 304943736, 0x0, 0
DATA, 68351011, 4268617392, 0x0, 0
DATA, 4207017168, 92464643, 0x0, 0
DATA, 191032339, 4025604813, 0x0, 0
DATA, 4115667017, 174652793, 0x0, 0
DATA, 174650531, 63377921, 0x0, 0
DATA, 3932881232, 380306597, 0x0, 0
DATA, 3689806919, 4162841184, 0x0, 0
DATA, 251459994, 4185394982, 0x0, 0
DATA, 4171697796, 4236376836, 0x0, 0
DATA, 94107529, 4099150655, 0x0, 0
DATA, 4257346711, 107806194, 0x0, 0
DATA, 3992057996, 3858630995, 0x0, 0
DATA, 22875420, 4214483966, 0x0, 0
DATA, 3965060871, 246552002, 0x0, 0
DATA, 3860336231, 185140256, 0x0, 0
DATA, 4018929405, 4173467419, 0x0, 0
DATA, 80084924, 3779924497, 0x0, 0
DATA, 98629999, 4083022775, 0x0, 0
DATA, 111862284, 127139806, 0x0, 0
DATA, 4261150024, 3798335817, 0x0, 0
DATA, 451673068, 4209181636, 0x0, 0
DATA, 71565149, 3826645549, 0x0, 0
DATA, 4124044715, 45742382, 0x0, 0
DATA, 50331590, 4291491216, 0x0, 0
DATA, 238423836, 55575263, 0x0, 0
DATA, 4167239457, 3865052959, 0x0, 0
DATA, 659813165, 3716877980, 0x0, 0
DATA, 4150129990, 4151249841, 0x0, 0
DATA, 142931349, 64096809, 0x0, 0
DATA, 31586549, 4291037796, 0x0, 0
DATA, 4123725624, 149031205, 0x0, 0
DATA, 99157438, 16514076, 0x0, 0
DATA, 187952615, 317258580, 0x0, 0
DATA, 4259252446, 20959313, 0x0, 0
DATA, 4001566973, 290588611, 0x0, 0
DATA, 4122542532, 194441735, 0x0, 0
DATA, 4074632139, 0, 0x0F, 1
DATA, 2415853574, 376106764, 0x0, 0
DATA, 4238144825, 690617709, 0x0, 0
DATA, 19857849, 3612159290, 0x0, 0
DATA, 4203878593, 30995771, 0x0, 0
DATA, 4256496098, 184290558, 0x0, 0
DATA, 98625650, 4270189045, 0x0, 0
DATA, 240064237, 420484451, 0x0, 0
DATA, 4244313269, 350424523, 0x0, 0
DATA, 285414474, 155912388, 0x0, 0
DATA, 3865837894, 3861249704, 0x0, 0
DATA, 4213634725, 4268616202, 0x0, 0
DATA, 3906536350, 16518298, 0x0, 0
DATA, 89065695, 27657060, 0x0, 0
DATA, 4226020153, 3900704100, 0x0, 0
DATA, 3871871736, 241951391, 0x0, 0
DATA, 4001229136, 4288935577, 0x0, 0
DATA, 457510928, 97510075, 0x0, 0
DATA, 31063252, 238162748, 0x0, 0
DATA, 4171687578, 1508807, 0x0, 0
DATA, 4072262847, 441257071, 0x0, 0
DATA, 4159631923, 218564143, 0x0, 0
DATA, 77926001, 3836215695, 0x0, 0
DATA, 186054035, 4057596026, 0x0, 0
DATA, 31918441, 244903956, 0x0, 0
DATA, 4236249110, 3932684457, 0x0, 0
DATA, 39059030, 4103932766, 0x0, 0
DATA, 549132517, 121439617, 0x0, 0
DATA, 3670993, 4032432176, 0x0, 0
DATA, 252243543, 656738763, 0x0, 0
DATA, 3852076107, 4168090910, 0x0, 0
DATA, 452849341, 3989048363, 0x0, 0
DATA, 4122807386, 4231325953, 0x0, 0
DATA, 322238612, 4277270060, 0x0, 0
DATA, 4030265332, 403304283, 0x0, 0
DATA, 550890948, 4227000755, 0x0, 0
DATA, 126482091, 4159970285, 0x0, 0
DATA, 4151706941, 4055949981, 0x0, 0
DATA, 4272749135, 4176999903, 0x0, 0
DATA, 92725426, 42663667, 0x0, 0
DATA, 677113342, 3858825281, 0x0, 0
DATA, 4044225927, 3868518961, 0x0, 0
DATA, 484311249, 4224056761, 0x0, 0
DATA, 3750360275, 119678510, 0x0, 0
DATA, 161801963, 207748119, 0x0, 0
DATA, 4150394498, 4089443016, 0x0, 0
DATA, 65473855, 223471776, 0x0, 0
DATA, 39711163, 191431945, 0x0, 0
DATA, 429126531, 210505845, 0x0, 0
DATA, 211675618, 3950383482, 0x0, 0
DATA, 3932944046, 4123068743, 0x0, 0
DATA, 4261083781, 93653017, 0x0, 0
DATA, 271973800, 91807352, 0x0, 0
DATA, 4276278254, 203492116, 0x0, 0
DATA, 43900046, 543685868, 0x0, 0
DATA, 63100634, 4269862557, 0x0, 0
DATA, 377100414, 246737399, 0x0, 0
DATA, 23204542, 4138533612, 0x0, 0
DATA, 4193452330, 3893161092, 0x0, 0
DATA, 4173470214, 43703225, 0x0, 0
DATA, 4287294123, 160042672, 0x0, 0
DATA, 4169593826, 356517037, 0x0, 0
DATA, 3900374483, 215482208, 0x0, 0
DATA, 4151521276, 4037998147, 0x0, 0
DATA, 44693677, 465899679, 0x0, 0
DATA, 239602739, 0, 0x0F, 1
DATA, 268369931, 4010409699, 0x0, 0
DATA, 3966237768, 345636700, 0x0, 0
DATA, 265744653, 4272685762, 0x0, 0
DATA, 3972334394, 4089705890, 0x0, 0
DATA, 4227455363, 168296050, 0x0, 0
DATA, 136507278, 4077251638, 0x0, 0
DATA, 328011737, 4186247899, 0x0, 0
DATA, 3629913247, 12452318, 0x0, 0
DATA, 4282448996, 91553652, 0x0, 0
DATA, 4117629307, 112130931, 0x0, 0
DATA, 4202753358, 13495338, 0x0, 0
DATA, 3863603507, 37093794, 0x0, 0
DATA, 4267500934, 225044512, 0x0, 0
DATA, 4217245924, 4194171015, 0x0, 0
DATA, 88798069, 3923310041, 0x0, 0
DATA, 4245556968, 4007527676, 0x0, 0
DATA, 79112976, 772406580, 0x0, 0
DATA, 4216065036, 340267829, 0x0, 0
DATA, 4140896396, 167053982, 0x0, 0
DATA, 3817799482, 4140900768, 0x0, 0
DATA, 24183340, 65476067, 0x0, 0
DATA, 95878886, 3972530726, 0x0, 0
DATA, 4069387810, 242350675, 0x0, 0
DATA, 4209058889, 504565122, 0x0, 0
DATA, 4239317756, 3992840183, 0x0, 0
DATA, 4204136787, 126876714, 0x0, 0
DATA, 4165667435, 4234806655, 0x0, 0
DATA, 234162425, 110363988, 0x0, 0
DATA, 3849844041, 423421236, 0x0, 0
DATA, 4112904131, 4215936400, 0x0, 0
DATA, 3935112313, 141554718, 0x0, 0
DATA, 4038456717, 4068011126, 0x0, 0
DATA, 4227528841, 17229195, 0x0, 0
DATA, 4166124811, 36630656, 0x0, 0
DATA, 4179556055, 138347745, 0x0, 0
DATA, 4284024414, 3967413751, 0x0, 0
DATA, 481096014, 174782780, 0x0, 0
DATA, 540605779, 3994415439, 0x0, 0
DATA, 610467576, 4281922153, 0x0, 0
DATA, 68483472, 3978944866, 0x0, 0
DATA, 4246544253, 253170498, 0x0, 0
DATA, 4167826405, 3992714905, 0x0, 0
DATA, 172166982, 3833395069, 0x0, 0
DATA, 21495672, 162453911, 0x0, 0
DATA, 238813079, 3977575853, 0x0, 0
DATA, 4211865663, 49407824, 0x0, 0
DATA, 357630598, 3919188848, 0x0, 0
DATA, 52492645, 206043015, 0x0, 0
DATA, 4210420133, 144237006, 0x0, 0
DATA, 98106752, 4142328301, 0x0, 0
DATA, 184611373, 199422879, 0x0, 0
DATA, 4242337534, 4232515970, 0x0, 0
DATA, 572977605, 271050290, 0x0, 0
DATA, 3797615925, 81192703, 0x0, 0
DATA, 77061662, 4170188176, 0x0, 0
DATA, 402457633, 3655988800, 0x0, 0
DATA, 259655170, 352916088, 0x0, 0
DATA, 41621590, 510789214, 0x0, 0
DATA, 4098881103, 3818394656, 0x0, 0
DATA, 4218689311, 4202953230, 0x0, 0
DATA, 247006055, 317258804, 0x0, 0
DATA, 4159237461, 38535259, 0x0, 0
DATA, 4047110840, 184225470, 0x0, 0
DATA, 3703243630, 4137023036, 0x0, 0
DATA, 4101114036, 0, 0x0F, 1
DATA, 268369927, 4100130703, 0x0, 0
DATA, 51911718, 21762544, 0x0, 0
DATA, 430500120, 4288158415, 0x0, 0
DATA, 4259575064, 317194083, 0x0, 0
DATA, 153806413, 4129556517, 0x0, 0
DATA, 180869040, 4180339760, 0x0, 0
DATA, 4230286952, 4197848064, 0x0, 0
DATA, 276625771, 46663546, 0x0, 0
DATA, 303366050, 19343107, 0x0, 0
DATA, 47712124, 4045148624, 0x0, 0
DATA, 4156167468, 4281334277, 0x0, 0
DATA, 63771084, 304015265, 0x0, 0
DATA, 435426134, 4056476947, 0x0, 0
DATA, 145035648, 4210611957, 0x0, 0
DATA, 626720735, 186906702, 0x0, 0
DATA, 121243109, 3709399826, 0x0, 0
DATA, 60094177, 17695398, 0x0, 0
DATA, 283574401, 4276223470, 0x0, 0
DATA, 4161667290, 19331077, 0x0, 0
DATA, 3701405055, 4112974285, 0x0, 0
DATA, 136313971, 57410950, 0x0, 0
DATA, 13761996, 4054389751, 0x0, 0
DATA, 3808364532, 89525822, 0x0, 0
DATA, 4282319712, 4161005225, 0x0, 0
DATA, 4130275792, 4145411370, 0x0, 0
DATA, 3698516015, 149094926, 0x0, 0
DATA, 44502685, 59830065, 0x0, 0
DATA, 258931871, 4208595805, 0x0, 0
DATA, 4118475915, 4039644620, 0x0, 0
DATA, 3810257935, 4199226721, 0x0, 0
DATA, 4066636448, 85458509, 0x0, 0
DATA, 111538891, 3722045763, 0x0, 0
DATA, 3954706709, 4133558715, 0x0, 0
DATA, 471403334, 4165602495, 0x0, 0
DATA, 4169459387, 153549850, 0x0, 0
DATA, 4237155547, 4246866029, 0x0, 0
DATA, 3997171530, 224006659, 0x0, 0
DATA, 238484518, 4044027458, 0x0, 0
DATA, 4023910331, 3891729423, 0x0, 0
DATA, 4218221316, 161548490, 0x0, 0
DATA, 583272416, 4201447819, 0x0, 0
DATA, 436990587, 12253051, 0x0, 0
DATA, 599521240, 26866297, 0x0, 0
DATA, 245823566, 4153602606, 0x0, 0
DATA, 110824786, 72749267, 0x0, 0
DATA, 339207202, 144770521, 0x0, 0
DATA, 267905083, 4198107477, 0x0, 0
DATA, 4088588330, 282853987, 0x0, 0
DATA, 475922605, 4067356178, 0x0, 0
DATA, 823135058, 147844523, 0x0, 0
DATA, 4227074672, 3970302995, 0x0, 0
DATA, 3660185897, 157998848, 0x0, 0
DATA, 4141811934, 4197059673, 0x0, 0
DATA, 245368100, 4293659856, 0x0, 0
DATA, 3903909614, 149154356, 0x0, 0
DATA, 395506372, 4223794061, 0x0, 0
DATA, 4056880897, 152373220, 0x0, 0
DATA, 203623577, 4174849813, 0x0, 0
DATA, 4153279950, 3663463955, 0x0, 0
DATA, 32571285, 96924824, 0x0, 0
DATA, 324073685, 329062091, 0x0, 0
DATA, 3849058295, 4178770880, 0x0, 0
DATA, 282655567, 4157666412, 0x0, 0
DATA, 3961776678, 3799714622, 0x0, 0
DATA, 3841584147, 0, 0x0F, 1
DATA, 2415853580, 302707509, 0x0, 0
DATA, 51910534, 171637597, 0x0, 0
DATA, 4027905453, 164758307, 0x0, 0
DATA, 35714504, 112261998, 0x0, 0
DATA, 185007467, 4222030881, 0x0, 0
DATA, 4084205604, 111869532, 0x0, 0
DATA, 4114544795, 4242724998, 0x0, 0
DATA, 318378809, 87743325, 0x0, 0
DATA, 4013746940, 65211348, 0x0, 0
DATA, 4200195566, 204410384, 0x0, 0
DATA, 33751154, 4232052030, 0x0, 0
DATA, 4271303065, 4151178960, 0x0, 0
DATA, 186190691, 61736175, 0x0, 0
DATA, 4066963612, 4291100161, 0x0, 0
DATA, 3753251641, 3551065237, 0x0, 0
DATA, 95876934, 4184674468, 0x0, 0
DATA, 4233033004, 588710430, 0x0, 0
DATA, 366934771, 215814811, 0x0, 0
DATA, 4188529663, 4074501306, 0x0, 0
DATA, 317457793, 4047040576, 0x0, 0
DATA, 13377568, 355995610, 0x0, 0
DATA, 3944800815, 345764083, 0x0, 0
DATA, 240448076, 250351000, 0x0, 0
DATA, 3884450160, 4272686882, 0x0, 0
DATA, 42857358, 4255831918, 0x0, 0
DATA, 4245419391, 4122150254, 0x0, 0
DATA, 3994872130, 4234018296, 0x0, 0
DATA, 52695167, 4271176230, 0x0, 0
DATA, 224391874, 22675406, 0x0, 0
DATA, 3972728728, 4119134718, 0x0, 0
DATA, 4047898781, 92341157, 0x0, 0
DATA, 4088135742, 4263769322, 0x0, 0
DATA, 120587364, 4182045914, 0x0, 0
DATA, 312341828, 4169789314, 0x0, 0
DATA, 192935792, 373355349, 0x0, 0
DATA, 4226741708, 4282065911, 0x0, 0
DATA, 4111727916, 3879596386, 0x0, 0
DATA, 3948408938, 442041956, 0x0, 0
DATA, 770433702, 331546773, 0x0, 0
DATA, 4135461033, 4121363495, 0x0, 0
DATA, 144375516, 541984783, 0x0, 0
DATA, 436535459, 3793418278, 0x0, 0
DATA, 3810723512, 290649086, 0x0, 0
DATA, 417340649, 4039377008, 0x0, 0
DATA, 147068353, 4123589940, 0x0, 0
DATA, 4163174837, 4180213826, 0x0, 0
DATA, 4218554556, 448859988, 0x0, 0
DATA, 273343628, 4046123192, 0x0, 0
DATA, 4092592028, 4261354825, 0x0, 0
DATA, 341379820, 19722774, 0x0, 0
DATA, 4043438391, 4239453919, 0x0, 0
DATA, 4259116747, 4044627208, 0x0, 0
DATA, 291114924, 4224446001, 0x0, 0
DATA, 4188140195, 3967687127, 0x0, 0
DATA, 386260576, 55573052, 0x0, 0
DATA, 3967688028, 563022101, 0x0, 0
DATA, 203881630, 4127651090, 0x0, 0
DATA, 3667987127, 4078564735, 0x0, 0
DATA, 274591640, 4158385564, 0x0, 0
DATA, 408743697, 4198699509, 0x0, 0
DATA, 586932501, 3774607414, 0x0, 0
DATA, 547758060, 284949157, 0x0, 0
DATA, 4050906925, 4179298460, 0x0, 0
DATA, 4122212653, 239014467, 0x0, 0
DATA, 4169463471, 0, 0x0F, 1
DATA, 2415853568, 4086361497, 0x0, 0
DATA, 202834777, 160033738, 0x0, 0
DATA, 298253330, 199813096, 0x0, 0
DATA, 3969185411, 4266716314, 0x0, 0
DATA, 278653285, 4129423296, 0x0, 0
DATA, 4143446695, 3590528827, 0x0, 0
DATA, 4254599280, 3927441538, 0x0, 0
DATA, 43450486, 206372483, 0x0, 0
DATA, 49935826, 156432006, 0x0, 0
DATA, 100082229, 4216980167, 0x0, 0
DATA, 4212855073, 4290447830, 0x0, 0
DATA, 130090477, 4227206190, 0x0, 0
DATA, 267585860, 9628503, 0x0, 0
DATA, 4033610738, 4056025260, 0x0, 0
DATA, 81654258, 133104870, 0x0, 0
DATA, 165346579, 141302927, 0x0, 0
DATA, 3922916269, 52884432, 0x0, 0
DATA, 64884168, 4200401310, 0x0, 0
DATA, 3705728260, 4082302642, 0x0, 0
DATA, 4239070097, 42862675, 0x0, 0
DATA, 330754074, 43908046, 0x0, 0
DATA, 3976392485, 4008963549, 0x0, 0
DATA, 3987213350, 3964470919, 0x0, 0
DATA, 642708786, 652154469, 0x0, 0
DATA, 214636987, 300926933, 0x0, 0
DATA, 4117552225, 4160292455, 0x0, 0
DATA, 4260300331, 3916561899, 0x0, 0
DATA, 127006316, 485627365, 0x0, 0
DATA, 4212981082, 4192067904, 0x0, 0
DATA, 3976722124, 523703609, 0x0, 0
DATA, 3933207685, 4210685656, 0x0, 0
DATA, 4294050082, 108331110, 0x0, 0
DATA, 511188822, 431813283, 0x0, 0
DATA, 4140629763, 46923886, 0x0, 0
DATA, 4077582370, 3999789783, 0x0, 0
DATA, 50791224, 424871118, 0x0, 0
DATA, 3813082192, 3839628782, 0x0, 0
DATA, 4257159863, 3801086297, 0x0, 0
DATA, 103159613, 4158915571, 0x0, 0
DATA, 92536870, 4042914685, 0x0, 0
DATA, 145881190, 638188086, 0x0, 0
DATA, 4262065195, 248841222, 0x0, 0
DATA, 4175627619, 4149811673, 0x0, 0
DATA, 4096200166, 3757304915, 0x0, 0
DATA, 155193171, 4456806, 0x0, 0
DATA, 123142134, 4128828646, 0x0, 0
DATA, 192287005, 4116773873, 0x0, 0
DATA, 291897744, 3563323172, 0x0, 0
DATA, 480509020, 147062660, 0x0, 0
DATA, 4221433223, 334168172, 0x0, 0
DATA, 249757594, 3786347238, 0x0, 0
DATA, 4207156129, 4106812680, 0x0, 0
DATA, 66185600, 4134799981, 0x0, 0
DATA, 221832655, 4200665366, 0x0, 0
DATA, 234095375, 710936404, 0x0, 0
DATA, 94958416, 101902070, 0x0, 0
DATA, 4239783754, 3903450365, 0x0, 0
DATA, 4087415042, 524742205, 0x0, 0
DATA, 4244574686, 202510590, 0x0, 0
DATA, 4229165724, 4116052507, 0x0, 0
DATA, 47385136, 3806656797, 0x0, 0
DATA, 141101542, 31059795, 0x0, 0
DATA, 320343384, 282393793, 0x0, 0
DATA, 4063484111, 104795669, 0x0, 0
DATA, 3964205450, 0, 0x0F, 1
DATA, 268369933, 4187685533, 0x0, 0
DATA, 4172738276, 4225175150, 0x0, 0
DATA, 39321745, 4072142956, 0x0, 0
DATA, 52355427, 4068936710, 0x0, 0
DATA, 207622787, 4027773101, 0x0, 0
DATA, 4035644585, 158205223, 0x0, 0
DATA, 170145118, 4190963083, 0x0, 0
DATA, 118879883, 45083648, 0x0, 0
DATA, 366935553, 169868698, 0x0, 0
DATA, 4179630293, 383059059, 0x0, 0
DATA, 4178043373, 50199758, 0x0, 0
DATA, 68811670, 213313878, 0x0, 0
DATA, 4291884473, 44632690, 0x0, 0
DATA, 55505022, 4153600273, 0x0, 0
DATA, 3663203691, 4275429285, 0x0, 0
DATA, 448984947, 105781434, 0x0, 0
DATA, 375199174, 317392206, 0x0, 0
DATA, 257357225, 52950384, 0x0, 0
DATA, 4145940273, 4053732601, 0x0, 0
DATA, 3712941781, 4229626766, 0x0, 0
DATA, 4251124980, 98045042, 0x0, 0
DATA, 448464244, 168891157, 0x0, 0
DATA, 188739552, 65925643, 0x0, 0
DATA, 144515053, 3737062260, 0x0, 0
DATA, 4066375598, 4261091062, 0x0, 0
DATA, 422250099, 15135423, 0x0, 0
DATA, 4229830969, 291570015, 0x0, 0
DATA, 67505785, 4214023510, 0x0, 0
DATA, 4086953812, 160236409, 0x0, 0
DATA, 4085969648, 3814002450, 0x0, 0
DATA, 4106678906, 306118875, 0x0, 0
DATA, 63571543, 4220255997, 0x0, 0
DATA, 114880692, 144578170, 0x0, 0
DATA, 595342, 4213382965, 0x0, 0
DATA, 481958023, 138805600, 0x0, 0
DATA, 9826167, 182848189, 0x0, 0
DATA, 4184139184, 4101306254, 0x0, 0
DATA, 4052881093, 93782015, 0x0, 0
DATA, 365689747, 363200928, 0x0, 0
DATA, 433126706, 8323196, 0x0, 0
DATA, 188875512, 165280332, 0x0, 0
DATA, 488310781, 171511877, 0x0, 0
DATA, 4168421549, 4246535479, 0x0, 0
DATA, 4220975659, 3767471900, 0x0, 0
DATA, 4017880246, 4278057215, 0x0, 0
DATA, 4172152923, 143520019, 0x0, 0
DATA, 4257082407, 429191069, 0x0, 0
DATA, 4193381720, 130143940, 0x0, 0
DATA, 4144294877, 3914600342, 0x0, 0
DATA, 3665101060, 4225963438, 0x0, 0
DATA, 340925659, 34014757, 0x0, 0
DATA, 145622395, 361489058, 0x0, 0
DATA, 3940610768, 4116447247, 0x0, 0
DATA, 3828283883, 4212853007, 0x0, 0
DATA, 149754590, 597627033, 0x0, 0
DATA, 165607724, 3908700202, 0x0, 0
DATA, 213111684, 4109701893, 0x0, 0
DATA, 358807473, 22542451, 0x0, 0
DATA, 249169331, 4063561439, 0x0, 0
DATA, 4151838791, 4164028296, 0x0, 0
DATA, 4145345044, 358279905, 0x0, 0
DATA, 4200922380, 4213842443, 0x0, 0
DATA, 25494358, 211163603, 0x0, 0
DATA, 217845073, 4143450150, 0x0, 0
DATA, 653659008, 0, 0x0F, 1
DATA, 268369921, 3904763035, 0x0, 0
DATA, 3750625667, 4281537493, 0x0, 0
DATA, 283050084, 191162326, 0x0, 0
DATA, 4242997056, 197068050, 0x0, 0
DATA, 178320001, 3958438865, 0x0, 0
DATA, 4195212567, 4099935955, 0x0, 0
DATA, 79423754, 240713933, 0x0, 0
DATA, 128579460, 296221529, 0x0, 0
DATA, 4117629318, 380236432, 0x0, 0
DATA, 3836868032, 3999469736, 0x0, 0
DATA, 193457325, 4070311349, 0x0, 0
DATA, 332719502, 222299230, 0x0, 0
DATA, 410721108, 4171816722, 0x0, 0
DATA, 286124226, 216860424, 0x0, 0
DATA, 4056876358, 4169589578, 0x0, 0
DATA, 50262823, 4175749300, 0x0, 0
DATA, 3830581564, 3921473267, 0x0, 0
DATA, 41814314, 88533208, 0x0, 0
DATA, 3881437609, 34876103, 0x0, 0
DATA, 360182687, 70318462, 0x0, 0
DATA, 4256626514, 182321267, 0x0, 0
DATA, 4151175056, 518646470, 0x0, 0
DATA, 252246675, 125042396, 0x0, 0
DATA, 392240330, 4264099715, 0x0, 0
DATA, 4056411173, 4207214808, 0x0, 0
DATA, 4031907465, 524548254, 0x0, 0
DATA, 18803977, 4286056117, 0x0, 0
DATA, 3955890021, 4281144545, 0x0, 0
DATA, 3977176587, 4289395605, 0x0, 0
DATA, 4273079514, 303628994, 0x0, 0
DATA, 212142019, 209651326, 0x0, 0
DATA, 4181982832, 4039441610, 0x0, 0
DATA, 116987095, 3969118876, 0x0, 0
DATA, 854584030, 315753773, 0x0, 0
DATA, 4242666156, 4123918543, 0x0, 0
DATA, 4261741819, 92802416, 0x0, 0
DATA, 204866280, 4262926973, 0x0, 0
DATA, 4279893828, 4157286288, 0x0, 0
DATA, 3934321781, 393936606, 0x0, 0
DATA, 4258136970, 108136793, 0x0, 0
DATA, 44629693, 4139447796, 0x0, 0
DATA, 694618516, 4141744618, 0x0, 0
DATA, 97713926, 109185828, 0x0, 0
DATA, 3859738313, 3797876790, 0x0, 0
DATA, 286200285, 249817180, 0x0, 0
DATA, 95293714, 60819547, 0x0, 0
DATA, 4168814026, 202176973, 0x0, 0
DATA, 274531317, 190970308, 0x0, 0
DATA, 4218349465, 4270846735, 0x0, 0
DATA, 216407162, 125960197, 0x0, 0
DATA, 4147121449, 4034911341, 0x0, 0
DATA, 4170120817, 114808503, 0x0, 0
DATA, 4279959463, 486737567, 0x0, 0
DATA, 3828878081, 145956503, 0x0, 0
DATA, 3794469433, 3996121828, 0x0, 0
DATA, 126293968, 3692951645, 0x0, 0
DATA, 4096327711, 4152687506, 0x0, 0
DATA, 315419248, 4077322674, 0x0, 0
DATA, 4264093584, 4213040322, 0x0, 0
DATA, 236781788, 158666725, 0x0, 0
DATA, 455014637, 4271236637, 0x0, 0
DATA, 3928878251, 3678666298, 0x0, 0
DATA, 404875690, 4017356629, 0x0, 0
DATA, 411637203, 136709627, 0x0, 0
DATA, 482082582, 0, 0x0F, 1
DATA, 268369934, 4230410153, 0x0, 0
DATA, 188947596, 4282446529, 0x0, 0
DATA, 4258987215, 368641005, 0x0, 0
DATA, 230291367, 4030598158, 0x0, 0
DATA, 410775338, 4162322309, 0x0, 0
DATA, 4258861309, 249889561, 0x0, 0
DATA, 4200928233, 78185340, 0x0, 0
DATA, 155904248, 4189775295, 0x0, 0
DATA, 306904333, 4043637522, 0x0, 0
DATA, 305785254, 3966307676, 0x0, 0
DATA, 4019850372, 4214754674, 0x0, 0
DATA, 157742973, 4088331843, 0x0, 0
DATA, 4103987471, 4186124, 0x0, 0
DATA, 3979145152, 4219792511, 0x0, 0
DATA, 3927307364, 4056941722, 0x0, 0
DATA, 237240770, 4024764872, 0x0, 0
DATA, 4225492331, 4237557710, 0x0, 0
DATA, 254736255, 4211085195, 0x0, 0
DATA, 3837528541, 196544886, 0x0, 0
DATA, 96732261, 4221761293, 0x0, 0
DATA, 49285970, 4032361872, 0x0, 0
DATA, 238287816, 3852868210, 0x0, 0
DATA, 2360255, 55180804, 0x0, 0
DATA, 4195615293, 4185916841, 0x0, 0
DATA, 4241361323, 4261087525, 0x0, 0
DATA, 3778808637, 3960733174, 0x0, 0
DATA, 89721412, 4042521303, 0x0, 0
DATA, 4136502551, 4001438092, 0x0, 0
DATA, 3904963880, 4220844994, 0x0, 0
DATA, 3574591934, 4256361257, 0x0, 0
DATA, 284426427, 46468714, 0x0, 0
DATA, 70117103, 59306854, 0x0, 0
DATA, 193465271, 4145412238, 0x0, 0
DATA, 4162458770, 4268420156, 0x0, 0
DATA, 328535809, 3865448720, 0x0, 0
DATA, 26802056, 423168698, 0x0, 0
DATA, 88338132, 31648945, 0x0, 0
DATA, 104668366, 4237948666, 0x0, 0
DATA, 4044489011, 4140824181, 0x0, 0
DATA, 472451070, 4065262948, 0x0, 0
DATA, 4234869761, 4130928355, 0x0, 0
DATA, 236712075, 48690610, 0x0, 0
DATA, 76282896, 282137268, 0x0, 0
DATA, 316277462, 268629656, 0x0, 0
DATA, 290648297, 3974039356, 0x0, 0
DATA, 3692827205, 133303124, 0x0, 0
DATA, 725491473, 254280752, 0x0, 0
DATA, 4164357881, 47581273, 0x0, 0
DATA, 4038592634, 88065500, 0x0, 0
DATA, 154667437, 176153721, 0x0, 0
DATA, 169277459, 4266989002, 0x0, 0
DATA, 33947023, 336656204, 0x0, 0
DATA, 76677581, 4190375059, 0x0, 0
DATA, 4064150927, 4288478953, 0x0, 0
DATA, 3972858507, 374797816, 0x0, 0
DATA, 442888035, 473235391, 0x0, 0
DATA, 52438022, 511834641, 0x0, 0
DATA, 403175237, 15594812, 0x0, 0
DATA, 243592275, 425318954, 0x0, 0
DATA, 4232778240, 3773160236, 0x0, 0
DATA, 3752786782, 235073634, 0x0, 0
DATA, 3958373454, 191436988, 0x0, 0
DATA, 4074508000, 158009634, 0x0, 0
DATA, 3890213194, 3956348822, 0x0, 0
DATA, 48304967, 0, 0x0F, 1
DATA, 268369922, 4227991115, 0x0, 0
DATA, 495978482, 4116772403, 0x0, 0
DATA, 209129008, 4151181162, 0x0, 0
DATA, 4182774357, 4260561142, 0x0, 0
DATA, 103549940, 111413956, 0x0, 0
DATA, 60158999, 174786406, 0x0, 0
DATA, 4230413575, 125958124, 0x0, 0
DATA, 4073917444, 112326941, 0x0, 0
DATA, 417731955, 4013035990, 0x0, 0
DATA, 4010738683, 3957723069, 0x0, 0
DATA, 498529712, 3964728092, 0x0, 0
DATA, 263582273, 4010868215, 0x0, 0
DATA, 216596386, 51318946, 0x0, 0
DATA, 4182242412, 386206790, 0x0, 0
DATA, 4141422674, 90314058, 0x0, 0
DATA, 4032364802, 4271104576, 0x0, 0
DATA, 3936746085, 4139583414, 0x0, 0
DATA, 211880560, 16057345, 0x0, 0
DATA, 100798728, 4131062763, 0x0, 0
DATA, 203814803, 3913481657, 0x0, 0
DATA, 38352042, 256445213, 0x0, 0
DATA, 281599917, 3855548800, 0x0, 0
DATA, 124198, 304345007, 0x0, 0
DATA, 143196489, 51576904, 0x0, 0
DATA, 157617529, 4014279416, 0x0, 0
DATA, 4105107151, 330230735, 0x0, 0
DATA, 152118071, 4252043501, 0x0, 0
DATA, 4279110031, 3933927256, 0x0, 0
DATA, 159510318, 91422727, 0x0, 0
DATA, 626071346, 3956408154, 0x0, 0
DATA, 102242575, 4082762207, 0x0, 0
DATA, 93384589, 4185718046, 0x0, 0
DATA, 4183030794, 257815275, 0x0, 0
DATA, 45808564, 290510143, 0x0, 0
DATA, 3789030402, 4059888094, 0x0, 0
DATA, 157872379, 340525963, 0x0, 0
DATA, 336719900, 4216657578, 0x0, 0
DATA, 220724848, 248312001, 0x0, 0
DATA, 4113109248, 3808030570, 0x0, 0
DATA, 3790545023, 4014080147, 0x0, 0
DATA, 83698338, 4004120980, 0x0, 0
DATA, 4153795586, 406718303, 0x0, 0
DATA, 144704050, 4192533557, 0x0, 0
DATA, 3732670957, 4163370059, 0x0, 0
DATA, 160101179, 177935798, 0x0, 0
DATA, 4266461458, 4193722927, 0x0, 0
DATA, 96864906, 4197781792, 0x0, 0
DATA, 162983561, 4252768055, 0x0, 0
DATA, 411301061, 4014741283, 0x0, 0
DATA, 4273996715, 323936973, 0x0, 0
DATA, 186189438, 4044811413, 0x0, 0
DATA, 3971080283, 306517693, 0x0, 0
DATA, 3922989863, 3930554, 0x0, 0
DATA, 4257215610, 4045601070, 0x0, 0
DATA, 4001629005, 398132575, 0x0, 0
DATA, 209060391, 4009948980, 0x0, 0
DATA, 4251979600, 24507653, 0x0, 0
DATA, 4065261549, 4149995505, 0x0, 0
DATA, 4206299792, 432596842, 0x0, 0
DATA, 4076475344, 358612217, 0x0, 0
DATA, 3879405064, 28904580, 0x0, 0
DATA, 3997698486, 4159241540, 0x0, 0
DATA, 4243715189, 4205048285, 0x0, 0
DATA, 4247911465, 585949343, 0x0, 0
DATA, 39257874, 0, 0x0F, 1
DATA, 2415853583, 4287694629, 0x0, 0
DATA, 171509131, 4278258720, 0x0, 0
DATA, 380904799, 48950895, 0x0, 0
DATA, 4157468349, 4065535285, 0x0, 0
DATA, 4038586224, 4140494709, 0x0, 0
DATA, 4210753654, 288621415, 0x0, 0
DATA, 3889363822, 119468780, 0x0, 0
DATA, 304745506, 367982681, 0x0, 0
DATA, 79168901, 4063960415, 0x0, 0
DATA, 4214883213, 539099014, 0x0, 0
DATA, 294330012, 63040578, 0x0, 0
DATA, 4286905764, 3782276962, 0x0, 0
DATA, 353626685, 4002814747, 0x0, 0
DATA, 571407099, 4288748422, 0x0, 0
DATA, 5312201, 4209839588, 0x0, 0
DATA, 105774154, 3788444272, 0x0, 0
DATA, 3701480191, 4017554186, 0x0, 0
DATA, 215547354, 3846044083, 0x0, 0
DATA, 3968205671, 4217506824, 0x0, 0
DATA, 3779128736, 121370095, 0x0, 0
DATA, 4144431533, 56494792, 0x0, 0
DATA, 3923373155, 4072797983, 0x0, 0
DATA, 29889319, 4211609681, 0x0, 0
DATA, 374991717, 461240299, 0x0, 0
DATA, 79036937, 720964070, 0x0, 0
DATA, 430901372, 77402178, 0x0, 0
DATA, 229894903, 261681953, 0x0, 0
DATA, 3843556774, 149622794, 0x0, 0
DATA, 4256302174, 4238211310, 0x0, 0
DATA, 755427967, 631706399, 0x0, 0
DATA, 406525494, 3928423755, 0x0, 0
DATA, 38075231, 227545966, 0x0, 0
DATA, 3755150339, 426110954, 0x0, 0
DATA, 3699310753, 4235070598, 0x0, 0
DATA, 4118938746, 239471572, 0x0, 0
DATA, 363858107, 4271961124, 0x0, 0
DATA, 4021808745, 4186699872, 0x0, 0
DATA, 3988847666, 108720968, 0x0, 0
DATA, 114684380, 4117496029, 0x0, 0
DATA, 4138338840, 88019781, 0x0, 0
DATA, 3596683010, 337107953, 0x0, 0
DATA, 4193259060, 4197320110, 0x0, 0
DATA, 4145083124, 3971026598, 0x0, 0
DATA, 4282113833, 4078763338, 0x0, 0
DATA, 4284741591, 3860395930, 0x0, 0
DATA, 6356458, 592512849, 0x0, 0
DATA, 4119059992, 73535601, 0x0, 0
DATA, 4108714302, 105971523, 0x0, 0
DATA, 398584135, 238819498, 0x0, 0
DATA, 46140582, 585164117, 0x0, 0
DATA, 4128367550, 4237758269, 0x0, 0
DATA, 272888697, 525402960, 0x0, 0
DATA, 4095405136, 4174253411, 0x0, 0
DATA, 123732932, 242551722, 0x0, 0
DATA, 66451563, 48566182, 0x0, 0
DATA, 321519066, 250476338, 0x0, 0
DATA, 161085770, 59052024, 0x0, 0
DATA, 112260404, 3699319643, 0x0, 0
DATA, 118292854, 244773915, 0x0, 0
DATA, 4203477993, 4292407802, 0x0, 0
DATA, 4065525361, 132446955, 0x0, 0
DATA, 3995204721, 39778702, 0x0, 0
DATA, 223868533, 4045926197, 0x0, 0
DATA, 103744767, 142145778, 0x0, 0
DATA, 3986495131, 0, 0x0F, 1
DATA, 2415853571, 160039825, 0x0, 0
DATA, 3811248672, 4240903859, 0x0, 0
DATA, 4111989421, 73078239, 0x0, 0
DATA, 3880458912, 375854870, 0x0, 0
DATA, 218820938, 4077056653, 0x0, 0
DATA, 4111728169, 4264171736, 0x0, 0
DATA, 274793105, 281997311, 0x0, 0
DATA, 361630822, 4087284523, 0x0, 0
DATA, 89320983, 3703770671, 0x0, 0
DATA, 4288278015, 36498334, 0x0, 0
DATA, 153746943, 4125291802, 0x0, 0
DATA, 4157786682, 4148891921, 0x0, 0
DATA, 4090236464, 36436331, 0x0, 0
DATA, 49470878, 11135142, 0x0, 0
DATA, 177600336, 4110679380, 0x0, 0
DATA, 3556506680, 308091074, 0x0, 0
DATA, 98035434, 169480123, 0x0, 0
DATA, 3660513820, 3833856952, 0x0, 0
DATA, 4249090783, 294129046, 0x0, 0
DATA, 4169011311, 546567318, 0x0, 0
DATA, 51643970, 4036686555, 0x0, 0
DATA, 10944168, 4158714317, 0x0, 0
DATA, 4097120334, 4263514005, 0x0, 0
DATA, 4249560857, 71492472, 0x0, 0
DATA, 146271628, 31978831, 0x0, 0
DATA, 3784110064, 199428055, 0x0, 0
DATA, 441916375, 313451389, 0x0, 0
DATA, 4268095858, 256835594, 0x0, 0
DATA, 304996012, 260447043, 0x0, 0
DATA, 3775727255, 253164431, 0x0, 0
DATA, 4281403162, 83879542, 0x0, 0
DATA, 3602192427, 3921607527, 0x0, 0
DATA, 240716074, 212144174, 0x0, 0
DATA, 4105508563, 259455162, 0x0, 0
DATA, 3942126766, 4134734376, 0x0, 0
DATA, 3984266120, 637015487, 0x0, 0
DATA, 4271644228, 3955949952, 0x0, 0
DATA, 267579828, 4070902907, 0x0, 0
DATA, 4129883727, 30734520, 0x0, 0
DATA, 114426034, 4102233953, 0x0, 0
DATA, 4027652972, 4237101554, 0x0, 0
DATA, 4218297927, 4173071362, 0x0, 0
DATA, 4058992, 4123852057, 0x0, 0
DATA, 621619630, 4214749560, 0x0, 0
DATA, 23792382, 4212465042, 0x0, 0
DATA, 134679553, 381229689, 0x0, 0
DATA, 370410803, 4161667457, 0x0, 0
DATA, 4242400350, 3811902299, 0x0, 0
DATA, 348518672, 375850982, 0x0, 0
DATA, 138280649, 355465485, 0x0, 0
DATA, 201061986, 11466915, 0x0, 0
DATA, 300885068, 273228819, 0x0, 0
DATA, 92728834, 4077386780, 0x0, 0
DATA, 234155517, 4073585942, 0x0, 0
DATA, 365893368, 4158067809, 0x0, 0
DATA, 76473215, 3992061444, 0x0, 0
DATA, 635632453, 696124747, 0x0, 0
DATA, 110947412, 235540546, 0x0, 0
DATA, 4008118560, 4221701483, 0x0, 0
DATA, 4192469534, 77992400, 0x0, 0
DATA, 3962369668, 4086700056, 0x0, 0
DATA, 578748540, 194179759, 0x0, 0
DATA, 3485267225, 3705211839, 0x0, 0
DATA, 294257043, 117636873, 0x0, 0
DATA, 4198757037, 0, 0x0F, 1
DATA, 268369928, 369751075, 0x0, 0
DATA, 440201286, 185986846, 0x0, 0
DATA, 4210889855, 101320890, 0x0, 0
DATA, 3960136795, 71571409, 0x0, 0
DATA, 3819829063, 4010931197, 0x0, 0
DATA, 4145677535, 4159178686, 0x0, 0
DATA, 284756219, 369023991, 0x0, 0
DATA, 48300016, 186914980, 0x0, 0
DATA, 4110027374, 95162925, 0x0, 0
DATA, 4196474391, 3709330607, 0x0, 0
DATA, 99420744, 110822458, 0x0, 0
DATA, 287765367, 559481848, 0x0, 0
DATA, 4238938484, 3931505384, 0x0, 0
DATA, 44569664, 4206554672, 0x0, 0
DATA, 4148947697, 3741189619, 0x0, 0
DATA, 4154195331, 3907263801, 0x0, 0
DATA, 60681715, 326497214, 0x0, 0
DATA, 230233465, 4029752784, 0x0, 0
DATA, 4006868612, 4097570070, 0x0, 0
DATA, 643367440, 4206501298, 0x0, 0
DATA, 4257682407, 152826706, 0x0, 0
DATA, 318833034, 4179364201, 0x0, 0
DATA, 4148751125, 4249615195, 0x0, 0
DATA, 417402388, 306450092, 0x0, 0
DATA, 504366049, 4099466221, 0x0, 0
DATA, 4128244576, 3837070807, 0x0, 0
DATA, 79695687, 4186637270, 0x0, 0
DATA, 3955686971, 4073069367, 0x0, 0
DATA, 237769118, 4071880733, 0x0, 0
DATA, 4080592231, 3881902369, 0x0, 0
DATA, 4066646157, 4113630624, 0x0, 0
DATA, 4186567307, 128445680, 0x0, 0
DATA, 4231853678, 209521304, 0x0, 0
DATA, 4273536612, 81662713, 0x0, 0
DATA, 908653208, 451546493, 0x0, 0
DATA, 4162328361, 3919381555, 0x0, 0
DATA, 4255839334, 4275764629, 0x0, 0
DATA, 4161340516, 151719149, 0x0, 0
DATA, 4159177297, 136577718, 0x0, 0
DATA, 254666964, 4272685193, 0x0, 0
DATA, 4158649589, 269154224, 0x0, 0
DATA, 211942948, 152763405, 0x0, 0
DATA, 70909379, 4101697772, 0x0, 0
DATA, 180024560, 4018531507, 0x0, 0
DATA, 175438682, 136715963, 0x0, 0
DATA, 4077775192, 138605324, 0x0, 0
DATA, 4201572292, 4008318023, 0x0, 0
DATA, 266803688, 478995592, 0x0, 0
DATA, 4134137213, 4053606702, 0x0, 0
DATA, 4587111, 3843288611, 0x0, 0
DATA, 65669280, 4294374740, 0x0, 0
DATA, 4154790319, 4166901596, 0x0, 0
DATA, 4171233607, 143061488, 0x0, 0
DATA, 3785490281, 4197450196, 0x0, 0
DATA, 50924663, 3911124936, 0x0, 0
DATA, 4270855668, 4228247923, 0x0, 0
DATA, 418772101, 3988463445, 0x0, 0
DATA, 338169159, 4183560682, 0x0, 0
DATA, 369755330, 4151376076, 0x0, 0
DATA, 458225074, 3872649939, 0x0, 0
DATA, 224857582, 4265472943, 0x0, 0
DATA, 293860512, 3807706903, 0x0, 0
DATA, 471277473, 416470368, 0x0, 0
DATA, 3921745443, 4083156350, 0x0, 0
DATA, 4125295883, 0, 0x0F, 1
DATA, 268369924, 4111859888, 0x0, 0
DATA, 580577862, 135002895, 0x0, 0
DATA, 22350371, 346548543, 0x0, 0
DATA, 283239688, 4255977003, 0x0, 0
DATA, 4003264590, 3861573482, 0x0, 0
DATA, 295040534, 4184149764, 0x0, 0
DATA, 4168811537, 3906205095, 0x0, 0
DATA, 605550059, 13566114, 0x0, 0
DATA, 4254853888, 168623154, 0x0, 0
DATA, 451870778, 23991278, 0x0, 0
DATA, 471002932, 409924010, 0x0, 0
DATA, 502402758, 4205840402, 0x0, 0
DATA, 4184075940, 345771515, 0x0, 0
DATA, 393936604, 4240444898, 0x0, 0
DATA, 4275366563, 95747679, 0x0, 0
DATA, 4170318495, 89915854, 0x0, 0
DATA, 195233738, 4275964184, 0x0, 0
DATA, 52561295, 4276623790, 0x0, 0
DATA, 4149083935, 452985497, 0x0, 0
DATA, 302380977, 4224913884, 0x0, 0
DATA, 3883072685, 4047696643, 0x0, 0
DATA, 4184406239, 4135454519, 0x0, 0
DATA, 4102747081, 3405957, 0x0, 0
DATA, 199754094, 4291688902, 0x0, 0
DATA, 77728128, 3678601505, 0x0, 0
DATA, 410646355, 331944335, 0x0, 0
DATA, 4205318808, 4213510782, 0x0, 0
DATA, 4049731031, 117380474, 0x0, 0
DATA, 4143320235, 264370462, 0x0, 0
DATA, 113640789, 4255575251, 0x0, 0
DATA, 3796561377, 450044027, 0x0, 0
DATA, 3659591489, 291502628, 0x0, 0
DATA, 110173803, 272897686, 0x0, 0
DATA, 193859361, 8779128, 0x0, 0
DATA, 4090759020, 4230021294, 0x0, 0
DATA, 4288870568, 4275043617, 0x0, 0
DATA, 4020502061, 3975412204, 0x0, 0
DATA, 4107206874, 161287663, 0x0, 0
DATA, 4042980747, 3979144177, 0x0, 0
DATA, 4223930717, 4211670399, 0x0, 0
DATA, 4082702241, 4174511447, 0x0, 0
DATA, 152960732, 63241432, 0x0, 0
DATA, 4038913462, 176160508, 0x0, 0
DATA, 26933964, 5568411, 0x0, 0
DATA, 173014083, 4245946745, 0x0, 0
DATA, 4258459181, 311690743, 0x0, 0
DATA, 4282124328, 4174246894, 0x0, 0
DATA, 4173656148, 251204395, 0x0, 0
DATA, 118028802, 4049999315, 0x0, 0
DATA, 4116901238, 4222419878, 0x0, 0
DATA, 421071380, 395703807, 0x0, 0
DATA, 36505328, 532475061, 0x0, 0
DATA, 4248381377, 4108582110, 0x0, 0
DATA, 480377607, 27265530, 0x0, 0
DATA, 4025741668, 4262071418, 0x0, 0
DATA, 603259855, 4040749224, 0x0, 0
DATA, 4155708153, 4209185629, 0x0, 0
DATA, 3997958469, 15006664, 0x0, 0
DATA, 112262963, 277414464, 0x0, 0
DATA, 4222942394, 222883261, 0x0, 0
DATA, 215541305, 4099213419, 0x0, 0
DATA, 4216518145, 8189948, 0x0, 0
DATA, 576133351, 4241814027, 0x0, 0
DATA, 4143059985, 4173407870, 0x0, 0
DATA, 4088719072, 0, 0x0F, 1
DATA, 2415853577, 325128379, 0x0, 0
DATA, 4220525758, 4181329241, 0x0, 0
DATA, 4094684552, 4205436829, 0x0, 0
DATA, 210302992, 71368013, 0x0, 0
DATA, 106363485, 4236046229, 0x0, 0
DATA, 233765529, 4194959153, 0x0, 0
DATA, 389018211, 4209512218, 0x0, 0
DATA, 9311631, 4189589222, 0x0, 0
DATA, 3799520010, 3890213067, 0x0, 0
DATA, 4188541308, 4120776342, 0x0, 0
DATA, 3683385824, 4249223130, 0x0, 0
DATA, 41942078, 4126677233, 0x0, 0
DATA, 4010341724, 3806328722, 0x0, 0
DATA, 4267108361, 4104189192, 0x0, 0
DATA, 4239847780, 10882303, 0x0, 0
DATA, 4128765853, 569964413, 0x0, 0
DATA, 84537709, 4102811545, 0x0, 0
DATA, 144834539, 78574589, 0x0, 0
DATA, 3734304922, 4238671943, 0x0, 0
DATA, 59636618, 251658803, 0x0, 0
DATA, 176941639, 428146820, 0x0, 0
DATA, 364445012, 847512780, 0x0, 0
DATA, 388563672, 3932290282, 0x0, 0
DATA, 4289861161, 4009234044, 0x0, 0
DATA, 3876321844, 3917350773, 0x0, 0
DATA, 4276753636, 4108515218, 0x0, 0
DATA, 136579716, 105648788, 0x0, 0
DATA, 394067438, 3774872897, 0x0, 0
DATA, 3963619659, 4045603718, 0x0, 0
DATA, 722668026, 449318498, 0x0, 0
DATA, 4103803701, 4216321904, 0x0, 0
DATA, 4115470525, 4208192880, 0x0, 0
DATA, 3859349171, 184617792, 0x0, 0
DATA, 4200202379, 4259651429, 0x0, 0
DATA, 112264510, 4201500261, 0x0, 0
DATA, 181137632, 39583707, 0x0, 0
DATA, 4189002163, 337644081, 0x0, 0
DATA, 53153901, 3902799281, 0x0, 0
DATA, 80018961, 3871733334, 0x0, 0
DATA, 4167565281, 48301352, 0x0, 0
DATA, 242354569, 96916422, 0x0, 0
DATA, 4093509672, 4112380802, 0x0, 0
DATA, 401937363, 3859942155, 0x0, 0
DATA, 248115770, 4029482258, 0x0, 0
DATA, 4199742541, 4195804664, 0x0, 0
DATA, 310576072, 4131066757, 0x0, 0
DATA, 152964858, 4171363636, 0x0, 0
DATA, 125510963, 27597542, 0x0, 0
DATA, 492896716, 4179752686, 0x0, 0
DATA, 4173071934, 4230485194, 0x0, 0
DATA, 436800757, 4093511303, 0x0, 0
DATA, 141619933, 4248639071, 0x0, 0
DATA, 355859604, 4112910261, 0x0, 0
DATA, 140639949, 224980777, 0x0, 0
DATA, 430316062, 3605821, 0x0, 0
DATA, 121897889, 142998429, 0x0, 0
DATA, 264372510, 263778158, 0x0, 0
DATA, 137030270, 16583314, 0x0, 0
DATA, 439815088, 420219113, 0x0, 0
DATA, 4233690908, 4262009597, 0x0, 0
DATA, 87751899, 4160160991, 0x0, 0
DATA, 579470818, 4266979255, 0x0, 0
DATA, 4066836294, 25886773, 0x0, 0
DATA, 3854568646, 3668311959, 0x0, 0
DATA, 71103715, 0, 0x0F, 1
DATA, 2415853573, 739575303, 0x0, 0
DATA, 47448100, 4059038543, 0x0, 0
DATA, 4179948150, 4284675666, 0x0, 0
DATA, 318373332, 164102480, 0x0, 0
DATA, 67037695, 365695690, 0x0, 0
DATA, 839251715, 4154196838, 0x0, 0
DATA, 321721361, 153817404, 0x0, 0
DATA, 274855951, 4279442599, 0x0, 0
DATA, 202250565, 4033091747, 0x0, 0
DATA, 3859217983, 140774155, 0x0, 0
DATA, 3832742992, 593949230, 0x0, 0
DATA, 187175919, 563608135, 0x0, 0
DATA, 165476273, 47051149, 0x0, 0
DATA, 489495082, 297460467, 0x0, 0
DATA, 4116706446, 116459307, 0x0, 0
DATA, 4000972837, 49805391, 0x0, 0
DATA, 161544648, 172817529, 0x0, 0
DATA, 179887181, 4065397500, 0x0, 0
DATA, 4096583235, 3823694791, 0x0, 0
DATA, 4273209514, 434706280, 0x0, 0
DATA, 236060826, 4074894019, 0x0, 0
DATA, 4264101214, 642373139, 0x0, 0
DATA, 4052488448, 4159043278, 0x0, 0
DATA, 164237276, 105707775, 0x0, 0
DATA, 4262522710, 264895411, 0x0, 0
DATA, 3545436554, 471664913, 0x0, 0
DATA, 4237822270, 3869698110, 0x0, 0
DATA, 3922460603, 23593693, 0x0, 0
DATA, 111999658, 4146400343, 0x0, 0
DATA, 336260922, 4031193382, 0x0, 0
DATA, 3892967293, 4011458570, 0x0, 0
DATA, 3856798198, 76484942, 0x0, 0
DATA, 477694513, 409471074, 0x0, 0
DATA, 209521749, 120581469, 0x0, 0
DATA, 4293665642, 356449900, 0x0, 0
DATA, 4033157341, 4164936141, 0x0, 0
DATA, 527103113, 3591826638, 0x0, 0
DATA, 38989460, 359735712, 0x0, 0
DATA, 93395736, 196608558, 0x0, 0
DATA, 448662504, 4212192499, 0x0, 0
DATA, 472187556, 197131651, 0x0, 0
DATA, 68741091, 233774905, 0x0, 0
DATA, 295429510, 4225035347, 0x0, 0
DATA, 54526429, 242096109, 0x0, 0
DATA, 4202957254, 116258816, 0x0, 0
DATA, 142937925, 4257941954, 0x0, 0
DATA, 75297860, 4214486906, 0x0, 0
DATA, 92797216, 32704406, 0x0, 0
DATA, 3909805294, 4261939733, 0x0, 0
DATA, 12716969, 4098684656, 0x0, 0
DATA, 3952861882, 4136111994, 0x0, 0
DATA, 4087749177, 158592970, 0x0, 0
DATA, 398719996, 30016963, 0x0, 0
DATA, 4167051341, 234619611, 0x0, 0
DATA, 431034703, 242947889, 0x0, 0
DATA, 390074710, 287245731, 0x0, 0
DATA, 272961185, 4153736326, 0x0, 0
DATA, 4135061054, 170330821, 0x0, 0
DATA, 4106808927, 493220944, 0x0, 0
DATA, 4233491940, 4044819904, 0x0, 0
DATA, 4195747675, 3674338469, 0x0, 0
DATA, 4266593711, 89654478, 0x0, 0
DATA, 360713595, 4189390310, 0x0, 0
DATA, 4269859842, 242346939, 0x0, 0
DATA, 79562722, 0, 0x0F, 1
DATA, 2415853578, 101058835, 0x0, 0
DATA, 4206363233, 4164874337, 0x0, 0
DATA, 3839490751, 24505828, 0x0, 0
DATA, 4090560498, 131735831, 0x0, 0
DATA, 4133418349, 142735958, 0x0, 0
DATA, 353638505, 3715434003, 0x0, 0
DATA, 558432808, 4228770881, 0x0, 0
DATA, 4262398857, 207220625, 0x0, 0
DATA, 3808163580, 514325875, 0x0, 0
DATA, 107617571, 4065256364, 0x0, 0
DATA, 76865233, 3920037623, 0x0, 0
DATA, 72612024, 3775792337, 0x0, 0
DATA, 4237687335, 4242677610, 0x0, 0
DATA, 4217110869, 169020399, 0x0, 0
DATA, 188743306, 3901230814, 0x0, 0
DATA, 4096852737, 68025850, 0x0, 0
DATA, 4044422690, 4212528625, 0x0, 0
DATA, 4160287558, 3815178953, 0x0, 0
DATA, 3979151605, 4085448070, 0x0, 0
DATA, 4015387261, 28243962, 0x0, 0
DATA, 424677563, 498541967, 0x0, 0
DATA, 206316389, 4123201893, 0x0, 0
DATA, 3894551951, 199884499, 0x0, 0
DATA, 4288487867, 170462645, 0x0, 0
DATA, 136712905, 321647291, 0x0, 0
DATA, 4097319048, 255652195, 0x0, 0
DATA, 4091610101, 55896270, 0x0, 0
DATA, 4218027756, 4199939008, 0x0, 0
DATA, 4204848908, 4264297153, 0x0, 0
DATA, 185403199, 4203874549, 0x0, 0
DATA, 4193709058, 4258996611, 0x0, 0
DATA, 4197905630, 311091089, 0x0, 0
DATA, 4079358183, 345900908, 0x0, 0
DATA, 3660909869, 4240046997, 0x0, 0
DATA, 4144365728, 4266457686, 0x0, 0
DATA, 4075088924, 4195424338, 0x0, 0
DATA, 4119462997, 4047507792, 0x0, 0
DATA, 17232337, 4269735892, 0x0, 0
DATA, 4065070112, 4047960557, 0x0, 0
DATA, 406325814, 234941353, 0x0, 0
DATA, 4028436233, 188283616, 0x0, 0
DATA, 4038457390, 4067496666, 0x0, 0
DATA, 83025989, 4181059118, 0x0, 0
DATA, 4136503715, 38271378, 0x0, 0
DATA, 311758019, 4266662142, 0x0, 0
DATA, 3759798099, 3653828843, 0x0, 0
DATA, 75433117, 3847486878, 0x0, 0
DATA, 4124777190, 114353936, 0x0, 0
DATA, 348513747, 92604316, 0x0, 0
DATA, 16713952, 4062115903, 0x0, 0
DATA, 4018865669, 4249281549, 0x0, 0
DATA, 11797898, 16385397, 0x0, 0
DATA, 4068477346, 58984622, 0x0, 0
DATA, 4287439693, 70455254, 0x0, 0
DATA, 141156215, 225831886, 0x0, 0
DATA, 4165725417, 60096315, 0x0, 0
DATA, 3773229446, 44623737, 0x0, 0
DATA, 3775081371, 21041730, 0x0, 0
DATA, 64755455, 4065520899, 0x0, 0
DATA, 81004077, 402458625, 0x0, 0
DATA, 204138613, 4195351975, 0x0, 0
DATA, 4058251201, 4286318479, 0x0, 0
DATA, 4230739538, 4285267459, 0x0, 0
DATA, 3995340362, 109245337, 0x0, 0
DATA, 57217351, 0, 0x0F, 1
DATA, 2415853574, 4107405320, 0x0, 0
DATA, 81061322, 246149496, 0x0, 0
DATA, 4011132984, 3968730289, 0x0, 0
DATA, 319690434, 4020701721, 0x0, 0
DATA, 4233487562, 4125295077, 0x0, 0
DATA, 63040408, 193395927, 0x0, 0
DATA, 168225451, 255727119, 0x0, 0
DATA, 25170704, 4321465, 0x0, 0
DATA, 4137089038, 9565680, 0x0, 0
DATA, 302511845, 152568689, 0x0, 0
DATA, 4117757259, 4016834759, 0x0, 0
DATA, 13703428, 232790177, 0x0, 0
DATA, 4145870271, 66188613, 0x0, 0
DATA, 3887861839, 4265611160, 0x0, 0
DATA, 3942318645, 4283103206, 0x0, 0
DATA, 4266003300, 3974951823, 0x0, 0
DATA, 3626431690, 3727819248, 0x0, 0
DATA, 270268827, 4244895186, 0x0, 0
DATA, 25559885, 3927183256, 0x0, 0
DATA, 427622046, 4179166915, 0x0, 0
DATA, 3984653783, 4254785994, 0x0, 0
DATA, 4113948004, 145483592, 0x0, 0
DATA, 269287692, 3828018647, 0x0, 0
DATA, 118619430, 61080644, 0x0, 0
DATA, 3969979347, 3947954839, 0x0, 0
DATA, 4245164827, 4003200658, 0x0, 0
DATA, 4258928919, 3949980223, 0x0, 0
DATA, 192864061, 58522549, 0x0, 0
DATA, 11269433, 35718089, 0x0, 0
DATA, 622928767, 103475232, 0x0, 0
DATA, 220331764, 173146110, 0x0, 0
DATA, 72354358, 73070919, 0x0, 0
DATA, 3785222727, 70514407, 0x0, 0
DATA, 130344456, 3785228463, 0x0, 0
DATA, 247203595, 402916252, 0x0, 0
DATA, 117252178, 289214333, 0x0, 0
DATA, 3825927069, 4189509863, 0x0, 0
DATA, 529334229, 4129420581, 0x0, 0
DATA, 4190895815, 158269597, 0x0, 0
DATA, 3758685183, 84800198, 0x0, 0
DATA, 89257963, 81726062, 0x0, 0
DATA, 4009166178, 4064341352, 0x0, 0
DATA, 4283101127, 4001495440, 0x0, 0
DATA, 4269404083, 308733487, 0x0, 0
DATA, 355463583, 3908040511, 0x0, 0
DATA, 355798748, 3880709869, 0x0, 0
DATA, 3699901015, 4194176245, 0x0, 0
DATA, 10617529, 372111118, 0x0, 0
DATA, 332656328, 4224984483, 0x0, 0
DATA, 185732683, 6811435, 0x0, 0
DATA, 4186510696, 4141214527, 0x0, 0
DATA, 28636732, 4076536899, 0x0, 0
DATA, 134740873, 85459053, 0x0, 0
DATA, 4072145975, 4254796042, 0x0, 0
DATA, 3748395696, 182062587, 0x0, 0
DATA, 4232645393, 4294240311, 0x0, 0
DATA, 4232773119, 4091873357, 0x0, 0
DATA, 206640050, 117628343, 0x0, 0
DATA, 162396389, 242546057, 0x0, 0
DATA, 34468242, 4288220086, 0x0, 0
DATA, 4278196259, 3940741138, 0x0, 0
DATA, 4192403025, 4293980643, 0x0, 0
DATA, 3896174616, 4159771446, 0x0, 0
DATA, 275447185, 265346896, 0x0, 0
DATA, 313457596, 0, 0x0F, 1
DATA, 268369931, 173598844, 0x0, 0
DATA, 12844747, 115542712, 0x0, 0
DATA, 4200465921, 122222282, 0x0, 0
DATA, 4063299500, 186976593, 0x0, 0
DATA, 3994157457, 210762809, 0x0, 0
DATA, 4205119914, 92797381, 0x0, 0
DATA, 230951559, 73729129, 0x0, 0
DATA, 3964459685, 368447131, 0x0, 0
DATA, 4293914196, 4199218529, 0x0, 0
DATA, 4104642960, 4173919513, 0x0, 0
DATA, 31787345, 4130, 0x0, 0
DATA, 30799102, 3939439640, 0x0, 0
DATA, 414581244, 408683476, 0x0, 0
DATA, 4222549539, 86046394, 0x0, 0
DATA, 4262328242, 4132047795, 0x0, 0
DATA, 488176535, 343995831, 0x0, 0
DATA, 3957001691, 4075881942, 0x0, 0
DATA, 3891523275, 22342664, 0x0, 0
DATA, 4059564457, 4107465056, 0x0, 0
DATA, 383316037, 146343647, 0x0, 0
DATA, 4292875757, 4049726964, 0x0, 0
DATA, 4243392302, 289340918, 0x0, 0
DATA, 4173006385, 284358847, 0x0, 0
DATA, 4166392661, 3986488128, 0x0, 0
DATA, 4271901415, 4063233201, 0x0, 0
DATA, 4165275026, 4226874948, 0x0, 0
DATA, 3788904905, 4267381077, 0x0, 0
DATA, 3944940741, 3651798575, 0x0, 0
DATA, 246805051, 3885438014, 0x0, 0
DATA, 3809141728, 598671719, 0x0, 0
DATA, 4290902599, 108791751, 0x0, 0
DATA, 4093449943, 4169737238, 0x0, 0
DATA, 4050976107, 7793095, 0x0, 0
DATA, 3768386056, 107150667, 0x0, 0
DATA, 148443430, 4169793403, 0x0, 0
DATA, 4101438930, 4178109146, 0x0, 0
DATA, 210632046, 587922180, 0x0, 0
DATA, 4024176946, 4170187785, 0x0, 0
DATA, 4212263216, 230026960, 0x0, 0
DATA, 561384273, 120840395, 0x0, 0
DATA, 13638467, 267909079, 0x0, 0
DATA, 3950055144, 33095981, 0x0, 0
DATA, 4251324380, 279259160, 0x0, 0
DATA, 379059728, 4225759207, 0x0, 0
DATA, 4000251763, 215547315, 0x0, 0
DATA, 4210751180, 15402826, 0x0, 0
DATA, 296813288, 4051567547, 0x0, 0
DATA, 4001037912, 4291826414, 0x0, 0
DATA, 4153136503, 323352757, 0x0, 0
DATA, 239001034, 291961359, 0x0, 0
DATA, 87621136, 4175626992, 0x0, 0
DATA, 4094222817, 195426132, 0x0, 0
DATA, 119148119, 4040219718, 0x0, 0
DATA, 299829498, 3891916577, 0x0, 0
DATA, 50782828, 4040357795, 0x0, 0
DATA, 210246581, 32639966, 0x0, 0
DATA, 4223275857, 89525925, 0x0, 0
DATA, 99620901, 4146793605, 0x0, 0
DATA, 4051308085, 15003749, 0x0, 0
DATA, 4092330749, 23137652, 0x0, 0
DATA, 27198092, 477566058, 0x0, 0
DATA, 4186763149, 4197775182, 0x0, 0
DATA, 500432037, 4026863218, 0x0, 0
DATA, 172948507, 23329431, 0x0, 0
DATA, 3841065919, 0, 0x0F, 1
DATA, 268369927, 199612259, 0x0, 0
DATA, 4286840213, 4076271085, 0x0, 0
DATA, 3773500990, 143197012, 0x0, 0
DATA, 707136281, 210757029, 0x0, 0
DATA, 46070268, 762964878, 0x0, 0
DATA, 4258983383, 72481589, 0x0, 0
DATA, 3906863787, 4182047797, 0x0, 0
DATA, 3956476890, 243197099, 0x0, 0
DATA, 64034058, 4249554134, 0x0, 0
DATA, 52034122, 4200920654, 0x0, 0
DATA, 4280946894, 290912753, 0x0, 0
DATA, 13763822, 187111951, 0x0, 0
DATA, 4099406815, 3848207241, 0x0, 0
DATA, 162661502, 189394749, 0x0, 0
DATA, 4238735141, 4132704547, 0x0, 0
DATA, 4247714184, 4086689812, 0x0, 0
DATA, 4199947123, 264245912, 0x0, 0
DATA, 35316984, 3906725616, 0x0, 0
DATA, 4165016733, 4055820773, 0x0, 0
DATA, 4000510392, 93984197, 0x0, 0
DATA, 3829789800, 4079485200, 0x0, 0
DATA, 3759142114, 4188731394, 0x0, 0
DATA, 4056287746, 4112185844, 0x0, 0
DATA, 4142072415, 3992001517, 0x0, 0
DATA, 4233427390, 4054508539, 0x0, 0
DATA, 4289067323, 100208024, 0x0, 0
DATA, 3823178984, 417267328, 0x0, 0
DATA, 271317210, 104793455, 0x0, 0
DATA, 4131776311, 4056742866, 0x0, 0
DATA, 337249808, 24250395, 0x0, 0
DATA, 4011782926, 204342259, 0x0, 0
DATA, 4292083638, 65337115, 0x0, 0
DATA, 423237788, 83876989, 0x0, 0
DATA, 279772995, 274659619, 0x0, 0
DATA, 253495731, 179308308, 0x0, 0
DATA, 4211219529, 149157925, 0x0, 0
DATA, 392497919, 211228673, 0x0, 0
DATA, 5704394, 471925154, 0x0, 0
DATA, 177466137, 3860596040, 0x0, 0
DATA, 4149480356, 4143253641, 0x0, 0
DATA, 258729429, 169938807, 0x0, 0
DATA, 310904596, 479521759, 0x0, 0
DATA, 3962174315, 664873588, 0x0, 0
DATA, 4207750252, 4051245524, 0x0, 0
DATA, 417404577, 107870153, 0x0, 0
DATA, 3845788126, 4216781883, 0x0, 0
DATA, 38405424, 4105169082, 0x0, 0
DATA, 3862823877, 4283111006, 0x0, 0
DATA, 4112452828, 471341080, 0x0, 0
DATA, 200606598, 3799382433, 0x0, 0
DATA, 3910521637, 4120117575, 0x0, 0
DATA, 4212521383, 4126934748, 0x0, 0
DATA, 4289724503, 163712325, 0x0, 0
DATA, 122812535, 3959552872, 0x0, 0
DATA, 4020366995, 4071156159, 0x0, 0
DATA, 42011757, 14154387, 0x0, 0
DATA, 46204394, 4088468710, 0x0, 0
DATA, 256571938, 4043904109, 0x0, 0
DATA, 4196792202, 4192794300, 0x0, 0
DATA, 330756529, 166799995, 0x0, 0
DATA, 61072217, 312740349, 0x0, 0
DATA, 323291149, 135519864, 0x0, 0
DATA, 4130864105, 3609980207, 0x0, 0
DATA, 4190108499, 4195025137, 0x0, 0
DATA, 664927942, 0, 0x0F, 1
DATA, 2415853580, 4066574558, 0x0, 0
DATA, 260507197, 437252040, 0x0, 0
DATA, 344986442, 3947227603, 0x0, 0
DATA, 4189513985, 9047562, 0x0, 0
DATA, 4266191036, 4172609763, 0x0, 0
DATA, 405012088, 369879309, 0x0, 0
DATA, 4287368313, 3902402697, 0x0, 0
DATA, 264370556, 3973182842, 0x0, 0
DATA, 4288674045, 279119695, 0x0, 0
DATA, 60883202, 28310216, 0x0, 0
DATA, 4022330284, 319093509, 0x0, 0
DATA, 4096719287, 4032757898, 0x0, 0
DATA, 144572684, 4151515457, 0x0, 0
DATA, 859367240, 4229493747, 0x0, 0
DATA, 278526839, 4119065458, 0x0, 0
DATA, 4235919462, 3972663178, 0x0, 0
DATA, 4275309582, 4201380445, 0x0, 0
DATA, 3831231455, 343937471, 0x0, 0
DATA, 436533268, 77262625, 0x0, 0
DATA, 4085582082, 4255384159, 0x0, 0
DATA, 4264420711, 4125099519, 0x0, 0
DATA, 4027253460, 3746299117, 0x0, 0
DATA, 3516733445, 167037661, 0x0, 0
DATA, 155256575, 74318533, 0x0, 0
DATA, 3341114, 4193890, 0x0, 0
DATA, 256446327, 4263840798, 0x0, 0
DATA, 10286758, 3861705146, 0x0, 0
DATA, 4236513553, 4054642072, 0x0, 0
DATA, 4156824982, 67103838, 0x0, 0
DATA, 4188271020, 187105498, 0x0, 0
DATA, 4249751419, 46266515, 0x0, 0
DATA, 4149479635, 4256374827, 0x0, 0
DATA, 4078294602, 4095543140, 0x0, 0
DATA, 174390057, 3881168713, 0x0, 0
DATA, 4197848926, 87955685, 0x0, 0
DATA, 4231135315, 111412064, 0x0, 0
DATA, 300549717, 87951170, 0x0, 0
DATA, 32368113, 4086883376, 0x0, 0
DATA, 4169079965, 286856009, 0x0, 0
DATA, 4220909071, 3863088941, 0x0, 0
DATA, 308542269, 4121166323, 0x0, 0
DATA, 3823698307, 415763691, 0x0, 0
DATA, 4226946561, 152174847, 0x0, 0
DATA, 225764986, 375974713, 0x0, 0
DATA, 4160880559, 4210558045, 0x0, 0
DATA, 325058009, 4231596132, 0x0, 0
DATA, 439033374, 36162901, 0x0, 0
DATA, 3918267862, 4038789718, 0x0, 0
DATA, 148041836, 4072341826, 0x0, 0
DATA, 4066905011, 3851620124, 0x0, 0
DATA, 106818232, 193270426, 0x0, 0
DATA, 4012701283, 4096656345, 0x0, 0
DATA, 74908637, 3906663014, 0x0, 0
DATA, 150802789, 3984980156, 0x0, 0
DATA, 288945264, 531296729, 0x0, 0
DATA, 4200592694, 4207671501, 0x0, 0
DATA, 4208856006, 3931110968, 0x0, 0
DATA, 444654808, 4227137560, 0x0, 0
DATA, 4070638741, 334883768, 0x0, 0
DATA, 4077391550, 146146682, 0x0, 0
DATA, 84010525, 4018663743, 0x0, 0
DATA, 62661801, 4197837934, 0x0, 0
DATA, 4009416088, 4197054790, 0x0, 0
DATA, 292160041, 4040756351, 0x0, 0
DATA, 3985055301, 0, 0x0F, 1
DATA, 2415853568, 4158128124, 0x0, 0
DATA, 4232833827, 61278949, 0x0, 0
DATA, 4153805922, 4076859461, 0x0, 0
DATA, 4192398845, 4236119256, 0x0, 0
DATA, 8789563, 4018213863, 0x0, 0
DATA, 3884713652, 3969056866, 0x0, 0
DATA, 299694369, 35130970, 0x0, 0
DATA, 3964662798, 4122666170, 0x0, 0
DATA, 3811054331, 200675154, 0x0, 0
DATA, 4260106455, 55049958, 0x0, 0
DATA, 4102678327, 25623445, 0x0, 0
DATA, 84665341, 242814279, 0x0, 0
DATA, 58654341, 404227208, 0x0, 0
DATA, 381088179, 3998082397, 0x0, 0
DATA, 4097966570, 367853328, 0x0, 0
DATA, 84278391, 207420491, 0x0, 0
DATA, 268958117, 30483952, 0x0, 0
DATA, 3939760395, 3944414572, 0x0, 0
DATA, 3673818602, 4093315919, 0x0, 0
DATA, 4290244159, 4268104547, 0x0, 0
DATA, 4156684324, 3944283586, 0x0, 0
DATA, 3958045991, 4227926604, 0x0, 0
DATA, 221510758, 267389264, 0x0, 0
DATA, 4224839656, 300222582, 0x0, 0
DATA, 3875016084, 51845856, 0x0, 0
DATA, 72418712, 4150918101, 0x0, 0
DATA, 277342138, 4020303341, 0x0, 0
DATA, 4222084986, 198702177, 0x0, 0
DATA, 166079569, 4104386179, 0x0, 0
DATA, 3940353908, 4264436310, 0x0, 0
DATA, 3994216447, 65208956, 0x0, 0
DATA, 4012240088, 37877311, 0x0, 0
DATA, 387260532, 3972464760, 0x0, 0
DATA, 4275310783, 505409011, 0x0, 0
DATA, 152705585, 225571851, 0x0, 0
DATA, 330041317, 3935365042, 0x0, 0
DATA, 3650480182, 304740129, 0x0, 0
DATA, 5897725, 4116967001, 0x0, 0
DATA, 4287627915, 3913289225, 0x0, 0
DATA, 4097247159, 38531061, 0x0, 0
DATA, 4109627989, 196418312, 0x0, 0
DATA, 3940997814, 3950248947, 0x0, 0
DATA, 40498090, 4030067509, 0x0, 0
DATA, 25486804, 28443858, 0x0, 0
DATA, 353375481, 3917808076, 0x0, 0
DATA, 3946050227, 4241612036, 0x0, 0
DATA, 331023676, 4165535744, 0x0, 0
DATA, 112203096, 356504194, 0x0, 0
DATA, 477880524, 4249550912, 0x0, 0
DATA, 216794704, 127211492, 0x0, 0
DATA, 4152951909, 8589079, 0x0, 0
DATA, 3769368371, 3948286108, 0x0, 0
DATA, 573376503, 152112244, 0x0, 0
DATA, 155258568, 247000162, 0x0, 0
DATA, 108464218, 4266854713, 0x0, 0
DATA, 72675662, 3960666652, 0x0, 0
DATA, 256440068, 4115729117, 0x0, 0
DATA, 238943926, 358748105, 0x0, 0
DATA, 3676116745, 16053057, 0x0, 0
DATA, 4246527912, 4208650376, 0x0, 0
DATA, 170001379, 4182507933, 0x0, 0
DATA, 135394365, 133046615, 0x0, 0
DATA, 259721886, 3970298873, 0x0, 0
DATA, 3772320646, 371003499, 0x0, 0
DATA, 150334109, 0, 0x0F, 1
DATA, 268369933, 422634827, 0x0, 0
DATA, 192086879, 3723750309, 0x0, 0
DATA, 3835947625, 3883397530, 0x0, 0
DATA, 4098493472, 4156420744, 0x0, 0
DATA, 4119067972, 157416774, 0x0, 0
DATA, 54332322, 9375672, 0x0, 0
DATA, 3841130438, 3757575661, 0x0, 0
DATA, 3914792748, 59244170, 0x0, 0
DATA, 18291788, 66260709, 0x0, 0
DATA, 109707929, 4202565406, 0x0, 0
DATA, 4025873215, 3975608923, 0x0, 0
DATA, 325522192, 204668519, 0x0, 0
DATA, 3932682978, 109572262, 0x0, 0
DATA, 3964665062, 3998220408, 0x0, 0
DATA, 4002617806, 53740710, 0x0, 0
DATA, 4108712584, 360063963, 0x0, 0
DATA, 135651231, 3865643028, 0x0, 0
DATA, 4085187785, 4012768316, 0x0, 0
DATA, 4083160855, 613543623, 0x0, 0
DATA, 4102024535, 4288483082, 0x0, 0
DATA, 264505702, 306121833, 0x0, 0
DATA, 290846619, 3649115966, 0x0, 0
DATA, 11729460, 71694926, 0x0, 0
DATA, 382275737, 149289545, 0x0, 0
DATA, 4210164913, 4246666870, 0x0, 0
DATA, 4174054873, 226097624, 0x0, 0
DATA, 158004828, 4126864960, 0x0, 0
DATA, 4215542109, 47048515, 0x0, 0
DATA, 158667335, 4220319836, 0x0, 0
DATA, 132980290, 3996642843, 0x0, 0
DATA, 53280890, 3786203243, 0x0, 0
DATA, 4188993902, 3729520919, 0x0, 0
DATA, 3817203965, 4057070077, 0x0, 0
DATA, 4084407047, 132183735, 0x0, 0
DATA, 4031246435, 4128507280, 0x0, 0
DATA, 4106485336, 4023777379, 0x0, 0
DATA, 4086567948, 212074762, 0x0, 0
DATA, 425200036, 268499900, 0x0, 0
DATA, 4164815896, 4274323021, 0x0, 0
DATA, 5970112, 4276550293, 0x0, 0
DATA, 165151401, 266860248, 0x0, 0
DATA, 4160355472, 4256627034, 0x0, 0
DATA, 4145537093, 42340944, 0x0, 0
DATA, 4083226121, 38009856, 0x0, 0
DATA, 4143579649, 4258530548, 0x0, 0
DATA, 528344244, 4002086785, 0x0, 0
DATA, 4089252062, 3813146723, 0x0, 0
DATA, 4099477529, 176560371, 0x0, 0
DATA, 156955335, 4036885721, 0x0, 0
DATA, 3890676135, 4168085979, 0x0, 0
DATA, 3832809442, 4222680511, 0x0, 0
DATA, 4080262251, 3773559463, 0x0, 0
DATA, 276559332, 520354937, 0x0, 0
DATA, 143263200, 4225049447, 0x0, 0
DATA, 231008874, 242873845, 0x0, 0
DATA, 146214122, 124780450, 0x0, 0
DATA, 3806657897, 4161925289, 0x0, 0
DATA, 3984324567, 117177287, 0x0, 0
DATA, 3956407863, 3942050698, 0x0, 0
DATA, 3823498568, 61667408, 0x0, 0
DATA, 284752450, 4081777484, 0x0, 0
DATA, 234740020, 4155968200, 0x0, 0
DATA, 4152553358, 345834539, 0x0, 0
DATA, 62911744, 194511874, 0x0, 0
DATA, 4188861843, 0, 0x0F, 1
DATA, 268369921, 4468067, 0x0, 0
DATA, 114426191, 4082175844, 0x0, 0
DATA, 3878417743, 18157493, 0x0, 0
DATA, 322306907, 4009037032, 0x0, 0
DATA, 172947640, 4129420452, 0x0, 0
DATA, 432925929, 4281926394, 0x0, 0
DATA, 392103475, 492506167, 0x0, 0
DATA, 4113492855, 42602003, 0x0, 0
DATA, 131921483, 88989515, 0x0, 0
DATA, 3973382640, 547291741, 0x0, 0
DATA, 4232382713, 505674863, 0x0, 0
DATA, 84810594, 26083738, 0x0, 0
DATA, 4210822666, 18339411, 0x0, 0
DATA, 332597258, 118750025, 0x0, 0
DATA, 182578708, 86048036, 0x0, 0
DATA, 3759930952, 3993370903, 0x0, 0
DATA, 3996647668, 4109119589, 0x0, 0
DATA, 4042656731, 368574949, 0x0, 0
DATA, 4007203469, 81071746, 0x0, 0
DATA, 4047892253, 338105052, 0x0, 0
DATA, 4042524115, 4202105695, 0x0, 0
DATA, 3827429071, 230877950, 0x0, 0
DATA, 4251520846, 4218883255, 0x0, 0
DATA, 174921831, 4007258242, 0x0, 0
DATA, 45547732, 347472452, 0x0, 0
DATA, 355001808, 19069136, 0x0, 0
DATA, 3941923235, 4214880947, 0x0, 0
DATA, 4135127778, 4202764574, 0x0, 0
DATA, 4172807191, 196863319, 0x0, 0
DATA, 78836388, 3922390331, 0x0, 0
DATA, 4171171722, 331943976, 0x0, 0
DATA, 4130089082, 123212741, 0x0, 0
DATA, 166263156, 52109057, 0x0, 0
DATA, 4112708017, 100330373, 0x0, 0
DATA, 4273010969, 76938915, 0x0, 0
DATA, 193916905, 4101504418, 0x0, 0
DATA, 4124977414, 297077287, 0x0, 0
DATA, 3934394277, 324275548, 0x0, 0
DATA, 296417119, 4148035554, 0x0, 0
DATA, 268497755, 299502127, 0x0, 0
DATA, 180745628, 228192027, 0x0, 0
DATA, 278264328, 4270458854, 0x0, 0
DATA, 244915570, 247270185, 0x0, 0
DATA, 4065784201, 454229321, 0x0, 0
DATA, 4073655375, 176554686, 0x0, 0
DATA, 4152885360, 102890510, 0x0, 0
DATA, 4260690444, 35195301, 0x0, 0
DATA, 355797361, 4212062390, 0x0, 0
DATA, 4169330568, 575930859, 0x0, 0
DATA, 1834340, 276432065, 0x0, 0
DATA, 383124982, 4187095715, 0x0, 0
DATA, 294315854, 4095479775, 0x0, 0
DATA, 4057798310, 188811874, 0x0, 0
DATA, 120063670, 182126502, 0x0, 0
DATA, 589169736, 4077322490, 0x0, 0
DATA, 128123129, 38999245, 0x0, 0
DATA, 3984454748, 3904046439, 0x0, 0
DATA, 63627915, 3994935665, 0x0, 0
DATA, 28567567, 4092197530, 0x0, 0
DATA, 48952671, 323748673, 0x0, 0
DATA, 434958129, 3946506684, 0x0, 0
DATA, 325583393, 107676931, 0x0, 0
DATA, 417597933, 4085846597, 0x0, 0
DATA, 230951664, 253036611, 0x0, 0
DATA, 501159542, 0, 0x0F, 1
DATA, 268369934, 16580312, 0x0, 0
DATA, 4260299477, 114094053, 0x0, 0
DATA, 4142928377, 176944673, 0x0, 0
DATA, 4281735336, 3883136485, 0x0, 0
DATA, 133699497, 111742007, 0x0, 0
DATA, 88868388, 4293069559, 0x0, 0
DATA, 206243966, 166785889, 0x0, 0
DATA, 287046217, 3816750263, 0x0, 0
DATA, 30084736, 4202887744, 0x0, 0
DATA, 4294181848, 4070643436, 0x0, 0
DATA, 42079211, 441712042, 0x0, 0
DATA, 311030682, 270140258, 0x0, 0
DATA, 4208983999, 4206035607, 0x0, 0
DATA, 211612645, 4163955615, 0x0, 0
DATA, 4252365355, 3916430494, 0x0, 0
DATA, 3979410499, 231342096, 0x0, 0
DATA, 4137680188, 274929492, 0x0, 0
DATA, 158930581, 4125555859, 0x0, 0
DATA, 103214891, 69008168, 0x0, 0
DATA, 413923191, 3884903773, 0x0, 0
DATA, 390338098, 244779234, 0x0, 0
DATA, 437062943, 4155049907, 0x0, 0
DATA, 4242995477, 4070181036, 0x0, 0
DATA, 3850178385, 318047074, 0x0, 0
DATA, 3870684537, 3946709981, 0x0, 0
DATA, 392753304, 16051353, 0x0, 0
DATA, 91426805, 4019458853, 0x0, 0
DATA, 10423738, 3951689183, 0x0, 0
DATA, 201594545, 249684378, 0x0, 0
DATA, 338884065, 4024565338, 0x0, 0
DATA, 3762166378, 302907180, 0x0, 0
DATA, 4241874549, 168622863, 0x0, 0
DATA, 144897197, 509813899, 0x0, 0
DATA, 3807903810, 89722510, 0x0, 0
DATA, 4278650112, 137375397, 0x0, 0
DATA, 31980460, 3978683679, 0x0, 0
DATA, 279965993, 4198170085, 0x0, 0
DATA, 113965065, 4132042714, 0x0, 0
DATA, 4202361071, 4183623300, 0x0, 0
DATA, 538440567, 4277665666, 0x0, 0
DATA, 406587105, 4033541782, 0x0, 0
DATA, 4199947066, 393021600, 0x0, 0
DATA, 245565475, 4172482359, 0x0, 0
DATA, 4128507104, 4137091003, 0x0, 0
DATA, 414322717, 4221693956, 0x0, 0
DATA, 3809082693, 57017985, 0x0, 0
DATA, 4218555981, 363990963, 0x0, 0
DATA, 455140406, 4219138621, 0x0, 0
DATA, 516546939, 4017161962, 0x0, 0
DATA, 140050988, 4081781095, 0x0, 0
DATA, 4082566646, 4257747393, 0x0, 0
DATA, 285407066, 3883404911, 0x0, 0
DATA, 3757971523, 3830973834, 0x0, 0
DATA, 112518487, 693368848, 0x0, 0
DATA, 207100147, 4008963806, 0x0, 0
DATA, 307357487, 3871209543, 0x0, 0
DATA, 189271161, 4255114687, 0x0, 0
DATA, 134419959, 561314663, 0x0, 0
DATA, 4183821765, 3977444462, 0x0, 0
DATA, 4268362367, 24771252, 0x0, 0
DATA, 4020561392, 22871956, 0x0, 0
DATA, 282982812, 60625002, 0x0, 0
DATA, 4277136992, 3525513401, 0x0, 0
DATA, 4192730712, 149747939, 0x0, 0
DATA, 191040981, 0, 0x0F, 1
DATA, 268369922, 4275575990, 0x0, 0
DATA, 269165097, 55053319, 0x0, 0
DATA, 73201635, 3754887534, 0x0, 0
DATA, 4240304802, 295760178, 0x0, 0
DATA, 93181396, 4052881196, 0x0, 0
DATA, 29556094, 795477000, 0x0, 0
DATA, 474742301, 298715661, 0x0, 0
DATA, 4239846858, 4252899771, 0x0, 0
DATA, 4140035508, 4042592362, 0x0, 0
DATA, 4168421754, 58061107, 0x0, 0
DATA, 4236638115, 8911055, 0x0, 0
DATA, 112333345, 4069196940, 0x0, 0
DATA, 77660238, 4016044188, 0x0, 0
DATA, 4068867109, 3557750794, 0x0, 0
DATA, 4252507280, 36837139, 0x0, 0
DATA, 3866952228, 4204071576, 0x0, 0
DATA, 4047572959, 4144367733, 0x0, 0
DATA, 4289328607, 143713578, 0x0, 0
DATA, 3857441951, 144044855, 0x0, 0
DATA, 42927684, 3933730361, 0x0, 0
DATA, 7668603, 411828926, 0x0, 0
DATA, 3908367694, 80008721, 0x0, 0
DATA, 4070898258, 4173206427, 0x0, 0
DATA, 774110639, 81330937, 0x0, 0
DATA, 413533241, 469567662, 0x0, 0
DATA, 305659662, 4128444999, 0x0, 0
DATA, 3772117014, 32965619, 0x0, 0
DATA, 4151641910, 3884911653, 0x0, 0
DATA, 4149214402, 84219613, 0x0, 0
DATA, 3999335060, 109902079, 0x0, 0
DATA, 195887019, 4091079570, 0x0, 0
DATA, 66322440, 1705696, 0x0, 0
DATA, 141169235, 236908745, 0x0, 0
DATA, 4084918991, 170198833, 0x0, 0
DATA, 271378039, 34665606, 0x0, 0
DATA, 3659069451, 4011395180, 0x0, 0
DATA, 230880682, 54594277, 0x0, 0
DATA, 4263378620, 25303259, 0x0, 0
DATA, 4218619413, 4220853921, 0x0, 0
DATA, 4217171870, 362220669, 0x0, 0
DATA, 3892706291, 3970099861, 0x0, 0
DATA, 4107930865, 66320587, 0x0, 0
DATA, 4142796108, 4265998932, 0x0, 0
DATA, 4143126846, 96073581, 0x0, 0
DATA, 22416009, 32443949, 0x0, 0
DATA, 138348446, 3893296248, 0x0, 0
DATA, 3886215821, 4042650619, 0x0, 0
DATA, 4144565606, 4178973513, 0x0, 0
DATA, 4058572303, 352974648, 0x0, 0
DATA, 4174053552, 517010856, 0x0, 0
DATA, 4055958953, 3863018669, 0x0, 0
DATA, 4103929908, 4117293940, 0x0, 0
DATA, 66517897, 9104886, 0x0, 0
DATA, 4178644180, 18750112, 0x0, 0
DATA, 383718262, 225249183, 0x0, 0
DATA, 4054706433, 156172096, 0x0, 0
DATA, 3909097700, 20455676, 0x0, 0
DATA, 246615223, 134943315, 0x0, 0
DATA, 350552730, 4228906175, 0x0, 0
DATA, 62061828, 4060738332, 0x0, 0
DATA, 218175819, 3973056598, 0x0, 0
DATA, 129963466, 273611276, 0x0, 0
DATA, 8775744, 369885315, 0x0, 0
DATA, 3949519193, 4062057957, 0x0, 0
DATA, 46339729, 0, 0x0F, 1
DATA, 2415853583, 3961385100, 0x0, 0
DATA, 4157078175, 78384739, 0x0, 0
DATA, 4160818361, 3872978972, 0x0, 0
DATA, 156236131, 38473826, 0x0, 0
DATA, 728826967, 4184737953, 0x0, 0
DATA, 157936607, 3535075693, 0x0, 0
DATA, 109511703, 86832705, 0x0, 0
DATA, 4036944584, 388956343, 0x0, 0
DATA, 259711216, 184549149, 0x0, 0
DATA, 176100496, 138739949, 0x0, 0
DATA, 82647291, 67433521, 0x0, 0
DATA, 3971022380, 4266001887, 0x0, 0
DATA, 15724620, 4213374997, 0x0, 0
DATA, 327743907, 3921474316, 0x0, 0
DATA, 4289134234, 326890574, 0x0, 0
DATA, 116388894, 4094490175, 0x0, 0
DATA, 136120422, 285802626, 0x0, 0
DATA, 3815699435, 44439119, 0x0, 0
DATA, 3966234358, 171436931, 0x0, 0
DATA, 3807246842, 4082304508, 0x0, 0
DATA, 123412447, 71498641, 0x0, 0
DATA, 3826061093, 4229036663, 0x0, 0
DATA, 3831816936, 4085324418, 0x0, 0
DATA, 3987994857, 4062633790, 0x0, 0
DATA, 4203212217, 4041668203, 0x0, 0
DATA, 3843498036, 4274324444, 0x0, 0
DATA, 150666870, 217700517, 0x0, 0
DATA, 4204919750, 3918992834, 0x0, 0
DATA, 3975873728, 3964993596, 0x0, 0
DATA, 4053084283, 3867346620, 0x0, 0
DATA, 277875949, 4167439322, 0x0, 0
DATA, 3798655689, 4283442016, 0x0, 0
DATA, 56555280, 4095734771, 0x0, 0
DATA, 4221442129, 243464456, 0x0, 0
DATA, 3914130571, 4289915695, 0x0, 0
DATA, 233964718, 4145674390, 0x0, 0
DATA, 270992049, 313777736, 0x0, 0
DATA, 32041663, 178463495, 0x0, 0
DATA, 168492800, 189001988, 0x0, 0
DATA, 233844984, 3905679895, 0x0, 0
DATA, 85004744, 117114367, 0x0, 0
DATA, 4025090293, 4218678413, 0x0, 0
DATA, 4143116765, 4158256095, 0x0, 0
DATA, 22347386, 140711300, 0x0, 0
DATA, 50853302, 4010737439, 0x0, 0
DATA, 4262658599, 4026790912, 0x0, 0
DATA, 3725199004, 3807974789, 0x0, 0
DATA, 4144043124, 314171132, 0x0, 0
DATA, 4179557807, 3971550221, 0x0, 0
DATA, 213842325, 225177845, 0x0, 0
DATA, 4283297341, 3963358374, 0x0, 0
DATA, 171973132, 3587442296, 0x0, 0
DATA, 23389055, 201193267, 0x0, 0
DATA, 374606636, 214637425, 0x0, 0
DATA, 429458695, 3597399733, 0x0, 0
DATA, 112128851, 3656312222, 0x0, 0
DATA, 76281553, 271124241, 0x0, 0
DATA, 4039117251, 176617391, 0x0, 0
DATA, 89838916, 327948679, 0x0, 0
DATA, 4137422123, 144706515, 0x0, 0
DATA, 418841838, 4031707324, 0x0, 0
DATA, 402847954, 172556128, 0x0, 0
DATA, 3953653455, 4179160704, 0x0, 0
DATA, 115930364, 3707901570, 0x0, 0
DATA, 132835022, 0, 0x0F, 1
DATA, 2415853571, 218697375, 0x0, 0
DATA, 24243713, 3877638988, 0x0, 0
DATA, 276293833, 229317660, 0x0, 0
DATA, 4124047258, 399377420, 0x0, 0
DATA, 163904138, 4185660038, 0x0, 0
DATA, 4148813805, 4249095990, 0x0, 0
DATA, 4160224305, 197721598, 0x0, 0
DATA, 126354512, 281409309, 0x0, 0
DATA, 298260029, 188546285, 0x0, 0
DATA, 4067623612, 4198373145, 0x0, 0
DATA, 4065323177, 346099963, 0x0, 0
DATA, 3645112957, 126942129, 0x0, 0
DATA, 91488519, 4292944237, 0x0, 0
DATA, 4095870098, 198831922, 0x0, 0
DATA, 179970045, 344191418, 0x0, 0
DATA, 4237031120, 306718240, 0x0, 0
DATA, 4227134383, 348384581, 0x0, 0
DATA, 197074964, 4102092939, 0x0, 0
DATA, 7675711, 81062538, 0x0, 0
DATA, 171243975, 4177865691, 0x0, 0
DATA, 3697346194, 216011762, 0x0, 0
DATA, 3875145883, 54194556, 0x0, 0
DATA, 4275236323, 119932061, 0x0, 0
DATA, 4249294237, 118948005, 0x0, 0
DATA, 4150984234, 192932872, 0x0, 0
DATA, 4181652667, 4007721501, 0x0, 0
DATA, 4328350, 182648412, 0x0, 0
DATA, 426052215, 4159241145, 0x0, 0
DATA, 170070386, 4023389626, 0x0, 0
DATA, 335932907, 3979081542, 0x0, 0
DATA, 118292909, 211089391, 0x0, 0
DATA, 3852398103, 204670814, 0x0, 0
DATA, 104665189, 4110809802, 0x0, 0
DATA, 4175957767, 4175364959, 0x0, 0
DATA, 175441664, 4030012724, 0x0, 0
DATA, 309192886, 4144824818, 0x0, 0
DATA, 4243121029, 442174907, 0x0, 0
DATA, 228195497, 4016243334, 0x0, 0
DATA, 164165894, 4140303552, 0x0, 0
DATA, 4108915507, 4205969395, 0x0, 0
DATA, 62979413, 264107068, 0x0, 0
DATA, 66056992, 4167170848, 0x0, 0
DATA, 3595101866, 59830659, 0x0, 0
DATA, 426044840, 160817993, 0x0, 0
DATA, 3924103682, 3988918044, 0x0, 0
DATA, 3602250816, 138810863, 0x0, 0
DATA, 398778462, 248384035, 0x0, 0
DATA, 4188403438, 3904833194, 0x0, 0
DATA, 456132431, 82186265, 0x0, 0
DATA, 4129355719, 449839450, 0x0, 0
DATA, 3842900152, 39253866, 0x0, 0
DATA, 224328505, 139130464, 0x0, 0
DATA, 4293662675, 4020830626, 0x0, 0
DATA, 3798784677, 123079281, 0x0, 0
DATA, 4146069830, 73010095, 0x0, 0
DATA, 291769497, 3907973747, 0x0, 0
DATA, 3730376599, 4038790001, 0x0, 0
DATA, 4156685173, 3902802168, 0x0, 0
DATA, 3579910848, 137764670, 0x0, 0
DATA, 4290381827, 4079028893, 0x0, 0
DATA, 4018860692, 520687308, 0x0, 0
DATA, 92404447, 4280088835, 0x0, 0
DATA, 506000684, 3624275205, 0x0, 0
DATA, 19980880, 4239517896, 0x0, 0
DATA, 4143905020, 0, 0x0F, 1
DATA, 268369928, 131005091, 0x0, 0
DATA, 422444692, 228725506, 0x0, 0
DATA, 4111270954, 3847291987, 0x0, 0
DATA, 4069851154, 197067446, 0x0, 0
DATA, 130743100, 4269086018, 0x0, 0
DATA, 4240314129, 96531196, 0x0, 0
DATA, 4118081651, 4133612375, 0x0, 0
DATA, 4201912436, 4087214223, 0x0, 0
DATA, 4035246085, 25104484, 0x0, 0
DATA, 129177345, 4188412617, 0x0, 0
DATA, 445382911, 4236120615, 0x0, 0
DATA, 4166851031, 4189782510, 0x0, 0
DATA, 495260958, 4105826377, 0x0, 0
DATA, 4156167634, 33620886, 0x0, 0
DATA, 4241491044, 4250012995, 0x0, 0
DATA, 75238241, 3904966231, 0x0, 0
DATA, 123017382, 162855300, 0x0, 0
DATA, 463270413, 130482169, 0x0, 0
DATA, 397805006, 4105440797, 0x0, 0
DATA, 3858365598, 4006610603, 0x0, 0
DATA, 4015919027, 200282134, 0x0, 0
DATA, 81135957, 77132005, 0x0, 0
DATA, 254015408, 85328447, 0x0, 0
DATA, 558557905, 34272445, 0x0, 0
DATA, 4265020557, 4201705775, 0x0, 0
DATA, 3668249991, 4100195818, 0x0, 0
DATA, 4069392165, 3911515765, 0x0, 0
DATA, 344064842, 3961134203, 0x0, 0
DATA, 4159310522, 274067411, 0x0, 0
DATA, 3991795728, 4136962726, 0x0, 0
DATA, 4046853897, 39585995, 0x0, 0
DATA, 104925015, 192809423, 0x0, 0
DATA, 9113176, 4156028070, 0x0, 0
DATA, 4524040, 282919840, 0x0, 0
DATA, 113313108, 346487966, 0x0, 0
DATA, 4288011465, 4027446835, 0x0, 0
DATA, 523567412, 4270922482, 0x0, 0
DATA, 181344274, 97649007, 0x0, 0
DATA, 4089643177, 96082360, 0x0, 0
DATA, 3991211251, 2613660, 0x0, 0
DATA, 412025557, 2162754, 0x0, 0
DATA, 4146456950, 4048028042, 0x0, 0
DATA, 4291234173, 3974099606, 0x0, 0
DATA, 21100895, 415962582, 0x0, 0
DATA, 3947364651, 213319305, 0x0, 0
DATA, 147124941, 4176735471, 0x0, 0
DATA, 512886572, 543424597, 0x0, 0
DATA, 223146019, 144765415, 0x0, 0
DATA, 655815893, 4257545473, 0x0, 0
DATA, 3971346488, 3885694775, 0x0, 0
DATA, 4268229055, 185332078, 0x0, 0
DATA, 4071558443, 4256634810, 0x0, 0
DATA, 182051581, 4023916376, 0x0, 0
DATA, 276095492, 11276189, 0x0, 0
DATA, 4258472073, 323026322, 0x0, 0
DATA, 376435322, 4073132153, 0x0, 0
DATA, 85255997, 547945693, 0x0, 0
DATA, 633329861, 111206313, 0x0, 0
DATA, 4070507936, 3854570928, 0x0, 0
DATA, 95422269, 4141939753, 0x0, 0
DATA, 541135393, 141492234, 0x0, 0
DATA, 292293567, 322042121, 0x0, 0
DATA, 42399511, 4294506398, 0x0, 0
DATA, 321977179, 9106080, 0x0, 0
DATA, 3832609342, 0, 0x0F, 1
DATA, 268369924, 195495252, 0x0, 0
DATA, 82969956, 4130345156, 0x0, 0
DATA, 4278184899, 3627019761, 0x0, 0
DATA, 25623869, 176882114, 0x0, 0
DATA, 4213577673, 3801350789, 0x0, 0
DATA, 503052566, 105906756, 0x0, 0
DATA, 4282457107, 4067030224, 0x0, 0
DATA, 4149926579, 25041093, 0x0, 0
DATA, 459477278, 4264683395, 0x0, 0
DATA, 4234551475, 266137282, 0x0, 0
DATA, 4123921117, 3955156709, 0x0, 0
DATA, 206959950, 416421295, 0x0, 0
DATA, 4123326963, 4104188980, 0x0, 0
DATA, 31850670, 82311573, 0x0, 0
DATA, 99353239, 3782676236, 0x0, 0
DATA, 570032012, 3990027771, 0x0, 0
DATA, 4170514662, 114752021, 0x0, 0
DATA, 215152569, 42406308, 0x0, 0
DATA, 179440160, 4243391672, 0x0, 0
DATA, 143003933, 58530902, 0x0, 0
DATA, 71364847, 4116384498, 0x0, 0
DATA, 225378519, 4007593482, 0x0, 0
DATA, 202571064, 260573327, 0x0, 0
DATA, 4291040425, 402257449, 0x0, 0
DATA, 116000871, 285996681, 0x0, 0
DATA, 4159569226, 4186702141, 0x0, 0
DATA, 210238327, 263385620, 0x0, 0
DATA, 4097248379, 4288484509, 0x0, 0
DATA, 312865281, 4203084993, 0x0, 0
DATA, 4152626588, 4186704156, 0x0, 0
DATA, 4052613541, 365959224, 0x0, 0
DATA, 4219408459, 112656732, 0x0, 0
DATA, 95608481, 4147185014, 0x0, 0
DATA, 4107726679, 236844860, 0x0, 0
DATA, 4280024317, 245170465, 0x0, 0
DATA, 3904238516, 3983999714, 0x0, 0
DATA, 4084792846, 4289064768, 0x0, 0
DATA, 4114612989, 3716736865, 0x0, 0
DATA, 29620923, 4134076405, 0x0, 0
DATA, 4235720363, 4059954040, 0x0, 0
DATA, 4216396813, 300546811, 0x0, 0
DATA, 6816994, 170796448, 0x0, 0
DATA, 252641171, 3791388805, 0x0, 0
DATA, 4166516148, 3872975722, 0x0, 0
DATA, 4130594383, 247522971, 0x0, 0
DATA, 4215332825, 3828611762, 0x0, 0
DATA, 290976866, 4026072908, 0x0, 0
DATA, 191822707, 4012507804, 0x0, 0
DATA, 3911914697, 222500153, 0x0, 0
DATA, 157488283, 311165956, 0x0, 0
DATA, 3963745257, 67104653, 0x0, 0
DATA, 397869216, 4247061669, 0x0, 0
DATA, 4022076057, 327940118, 0x0, 0
DATA, 71957322, 3979085427, 0x0, 0
DATA, 4261349801, 4201190241, 0x0, 0
DATA, 4234806235, 58199165, 0x0, 0
DATA, 59766739, 4200395838, 0x0, 0
DATA, 190836013, 3899854664, 0x0, 0
DATA, 4193454065, 519044167, 0x0, 0
DATA, 4144226351, 3887136616, 0x0, 0
DATA, 433905748, 167185460, 0x0, 0
DATA, 4141611813, 3942973396, 0x0, 0
DATA, 92864388, 112061878, 0x0, 0
DATA, 323358891, 159579667, 0x0, 0
DATA, 4291293950, 0, 0x0F, 1
DATA, 2415853577, 176818040, 0x0, 0
DATA, 143524282, 137097434, 0x0, 0
DATA, 4273146596, 4166065898, 0x0, 0
DATA, 188938745, 3600414791, 0x0, 0
DATA, 48951760, 208468806, 0x0, 0
DATA, 148832302, 101513499, 0x0, 0
DATA, 4013228346, 556791527, 0x0, 0
DATA, 3845588740, 4178049995, 0x0, 0
DATA, 231469652, 3760919286, 0x0, 0
DATA, 4035770253, 134613954, 0x0, 0
DATA, 4231206711, 3771659336, 0x0, 0
DATA, 435821385, 185467161, 0x0, 0
DATA, 4154984387, 4151570974, 0x0, 0
DATA, 3861966588, 48435413, 0x0, 0
DATA, 278845392, 290192328, 0x0, 0
DATA, 283767786, 4205050316, 0x0, 0
DATA, 3922915246, 4142202609, 0x0, 0
DATA, 4083020411, 4028037503, 0x0, 0
DATA, 4209569844, 3917874994, 0x0, 0
DATA, 4227527572, 74779719, 0x0, 0
DATA, 223345315, 561324449, 0x0, 0
DATA, 19864012, 109116764, 0x0, 0
DATA, 12653423, 4294901925, 0x0, 0
DATA, 3971226670, 187369178, 0x0, 0
DATA, 4191743767, 316937736, 0x0, 0
DATA, 4134802034, 58909967, 0x0, 0
DATA, 108070127, 4062512962, 0x0, 0
DATA, 3869314759, 173209329, 0x0, 0
DATA, 18546315, 40111102, 0x0, 0
DATA, 4064612361, 318509937, 0x0, 0
DATA, 144051082, 4006212643, 0x0, 0
DATA, 4212656309, 38138987, 0x0, 0
DATA, 203097896, 211811198, 0x0, 0
DATA, 4010536140, 4054312202, 0x0, 0
DATA, 11665262, 4161865272, 0x0, 0
DATA, 4164221460, 16715080, 0x0, 0
DATA, 4028428111, 4141743334, 0x0, 0
DATA, 625407179, 3929793615, 0x0, 0
DATA, 342816927, 116057250, 0x0, 0
DATA, 290062426, 4186047057, 0x0, 0
DATA, 3974232365, 4259842873, 0x0, 0
DATA, 49210713, 4238349444, 0x0, 0
DATA, 85007912, 513340210, 0x0, 0
DATA, 3848475550, 4194700235, 0x0, 0
DATA, 4053795961, 3902404590, 0x0, 0
DATA, 158858896, 3970495904, 0x0, 0
DATA, 4016706392, 3970817930, 0x0, 0
DATA, 718204551, 720633954, 0x0, 0
DATA, 4234148827, 317982277, 0x0, 0
DATA, 179503881, 214235325, 0x0, 0
DATA, 4225499308, 4248238983, 0x0, 0
DATA, 246083347, 4202429159, 0x0, 0
DATA, 78702363, 4200852752, 0x0, 0
DATA, 231347277, 3993578429, 0x0, 0
DATA, 279777499, 4216979323, 0x0, 0
DATA, 4089441898, 60288874, 0x0, 0
DATA, 105382143, 4179426201, 0x0, 0
DATA, 428085745, 3987601557, 0x0, 0
DATA, 19721664, 4155317480, 0x0, 0
DATA, 4166396164, 4262991017, 0x0, 0
DATA, 3876911404, 115668788, 0x0, 0
DATA, 4034134130, 3997761080, 0x0, 0
DATA, 4273540449, 63373213, 0x0, 0
DATA, 85327500, 4141876773, 0x0, 0
DATA, 237580423, 0, 0x0F, 1
DATA, 2415853573, 58129021, 0x0, 0
DATA, 270529365, 111215289, 0x0, 0
DATA, 12124570, 100735722, 0x0, 0
DATA, 84147024, 4052156027, 0x0, 0
DATA, 206967466, 4048951903, 0x0, 0
DATA, 4276620186, 77330645, 0x0, 0
DATA, 4182442962, 27260379, 0x0, 0
DATA, 4274588040, 150207626, 0x0, 0
DATA, 3987606747, 166981641, 0x0, 0
DATA, 447684402, 463992804, 0x0, 0
DATA, 307098983, 429000089, 0x0, 0
DATA, 4267301984, 119924038, 0x0, 0
DATA, 3829991981, 505208872, 0x0, 0
DATA, 341844332, 4164484203, 0x0, 0
DATA, 4160558237, 169279179, 0x0, 0
DATA, 598742334, 326371545, 0x0, 0
DATA, 202042394, 553848711, 0x0, 0
DATA, 3656516116, 405407036, 0x0, 0
DATA, 4157211611, 537658052, 0x0, 0
DATA, 4043778843, 4037540521, 0x0, 0
DATA, 475271197, 419952537, 0x0, 0
DATA, 4036301022, 218690425, 0x0, 0
DATA, 49279330, 229781939, 0x0, 0
DATA, 3934776786, 4106556964, 0x0, 0
DATA, 4198821117, 4272488235, 0x0, 0
DATA, 116652754, 4174375155, 0x0, 0
DATA, 3735024340, 4211144508, 0x0, 0
DATA, 535825419, 4171168961, 0x0, 0
DATA, 60296086, 4046261216, 0x0, 0
DATA, 176483988, 176420630, 0x0, 0
DATA, 199689929, 126224998, 0x0, 0
DATA, 4117756995, 84473381, 0x0, 0
DATA, 4281275317, 3511154765, 0x0, 0
DATA, 4221302363, 4016831706, 0x0, 0
DATA, 4007404851, 4216987350, 0x0, 0
DATA, 4024890451, 4242674531, 0x0, 0
DATA, 14747027, 4038128322, 0x0, 0
DATA, 4201372545, 76222914, 0x0, 0
DATA, 4292868905, 147126295, 0x0, 0
DATA, 4140174559, 165747229, 0x0, 0
DATA, 113897129, 3825263644, 0x0, 0
DATA, 4168680820, 114227070, 0x0, 0
DATA, 4291427587, 4126797844, 0x0, 0
DATA, 141293756, 309854947, 0x0, 0
DATA, 164227367, 369822573, 0x0, 0
DATA, 4254663741, 337769042, 0x0, 0
DATA, 3995796544, 153550313, 0x0, 0
DATA, 4131523081, 45222156, 0x0, 0
DATA, 118361009, 4265150259, 0x0, 0
DATA, 115479390, 138932994, 0x0, 0
DATA, 256968406, 50652993, 0x0, 0
DATA, 342686692, 4192070930, 0x0, 0
DATA, 4251061670, 123462761, 0x0, 0
DATA, 82515865, 4030400188, 0x0, 0
DATA, 3907192693, 4221825772, 0x0, 0
DATA, 4199280952, 158008581, 0x0, 0
DATA, 3874233586, 4054049499, 0x0, 0
DATA, 3781557239, 242481471, 0x0, 0
DATA, 706931306, 154599994, 0x0, 0
DATA, 4184599560, 4036035340, 0x0, 0
DATA, 507246064, 4249023168, 0x0, 0
DATA, 172562387, 4114815204, 0x0, 0
DATA, 360383997, 91941192, 0x0, 0
DATA, 3973121550, 226950909, 0x0, 0
DATA, 4225963795, 0, 0x0F, 1
DATA, 2415853578, 4053207685, 0x0, 0
DATA, 71036897, 284036939, 0x0, 0
DATA, 18540978, 345241748, 0x0, 0
DATA, 4103467696, 4083806817, 0x0, 0
DATA, 307176369, 4096383952, 0x0, 0
DATA, 379064462, 419570152, 0x0, 0
DATA, 539625155, 4100973741, 0x0, 0
DATA, 4044759086, 245630598, 0x0, 0
DATA, 4245872496, 4013749853, 0x0, 0
DATA, 4155966230, 139848491, 0x0, 0
DATA, 196218338, 3924562111, 0x0, 0
DATA, 174914423, 456318441, 0x0, 0
DATA, 4148953021, 405208952, 0x0, 0
DATA, 21496099, 4264359487, 0x0, 0
DATA, 4086693660, 53155233, 0x0, 0
DATA, 4075163394, 4122414781, 0x0, 0
DATA, 348125935, 432331262, 0x0, 0
DATA, 44829300, 36443233, 0x0, 0
DATA, 3991212506, 63506513, 0x0, 0
DATA, 340781347, 3911916722, 0x0, 0
DATA, 162599125, 36623652, 0x0, 0
DATA, 49082116, 4294246323, 0x0, 0
DATA, 219417536, 144440640, 0x0, 0
DATA, 257296048, 253360158, 0x0, 0
DATA, 11796873, 328467780, 0x0, 0
DATA, 4242077706, 4171631471, 0x0, 0
DATA, 189333512, 3607231909, 0x0, 0
DATA, 4213243173, 4148492348, 0x0, 0
DATA, 4196346909, 4112381843, 0x0, 0
DATA, 4255903366, 4098746112, 0x0, 0
DATA, 4026724222, 4063490696, 0x0, 0
DATA, 4115861105, 305537137, 0x0, 0
DATA, 283772225, 123079583, 0x0, 0
DATA, 3919310382, 209128977, 0x0, 0
DATA, 4142471760, 47118816, 0x0, 0
DATA, 197326462, 39645347, 0x0, 0
DATA, 4251122763, 562302196, 0x0, 0
DATA, 109840037, 97256817, 0x0, 0
DATA, 3880847965, 4138009072, 0x0, 0
DATA, 4033084843, 4278390701, 0x0, 0
DATA, 4251784933, 188548370, 0x0, 0
DATA, 66187230, 4273999770, 0x0, 0
DATA, 4026461783, 84016250, 0x0, 0
DATA, 456846629, 429457477, 0x0, 0
DATA, 151585890, 177144346, 0x0, 0
DATA, 222559003, 112922103, 0x0, 0
DATA, 194446818, 4265275161, 0x0, 0
DATA, 374868054, 17102717, 0x0, 0
DATA, 165212896, 48099247, 0x0, 0
DATA, 4187813386, 150403918, 0x0, 0
DATA, 467666016, 399503341, 0x0, 0
DATA, 4251979489, 232852424, 0x0, 0
DATA, 38729362, 111542507, 0x0, 0
DATA, 4272167946, 4128763578, 0x0, 0
DATA, 3716356888, 4085641161, 0x0, 0
DATA, 549449695, 299564245, 0x0, 0
DATA, 168098679, 139197742, 0x0, 0
DATA, 3634038675, 3569812229, 0x0, 0
DATA, 66586539, 4241686354, 0x0, 0
DATA, 4273862782, 363855687, 0x0, 0
DATA, 3887333114, 352713012, 0x0, 0
DATA, 4183682035, 78119678, 0x0, 0
DATA, 4242403410, 3956013249, 0x0, 0
DATA, 4011389976, 296936505, 0x0, 0
DATA, 11661092, 0, 0x0F, 1
DATA, 2415853574, 46133670, 0x0, 0
DATA, 4191101907, 4220257207, 0x0, 0
DATA, 29481378, 4027772838, 0x0, 0
DATA, 136177840, 4259570744, 0x0, 0
DATA, 4014738304, 4117236366, 0x0, 0
DATA, 4163381495, 3891264667, 0x0, 0
DATA, 443423246, 154336859, 0x0, 0
DATA, 293735239, 4177331097, 0x0, 0
DATA, 359663413, 4161210450, 0x0, 0
DATA, 4227465319, 3704358883, 0x0, 0
DATA, 4138792822, 3936811252, 0x0, 0
DATA, 4167826085, 164494006, 0x0, 0
DATA, 145156450, 4180609547, 0x0, 0
DATA, 293206984, 4120772336, 0x0, 0
DATA, 19862539, 4251324026, 0x0, 0
DATA, 224986703, 78115952, 0x0, 0
DATA, 224527361, 249822629, 0x0, 0
DATA, 4248437751, 315296447, 0x0, 0
DATA, 123140368, 174712312, 0x0, 0
DATA, 412611572, 3911982056, 0x0, 0
DATA, 160302638, 101588955, 0x0, 0
DATA, 4002937155, 109243948, 0x0, 0
DATA, 4249419471, 103676301, 0x0, 0
DATA, 17302577, 122428314, 0x0, 0
DATA, 293801060, 4199021768, 0x0, 0
DATA, 185601017, 4148885609, 0x0, 0
DATA, 4024692423, 67371056, 0x0, 0
DATA, 70778920, 3985180607, 0x0, 0
DATA, 3890017413, 3888112907, 0x0, 0
DATA, 4220906348, 446765203, 0x0, 0
DATA, 316673229, 4174965685, 0x0, 0
DATA, 497154242, 167973758, 0x0, 0
DATA, 82110849, 4166383601, 0x0, 0
DATA, 4153341876, 296353145, 0x0, 0
DATA, 257689435, 4249618867, 0x0, 0
DATA, 3515145798, 4235521912, 0x0, 0
DATA, 178062729, 354487245, 0x0, 0
DATA, 3897418733, 4232777267, 0x0, 0
DATA, 4124185668, 251795403, 0x0, 0
DATA, 52230754, 83434945, 0x0, 0
DATA, 20977036, 3884974753, 0x0, 0
DATA, 223942413, 148372288, 0x0, 0
DATA, 3871144198, 24705415, 0x0, 0
DATA, 373748603, 170132421, 0x0, 0
DATA, 248116732, 126678311, 0x0, 0
DATA, 4192925087, 4228907859, 0x0, 0
DATA, 204399399, 312412661, 0x0, 0
DATA, 37294227, 245104762, 0x0, 0
DATA, 3883333952, 127272156, 0x0, 0
DATA, 80872221, 4028889530, 0x0, 0
DATA, 258338249, 186448234, 0x0, 0
DATA, 3825136247, 4209044301, 0x0, 0
DATA, 409861269, 3964871007, 0x0, 0
DATA, 4141545919, 335148004, 0x0, 0
DATA, 626195175, 531241701, 0x0, 0
DATA, 4276939351, 36574921, 0x0, 0
DATA, 4251909111, 4259776635, 0x0, 0
DATA, 4118936002, 380440987, 0x0, 0
DATA, 4173522987, 4213897915, 0x0, 0
DATA, 88017383, 4155897044, 0x0, 0
DATA, 161085475, 37356822, 0x0, 0
DATA, 448000634, 238558249, 0x0, 0
DATA, 4046717707, 3870362923, 0x0, 0
DATA, 74910906, 205062341, 0x0, 0
DATA, 4282646074, 0, 0x0F, 1
DATA, 268369931, 4010150151, 0x0, 0
DATA, 4280087280, 4095602532, 0x0, 0
DATA, 4206886839, 287183865, 0x0, 0
DATA, 47977160, 99292632, 0x0, 0
DATA, 136510178, 110423874, 0x0, 0
DATA, 3852009587, 3927576545, 0x0, 0
DATA, 28377611, 287375921, 0x0, 0
DATA, 213382451, 65272842, 0x0, 0
DATA, 301007026, 312218914, 0x0, 0
DATA, 4198237689, 3819306955, 0x0, 0
DATA, 129180358, 4106548490, 0x0, 0
DATA, 100339046, 3974234264, 0x0, 0
DATA, 6491490, 98831610, 0x0, 0
DATA, 373097614, 4197320498, 0x0, 0
DATA, 37419352, 178790516, 0x0, 0
DATA, 4253480348, 41949013, 0x0, 0
DATA, 4232446649, 23199628, 0x0, 0
DATA, 4136039610, 328665443, 0x0, 0
DATA, 3758681247, 28574706, 0x0, 0
DATA, 3925275572, 4263836084, 0x0, 0
DATA, 238622614, 8588916, 0x0, 0
DATA, 269747277, 3983276709, 0x0, 0
DATA, 4227531863, 3878892814, 0x0, 0
DATA, 244715265, 4131260470, 0x0, 0
DATA, 58396936, 3936160081, 0x0, 0
DATA, 3925801168, 4250529541, 0x0, 0
DATA, 3821209718, 59504437, 0x0, 0
DATA, 3905815630, 4143446514, 0x0, 0
DATA, 3622899676, 387312748, 0x0, 0
DATA, 4075679973, 273027543, 0x0, 0
DATA, 4132569301, 46794880, 0x0, 0
DATA, 4291434638, 4281080717, 0x0, 0
DATA, 3876711698, 5638431, 0x0, 0
DATA, 3841521921, 17562345, 0x0, 0
DATA, 3894279964, 4214029747, 0x0, 0
DATA, 6225802, 4168281494, 0x0, 0
DATA, 4169203932, 12711262, 0x0, 0
DATA, 3996716300, 171044995, 0x0, 0
DATA, 58065308, 189326834, 0x0, 0
DATA, 3996842083, 4086246297, 0x0, 0
DATA, 308738659, 3644131043, 0x0, 0
DATA, 4018141055, 3803116391, 0x0, 0
DATA, 4206356471, 4292602562, 0x0, 0
DATA, 4269412883, 261678152, 0x0, 0
DATA, 4275241247, 252700716, 0x0, 0
DATA, 4115011686, 4205840961, 0x0, 0
DATA, 4017950544, 153482766, 0x0, 0
DATA, 4170839172, 3961120554, 0x0, 0
DATA, 5633678, 69994316, 0x0, 0
DATA, 4120576367, 218366593, 0x0, 0
DATA, 4250206578, 4095541099, 0x0, 0
DATA, 181998704, 249366404, 0x0, 0
DATA, 4200530494, 4220188606, 0x0, 0
DATA, 13831020, 231532721, 0x0, 0
DATA, 272032617, 14081560, 0x0, 0
DATA, 4252428936, 211481221, 0x0, 0
DATA, 4063626989, 4163639267, 0x0, 0
DATA, 76811638, 175115895, 0x0, 0
DATA, 207427106, 4040102569, 0x0, 0
DATA, 4188078707, 4210948146, 0x0, 0
DATA, 4012171351, 70384787, 0x0, 0
DATA, 4035904213, 673116829, 0x0, 0
DATA, 139526045, 4172679998, 0x0, 0
DATA, 209719781, 76606796, 0x0, 0
DATA, 84347709, 0, 0x0F, 1
DATA, 268369927, 4046257883, 0x0, 0
DATA, 340516097, 3796109357, 0x0, 0
DATA, 2292577, 436267463, 0x0, 0
DATA, 4219675416, 71762162, 0x0, 0
DATA, 4165866625, 665586047, 0x0, 0
DATA, 191555424, 167385389, 0x0, 0
DATA, 551093187, 128053232, 0x0, 0
DATA, 3999070356, 4089766435, 0x0, 0
DATA, 4118147899, 4008118786, 0x0, 0
DATA, 19534902, 4019913828, 0x0, 0
DATA, 24250748, 82441658, 0x0, 0
DATA, 4167233378, 4135261958, 0x0, 0
DATA, 215546705, 3766418296, 0x0, 0
DATA, 804451496, 423169957, 0x0, 0
DATA, 4223730865, 161477127, 0x0, 0
DATA, 4065921412, 224067173, 0x0, 0
DATA, 3841007316, 31134837, 0x0, 0
DATA, 229307117, 494989003, 0x0, 0
DATA, 34211735, 4281396425, 0x0, 0
DATA, 4292614783, 110169241, 0x0, 0
DATA, 217574843, 43321396, 0x0, 0
DATA, 568132969, 273676527, 0x0, 0
DATA, 4167311969, 4293589468, 0x0, 0
DATA, 414058604, 4055628869, 0x0, 0
DATA, 967565662, 360645205, 0x0, 0
DATA, 365561939, 4244372774, 0x0, 0
DATA, 419627873, 3794929287, 0x0, 0
DATA, 4137293217, 3979670093, 0x0, 0
DATA, 4386051, 3939830073, 0x0, 0
DATA, 4232114732, 4070702809, 0x0, 0
DATA, 4255515341, 4224197503, 0x0, 0
DATA, 4205779503, 4087998968, 0x0, 0
DATA, 71889149, 629014307, 0x0, 0
DATA, 4025945005, 3922522658, 0x0, 0
DATA, 3584159335, 4069522717, 0x0, 0
DATA, 4089967227, 4280344378, 0x0, 0
DATA, 582682858, 307620599, 0x0, 0
DATA, 3940284285, 224199708, 0x0, 0
DATA, 4053597733, 187890738, 0x0, 0
DATA, 4170583750, 4233619700, 0x0, 0
DATA, 3977577935, 362939405, 0x0, 0
DATA, 4120577427, 175048340, 0x0, 0
DATA, 4041016287, 89989794, 0x0, 0
DATA, 226172802, 8517923, 0x0, 0
DATA, 4244501185, 179105757, 0x0, 0
DATA, 263715884, 453773640, 0x0, 0
DATA, 127528758, 385822883, 0x0, 0
DATA, 46529946, 128123953, 0x0, 0
DATA, 4217501562, 3700548486, 0x0, 0
DATA, 166139496, 3894937919, 0x0, 0
DATA, 4137482602, 345111346, 0x0, 0
DATA, 4284614964, 8329878, 0x0, 0
DATA, 3770352922, 4058711248, 0x0, 0
DATA, 425985219, 44447228, 0x0, 0
DATA, 4143183436, 75172242, 0x0, 0
DATA, 156762616, 25626893, 0x0, 0
DATA, 248965543, 446829049, 0x0, 0
DATA, 333903338, 329257471, 0x0, 0
DATA, 476117731, 4220910414, 0x0, 0
DATA, 4078242839, 3592550937, 0x0, 0
DATA, 123660157, 4266460992, 0x0, 0
DATA, 317192800, 219149355, 0x0, 0
DATA, 150988969, 4117172860, 0x0, 0
DATA, 4042974835, 46208693, 0x0, 0
DATA, 4199092221, 0, 0x0F, 1
